id_categoria,id_test,lat,lon,rumo,velocidade,pan,tilt,zoom
,710008040,-22.904567444474203,-43.15856023269118,148.7,17.2,0.115811117,0.0142222643,0.399448276
,710008040,-22.904567444474203,-43.15856023269118,148.7,17.2,0.115811117,0.0142222643,0.399448276
,710008040,-22.904567444474203,-43.15856023269118,148.7,17.2,0.115811117,0.0142222643,0.399448276
,710008040,-22.904567444474203,-43.15856023269118,148.7,17.2,0.115811117,0.0142222643,0.399448276
,710008040,-22.904567444474203,-43.15856023269118,148.7,17.2,0.115811117,0.0142222643,0.399448276
,710008040,-22.904567444474203,-43.15856023269118,148.7,17.2,0.115811117,0.0142222643,0.399448276
,710008040,-22.904567444474203,-43.15856023269118,148.7,17.2,0.115811117,0.0142222643,0.399448276
,710008040,-22.904567444474203,-43.15856023269118,148.7,17.2,0.115811117,0.0142222643,0.399448276
,710008040,-22.904567444474203,-43.15856023269118,148.7,17.2,0.115811117,0.0142222643,0.399448276
,710008040,-22.904635183643308,-43.158514512778076,148.7,17.2,0.115811117,0.0142222643,0.399448276
,710008040,-22.904635183643308,-43.158514512778076,148.7,17.2,0.115811117,0.0142222643,0.399448276
,710008040,-22.904635183643308,-43.158514512778076,148.7,17.2,0.115811117,0.0142222643,0.399448276
,710008040,-22.904635183643308,-43.158514512778076,148.7,17.2,0.115811117,0.0142222643,0.399448276
,710008040,-22.904635183643308,-43.158514512778076,148.7,17.2,0.115811117,0.0142222643,0.399448276
,710008040,-22.904635183643308,-43.158514512778076,148.7,17.2,0.115811117,0.0142222643,0.399448276
,710008040,-22.904635183643308,-43.158514512778076,148.7,17.2,0.115811117,0.0142222643,0.399448276
,710008040,-22.904635183643308,-43.158514512778076,148.7,17.2,0.115811117,0.0142222643,0.399448276
,710008040,-22.904770661931487,-43.158423072810805,148.7,17.2,0.120799996,0.0136110783,0.387931049
,710008040,-22.904770661931487,-43.158423072810805,148.7,17.2,0.120799996,0.0136110783,0.387931049
,710008040,-22.904770661931487,-43.158423072810805,148.7,17.2,0.120799996,0.0136110783,0.387931049
,710008040,-22.904770661931487,-43.158423072810805,148.7,17.2,0.120799996,0.0136110783,0.387931049
,710008040,-22.904770661931487,-43.158423072810805,148.7,17.2,0.120799996,0.0136110783,0.387931049
,710008040,-22.904770661931487,-43.158423072810805,148.7,17.2,0.120799996,0.0136110783,0.387931049
,710008040,-22.904770661931487,-43.158423072810805,148.7,17.2,0.120799996,0.0136110783,0.387931049
,710008040,-22.904770661931487,-43.158423072810805,148.7,17.2,0.120799996,0.0136110783,0.387931049
,710008040,-22.904838401050558,-43.15837735275665,148.7,17.2,0.120799996,0.0136110783,0.387931049
,710008040,-22.904838401050558,-43.15837735275665,148.7,17.2,0.120799996,0.0136110783,0.387931049
,710008040,-22.904838401050558,-43.15837735275665,148.7,17.2,0.120799996,0.0136110783,0.387931049
,710008040,-22.904838401050558,-43.15837735275665,148.7,17.2,0.120799996,0.0136110783,0.387931049
,710008040,-22.904838401050558,-43.15837735275665,148.7,17.2,0.120799996,0.0136110783,0.387931049
,710008040,-22.904838401050558,-43.15837735275665,148.7,17.2,0.120799996,0.0136110783,0.387931049
,710008040,-22.904838401050558,-43.15837735275665,148.7,17.2,0.120799996,0.0136110783,0.387931049
,710008040,-22.904838401050558,-43.15837735275665,148.7,17.2,0.120799996,0.0136110783,0.387931049
,710008040,-22.904838401050558,-43.15837735275665,148.7,17.2,0.120799996,0.0136110783,0.387931049
,710008040,-22.904838401050558,-43.15837735275665,148.7,17.2,0.120799996,0.0136110783,0.387931049
,710008040,-22.904838401050558,-43.15837735275665,148.7,17.2,0.120799996,0.0136110783,0.387931049
,710008040,-22.904906140152953,-43.158331632655475,148.7,17.2,0.126011103,0.0130332708,0.376697034
,710008040,-22.904906140152953,-43.158331632655475,148.7,17.2,0.126011103,0.0130332708,0.376697034
,710008040,-22.904906140152953,-43.158331632655475,148.7,17.2,0.126011103,0.0130332708,0.376697034
,710008040,-22.904906140152953,-43.158331632655475,148.7,17.2,0.126011103,0.0130332708,0.376697034
,710008040,-22.904906140152953,-43.158331632655475,148.7,17.2,0.126011103,0.0130332708,0.376697034
,710008040,-22.904906140152953,-43.158331632655475,148.7,17.2,0.126011103,0.0130332708,0.376697034
,710008040,-22.904906140152953,-43.158331632655475,148.7,17.2,0.126011103,0.0130332708,0.376697034
,710008040,-22.904906140152953,-43.158331632655475,148.7,17.2,0.126011103,0.0130332708,0.376697034
,710008040,-22.904906140152953,-43.158331632655475,148.7,17.2,0.126011103,0.0130332708,0.376697034
,710008040,-22.904906140152953,-43.158331632655475,148.7,17.2,0.126011103,0.0130332708,0.376697034
,710008040,-22.904906140152953,-43.158331632655475,148.7,17.2,0.126011103,0.0130332708,0.376697034
,710008040,-22.904906140152953,-43.158331632655475,148.7,17.2,0.126011103,0.0130332708,0.376697034
,710008040,-22.904906140152953,-43.158331632655475,148.7,17.2,0.126011103,0.0130332708,0.376697034
,710008040,-22.904906140152953,-43.158331632655475,148.7,17.2,0.126011103,0.0130332708,0.376697034
,710008040,-22.904906140152953,-43.158331632655475,148.7,17.2,0.126011103,0.0130332708,0.376697034
,710008040,-22.904973879238664,-43.15828591250729,148.7,17.2,0.126011103,0.0130332708,0.376697034
,710008040,-22.904973879238664,-43.15828591250729,148.7,17.2,0.126011103,0.0130332708,0.376697034
,710008040,-22.904973879238664,-43.15828591250729,148.7,17.2,0.126011103,0.0130332708,0.376697034
,710008040,-22.904973879238664,-43.15828591250729,148.7,17.2,0.126011103,0.0130332708,0.376697034
,710008040,-22.904973879238664,-43.15828591250729,148.7,17.2,0.126011103,0.0130332708,0.376697034
,710008040,-22.904973879238664,-43.15828591250729,148.7,17.2,0.126011103,0.0130332708,0.376697034
,710008040,-22.904973879238664,-43.15828591250729,148.7,17.2,0.126011103,0.0130332708,0.376697034
,710008040,-22.904973879238664,-43.15828591250729,148.7,17.2,0.126011103,0.0130332708,0.376697034
,710008040,-22.904973879238664,-43.15828591250729,148.7,17.2,0.126011103,0.0130332708,0.376697034
,710008040,-22.904973879238664,-43.15828591250729,148.7,17.2,0.126011103,0.0130332708,0.376697034
,710008040,-22.904973879238664,-43.15828591250729,148.7,17.2,0.126011103,0.0130332708,0.376697034
,710008040,-22.904973879238664,-43.15828591250729,148.7,17.2,0.126011103,0.0130332708,0.376697034
,710008040,-22.904973879238664,-43.15828591250729,148.7,17.2,0.126011103,0.0130332708,0.376697034
,710008040,-22.904973879238664,-43.15828591250729,148.7,17.2,0.126011103,0.0130332708,0.376697034
,710008040,-22.904973879238664,-43.15828591250729,148.7,17.2,0.126011103,0.0130332708,0.376697034
,710008040,-22.904973879238664,-43.15828591250729,148.7,17.2,0.126011103,0.0130332708,0.376697034
,710008040,-22.904973879238664,-43.15828591250729,148.7,17.2,0.126011103,0.0130332708,0.376697034
,710008040,-22.904973879238664,-43.15828591250729,148.7,17.2,0.126011103,0.0130332708,0.376697034
,710008040,-22.904973879238664,-43.15828591250729,148.7,17.2,0.126011103,0.0130332708,0.376697034
,710008040,-22.904973879238664,-43.15828591250729,148.7,17.2,0.126011103,0.0130332708,0.376697034
,710008040,-22.904973879238664,-43.15828591250729,148.7,17.2,0.126011103,0.0130332708,0.376697034
,710008040,-22.905041618307695,-43.15824019231208,148.7,17.2,0.126011103,0.0130332708,0.376697034
,710008040,-22.905041618307695,-43.15824019231208,148.7,17.2,0.126011103,0.0130332708,0.376697034
,710008040,-22.905041618307695,-43.15824019231208,148.7,17.2,0.126011103,0.0130332708,0.376697034
,710008040,-22.905041618307695,-43.15824019231208,148.7,17.2,0.126011103,0.0130332708,0.376697034
,710008040,-22.905041618307695,-43.15824019231208,148.7,17.2,0.126011103,0.0130332708,0.376697034
,710008040,-22.905041618307695,-43.15824019231208,148.7,17.2,0.126011103,0.0130332708,0.376697034
,710008040,-22.905041618307695,-43.15824019231208,148.7,17.2,0.126011103,0.0130332708,0.376697034
,710008040,-22.905041618307695,-43.15824019231208,148.7,17.2,0.126011103,0.0130332708,0.376697034
,710008040,-22.905041618307695,-43.15824019231208,148.7,17.2,0.126011103,0.0130332708,0.376697034
,710008040,-22.905041618307695,-43.15824019231208,148.7,17.2,0.126011103,0.0130332708,0.376697034
,710008040,-22.905041618307695,-43.15824019231208,148.7,17.2,0.126011103,0.0130332708,0.376697034
,710008040,-22.905041618307695,-43.15824019231208,148.7,17.2,0.126011103,0.0130332708,0.376697034
,710008040,-22.905041618307695,-43.15824019231208,148.7,17.2,0.126011103,0.0130332708,0.376697034
,710008040,-22.905041618307695,-43.15824019231208,148.7,17.2,0.126011103,0.0130332708,0.376697034
,710008040,-22.905041618307695,-43.15824019231208,148.7,17.2,0.126011103,0.0130332708,0.376697034
,710008040,-22.905041618307695,-43.15824019231208,148.7,17.2,0.126011103,0.0130332708,0.376697034
,710008040,-22.905041618307695,-43.15824019231208,148.7,17.2,0.126011103,0.0130332708,0.376697034
,710008040,-22.905041618307695,-43.15824019231208,148.7,17.2,0.126011103,0.0130332708,0.376697034
,710008040,-22.905041618307695,-43.15824019231208,148.7,17.2,0.126011103,0.0130332708,0.376697034
,710008040,-22.905041618307695,-43.15824019231208,148.7,17.2,0.126011103,0.0130332708,0.376697034
,710008040,-22.905041618307695,-43.15824019231208,148.7,17.2,0.126011103,0.0130332708,0.376697034
,710008040,-22.905041618307695,-43.15824019231208,148.7,17.2,0.126011103,0.0130332708,0.376697034
,710008040,-22.905041618307695,-43.15824019231208,148.7,17.2,0.126011103,0.0130332708,0.376697034
,710008040,-22.905041618307695,-43.15824019231208,148.7,17.2,0.126011103,0.0130332708,0.376697034
,710008040,-22.905041618307695,-43.15824019231208,148.7,17.2,0.126011103,0.0130332708,0.376697034
,710008040,-22.905041618307695,-43.15824019231208,148.7,17.2,0.126011103,0.0130332708,0.376697034
,710008040,-22.905041618307695,-43.15824019231208,148.7,17.2,0.126011103,0.0130332708,0.376697034
,710008040,-22.905041618307695,-43.15824019231208,148.7,17.2,0.126011103,0.0130332708,0.376697034
,710008040,-22.905041618307695,-43.15824019231208,148.7,17.2,0.131511122,0.012422204,0.365609854
,710008040,-22.905041618307695,-43.15824019231208,148.7,17.2,0.131511122,0.012422204,0.365609854
,710008040,-22.905041618307695,-43.15824019231208,148.7,17.2,0.131511122,0.012422204,0.365609854
,710008040,-22.905041618307695,-43.15824019231208,148.7,17.2,0.131511122,0.012422204,0.365609854
,710008040,-22.905041618307695,-43.15824019231208,148.7,17.2,0.131511122,0.012422204,0.365609854
,710008040,-22.905041618307695,-43.15824019231208,148.7,17.2,0.131511122,0.012422204,0.365609854
,710008040,-22.905041618307695,-43.15824019231208,148.7,17.2,0.131511122,0.012422204,0.366052657
,710008040,-22.905041618307695,-43.15824019231208,148.7,17.2,0.131511122,0.012422204,0.366052657
,710008040,-22.905041618307695,-43.15824019231208,148.7,17.2,0.131511122,0.012422204,0.366052657
,710008040,-22.905041618307695,-43.15824019231208,148.7,17.2,0.131511122,0.012422204,0.366052657
,710008040,-22.905041618307695,-43.15824019231208,148.7,17.2,0.131511122,0.012422204,0.366052657
,710008040,-22.905041618307695,-43.15824019231208,148.7,17.2,0.131511122,0.012422204,0.366052657
,710008040,-22.905109357360047,-43.15819447206986,148.7,17.2,0.131511122,0.012422204,0.366052657
,710008040,-22.905109357360047,-43.15819447206986,148.7,17.2,0.131511122,0.012422204,0.366052657
,710008040,-22.905109357360047,-43.15819447206986,148.7,17.2,0.131511122,0.012422204,0.366052657
,710008040,-22.905109357360047,-43.15819447206986,148.7,17.2,0.131511122,0.012422204,0.366052657
,710008040,-22.905109357360047,-43.15819447206986,148.7,17.2,0.131511122,0.012422204,0.366052657
,710008040,-22.905109357360047,-43.15819447206986,148.7,17.2,0.131511122,0.012422204,0.366052657
,710008040,-22.905109357360047,-43.15819447206986,148.7,17.2,0.131511122,0.012422204,0.366052657
,710008040,-22.905109357360047,-43.15819447206986,148.7,17.2,0.131511122,0.012422204,0.366052657
,710008040,-22.905109357360047,-43.15819447206986,148.7,17.2,0.131511122,0.012422204,0.366052657
,710008040,-22.905109357360047,-43.15819447206986,148.7,17.2,0.131511122,0.012422204,0.366052657
,710008040,-22.905109357360047,-43.15819447206986,148.7,17.2,0.131511122,0.012422204,0.366052657
,710008040,-22.905109357360047,-43.15819447206986,148.7,17.2,0.131511122,0.012422204,0.366052657
,710008040,-22.905109357360047,-43.15819447206986,148.7,17.2,0.131511122,0.012422204,0.366052657
,710008040,-22.905109357360047,-43.15819447206986,148.7,17.2,0.131511122,0.012422204,0.366052657
,710008040,-22.905109357360047,-43.15819447206986,148.7,17.2,0.131511122,0.012422204,0.366052657
,710008040,-22.905109357360047,-43.15819447206986,148.7,17.2,0.131511122,0.012422204,0.366052657
,710008040,-22.905109357360047,-43.15819447206986,148.7,17.2,0.131511122,0.012422204,0.366052657
,710008040,-22.905109357360047,-43.15819447206986,148.7,17.2,0.131511122,0.012422204,0.366052657
,710008040,-22.905109357360047,-43.15819447206986,148.7,17.2,0.131511122,0.012422204,0.366052657
,710008040,-22.905109357360047,-43.15819447206986,148.7,17.2,0.131511122,0.012422204,0.366052657
,710008040,-22.905109357360047,-43.15819447206986,148.7,17.2,0.131511122,0.012422204,0.366052657
,710008040,-22.905109357360047,-43.15819447206986,148.7,17.2,0.131511122,0.012422204,0.366052657
,710008040,-22.905109357360047,-43.15819447206986,148.7,17.2,0.131511122,0.012422204,0.366052657
,710008040,-22.905109357360047,-43.15819447206986,148.7,17.2,0.131511122,0.012422204,0.366052657
,710008040,-22.905109357360047,-43.15819447206986,148.7,17.2,0.131511122,0.012422204,0.366052657
,710008040,-22.905109357360047,-43.15819447206986,148.7,17.2,0.131511122,0.012422204,0.366052657
,710008040,-22.905109357360047,-43.15819447206986,148.7,17.2,0.131511122,0.012422204,0.366052657
,710008040,-22.905109357360047,-43.15819447206986,148.7,17.2,0.131511122,0.012422204,0.366052657
,710008040,-22.905109357360047,-43.15819447206986,148.7,17.2,0.131511122,0.012422204,0.366052657
,710008040,-22.905109357360047,-43.15819447206986,148.7,17.2,0.131511122,0.012422204,0.366052657
,710008040,-22.905109357360047,-43.15819447206986,148.7,17.2,0.131511122,0.012422204,0.366052657
,710008040,-22.905109357360047,-43.15819447206986,148.7,17.2,0.131511122,0.012422204,0.366052657
,710008040,-22.905109357360047,-43.15819447206986,148.7,17.2,0.131511122,0.012422204,0.366052657
,710008040,-22.905109357360047,-43.15819447206986,148.7,17.2,0.131511122,0.012422204,0.366052657
,710008040,-22.905109357360047,-43.15819447206986,148.7,17.2,0.131511122,0.012422204,0.366052657
,710008040,-22.905109357360047,-43.15819447206986,148.7,17.2,0.131511122,0.012422204,0.366052657
,710008040,-22.905109357360047,-43.15819447206986,148.7,17.2,0.131511122,0.012422204,0.366052657
,710008040,-22.905109357360047,-43.15819447206986,148.7,17.2,0.131511122,0.012422204,0.366052657
,710008040,-22.905109357360047,-43.15819447206986,148.7,17.2,0.131511122,0.012422204,0.366052657
,710008040,-22.905109357360047,-43.15819447206986,148.7,17.2,0.131511122,0.012422204,0.366052657
,710008040,-22.905109357360047,-43.15819447206986,148.7,17.2,0.131511122,0.012422204,0.366052657
,710008040,-22.905109357360047,-43.15819447206986,148.7,17.2,0.131511122,0.012422204,0.366052657
,710008040,-22.905109357360047,-43.15819447206986,148.7,17.2,0.131511122,0.012422204,0.366052657
,710008040,-22.905109357360047,-43.15819447206986,148.7,17.2,0.131511122,0.012422204,0.366052657
,710008040,-22.90517709639572,-43.15814875178061,148.7,17.2,0.131511122,0.012422204,0.366052657
,710008040,-22.90517709639572,-43.15814875178061,148.7,17.2,0.131511122,0.012422204,0.366052657
,710008040,-22.90517709639572,-43.15814875178061,148.7,17.2,0.131511122,0.012422204,0.366052657
,710008040,-22.90517709639572,-43.15814875178061,148.7,17.2,0.131511122,0.012422204,0.366052657
,710008040,-22.90517709639572,-43.15814875178061,148.7,17.2,0.131511122,0.012422204,0.366052657
,710008040,-22.90517709639572,-43.15814875178061,148.7,17.2,0.131511122,0.012422204,0.366052657
,710008040,-22.90517709639572,-43.15814875178061,148.7,17.2,0.131511122,0.012422204,0.366052657
,710008040,-22.90517709639572,-43.15814875178061,148.7,17.2,0.131511122,0.012422204,0.366052657
,710008040,-22.90517709639572,-43.15814875178061,148.7,17.2,0.131511122,0.012422204,0.366052657
,710008040,-22.90517709639572,-43.15814875178061,148.7,17.2,0.131511122,0.012422204,0.366052657
,710008040,-22.90517709639572,-43.15814875178061,148.7,17.2,0.131511122,0.012422204,0.366052657
,710008040,-22.90517709639572,-43.15814875178061,148.7,17.2,0.131511122,0.012422204,0.366052657
,710008040,-22.90517709639572,-43.15814875178061,148.7,17.2,0.131511122,0.012422204,0.366052657
,710008040,-22.90517709639572,-43.15814875178061,148.7,17.2,0.131511122,0.012422204,0.366052657
,710008040,-22.90517709639572,-43.15814875178061,148.7,17.2,0.131511122,0.012422204,0.366052657
,710008040,-22.90517709639572,-43.15814875178061,148.7,17.2,0.131511122,0.012422204,0.366052657
,710008040,-22.90517709639572,-43.15814875178061,148.7,17.2,0.131511122,0.012422204,0.366052657
,710008040,-22.90517709639572,-43.15814875178061,148.7,17.2,0.131511122,0.012422204,0.366052657
,710008040,-22.90517709639572,-43.15814875178061,148.7,17.2,0.131511122,0.012422204,0.366052657
,710008040,-22.90517709639572,-43.15814875178061,148.7,17.2,0.131511122,0.012422204,0.366052657
,710008040,-22.90517709639572,-43.15814875178061,148.7,17.2,0.131511122,0.012422204,0.366052657
,710008040,-22.90517709639572,-43.15814875178061,148.7,17.2,0.131511122,0.012422204,0.366052657
,710008040,-22.90517709639572,-43.15814875178061,148.7,17.2,0.131511122,0.012422204,0.366052657
,710008040,-22.90517709639572,-43.15814875178061,148.7,17.2,0.131511122,0.012422204,0.366052657
,710008040,-22.90517709639572,-43.15814875178061,148.7,17.2,0.131511122,0.012422204,0.366052657
,710008040,-22.90517709639572,-43.15814875178061,148.7,17.2,0.131511122,0.012422204,0.366052657
,710008040,-22.90517709639572,-43.15814875178061,148.7,17.2,0.131511122,0.012422204,0.366052657
,710008040,-22.90517709639572,-43.15814875178061,148.7,17.2,0.131511122,0.012422204,0.366052657
,710008040,-22.90517709639572,-43.15814875178061,148.7,17.2,0.131511122,0.012422204,0.366052657
,710008040,-22.90517709639572,-43.15814875178061,148.7,17.2,0.131511122,0.012422204,0.366052657
,710008040,-22.90517709639572,-43.15814875178061,148.7,17.2,0.131511122,0.012422204,0.366052657
,710008040,-22.90517709639572,-43.15814875178061,148.7,17.2,0.131511122,0.012422204,0.366052657
,710008040,-22.90517709639572,-43.15814875178061,148.7,17.2,0.131511122,0.012422204,0.366052657
,710008040,-22.90517709639572,-43.15814875178061,148.7,17.2,0.131511122,0.012422204,0.366052657
,710008040,-22.90517709639572,-43.15814875178061,148.7,17.2,0.131511122,0.012422204,0.366052657
,710008040,-22.90517709639572,-43.15814875178061,148.7,17.2,0.131511122,0.012422204,0.366052657
,710008040,-22.90517709639572,-43.15814875178061,148.7,17.2,0.131511122,0.012422204,0.366052657
,710008040,-22.90517709639572,-43.15814875178061,148.7,17.2,0.131511122,0.012422204,0.366052657
,710008040,-22.90517709639572,-43.15814875178061,148.7,17.2,0.131511122,0.012422204,0.366052657
,710008040,-22.90517709639572,-43.15814875178061,148.7,17.2,0.131511122,0.012422204,0.366052657
,710008040,-22.90517709639572,-43.15814875178061,148.7,17.2,0.131511122,0.012422204,0.366052657
,710008040,-22.90517709639572,-43.15814875178061,148.7,17.2,0.131511122,0.012422204,0.366052657
,710008040,-22.90517709639572,-43.15814875178061,148.7,17.2,0.131511122,0.012422204,0.366052657
,710008040,-22.90517709639572,-43.15814875178061,148.7,17.2,0.131511122,0.012422204,0.366052657
,710008040,-22.90517709639572,-43.15814875178061,148.7,17.2,0.131511122,0.012422204,0.366052657
,710008040,-22.90517709639572,-43.15814875178061,148.7,17.2,0.131511122,0.012422204,0.366052657
,710008040,-22.90517709639572,-43.15814875178061,148.7,17.2,0.131511122,0.012422204,0.366052657
,710008040,-22.90517709639572,-43.15814875178061,148.7,17.2,0.131511122,0.012422204,0.366052657
,710008040,-22.90517709639572,-43.15814875178061,148.7,17.2,0.131511122,0.012422204,0.366052657
,710008040,-22.90517709639572,-43.15814875178061,148.7,17.2,0.131511122,0.012422204,0.366052657
,710008040,-22.90517709639572,-43.15814875178061,148.7,17.2,0.131511122,0.012422204,0.366052657
,710008040,-22.90517709639572,-43.15814875178061,148.7,17.2,0.131511122,0.012422204,0.366052657
,710008040,-22.90517709639572,-43.15814875178061,148.7,17.2,0.131511122,0.012422204,0.366052657
,710008040,-22.90517709639572,-43.15814875178061,148.7,17.2,0.131511122,0.012422204,0.366052657
,710008040,-22.90517709639572,-43.15814875178061,148.7,17.2,0.131511122,0.012422204,0.366052657
,710008040,-22.90517709639572,-43.15814875178061,148.7,17.2,0.131511122,0.012422204,0.366052657
,710008040,-22.90517709639572,-43.15814875178061,148.7,17.2,0.131511122,0.012422204,0.366052657
,710008040,-22.90517709639572,-43.15814875178061,148.7,17.2,0.131511122,0.012422204,0.366052657
,710008040,-22.905284793598035,-43.15824161872234,153.6,17.2,0.131511122,0.012422204,0.366052657
,710008040,-22.905284793598035,-43.15824161872234,153.6,17.2,0.131511122,0.012422204,0.366052657
,710008040,-22.905284793598035,-43.15824161872234,153.6,17.2,0.131511122,0.012422204,0.366052657
,710008040,-22.905284793598035,-43.15824161872234,153.6,17.2,0.131511122,0.012422204,0.366052657
,710008040,-22.905284793598035,-43.15824161872234,153.6,17.2,0.131511122,0.012422204,0.366052657
,710008040,-22.905284793598035,-43.15824161872234,153.6,17.2,0.131511122,0.012422204,0.366052657
,710008040,-22.905284793598035,-43.15824161872234,153.6,17.2,0.131511122,0.012422204,0.366052657
,710008040,-22.905284793598035,-43.15824161872234,153.6,17.2,0.131511122,0.012422204,0.366052657
,710008040,-22.905284793598035,-43.15824161872234,153.6,17.2,0.131511122,0.012422204,0.366052657
,710008040,-22.905284793598035,-43.15824161872234,153.6,17.2,0.131511122,0.012422204,0.366052657
,710008040,-22.905284793598035,-43.15824161872234,153.6,17.2,0.131511122,0.012422204,0.366052657
,710008040,-22.905284793598035,-43.15824161872234,153.6,17.2,0.131511122,0.012422204,0.366052657
,710008040,-22.905284793598035,-43.15824161872234,153.6,17.2,0.131511122,0.012422204,0.366052657
,710008040,-22.905284793598035,-43.15824161872234,153.6,17.2,0.131511122,0.012422204,0.366052657
,710008040,-22.905284793598035,-43.15824161872234,153.6,17.2,0.131511122,0.012422204,0.366052657
,710008040,-22.905284793598035,-43.15824161872234,153.6,17.2,0.131511122,0.012422204,0.366052657
,710008040,-22.905284793598035,-43.15824161872234,153.6,17.2,0.131511122,0.012422204,0.366052657
,710008040,-22.905284793598035,-43.15824161872234,153.6,17.2,0.131511122,0.012422204,0.366052657
,710008040,-22.905284793598035,-43.15824161872234,153.6,17.2,0.131511122,0.012422204,0.366052657
,710008040,-22.905284793598035,-43.15824161872234,153.6,17.2,0.131511122,0.012422204,0.366052657
,710008040,-22.905284793598035,-43.15824161872234,153.6,17.2,0.131511122,0.012422204,0.366052657
,710008040,-22.905284793598035,-43.15824161872234,153.6,17.2,0.131511122,0.012422204,0.366052657
,710008040,-22.905284793598035,-43.15824161872234,153.6,17.2,0.131511122,0.012422204,0.366052657
,710008040,-22.905284793598035,-43.15824161872234,153.6,17.2,0.131511122,0.012422204,0.366052657
,710008040,-22.905284793598035,-43.15824161872234,153.6,17.2,0.131511122,0.012422204,0.366052657
,710008040,-22.905284793598035,-43.15824161872234,153.6,17.2,0.131511122,0.012422204,0.366052657
,710008040,-22.905284793598035,-43.15824161872234,153.6,17.2,0.131511122,0.012422204,0.366052657
,710008040,-22.905284793598035,-43.15824161872234,153.6,17.2,0.131511122,0.012422204,0.366052657
,710008040,-22.905284793598035,-43.15824161872234,153.6,17.2,0.131511122,0.012422204,0.366052657
,710008040,-22.905284793598035,-43.15824161872234,153.6,17.2,0.131511122,0.012422204,0.366052657
,710008040,-22.905284793598035,-43.15824161872234,153.6,17.2,0.131511122,0.012422204,0.366052657
,710008040,-22.905284793598035,-43.15824161872234,153.6,17.2,0.131511122,0.012422204,0.366052657
,710008040,-22.905284793598035,-43.15824161872234,153.6,17.2,0.131511122,0.012422204,0.366052657
,710008040,-22.905284793598035,-43.15824161872234,153.6,17.2,0.131511122,0.012422204,0.366052657
,710008040,-22.905284793598035,-43.15824161872234,153.6,17.2,0.131511122,0.012422204,0.366052657
,710008040,-22.905284793598035,-43.15824161872234,153.6,17.2,0.131511122,0.012422204,0.366052657
,710008040,-22.905284793598035,-43.15824161872234,153.6,17.2,0.131511122,0.012422204,0.366052657
,710008040,-22.905284793598035,-43.15824161872234,153.6,17.2,0.131511122,0.012422204,0.366052657
,710008040,-22.905284793598035,-43.15824161872234,153.6,17.2,0.131511122,0.012422204,0.366052657
,710008040,-22.905284793598035,-43.15824161872234,153.6,17.2,0.131511122,0.012422204,0.366052657
,710008040,-22.905284793598035,-43.15824161872234,153.6,17.2,0.131511122,0.012422204,0.366052657
,710008040,-22.905284793598035,-43.15824161872234,153.6,17.2,0.131511122,0.012422204,0.366052657
,710008040,-22.905284793598035,-43.15824161872234,153.6,17.2,0.131511122,0.012422204,0.366052657
,710008040,-22.905284793598035,-43.15824161872234,153.6,17.2,0.131511122,0.012422204,0.366052657
,710008040,-22.905284793598035,-43.15824161872234,153.6,17.2,0.131511122,0.012422204,0.366052657
,710008040,-22.905284793598035,-43.15824161872234,153.6,17.2,0.131511122,0.012422204,0.366052657
,710008040,-22.905284793598035,-43.15824161872234,153.6,17.2,0.131511122,0.012422204,0.366052657
,710008040,-22.905284793598035,-43.15824161872234,153.6,17.2,0.131511122,0.012422204,0.366052657
,710008040,-22.905284793598035,-43.15824161872234,153.6,17.2,0.131511122,0.012422204,0.366052657
,710008040,-22.905284793598035,-43.15824161872234,153.6,17.2,0.131511122,0.012422204,0.366052657
,710008040,-22.905284793598035,-43.15824161872234,153.6,17.2,0.131511122,0.012422204,0.366052657
,710008040,-22.905284793598035,-43.15824161872234,153.6,17.2,0.131511122,0.012422204,0.366052657
,710008040,-22.905284793598035,-43.15824161872234,153.6,17.2,0.131511122,0.012422204,0.366052657
,710008040,-22.905284793598035,-43.15824161872234,153.6,17.2,0.131511122,0.012422204,0.366052657
,710008040,-22.905284793598035,-43.15824161872234,153.6,17.2,0.131511122,0.012422204,0.366052657
,710008040,-22.905284793598035,-43.15824161872234,153.6,17.2,0.131511122,0.012422204,0.366052657
,710008040,-22.905284793598035,-43.15824161872234,153.6,17.2,0.131511122,0.012422204,0.366052657
,710008040,-22.905284793598035,-43.15824161872234,153.6,17.2,0.131511122,0.012422204,0.366052657
,710008040,-22.905284793598035,-43.15824161872234,153.6,17.2,0.131511122,0.012422204,0.366052657
,710008040,-22.905284793598035,-43.15824161872234,153.6,17.2,0.131511122,0.012422204,0.366052657
,710008040,-22.905284793598035,-43.15824161872234,153.6,17.2,0.131511122,0.012422204,0.366052657
,710008040,-22.905284793598035,-43.15824161872234,153.6,17.2,0.131511122,0.012422204,0.366052657
,710008040,-22.905284793598035,-43.15824161872234,153.6,17.2,0.131511122,0.012422204,0.366052657
,710008040,-22.905284793598035,-43.15824161872234,153.6,17.2,0.131511122,0.012422204,0.366052657
,710008040,-22.905284793598035,-43.15824161872234,153.6,17.2,0.131511122,0.012422204,0.366052657
,710008040,-22.905284793598035,-43.15824161872234,153.6,17.2,0.131511122,0.012422204,0.366052657
,710008040,-22.905284793598035,-43.15824161872234,153.6,17.2,0.131511122,0.012422204,0.366052657
,710008040,-22.905284793598035,-43.15824161872234,153.6,17.2,0.131511122,0.012422204,0.366052657
,710008040,-22.905284793598035,-43.15824161872234,153.6,17.2,0.131511122,0.012422204,0.366052657
,710008040,-22.905284793598035,-43.15824161872234,153.6,17.2,0.131511122,0.012422204,0.366052657
,710008040,-22.905284793598035,-43.15824161872234,153.6,17.2,0.131511122,0.012422204,0.366052657
,710008040,-22.905284793598035,-43.15824161872234,153.6,17.2,0.131511122,0.012422204,0.366052657
,710008040,-22.905284793598035,-43.15824161872234,153.6,17.2,0.131511122,0.012422204,0.366052657
,710008040,-22.905284793598035,-43.15824161872234,153.6,17.2,0.131511122,0.012422204,0.366052657
,710008040,-22.905284793598035,-43.15824161872234,153.6,17.2,0.131511122,0.012422204,0.366052657
,710008040,-22.905284793598035,-43.15824161872234,153.6,17.2,0.131511122,0.012422204,0.366052657
,710008040,-22.905284793598035,-43.15824161872234,153.6,17.2,0.131511122,0.012422204,0.366052657
,710008040,-22.905284793598035,-43.15824161872234,153.6,17.2,0.131511122,0.012422204,0.366052657
,710008040,-22.905284793598035,-43.15824161872234,153.6,17.2,0.131511122,0.012422204,0.366052657
,710008040,-22.905284793598035,-43.15824161872234,153.6,17.2,0.131511122,0.012422204,0.366052657
,710008040,-22.905284793598035,-43.15824161872234,153.6,17.2,0.131511122,0.012422204,0.366052657
,710008040,-22.905284793598035,-43.15824161872234,153.6,17.2,0.131511122,0.012422204,0.366052657
,710008040,-22.905284793598035,-43.15824161872234,153.6,17.2,0.131511122,0.012422204,0.366052657
,710008040,-22.905284793598035,-43.15824161872234,153.6,17.2,0.131511122,0.012422204,0.366052657
,710008040,-22.905284793598035,-43.15824161872234,153.6,17.2,0.131511122,0.012422204,0.366052657
,710008040,-22.905284793598035,-43.15824161872234,153.6,17.2,0.131511122,0.012422204,0.366052657
,710008040,-22.905284793598035,-43.15824161872234,153.6,17.2,0.131511122,0.012422204,0.366052657
,710008040,-22.905284793598035,-43.15824161872234,153.6,17.2,0.131511122,0.012422204,0.366052657
,710008040,-22.905284793598035,-43.15824161872234,153.6,17.2,0.131511122,0.012422204,0.366052657
,710008040,-22.905284793598035,-43.15824161872234,153.6,17.2,0.131511122,0.012422204,0.366052657
,710008040,-22.90535590300517,-43.15820231111904,153.6,17.2,0.131511122,0.012422204,0.366052657
,710008040,-22.90535590300517,-43.15820231111904,153.6,17.2,0.131511122,0.012422204,0.366052657
,710008040,-22.90535590300517,-43.15820231111904,153.6,17.2,0.131511122,0.012422204,0.366052657
,710008040,-22.90535590300517,-43.15820231111904,153.6,17.2,0.131511122,0.012422204,0.366052657
,710008040,-22.90535590300517,-43.15820231111904,153.6,17.2,0.131511122,0.012422204,0.366052657
,710008040,-22.90535590300517,-43.15820231111904,153.6,17.2,0.131511122,0.012422204,0.366052657
,710008040,-22.90535590300517,-43.15820231111904,153.6,17.2,0.131511122,0.012422204,0.366052657
,710008040,-22.90535590300517,-43.15820231111904,153.6,17.2,0.131511122,0.012422204,0.366052657
,710008040,-22.90535590300517,-43.15820231111904,153.6,17.2,0.131511122,0.012422204,0.366052657
,710008040,-22.90535590300517,-43.15820231111904,153.6,17.2,0.131511122,0.012422204,0.366052657
,710008040,-22.90535590300517,-43.15820231111904,153.6,17.2,0.131511122,0.012422204,0.366052657
,710008040,-22.90535590300517,-43.15820231111904,153.6,17.2,0.131511122,0.012422204,0.366052657
,710008040,-22.90535590300517,-43.15820231111904,153.6,17.2,0.132394448,0.0113556385,0.347504616
,710008040,-22.90535590300517,-43.15820231111904,153.6,17.2,0.132394448,0.0113556385,0.347504616
,710008040,-22.90535590300517,-43.15820231111904,153.6,17.2,0.132394448,0.0113556385,0.347504616
,710008040,-22.90535590300517,-43.15820231111904,153.6,17.2,0.132394448,0.0113556385,0.347504616
,710008040,-22.90535590300517,-43.15820231111904,153.6,17.2,0.132394448,0.0113556385,0.347504616
,710008040,-22.90535590300517,-43.15820231111904,153.6,17.2,0.132394448,0.0113556385,0.347504616
,710008040,-22.90535590300517,-43.15820231111904,153.6,17.2,0.132394448,0.0113556385,0.347504616
,710008040,-22.90535590300517,-43.15820231111904,153.6,17.2,0.132394448,0.0113556385,0.347504616
,710008040,-22.90535590300517,-43.15820231111904,153.6,17.2,0.132394448,0.0113556385,0.347504616
,710008040,-22.90535590300517,-43.15820231111904,153.6,17.2,0.132394448,0.0113556385,0.347504616
,710008040,-22.90535590300517,-43.15820231111904,153.6,17.2,0.132394448,0.0113556385,0.347504616
,710008040,-22.90535590300517,-43.15820231111904,153.6,17.2,0.132394448,0.0113556385,0.347504616
,710008040,-22.90535590300517,-43.15820231111904,153.6,17.2,0.132394448,0.0113556385,0.347504616
,710008040,-22.90535590300517,-43.15820231111904,153.6,17.2,0.132394448,0.0113556385,0.347504616
,710008040,-22.90535590300517,-43.15820231111904,153.6,17.2,0.132394448,0.0113556385,0.347504616
,710008040,-22.90535590300517,-43.15820231111904,153.6,17.2,0.132394448,0.0113556385,0.347504616
,710008040,-22.90535590300517,-43.15820231111904,153.6,17.2,0.132394448,0.0113556385,0.347504616
,710008040,-22.90535590300517,-43.15820231111904,153.6,17.2,0.132394448,0.0113556385,0.347504616
,710008040,-22.90535590300517,-43.15820231111904,153.6,17.2,0.132394448,0.0113556385,0.347504616
,710008040,-22.90535590300517,-43.15820231111904,153.6,17.2,0.132394448,0.0113556385,0.347504616
,710008040,-22.90535590300517,-43.15820231111904,153.6,17.2,0.132394448,0.0113556385,0.347504616
,710008040,-22.90535590300517,-43.15820231111904,153.6,17.2,0.132394448,0.0113556385,0.347504616
,710008040,-22.90535590300517,-43.15820231111904,153.6,17.2,0.132394448,0.0113556385,0.347504616
,710008040,-22.90535590300517,-43.15820231111904,153.6,17.2,0.132394448,0.0113556385,0.347504616
,710008040,-22.90535590300517,-43.15820231111904,153.6,17.2,0.132394448,0.0113556385,0.347504616
,710008040,-22.90535590300517,-43.15820231111904,153.6,17.2,0.132394448,0.0113556385,0.347504616
,710008040,-22.90535590300517,-43.15820231111904,153.6,17.2,0.132394448,0.0113556385,0.347504616
,710008040,-22.90535590300517,-43.15820231111904,153.6,17.2,0.132394448,0.0113556385,0.347504616
,710008040,-22.90535590300517,-43.15820231111904,153.6,17.2,0.132394448,0.0113556385,0.347504616
,710008040,-22.90535590300517,-43.15820231111904,153.6,17.2,0.132394448,0.0113556385,0.347504616
,710008040,-22.90535590300517,-43.15820231111904,153.6,17.2,0.132394448,0.0113556385,0.347504616
,710008040,-22.90535590300517,-43.15820231111904,153.6,17.2,0.132394448,0.0113556385,0.347504616
,710008040,-22.90535590300517,-43.15820231111904,153.6,17.2,0.132394448,0.0113556385,0.347504616
,710008040,-22.90535590300517,-43.15820231111904,153.6,17.2,0.132394448,0.0113556385,0.347504616
,710008040,-22.90535590300517,-43.15820231111904,153.6,17.2,0.132394448,0.0113556385,0.347504616
,710008040,-22.90535590300517,-43.15820231111904,153.6,17.2,0.132394448,0.0113556385,0.347504616
,710008040,-22.90535590300517,-43.15820231111904,153.6,17.2,0.132394448,0.0113556385,0.347504616
,710008040,-22.90535590300517,-43.15820231111904,153.6,17.2,0.132394448,0.0113556385,0.347504616
,710008040,-22.90535590300517,-43.15820231111904,153.6,17.2,0.132394448,0.0113556385,0.347504616
,710008040,-22.90535590300517,-43.15820231111904,153.6,17.2,0.132394448,0.0113556385,0.347504616
,710008040,-22.90535590300517,-43.15820231111904,153.6,17.2,0.132394448,0.0113556385,0.347504616
,710008040,-22.90535590300517,-43.15820231111904,153.6,17.2,0.132394448,0.0113556385,0.347504616
,710008040,-22.90535590300517,-43.15820231111904,153.6,17.2,0.132394448,0.0113556385,0.347504616
,710008040,-22.90535590300517,-43.15820231111904,153.6,17.2,0.132394448,0.0113556385,0.347504616
,710008040,-22.90535590300517,-43.15820231111904,153.6,17.2,0.132394448,0.0113556385,0.347504616
,710008040,-22.90535590300517,-43.15820231111904,153.6,17.2,0.132394448,0.0113556385,0.347504616
,710008040,-22.90535590300517,-43.15820231111904,153.6,17.2,0.132394448,0.0113556385,0.347504616
,710008040,-22.90535590300517,-43.15820231111904,153.6,17.2,0.132394448,0.0113556385,0.347504616
,710008040,-22.90535590300517,-43.15820231111904,153.6,17.2,0.132394448,0.0113556385,0.347504616
,710008040,-22.90535590300517,-43.15820231111904,153.6,17.2,0.132394448,0.0113556385,0.347504616
,710008040,-22.90535590300517,-43.15820231111904,153.6,17.2,0.132394448,0.0113556385,0.347504616
,710008040,-22.90535590300517,-43.15820231111904,153.6,17.2,0.132394448,0.0113556385,0.347504616
,710008040,-22.90535590300517,-43.15820231111904,153.6,17.2,0.132394448,0.0113556385,0.347504616
,710008040,-22.90535590300517,-43.15820231111904,153.6,17.2,0.132394448,0.0113556385,0.347504616
,710008040,-22.90535590300517,-43.15820231111904,153.6,17.2,0.132394448,0.0113556385,0.347504616
,710008040,-22.90535590300517,-43.15820231111904,153.6,17.2,0.132394448,0.0113556385,0.347504616
,710008040,-22.90535590300517,-43.15820231111904,153.6,17.2,0.132394448,0.0113556385,0.347504616
,710008040,-22.90535590300517,-43.15820231111904,153.6,17.2,0.132394448,0.0113556385,0.347504616
,710008040,-22.90535590300517,-43.15820231111904,153.6,17.2,0.132394448,0.0113556385,0.347504616
,710008040,-22.90535590300517,-43.15820231111904,153.6,17.2,0.132394448,0.0113556385,0.347504616
,710008040,-22.90535590300517,-43.15820231111904,153.6,17.2,0.132394448,0.0113556385,0.347504616
,710008040,-22.90535590300517,-43.15820231111904,153.6,17.2,0.132394448,0.0113556385,0.347504616
,710008040,-22.90535590300517,-43.15820231111904,153.6,17.2,0.132394448,0.0113556385,0.347504616
,710008040,-22.90535590300517,-43.15820231111904,153.6,17.2,0.132394448,0.0113556385,0.347504616
,710008040,-22.90535590300517,-43.15820231111904,153.6,17.2,0.132394448,0.0113556385,0.347504616
,710008040,-22.90535590300517,-43.15820231111904,153.6,17.2,0.132394448,0.0113556385,0.347504616
,710008040,-22.90535590300517,-43.15820231111904,153.6,17.2,0.132394448,0.0113556385,0.347504616
,710008040,-22.90535590300517,-43.15820231111904,153.6,17.2,0.132394448,0.0113556385,0.347504616
,710008040,-22.90535590300517,-43.15820231111904,153.6,17.2,0.132394448,0.0113556385,0.347504616
,710008040,-22.90535590300517,-43.15820231111904,153.6,17.2,0.132394448,0.0113556385,0.347504616
,710008040,-22.90535590300517,-43.15820231111904,153.6,17.2,0.132394448,0.0113556385,0.347504616
,710008040,-22.90535590300517,-43.15820231111904,153.6,17.2,0.132394448,0.0113556385,0.347504616
,710008040,-22.905427012399294,-43.15816300347264,153.6,17.2,0.132394448,0.0113556385,0.347504616
,710008040,-22.905427012399294,-43.15816300347264,153.6,17.2,0.132394448,0.0113556385,0.347504616
,710008040,-22.905427012399294,-43.15816300347264,153.6,17.2,0.132394448,0.0113556385,0.347504616
,710008040,-22.905427012399294,-43.15816300347264,153.6,17.2,0.132394448,0.0113556385,0.347504616
,710008040,-22.905427012399294,-43.15816300347264,153.6,17.2,0.132394448,0.0113556385,0.347504616
,710008040,-22.905427012399294,-43.15816300347264,153.6,17.2,0.132394448,0.0113556385,0.347504616
,710008040,-22.905427012399294,-43.15816300347264,153.6,17.2,0.132394448,0.0113556385,0.347504616
,710008040,-22.905427012399294,-43.15816300347264,153.6,17.2,0.132394448,0.0113556385,0.347504616
,710008040,-22.905427012399294,-43.15816300347264,153.6,17.2,0.132394448,0.0113556385,0.347504616
,710008040,-22.905427012399294,-43.15816300347264,153.6,17.2,0.132394448,0.0113556385,0.347504616
,710008040,-22.905427012399294,-43.15816300347264,153.6,17.2,0.132394448,0.0113556385,0.347504616
,710008040,-22.905427012399294,-43.15816300347264,153.6,17.2,0.132394448,0.0113556385,0.347504616
,710008040,-22.905427012399294,-43.15816300347264,153.6,17.2,0.132394448,0.0113556385,0.347504616
,710008040,-22.905427012399294,-43.15816300347264,153.6,17.2,0.132394448,0.0113556385,0.347504616
,710008040,-22.905427012399294,-43.15816300347264,153.6,17.2,0.132394448,0.0113556385,0.347504616
,710008040,-22.905427012399294,-43.15816300347264,153.6,17.2,0.132394448,0.0113556385,0.347504616
,710008040,-22.905427012399294,-43.15816300347264,153.6,17.2,0.132394448,0.0113556385,0.347504616
,710008040,-22.905427012399294,-43.15816300347264,153.6,17.2,0.132394448,0.0113556385,0.347504616
,710008040,-22.905427012399294,-43.15816300347264,153.6,17.2,0.132394448,0.0113556385,0.347504616
,710008040,-22.905427012399294,-43.15816300347264,153.6,17.2,0.132394448,0.0113556385,0.347504616
,710008040,-22.905427012399294,-43.15816300347264,153.6,17.2,0.132394448,0.0113556385,0.347504616
,710008040,-22.905427012399294,-43.15816300347264,153.6,17.2,0.132394448,0.0113556385,0.347504616
,710008040,-22.905427012399294,-43.15816300347264,153.6,17.2,0.132394448,0.0113556385,0.347504616
,710008040,-22.905427012399294,-43.15816300347264,153.6,17.2,0.132394448,0.0113556385,0.347504616
,710008040,-22.905427012399294,-43.15816300347264,153.6,17.2,0.132394448,0.0113556385,0.347504616
,710008040,-22.905427012399294,-43.15816300347264,153.6,17.2,0.132394448,0.0113556385,0.347504616
,710008040,-22.905427012399294,-43.15816300347264,153.6,17.2,0.132394448,0.0113556385,0.347504616
,710008040,-22.905427012399294,-43.15816300347264,153.6,17.2,0.132394448,0.0113556385,0.347504616
,710008040,-22.905427012399294,-43.15816300347264,153.6,17.2,0.132394448,0.0113556385,0.347504616
,710008040,-22.905427012399294,-43.15816300347264,153.6,17.2,0.132394448,0.0113556385,0.347504616
,710008040,-22.905427012399294,-43.15816300347264,153.6,17.2,0.132394448,0.0113556385,0.347504616
,710008040,-22.905427012399294,-43.15816300347264,153.6,17.2,0.132394448,0.0113556385,0.347504616
,710008040,-22.905427012399294,-43.15816300347264,153.6,17.2,0.132394448,0.0113556385,0.347504616
,710008040,-22.905427012399294,-43.15816300347264,153.6,17.2,0.132394448,0.0113556385,0.347504616
,710008040,-22.905427012399294,-43.15816300347264,153.6,17.2,0.132394448,0.0113556385,0.347504616
,710008040,-22.905427012399294,-43.15816300347264,153.6,17.2,0.132394448,0.0113556385,0.347504616
,710008040,-22.905427012399294,-43.15816300347264,153.6,17.2,0.132394448,0.0113556385,0.347504616
,710008040,-22.905427012399294,-43.15816300347264,153.6,17.2,0.132394448,0.0113556385,0.347504616
,710008040,-22.905427012399294,-43.15816300347264,153.6,17.2,0.132394448,0.0113556385,0.347504616
,710008040,-22.905427012399294,-43.15816300347264,153.6,17.2,0.132394448,0.0113556385,0.347504616
,710008040,-22.905427012399294,-43.15816300347264,153.6,17.2,0.132394448,0.0113556385,0.347504616
,710008040,-22.905427012399294,-43.15816300347264,153.6,17.2,0.132394448,0.0113556385,0.347504616
,710008040,-22.905427012399294,-43.15816300347264,153.6,17.2,0.132394448,0.0113556385,0.347504616
,710008040,-22.905427012399294,-43.15816300347264,153.6,17.2,0.132394448,0.0113556385,0.347504616
,710008040,-22.905427012399294,-43.15816300347264,153.6,17.2,0.132394448,0.0113556385,0.347504616
,710008040,-22.905427012399294,-43.15816300347264,153.6,17.2,0.132394448,0.0113556385,0.347504616
,710008040,-22.905427012399294,-43.15816300347264,153.6,17.2,0.132394448,0.0113556385,0.347504616
,710008040,-22.905427012399294,-43.15816300347264,153.6,17.2,0.132394448,0.0113556385,0.347504616
,710008040,-22.905427012399294,-43.15816300347264,153.6,17.2,0.132394448,0.0113556385,0.347504616
,710008040,-22.905427012399294,-43.15816300347264,153.6,17.2,0.132394448,0.0113556385,0.347504616
,710008040,-22.905427012399294,-43.15816300347264,153.6,17.2,0.132394448,0.0113556385,0.347504616
,710008040,-22.905427012399294,-43.15816300347264,153.6,17.2,0.132394448,0.0113556385,0.347504616
,710008040,-22.905427012399294,-43.15816300347264,153.6,17.2,0.132394448,0.0113556385,0.347504616
,710008040,-22.905427012399294,-43.15816300347264,153.6,17.2,0.132394448,0.0113556385,0.347504616
,710008040,-22.905427012399294,-43.15816300347264,153.6,17.2,0.132394448,0.0113556385,0.347504616
,710008040,-22.905427012399294,-43.15816300347264,153.6,17.2,0.132394448,0.0113556385,0.347504616
,710008040,-22.905427012399294,-43.15816300347264,153.6,17.2,0.132394448,0.0113556385,0.347504616
,710008040,-22.905427012399294,-43.15816300347264,153.6,17.2,0.132394448,0.0113556385,0.347504616
,710008040,-22.905427012399294,-43.15816300347264,153.6,17.2,0.132394448,0.0113556385,0.347504616
,710008040,-22.905427012399294,-43.15816300347264,153.6,17.2,0.132394448,0.0113556385,0.347504616
,710008040,-22.905427012399294,-43.15816300347264,153.6,17.2,0.132394448,0.0113556385,0.347504616
,710008040,-22.905427012399294,-43.15816300347264,153.6,17.2,0.132394448,0.0113556385,0.347504616
,710008040,-22.905427012399294,-43.15816300347264,153.6,17.2,0.132394448,0.0113556385,0.347504616
,710008040,-22.905427012399294,-43.15816300347264,153.6,17.2,0.132394448,0.0113556385,0.347504616
,710008040,-22.905427012399294,-43.15816300347264,153.6,17.2,0.132394448,0.0113556385,0.347504616
,710008040,-22.905427012399294,-43.15816300347264,153.6,17.2,0.132394448,0.0113556385,0.347504616
,710008040,-22.905427012399294,-43.15816300347264,153.6,17.2,0.132394448,0.0113556385,0.347504616
,710008040,-22.905427012399294,-43.15816300347264,153.6,17.2,0.132394448,0.0113556385,0.347504616
,710008040,-22.905427012399294,-43.15816300347264,153.6,17.2,0.132394448,0.0113556385,0.347504616
,710008040,-22.905427012399294,-43.15816300347264,153.6,17.2,0.132394448,0.0113556385,0.347504616
,710008040,-22.905427012399294,-43.15816300347264,153.6,17.2,0.132394448,0.0113556385,0.347504616
,710008040,-22.905427012399294,-43.15816300347264,153.6,17.2,0.132394448,0.0113556385,0.347504616
,710008040,-22.905427012399294,-43.15816300347264,153.6,17.2,0.132394448,0.0113556385,0.347504616
,710008040,-22.905427012399294,-43.15816300347264,153.6,17.2,0.132394448,0.0113556385,0.347504616
,710008040,-22.905427012399294,-43.15816300347264,153.6,17.2,0.132394448,0.0113556385,0.347504616
,710008040,-22.905427012399294,-43.15816300347264,153.6,17.2,0.132394448,0.0113556385,0.347504616
,710008040,-22.905427012399294,-43.15816300347264,153.6,17.2,0.132394448,0.0113556385,0.347504616
,710008040,-22.905427012399294,-43.15816300347264,153.6,17.2,0.132394448,0.0113556385,0.347504616
,710008040,-22.905427012399294,-43.15816300347264,153.6,17.2,0.132394448,0.0113556385,0.347504616
,710008040,-22.905427012399294,-43.15816300347264,153.6,17.2,0.132394448,0.0113556385,0.347504616
,710008040,-22.905427012399294,-43.15816300347264,153.6,17.2,0.132394448,0.0113556385,0.347504616
,710008040,-22.905427012399294,-43.15816300347264,153.6,17.2,0.132394448,0.0113556385,0.347504616
,710008040,-22.905427012399294,-43.15816300347264,153.6,17.2,0.132394448,0.0113556385,0.347504616
,710008040,-22.905427012399294,-43.15816300347264,153.6,17.2,0.132394448,0.0113556385,0.347504616
,710008040,-22.905427012399294,-43.15816300347264,153.6,17.2,0.132394448,0.0113556385,0.347504616
,710008040,-22.905427012399294,-43.15816300347264,153.6,17.2,0.132394448,0.0113556385,0.347504616
,710008040,-22.905427012399294,-43.15816300347264,153.6,17.2,0.132394448,0.0113556385,0.347504616
,710008040,-22.905427012399294,-43.15816300347264,153.6,17.2,0.132394448,0.0113556385,0.347504616
,710008040,-22.905427012399294,-43.15816300347264,153.6,17.2,0.132394448,0.0113556385,0.347504616
,710008040,-22.905427012399294,-43.15816300347264,153.6,17.2,0.132394448,0.0113556385,0.347504616
,710008040,-22.905498121780404,-43.15812369578312,153.6,17.2,0.132394448,0.0113556385,0.347504616
,710008040,-22.905498121780404,-43.15812369578312,153.6,17.2,0.132394448,0.0113556385,0.347504616
,710008040,-22.905498121780404,-43.15812369578312,153.6,17.2,0.132394448,0.0113556385,0.347504616
,710008040,-22.905498121780404,-43.15812369578312,153.6,17.2,0.132394448,0.0113556385,0.347504616
,710008040,-22.905498121780404,-43.15812369578312,153.6,17.2,0.132394448,0.0113556385,0.347504616
,710008040,-22.905498121780404,-43.15812369578312,153.6,17.2,0.132394448,0.0113556385,0.347504616
,710008040,-22.905498121780404,-43.15812369578312,153.6,17.2,0.132394448,0.0113556385,0.347504616
,710008040,-22.905498121780404,-43.15812369578312,153.6,17.2,0.132394448,0.0113556385,0.347504616
,710008040,-22.905498121780404,-43.15812369578312,153.6,17.2,0.132394448,0.0113556385,0.347504616
,710008040,-22.905498121780404,-43.15812369578312,153.6,17.2,0.132394448,0.0113556385,0.347504616
,710008040,-22.905498121780404,-43.15812369578312,153.6,17.2,0.132394448,0.0113556385,0.347504616
,710008040,-22.905498121780404,-43.15812369578312,153.6,17.2,0.132394448,0.0113556385,0.347504616
,710008040,-22.905498121780404,-43.15812369578312,153.6,17.2,0.132394448,0.0113556385,0.347504616
,710008040,-22.905498121780404,-43.15812369578312,153.6,17.2,0.132394448,0.0113556385,0.347504616
,710008040,-22.905498121780404,-43.15812369578312,153.6,17.2,0.132394448,0.0113556385,0.347504616
,710008040,-22.905498121780404,-43.15812369578312,153.6,17.2,0.132394448,0.0113556385,0.347504616
,710008040,-22.905498121780404,-43.15812369578312,153.6,17.2,0.132394448,0.0113556385,0.347504616
,710008040,-22.905498121780404,-43.15812369578312,153.6,17.2,0.132394448,0.0113556385,0.347504616
,710008040,-22.905498121780404,-43.15812369578312,153.6,17.2,0.132394448,0.0113556385,0.347504616
,710008040,-22.905498121780404,-43.15812369578312,153.6,17.2,0.132394448,0.0113556385,0.347504616
,710008040,-22.905498121780404,-43.15812369578312,153.6,17.2,0.132394448,0.0113556385,0.347504616
,710008040,-22.905498121780404,-43.15812369578312,153.6,17.2,0.132394448,0.0113556385,0.347504616
,710008040,-22.905498121780404,-43.15812369578312,153.6,17.2,0.132394448,0.0113556385,0.347504616
,710008040,-22.905498121780404,-43.15812369578312,153.6,17.2,0.132394448,0.0113556385,0.347504616
,710008040,-22.905498121780404,-43.15812369578312,153.6,17.2,0.132394448,0.0113556385,0.347504616
,710008040,-22.905498121780404,-43.15812369578312,153.6,17.2,0.132394448,0.0113556385,0.347504616
,710008040,-22.905498121780404,-43.15812369578312,153.6,17.2,0.132394448,0.0113556385,0.347504616
,710008040,-22.905498121780404,-43.15812369578312,153.6,17.2,0.132394448,0.0113556385,0.347504616
,710008040,-22.905498121780404,-43.15812369578312,153.6,17.2,0.132394448,0.0113556385,0.347504616
,710008040,-22.905498121780404,-43.15812369578312,153.6,17.2,0.132394448,0.0113556385,0.347504616
,710008040,-22.905498121780404,-43.15812369578312,153.6,17.2,0.132394448,0.0113556385,0.347504616
,710008040,-22.905498121780404,-43.15812369578312,153.6,17.2,0.132394448,0.0113556385,0.347504616
,710008040,-22.905498121780404,-43.15812369578312,153.6,17.2,0.132394448,0.0113556385,0.347504616
,710008040,-22.905498121780404,-43.15812369578312,153.6,17.2,0.132394448,0.0113556385,0.347504616
,710008040,-22.905498121780404,-43.15812369578312,153.6,17.2,0.132394448,0.0113556385,0.347504616
,710008040,-22.905498121780404,-43.15812369578312,153.6,17.2,0.132394448,0.0113556385,0.347504616
,710008040,-22.905498121780404,-43.15812369578312,153.6,17.2,0.132394448,0.0113556385,0.347504616
,710008040,-22.905498121780404,-43.15812369578312,153.6,17.2,0.132394448,0.0113556385,0.347504616
,710008040,-22.905498121780404,-43.15812369578312,153.6,17.2,0.132394448,0.0113556385,0.347504616
,710008040,-22.905498121780404,-43.15812369578312,153.6,17.2,0.132394448,0.0113556385,0.347504616
,710008040,-22.905498121780404,-43.15812369578312,153.6,17.2,0.132394448,0.0113556385,0.347504616
,710008040,-22.905498121780404,-43.15812369578312,153.6,17.2,0.132394448,0.0113556385,0.347504616
,710008040,-22.905498121780404,-43.15812369578312,153.6,17.2,0.132394448,0.0113556385,0.347504616
,710008040,-22.905498121780404,-43.15812369578312,153.6,17.2,0.132394448,0.0113556385,0.347504616
,710008040,-22.905498121780404,-43.15812369578312,153.6,17.2,0.132394448,0.0113556385,0.347504616
,710008040,-22.905498121780404,-43.15812369578312,153.6,17.2,0.132394448,0.0113556385,0.347504616
,710008040,-22.905498121780404,-43.15812369578312,153.6,17.2,0.132394448,0.0113556385,0.347504616
,710008040,-22.905498121780404,-43.15812369578312,153.6,17.2,0.132394448,0.0113556385,0.347504616
,710008040,-22.905498121780404,-43.15812369578312,153.6,17.2,0.132394448,0.0113556385,0.347504616
,710008040,-22.905498121780404,-43.15812369578312,153.6,17.2,0.132394448,0.0113556385,0.347504616
,710008040,-22.905498121780404,-43.15812369578312,153.6,17.2,0.132394448,0.0113556385,0.347504616
,710008040,-22.905498121780404,-43.15812369578312,153.6,17.2,0.132394448,0.0113556385,0.347504616
,710008040,-22.905498121780404,-43.15812369578312,153.6,17.2,0.132394448,0.0113556385,0.347504616
,710008040,-22.905498121780404,-43.15812369578312,153.6,17.2,0.132394448,0.0113556385,0.347504616
,710008040,-22.905498121780404,-43.15812369578312,153.6,17.2,0.132394448,0.0113556385,0.347504616
,710008040,-22.905498121780404,-43.15812369578312,153.6,17.2,0.132394448,0.0113556385,0.347504616
,710008040,-22.905498121780404,-43.15812369578312,153.6,17.2,0.132394448,0.0113556385,0.347504616
,710008040,-22.905498121780404,-43.15812369578312,153.6,17.2,0.132394448,0.0113556385,0.347504616
,710008040,-22.905498121780404,-43.15812369578312,153.6,17.2,0.132394448,0.0113556385,0.347504616
,710008040,-22.905498121780404,-43.15812369578312,153.6,17.2,0.132394448,0.0113556385,0.347504616
,710008040,-22.905498121780404,-43.15812369578312,153.6,17.2,0.132394448,0.0113556385,0.347504616
,710008040,-22.905498121780404,-43.15812369578312,153.6,17.2,0.132394448,0.0113556385,0.347504616
,710008040,-22.905498121780404,-43.15812369578312,153.6,17.2,0.132394448,0.0113556385,0.347504616
,710008040,-22.905498121780404,-43.15812369578312,153.6,17.2,0.132394448,0.0113556385,0.347504616
,710008040,-22.905498121780404,-43.15812369578312,153.6,17.2,0.132394448,0.0113556385,0.347504616
,710008040,-22.905498121780404,-43.15812369578312,153.6,17.2,0.132394448,0.0113556385,0.347504616
,710008040,-22.905498121780404,-43.15812369578312,153.6,17.2,0.132394448,0.0113556385,0.347504616
,710008040,-22.905498121780404,-43.15812369578312,153.6,17.2,0.132394448,0.0113556385,0.347504616
,710008040,-22.905498121780404,-43.15812369578312,153.6,17.2,0.132394448,0.0113556385,0.347504616
,710008040,-22.905498121780404,-43.15812369578312,153.6,17.2,0.132394448,0.0113556385,0.347504616
,710008040,-22.905498121780404,-43.15812369578312,153.6,17.2,0.132394448,0.0113556385,0.347504616
,710008040,-22.905498121780404,-43.15812369578312,153.6,17.2,0.132394448,0.0113556385,0.347504616
,710008040,-22.905498121780404,-43.15812369578312,153.6,17.2,0.132394448,0.0113556385,0.347504616
,710008040,-22.905498121780404,-43.15812369578312,153.6,17.2,0.132394448,0.0113556385,0.347504616
,710008040,-22.905498121780404,-43.15812369578312,153.6,17.2,0.132394448,0.0113556385,0.347504616
,710008040,-22.905498121780404,-43.15812369578312,153.6,17.2,0.132394448,0.0113556385,0.347504616
,710008040,-22.905498121780404,-43.15812369578312,153.6,17.2,0.132394448,0.0113556385,0.347504616
,710008040,-22.905498121780404,-43.15812369578312,153.6,17.2,0.132394448,0.0113556385,0.347504616
,710008040,-22.905498121780404,-43.15812369578312,153.6,17.2,0.132394448,0.0113556385,0.347504616
,710008040,-22.905498121780404,-43.15812369578312,153.6,17.2,0.132394448,0.0113556385,0.347504616
,710008040,-22.905498121780404,-43.15812369578312,153.6,17.2,0.132394448,0.0113556385,0.347504616
,710008040,-22.905498121780404,-43.15812369578312,153.6,17.2,0.132394448,0.0113556385,0.347504616
,710008040,-22.905498121780404,-43.15812369578312,153.6,17.2,0.132394448,0.0113556385,0.347504616
,710008040,-22.905498121780404,-43.15812369578312,153.6,17.2,0.132394448,0.0113556385,0.347504616
,710008040,-22.905498121780404,-43.15812369578312,153.6,17.2,0.132394448,0.0113556385,0.347504616
,710008040,-22.905498121780404,-43.15812369578312,153.6,17.2,0.132394448,0.0113556385,0.347504616
,710008040,-22.905498121780404,-43.15812369578312,153.6,17.2,0.132394448,0.0113556385,0.347504616
,710008040,-22.905498121780404,-43.15812369578312,153.6,17.2,0.132394448,0.0113556385,0.347504616
,710008040,-22.905498121780404,-43.15812369578312,153.6,17.2,0.132394448,0.0113556385,0.347504616
,710008040,-22.905498121780404,-43.15812369578312,153.6,17.2,0.132394448,0.0113556385,0.347504616
,710008040,-22.9055692311485,-43.15808438805049,153.6,17.2,0.137699991,0.0106333494,0.336793631
,710008040,-22.9055692311485,-43.15808438805049,153.6,17.2,0.137699991,0.0106333494,0.336793631
,710008040,-22.9055692311485,-43.15808438805049,153.6,17.2,0.137699991,0.0106333494,0.336793631
,710008040,-22.9055692311485,-43.15808438805049,153.6,17.2,0.137699991,0.0106333494,0.336793631
,710008040,-22.9055692311485,-43.15808438805049,153.6,17.2,0.137699991,0.0106333494,0.336793631
,710008040,-22.9055692311485,-43.15808438805049,153.6,17.2,0.137699991,0.0106333494,0.336793631
,710008040,-22.9055692311485,-43.15808438805049,153.6,17.2,0.137699991,0.0106333494,0.336793631
,710008040,-22.9055692311485,-43.15808438805049,153.6,17.2,0.137699991,0.0106333494,0.336793631
,710008040,-22.9055692311485,-43.15808438805049,153.6,17.2,0.137699991,0.0106333494,0.336793631
,710008040,-22.9055692311485,-43.15808438805049,153.6,17.2,0.137699991,0.0106333494,0.336793631
,710008040,-22.9055692311485,-43.15808438805049,153.6,17.2,0.137699991,0.0106333494,0.336793631
,710008040,-22.9055692311485,-43.15808438805049,153.6,17.2,0.137699991,0.0106333494,0.336793631
,710008040,-22.9055692311485,-43.15808438805049,153.6,17.2,0.137699991,0.0106333494,0.33686024
,710008040,-22.9055692311485,-43.15808438805049,153.6,17.2,0.137699991,0.0106333494,0.33686024
,710008040,-22.9055692311485,-43.15808438805049,153.6,17.2,0.137699991,0.0106333494,0.33686024
,710008040,-22.9055692311485,-43.15808438805049,153.6,17.2,0.137699991,0.0106333494,0.33686024
,710008040,-22.9055692311485,-43.15808438805049,153.6,17.2,0.137699991,0.0106333494,0.33686024
,710008040,-22.9055692311485,-43.15808438805049,153.6,17.2,0.137699991,0.0106333494,0.33686024
,710008040,-22.9055692311485,-43.15808438805049,153.6,17.2,0.137699991,0.0106333494,0.33686024
,710008040,-22.9055692311485,-43.15808438805049,153.6,17.2,0.137699991,0.0106333494,0.33686024
,710008040,-22.9055692311485,-43.15808438805049,153.6,17.2,0.137699991,0.0106333494,0.33686024
,710008040,-22.9055692311485,-43.15808438805049,153.6,17.2,0.137699991,0.0106333494,0.33686024
,710008040,-22.9055692311485,-43.15808438805049,153.6,17.2,0.137699991,0.0106333494,0.33686024
,710008040,-22.9055692311485,-43.15808438805049,153.6,17.2,0.137699991,0.0106333494,0.33686024
,710008040,-22.9055692311485,-43.15808438805049,153.6,17.2,0.137699991,0.0106333494,0.33686024
,710008040,-22.9055692311485,-43.15808438805049,153.6,17.2,0.137699991,0.0106333494,0.33686024
,710008040,-22.9055692311485,-43.15808438805049,153.6,17.2,0.137699991,0.0106333494,0.33686024
,710008040,-22.9055692311485,-43.15808438805049,153.6,17.2,0.137699991,0.0106333494,0.33686024
,710008040,-22.9055692311485,-43.15808438805049,153.6,17.2,0.137699991,0.0106333494,0.33686024
,710008040,-22.9055692311485,-43.15808438805049,153.6,17.2,0.137699991,0.0106333494,0.33686024
,710008040,-22.9055692311485,-43.15808438805049,153.6,17.2,0.137699991,0.0106333494,0.33686024
,710008040,-22.9055692311485,-43.15808438805049,153.6,17.2,0.137699991,0.0106333494,0.33686024
,710008040,-22.9055692311485,-43.15808438805049,153.6,17.2,0.137699991,0.0106333494,0.33686024
,710008040,-22.9055692311485,-43.15808438805049,153.6,17.2,0.137699991,0.0106333494,0.33686024
,710008040,-22.9055692311485,-43.15808438805049,153.6,17.2,0.137699991,0.0106333494,0.33686024
,710008040,-22.9055692311485,-43.15808438805049,153.6,17.2,0.137699991,0.0106333494,0.33686024
,710008040,-22.9055692311485,-43.15808438805049,153.6,17.2,0.137699991,0.0106333494,0.33686024
,710008040,-22.9055692311485,-43.15808438805049,153.6,17.2,0.137699991,0.0106333494,0.33686024
,710008040,-22.9055692311485,-43.15808438805049,153.6,17.2,0.137699991,0.0106333494,0.33686024
,710008040,-22.9055692311485,-43.15808438805049,153.6,17.2,0.137699991,0.0106333494,0.33686024
,710008040,-22.9055692311485,-43.15808438805049,153.6,17.2,0.137699991,0.0106333494,0.33686024
,710008040,-22.9055692311485,-43.15808438805049,153.6,17.2,0.137699991,0.0106333494,0.33686024
,710008040,-22.9055692311485,-43.15808438805049,153.6,17.2,0.137699991,0.0106333494,0.33686024
,710008040,-22.9055692311485,-43.15808438805049,153.6,17.2,0.137699991,0.0106333494,0.33686024
,710008040,-22.9055692311485,-43.15808438805049,153.6,17.2,0.137699991,0.0106333494,0.33686024
,710008040,-22.9055692311485,-43.15808438805049,153.6,17.2,0.137699991,0.0106333494,0.33686024
,710008040,-22.9055692311485,-43.15808438805049,153.6,17.2,0.137699991,0.0106333494,0.33686024
,710008040,-22.9055692311485,-43.15808438805049,153.6,17.2,0.137699991,0.0106333494,0.33686024
,710008040,-22.9055692311485,-43.15808438805049,153.6,17.2,0.137699991,0.0106333494,0.33686024
,710008040,-22.9055692311485,-43.15808438805049,153.6,17.2,0.137699991,0.0106333494,0.33686024
,710008040,-22.9055692311485,-43.15808438805049,153.6,17.2,0.137699991,0.0106333494,0.33686024
,710008040,-22.9055692311485,-43.15808438805049,153.6,17.2,0.137699991,0.0106333494,0.33686024
,710008040,-22.9055692311485,-43.15808438805049,153.6,17.2,0.137699991,0.0106333494,0.33686024
,710008040,-22.9055692311485,-43.15808438805049,153.6,17.2,0.137699991,0.0106333494,0.33686024
,710008040,-22.9055692311485,-43.15808438805049,153.6,17.2,0.137699991,0.0106333494,0.33686024
,710008040,-22.9055692311485,-43.15808438805049,153.6,17.2,0.137699991,0.0106333494,0.33686024
,710008040,-22.9055692311485,-43.15808438805049,153.6,17.2,0.137699991,0.0106333494,0.33686024
,710008040,-22.9055692311485,-43.15808438805049,153.6,17.2,0.137699991,0.0106333494,0.33686024
,710008040,-22.9055692311485,-43.15808438805049,153.6,17.2,0.137699991,0.0106333494,0.33686024
,710008040,-22.9055692311485,-43.15808438805049,153.6,17.2,0.137699991,0.0106333494,0.33686024
,710008040,-22.9055692311485,-43.15808438805049,153.6,17.2,0.137699991,0.0106333494,0.33686024
,710008040,-22.9055692311485,-43.15808438805049,153.6,17.2,0.137699991,0.0106333494,0.33686024
,710008040,-22.9055692311485,-43.15808438805049,153.6,17.2,0.137699991,0.0106333494,0.33686024
,710008040,-22.9055692311485,-43.15808438805049,153.6,17.2,0.137699991,0.0106333494,0.33686024
,710008040,-22.9055692311485,-43.15808438805049,153.6,17.2,0.137699991,0.0106333494,0.33686024
,710008040,-22.9055692311485,-43.15808438805049,153.6,17.2,0.137699991,0.0106333494,0.33686024
,710008040,-22.9055692311485,-43.15808438805049,153.6,17.2,0.137699991,0.0106333494,0.33686024
,710008040,-22.9055692311485,-43.15808438805049,153.6,17.2,0.137699991,0.0106333494,0.33686024
,710008040,-22.9055692311485,-43.15808438805049,153.6,17.2,0.137699991,0.0106333494,0.33686024
,710008040,-22.9055692311485,-43.15808438805049,153.6,17.2,0.137699991,0.0106333494,0.33686024
,710008040,-22.9055692311485,-43.15808438805049,153.6,17.2,0.137699991,0.0106333494,0.33686024
,710008040,-22.9055692311485,-43.15808438805049,153.6,17.2,0.137699991,0.0106333494,0.33686024
,710008040,-22.9055692311485,-43.15808438805049,153.6,17.2,0.137699991,0.0106333494,0.33686024
,710008040,-22.9055692311485,-43.15808438805049,153.6,17.2,0.137699991,0.0106333494,0.33686024
,710008040,-22.9055692311485,-43.15808438805049,153.6,17.2,0.137699991,0.0106333494,0.33686024
,710008040,-22.9055692311485,-43.15808438805049,153.6,17.2,0.137699991,0.0106333494,0.33686024
,710008040,-22.9055692311485,-43.15808438805049,153.6,17.2,0.137699991,0.0106333494,0.33686024
,710008040,-22.9055692311485,-43.15808438805049,153.6,17.2,0.137699991,0.0106333494,0.33686024
,710008040,-22.9055692311485,-43.15808438805049,153.6,17.2,0.137699991,0.0106333494,0.33686024
,710008040,-22.9055692311485,-43.15808438805049,153.6,17.2,0.137699991,0.0106333494,0.33686024
,710008040,-22.9055692311485,-43.15808438805049,153.6,17.2,0.137699991,0.0106333494,0.33686024
,710008040,-22.9055692311485,-43.15808438805049,153.6,17.2,0.137699991,0.0106333494,0.33686024
,710008040,-22.9055692311485,-43.15808438805049,153.6,17.2,0.137699991,0.0106333494,0.33686024
,710008040,-22.9055692311485,-43.15808438805049,153.6,17.2,0.137699991,0.0106333494,0.33686024
,710008040,-22.9055692311485,-43.15808438805049,153.6,17.2,0.137699991,0.0106333494,0.33686024
,710008040,-22.9055692311485,-43.15808438805049,153.6,17.2,0.137699991,0.0106333494,0.33686024
,710008040,-22.9055692311485,-43.15808438805049,153.6,17.2,0.137699991,0.0106333494,0.33686024
,710008040,-22.9055692311485,-43.15808438805049,153.6,17.2,0.137699991,0.0106333494,0.33686024
,710008040,-22.9055692311485,-43.15808438805049,153.6,17.2,0.137699991,0.0106333494,0.33686024
,710008040,-22.9055692311485,-43.15808438805049,153.6,17.2,0.137699991,0.0106333494,0.33686024
,710008040,-22.90564034050359,-43.158045080274746,153.6,17.2,0.137699991,0.0106333494,0.33686024
,710008040,-22.90564034050359,-43.158045080274746,153.6,17.2,0.137699991,0.0106333494,0.33686024
,710008040,-22.90564034050359,-43.158045080274746,153.6,17.2,0.137699991,0.0106333494,0.33686024
,710008040,-22.90564034050359,-43.158045080274746,153.6,17.2,0.137699991,0.0106333494,0.33686024
,710008040,-22.90564034050359,-43.158045080274746,153.6,17.2,0.137699991,0.0106333494,0.33686024
,710008040,-22.90564034050359,-43.158045080274746,153.6,17.2,0.137699991,0.0106333494,0.33686024
,710008040,-22.90564034050359,-43.158045080274746,153.6,17.2,0.137699991,0.0106333494,0.33686024
,710008040,-22.90564034050359,-43.158045080274746,153.6,17.2,0.137699991,0.0106333494,0.33686024
,710008040,-22.90564034050359,-43.158045080274746,153.6,17.2,0.137699991,0.0106333494,0.33686024
,710008040,-22.90564034050359,-43.158045080274746,153.6,17.2,0.137699991,0.0106333494,0.33686024
,710008040,-22.90564034050359,-43.158045080274746,153.6,17.2,0.137699991,0.0106333494,0.33686024
,710008040,-22.90564034050359,-43.158045080274746,153.6,17.2,0.137699991,0.0106333494,0.33686024
,710008040,-22.90564034050359,-43.158045080274746,153.6,17.2,0.137699991,0.0106333494,0.33686024
,710008040,-22.90564034050359,-43.158045080274746,153.6,17.2,0.137699991,0.0106333494,0.33686024
,710008040,-22.90564034050359,-43.158045080274746,153.6,17.2,0.137699991,0.0106333494,0.33686024
,710008040,-22.90564034050359,-43.158045080274746,153.6,17.2,0.137699991,0.0106333494,0.33686024
,710008040,-22.90564034050359,-43.158045080274746,153.6,17.2,0.137699991,0.0106333494,0.33686024
,710008040,-22.90564034050359,-43.158045080274746,153.6,17.2,0.137699991,0.0106333494,0.33686024
,710008040,-22.90564034050359,-43.158045080274746,153.6,17.2,0.137699991,0.0106333494,0.33686024
,710008040,-22.90564034050359,-43.158045080274746,153.6,17.2,0.137699991,0.0106333494,0.33686024
,710008040,-22.90564034050359,-43.158045080274746,153.6,17.2,0.137699991,0.0106333494,0.33686024
,710008040,-22.90564034050359,-43.158045080274746,153.6,17.2,0.137699991,0.0106333494,0.33686024
,710008040,-22.90564034050359,-43.158045080274746,153.6,17.2,0.137699991,0.0106333494,0.33686024
,710008040,-22.90564034050359,-43.158045080274746,153.6,17.2,0.137699991,0.0106333494,0.33686024
,710008040,-22.90564034050359,-43.158045080274746,153.6,17.2,0.137699991,0.0106333494,0.33686024
,710008040,-22.90564034050359,-43.158045080274746,153.6,17.2,0.137699991,0.0106333494,0.33686024
,710008040,-22.90564034050359,-43.158045080274746,153.6,17.2,0.137699991,0.0106333494,0.33686024
,710008040,-22.90564034050359,-43.158045080274746,153.6,17.2,0.137699991,0.0106333494,0.33686024
,710008040,-22.90564034050359,-43.158045080274746,153.6,17.2,0.137699991,0.0106333494,0.33686024
,710008040,-22.90564034050359,-43.158045080274746,153.6,17.2,0.137699991,0.0106333494,0.33686024
,710008040,-22.90564034050359,-43.158045080274746,153.6,17.2,0.137699991,0.0106333494,0.33686024
,710008040,-22.90564034050359,-43.158045080274746,153.6,17.2,0.137699991,0.0106333494,0.33686024
,710008040,-22.90564034050359,-43.158045080274746,153.6,17.2,0.137699991,0.0106333494,0.33686024
,710008040,-22.90564034050359,-43.158045080274746,153.6,17.2,0.137699991,0.0106333494,0.33686024
,710008040,-22.90564034050359,-43.158045080274746,153.6,17.2,0.137699991,0.0106333494,0.33686024
,710008040,-22.90564034050359,-43.158045080274746,153.6,17.2,0.137699991,0.0106333494,0.33686024
,710008040,-22.90564034050359,-43.158045080274746,153.6,17.2,0.137699991,0.0106333494,0.33686024
,710008040,-22.90564034050359,-43.158045080274746,153.6,17.2,0.137699991,0.0106333494,0.33686024
,710008040,-22.90564034050359,-43.158045080274746,153.6,17.2,0.137699991,0.0106333494,0.33686024
,710008040,-22.90564034050359,-43.158045080274746,153.6,17.2,0.137699991,0.0106333494,0.33686024
,710008040,-22.90564034050359,-43.158045080274746,153.6,17.2,0.137699991,0.0106333494,0.33686024
,710008040,-22.90564034050359,-43.158045080274746,153.6,17.2,0.137699991,0.0106333494,0.33686024
,710008040,-22.90564034050359,-43.158045080274746,153.6,17.2,0.137699991,0.0106333494,0.33686024
,710008040,-22.90564034050359,-43.158045080274746,153.6,17.2,0.137699991,0.0106333494,0.33686024
,710008040,-22.90564034050359,-43.158045080274746,153.6,17.2,0.137699991,0.0106333494,0.33686024
,710008040,-22.90564034050359,-43.158045080274746,153.6,17.2,0.137699991,0.0106333494,0.33686024
,710008040,-22.90564034050359,-43.158045080274746,153.6,17.2,0.137699991,0.0106333494,0.33686024
,710008040,-22.90564034050359,-43.158045080274746,153.6,17.2,0.137699991,0.0106333494,0.33686024
,710008040,-22.90564034050359,-43.158045080274746,153.6,17.2,0.137699991,0.0106333494,0.33686024
,710008040,-22.90564034050359,-43.158045080274746,153.6,17.2,0.137699991,0.0106333494,0.33686024
,710008040,-22.90564034050359,-43.158045080274746,153.6,17.2,0.137699991,0.0106333494,0.33686024
,710008040,-22.90564034050359,-43.158045080274746,153.6,17.2,0.137699991,0.0106333494,0.33686024
,710008040,-22.90564034050359,-43.158045080274746,153.6,17.2,0.137699991,0.0106333494,0.33686024
,710008040,-22.90564034050359,-43.158045080274746,153.6,17.2,0.137699991,0.0106333494,0.33686024
,710008040,-22.90564034050359,-43.158045080274746,153.6,17.2,0.137699991,0.0106333494,0.33686024
,710008040,-22.90564034050359,-43.158045080274746,153.6,17.2,0.137699991,0.0106333494,0.33686024
,710008040,-22.90564034050359,-43.158045080274746,153.6,17.2,0.137699991,0.0106333494,0.33686024
,710008040,-22.90564034050359,-43.158045080274746,153.6,17.2,0.137699991,0.0106333494,0.33686024
,710008040,-22.90564034050359,-43.158045080274746,153.6,17.2,0.137699991,0.0106333494,0.33686024
,710008040,-22.90564034050359,-43.158045080274746,153.6,17.2,0.137699991,0.0106333494,0.33686024
,710008040,-22.90564034050359,-43.158045080274746,153.6,17.2,0.137699991,0.0106333494,0.33686024
,710008040,-22.90564034050359,-43.158045080274746,153.6,17.2,0.137699991,0.0106333494,0.33686024
,710008040,-22.905924777793818,-43.15788784874069,153.6,17.2,0.137699991,0.0106333494,0.33686024
,710008040,-22.905924777793818,-43.15788784874069,153.6,17.2,0.137699991,0.0106333494,0.33686024
,710008040,-22.905924777793818,-43.15788784874069,153.6,17.2,0.137699991,0.0106333494,0.33686024
,710008040,-22.905924777793818,-43.15788784874069,153.6,17.2,0.137699991,0.0106333494,0.33686024
,710008040,-22.905924777793818,-43.15788784874069,153.6,17.2,0.137699991,0.0106333494,0.33686024
,710008040,-22.905924777793818,-43.15788784874069,153.6,17.2,0.137699991,0.0106333494,0.33686024
,710008040,-22.905924777793818,-43.15788784874069,153.6,17.2,0.137699991,0.0106333494,0.33686024
,710008040,-22.905924777793818,-43.15788784874069,153.6,17.2,0.145288885,0.00959992409,0.320925474
,710008040,-22.905924777793818,-43.15788784874069,153.6,17.2,0.145288885,0.00959992409,0.320925474
,710008040,-22.905924777793818,-43.15788784874069,153.6,17.2,0.145288885,0.00959992409,0.320925474
,710008040,-22.905924777793818,-43.15788784874069,153.6,17.2,0.145288885,0.00959992409,0.320925474
,710008040,-22.905924777793818,-43.15788784874069,153.6,17.2,0.145288885,0.00959992409,0.320925474
,710008040,-22.905924777793818,-43.15788784874069,153.6,17.2,0.145288885,0.00959992409,0.320925474
,710008040,-22.905924777793818,-43.15788784874069,153.6,17.2,0.145288885,0.00959992409,0.320925474
,710008040,-22.905924777793818,-43.15788784874069,153.6,17.2,0.145288885,0.00959992409,0.320925474
,710008040,-22.905924777793818,-43.15788784874069,153.6,17.2,0.145288885,0.00959992409,0.320925474
,710008040,-22.905924777793818,-43.15788784874069,153.6,17.2,0.145288885,0.00959992409,0.320925474
,710008040,-22.905924777793818,-43.15788784874069,153.6,17.2,0.145288885,0.00959992409,0.320925474
,710008040,-22.905924777793818,-43.15788784874069,153.6,17.2,0.145288885,0.00959992409,0.320925474
,710008040,-22.905924777793818,-43.15788784874069,153.6,17.2,0.145288885,0.00959992409,0.320925474
,710008040,-22.905924777793818,-43.15788784874069,153.6,17.2,0.145288885,0.00959992409,0.320925474
,710008040,-22.905924777793818,-43.15788784874069,153.6,17.2,0.145288885,0.00959992409,0.320925474
,710008040,-22.905924777793818,-43.15788784874069,153.6,17.2,0.145288885,0.00959992409,0.320925474
,710008040,-22.905924777793818,-43.15788784874069,153.6,17.2,0.145288885,0.00959992409,0.320925474
,710008040,-22.905924777793818,-43.15788784874069,153.6,17.2,0.145288885,0.00959992409,0.320925474
,710008040,-22.905924777793818,-43.15788784874069,153.6,17.2,0.145288885,0.00959992409,0.320925474
,710008040,-22.905924777793818,-43.15788784874069,153.6,17.2,0.145288885,0.00959992409,0.320925474
,710008040,-22.905924777793818,-43.15788784874069,153.6,17.2,0.145288885,0.00959992409,0.320925474
,710008040,-22.905924777793818,-43.15788784874069,153.6,17.2,0.145288885,0.00959992409,0.320925474
,710008040,-22.905924777793818,-43.15788784874069,153.6,17.2,0.145288885,0.00959992409,0.320925474
,710008040,-22.905944378362086,-43.1578881895004,153.6,17.2,0.145288885,0.00959992409,0.320925474
,710008040,-22.905944378362086,-43.1578881895004,153.6,17.2,0.145288885,0.00959992409,0.320925474
,710008040,-22.905944378362086,-43.1578881895004,153.6,17.2,0.145288885,0.00959992409,0.320925474
,710008040,-22.905944378362086,-43.1578881895004,153.6,17.2,0.145288885,0.00959992409,0.320925474
,710008040,-22.905944378362086,-43.1578881895004,153.6,17.2,0.145288885,0.00959992409,0.320925474
,710008040,-22.905944378362086,-43.1578881895004,153.6,17.2,0.145288885,0.00959992409,0.320925474
,710008040,-22.905944378362086,-43.1578881895004,153.6,17.2,0.145288885,0.00959992409,0.320925474
,710008040,-22.905944378362086,-43.1578881895004,153.6,17.2,0.145288885,0.00959992409,0.320925474
,710008040,-22.905944378362086,-43.1578881895004,153.6,17.2,0.149322227,0.00905561447,0.314661205
,710008040,-22.905944378362086,-43.1578881895004,153.6,17.2,0.149322227,0.00905561447,0.314661205
,710008040,-22.905944378362086,-43.1578881895004,153.6,17.2,0.149322227,0.00905561447,0.314661205
,710008040,-22.905944378362086,-43.1578881895004,153.6,17.2,0.149322227,0.00905561447,0.314661205
,710008040,-22.905944378362086,-43.1578881895004,153.6,17.2,0.149322227,0.00905561447,0.314661205
,710008040,-22.905944378362086,-43.1578881895004,153.6,17.2,0.149322227,0.00905561447,0.314661205
,710008040,-22.905944378362086,-43.1578881895004,153.6,17.2,0.149322227,0.00905561447,0.314661205
,710008040,-22.905944378362086,-43.1578881895004,153.6,17.2,0.149322227,0.00905561447,0.314661205
,710008040,-22.905944378362086,-43.1578881895004,153.6,17.2,0.149322227,0.00905561447,0.314661205
,710008040,-22.905944378362086,-43.1578881895004,153.6,17.2,0.149322227,0.00905561447,0.315635145
,710008040,-22.905944378362086,-43.1578881895004,153.6,17.2,0.149322227,0.00905561447,0.315635145
,710008040,-22.905944378362086,-43.1578881895004,153.6,17.2,0.149322227,0.00905561447,0.315635145
,710008040,-22.905944378362086,-43.1578881895004,153.6,17.2,0.149322227,0.00905561447,0.315635145
,710008040,-22.905944378362086,-43.1578881895004,153.6,17.2,0.149322227,0.00905561447,0.315635145
,710008040,-22.905944378362086,-43.1578881895004,153.6,17.2,0.149322227,0.00905561447,0.315635145
,710008040,-22.905944378362086,-43.1578881895004,153.6,17.2,0.149322227,0.00905561447,0.315635145
,710008040,-22.905944378362086,-43.1578881895004,153.6,17.2,0.149322227,0.00905561447,0.315635145
,710008040,-22.905944378362086,-43.1578881895004,153.6,17.2,0.149322227,0.00905561447,0.315635145
,710008040,-22.905944378362086,-43.1578881895004,153.6,17.2,0.149322227,0.00905561447,0.315635145
,710008040,-22.905944378362086,-43.1578881895004,153.6,17.2,0.149322227,0.00905561447,0.315635145
,710008040,-22.905944378362086,-43.1578881895004,153.6,17.2,0.149322227,0.00905561447,0.315635145
,710008040,-22.905944378362086,-43.1578881895004,153.6,17.2,0.149322227,0.00905561447,0.315635145
,710008040,-22.905944378362086,-43.1578881895004,153.6,17.2,0.149322227,0.00905561447,0.315635145
,710008040,-22.905944378362086,-43.1578881895004,153.6,17.2,0.149322227,0.00905561447,0.315635145
,710008040,-22.905944378362086,-43.1578881895004,153.6,17.2,0.149322227,0.00905561447,0.315635145
,710008040,-22.905944378362086,-43.1578881895004,153.6,17.2,0.149322227,0.00905561447,0.315635145
,710008040,-22.905944378362086,-43.1578881895004,153.6,17.2,0.149322227,0.00905561447,0.315635145
,710008040,-22.905944378362086,-43.1578881895004,153.6,17.2,0.149322227,0.00905561447,0.315635145
,710008040,-22.905944378362086,-43.1578881895004,153.6,17.2,0.149322227,0.00905561447,0.315635145
,710008040,-22.905944378362086,-43.1578881895004,153.6,17.2,0.149322227,0.00905561447,0.315635145
,710008040,-22.905944378362086,-43.1578881895004,153.6,17.2,0.149322227,0.00905561447,0.315635145
,710008040,-22.905944378362086,-43.1578881895004,153.6,17.2,0.149322227,0.00905561447,0.315635145
,710008040,-22.905944378362086,-43.1578881895004,153.6,17.2,0.149322227,0.00905561447,0.315635145
,710008040,-22.905944378362086,-43.1578881895004,153.6,17.2,0.149322227,0.00905561447,0.315635145
,710008040,-22.905944378362086,-43.1578881895004,153.6,17.2,0.149322227,0.00905561447,0.315635145
,710008040,-22.905944378362086,-43.1578881895004,153.6,17.2,0.149322227,0.00905561447,0.315635145
,710008040,-22.905944378362086,-43.1578881895004,153.6,17.2,0.149322227,0.00905561447,0.315635145
,710008040,-22.905944378362086,-43.1578881895004,153.6,17.2,0.149322227,0.00905561447,0.315635145
,710008040,-22.905944378362086,-43.1578881895004,153.6,17.2,0.149322227,0.00905561447,0.315635145
,710008040,-22.905944378362086,-43.1578881895004,153.6,17.2,0.149322227,0.00905561447,0.315635145
,710008040,-22.905944378362086,-43.1578881895004,153.6,17.2,0.149322227,0.00905561447,0.315635145
,710008040,-22.905944378362086,-43.1578881895004,153.6,17.2,0.149322227,0.00905561447,0.315635145
,710008040,-22.905944378362086,-43.1578881895004,153.6,17.2,0.149322227,0.00905561447,0.315635145
,710008040,-22.905944378362086,-43.1578881895004,153.6,17.2,0.149322227,0.00905561447,0.315635145
,710008040,-22.905944378362086,-43.1578881895004,153.6,17.2,0.149322227,0.00905561447,0.315635145
,710008040,-22.905944378362086,-43.1578881895004,153.6,17.2,0.149322227,0.00905561447,0.315635145
,710008040,-22.905944378362086,-43.1578881895004,153.6,17.2,0.149322227,0.00905561447,0.315635145
,710008040,-22.905944378362086,-43.1578881895004,153.6,17.2,0.149322227,0.00905561447,0.315635145
,710008040,-22.905944378362086,-43.1578881895004,153.6,17.2,0.149322227,0.00905561447,0.315635145
,710008040,-22.905944378362086,-43.1578881895004,153.6,17.2,0.149322227,0.00905561447,0.315635145
,710008040,-22.905944378362086,-43.1578881895004,153.6,17.2,0.149322227,0.00905561447,0.315635145
,710008040,-22.905944378362086,-43.1578881895004,153.6,17.2,0.149322227,0.00905561447,0.315635145
,710008040,-22.905944378362086,-43.1578881895004,153.6,17.2,0.149322227,0.00905561447,0.315635145
,710008040,-22.905944378362086,-43.1578881895004,153.6,17.2,0.149322227,0.00905561447,0.315635145
,710008040,-22.905944378362086,-43.1578881895004,153.6,17.2,0.149322227,0.00905561447,0.315635145
,710008040,-22.905944378362086,-43.1578881895004,153.6,17.2,0.149322227,0.00905561447,0.315635145
,710008040,-22.905944378362086,-43.1578881895004,153.6,17.2,0.149322227,0.00905561447,0.315635145
,710008040,-22.905944378362086,-43.1578881895004,153.6,17.2,0.149322227,0.00905561447,0.315635145
,710008040,-22.905944378362086,-43.1578881895004,153.6,17.2,0.149322227,0.00905561447,0.315635145
,710008040,-22.905944378362086,-43.1578881895004,153.6,17.2,0.149322227,0.00905561447,0.315635145
,710008040,-22.905944378362086,-43.1578881895004,153.6,17.2,0.149322227,0.00905561447,0.315635145
,710008040,-22.905944378362086,-43.1578881895004,153.6,17.2,0.149322227,0.00905561447,0.315635145
,710008040,-22.905944378362086,-43.1578881895004,153.6,17.2,0.149322227,0.00905561447,0.315635145
,710008040,-22.905944378362086,-43.1578881895004,153.6,17.2,0.149322227,0.00905561447,0.315635145
,710008040,-22.905944378362086,-43.1578881895004,153.6,17.2,0.149322227,0.00905561447,0.315635145
,710008040,-22.905944378362086,-43.1578881895004,153.6,17.2,0.149322227,0.00905561447,0.315635145
,710008040,-22.905944378362086,-43.1578881895004,153.6,17.2,0.149322227,0.00905561447,0.315635145
,710008040,-22.905944378362086,-43.1578881895004,153.6,17.2,0.149322227,0.00905561447,0.315635145
,710008040,-22.905944378362086,-43.1578881895004,153.6,17.2,0.149322227,0.00905561447,0.315635145
,710008040,-22.905944378362086,-43.1578881895004,153.6,17.2,0.149322227,0.00905561447,0.315635145
,710008040,-22.905944378362086,-43.1578881895004,153.6,17.2,0.149322227,0.00905561447,0.315635145
,710008040,-22.905944378362086,-43.1578881895004,153.6,17.2,0.149322227,0.00905561447,0.315635145
,710008040,-22.90601548765167,-43.157848881502844,153.6,17.2,0.149322227,0.00905561447,0.315635145
,710008040,-22.90601548765167,-43.157848881502844,153.6,17.2,0.149322227,0.00905561447,0.315635145
,710008040,-22.90601548765167,-43.157848881502844,153.6,17.2,0.149322227,0.00905561447,0.315635145
,710008040,-22.90601548765167,-43.157848881502844,153.6,17.2,0.149322227,0.00905561447,0.315635145
,710008040,-22.90601548765167,-43.157848881502844,153.6,17.2,0.149322227,0.00905561447,0.315635145
,710008040,-22.90601548765167,-43.157848881502844,153.6,17.2,0.149322227,0.00905561447,0.315635145
,710008040,-22.90601548765167,-43.157848881502844,153.6,17.2,0.149322227,0.00905561447,0.315635145
,710008040,-22.90601548765167,-43.157848881502844,153.6,17.2,0.149322227,0.00905561447,0.315635145
,710008040,-22.90601548765167,-43.157848881502844,153.6,17.2,0.149322227,0.00905561447,0.315635145
,710008040,-22.90601548765167,-43.157848881502844,153.6,17.2,0.149322227,0.00905561447,0.315635145
,710008040,-22.90601548765167,-43.157848881502844,153.6,17.2,0.149322227,0.00905561447,0.315635145
,710008040,-22.90601548765167,-43.157848881502844,153.6,17.2,0.149322227,0.00905561447,0.315635145
,710008040,-22.90601548765167,-43.157848881502844,153.6,17.2,0.149322227,0.00905561447,0.315635145
,710008040,-22.90601548765167,-43.157848881502844,153.6,17.2,0.149322227,0.00905561447,0.315635145
,710008040,-22.90601548765167,-43.157848881502844,153.6,17.2,0.149322227,0.00905561447,0.315635145
,710008040,-22.90601548765167,-43.157848881502844,153.6,17.2,0.149322227,0.00905561447,0.315635145
,710008040,-22.90601548765167,-43.157848881502844,153.6,17.2,0.149322227,0.00905561447,0.315635145
,710008040,-22.90601548765167,-43.157848881502844,153.6,17.2,0.149322227,0.00905561447,0.315635145
,710008040,-22.90601548765167,-43.157848881502844,153.6,17.2,0.149322227,0.00905561447,0.315635145
,710008040,-22.90601548765167,-43.157848881502844,153.6,17.2,0.149322227,0.00905561447,0.315635145
,710008040,-22.90601548765167,-43.157848881502844,153.6,17.2,0.149322227,0.00905561447,0.315635145
,710008040,-22.90601548765167,-43.157848881502844,153.6,17.2,0.149322227,0.00905561447,0.315635145
,710008040,-22.90601548765167,-43.157848881502844,153.6,17.2,0.149322227,0.00905561447,0.315635145
,710008040,-22.90601548765167,-43.157848881502844,153.6,17.2,0.149322227,0.00905561447,0.315635145
,710008040,-22.90601548765167,-43.157848881502844,153.6,17.2,0.149322227,0.00905561447,0.315635145
,710008040,-22.90601548765167,-43.157848881502844,153.6,17.2,0.149322227,0.00905561447,0.315635145
,710008040,-22.90601548765167,-43.157848881502844,153.6,17.2,0.149322227,0.00905561447,0.315635145
,710008040,-22.90601548765167,-43.157848881502844,153.6,17.2,0.149322227,0.00905561447,0.315635145
,710008040,-22.90601548765167,-43.157848881502844,153.6,17.2,0.149322227,0.00905561447,0.315635145
,710008040,-22.90601548765167,-43.157848881502844,153.6,17.2,0.149322227,0.00905561447,0.315635145
,710008040,-22.90601548765167,-43.157848881502844,153.6,17.2,0.149322227,0.00905561447,0.315635145
,710008040,-22.90601548765167,-43.157848881502844,153.6,17.2,0.149322227,0.00905561447,0.315635145
,710008040,-22.90601548765167,-43.157848881502844,153.6,17.2,0.149322227,0.00905561447,0.315635145
,710008040,-22.90601548765167,-43.157848881502844,153.6,17.2,0.149322227,0.00905561447,0.315635145
,710008040,-22.90601548765167,-43.157848881502844,153.6,17.2,0.149322227,0.00905561447,0.315635145
,710008040,-22.90601548765167,-43.157848881502844,153.6,17.2,0.149322227,0.00905561447,0.315635145
,710008040,-22.90601548765167,-43.157848881502844,153.6,17.2,0.149322227,0.00905561447,0.315635145
,710008040,-22.90601548765167,-43.157848881502844,153.6,17.2,0.149322227,0.00905561447,0.315635145
,710008040,-22.90601548765167,-43.157848881502844,153.6,17.2,0.149322227,0.00905561447,0.315635145
,710008040,-22.90601548765167,-43.157848881502844,153.6,17.2,0.149322227,0.00905561447,0.315635145
,710008040,-22.90601548765167,-43.157848881502844,153.6,17.2,0.149322227,0.00905561447,0.315635145
,710008040,-22.90601548765167,-43.157848881502844,153.6,17.2,0.149322227,0.00905561447,0.315635145
,710008040,-22.90601548765167,-43.157848881502844,153.6,17.2,0.149322227,0.00905561447,0.315635145
,710008040,-22.90601548765167,-43.157848881502844,153.6,17.2,0.149322227,0.00905561447,0.315635145
,710008040,-22.90601548765167,-43.157848881502844,153.6,17.2,0.149322227,0.00905561447,0.315635145
,710008040,-22.90601548765167,-43.157848881502844,153.6,17.2,0.149322227,0.00905561447,0.315635145
,710008040,-22.90601548765167,-43.157848881502844,153.6,17.2,0.149322227,0.00905561447,0.315635145
,710008040,-22.90601548765167,-43.157848881502844,153.6,17.2,0.149322227,0.00905561447,0.315635145
,710008040,-22.90601548765167,-43.157848881502844,153.6,17.2,0.149322227,0.00905561447,0.315635145
,710008040,-22.90601548765167,-43.157848881502844,153.6,17.2,0.149322227,0.00905561447,0.315635145
,710008040,-22.90601548765167,-43.157848881502844,153.6,17.2,0.149322227,0.00905561447,0.315635145
,710008040,-22.90601548765167,-43.157848881502844,153.6,17.2,0.149322227,0.00905561447,0.315635145
,710008040,-22.90601548765167,-43.157848881502844,153.6,17.2,0.149322227,0.00905561447,0.315635145
,710008040,-22.90601548765167,-43.157848881502844,153.6,17.2,0.149322227,0.00905561447,0.315635145
,710008040,-22.90601548765167,-43.157848881502844,153.6,17.2,0.149322227,0.00905561447,0.315635145
,710008040,-22.90601548765167,-43.157848881502844,153.6,17.2,0.149322227,0.00905561447,0.315635145
,710008040,-22.90601548765167,-43.157848881502844,153.6,17.2,0.149322227,0.00905561447,0.315635145
,710008040,-22.90601548765167,-43.157848881502844,153.6,17.2,0.149322227,0.00905561447,0.315635145
,710008040,-22.90601548765167,-43.157848881502844,153.6,17.2,0.149322227,0.00905561447,0.315635145
,710008040,-22.90601548765167,-43.157848881502844,153.6,17.2,0.149322227,0.00905561447,0.315635145
,710008040,-22.90601548765167,-43.157848881502844,153.6,17.2,0.149322227,0.00905561447,0.315635145
,710008040,-22.90601548765167,-43.157848881502844,153.6,17.2,0.149322227,0.00905561447,0.315635145
,710008040,-22.90601548765167,-43.157848881502844,153.6,17.2,0.149322227,0.00905561447,0.315635145
,710008040,-22.90601548765167,-43.157848881502844,153.6,17.2,0.149322227,0.00905561447,0.315635145
,710008040,-22.90601548765167,-43.157848881502844,153.6,17.2,0.149322227,0.00905561447,0.315635145
,710008040,-22.90601548765167,-43.157848881502844,153.6,17.2,0.149322227,0.00905561447,0.315635145
,710008040,-22.90601548765167,-43.157848881502844,153.6,17.2,0.149322227,0.00905561447,0.315635145
,710008040,-22.90601548765167,-43.157848881502844,153.6,17.2,0.149322227,0.00905561447,0.315635145
,710008040,-22.90601548765167,-43.157848881502844,153.6,17.2,0.149322227,0.00905561447,0.315635145
,710008040,-22.90601548765167,-43.157848881502844,153.6,17.2,0.149322227,0.00905561447,0.315635145
,710008040,-22.90601548765167,-43.157848881502844,153.6,17.2,0.149322227,0.00905561447,0.315635145
,710008040,-22.90601548765167,-43.157848881502844,153.6,17.2,0.149322227,0.00905561447,0.315635145
,710008040,-22.90601548765167,-43.157848881502844,153.6,17.2,0.149322227,0.00905561447,0.315635145
,710008040,-22.90601548765167,-43.157848881502844,153.6,17.2,0.149322227,0.00905561447,0.315635145
,710008040,-22.90601548765167,-43.157848881502844,153.6,17.2,0.149322227,0.00905561447,0.315635145
,710008040,-22.90601548765167,-43.157848881502844,153.6,17.2,0.149322227,0.00905561447,0.315635145
,710008040,-22.90601548765167,-43.157848881502844,153.6,17.2,0.149322227,0.00905561447,0.315635145
,710008040,-22.90601548765167,-43.157848881502844,153.6,17.2,0.149322227,0.00905561447,0.315635145
,710008040,-22.90601548765167,-43.157848881502844,153.6,17.2,0.149322227,0.00905561447,0.315635145
,710008040,-22.90601548765167,-43.157848881502844,153.6,17.2,0.149322227,0.00905561447,0.315635145
,710008040,-22.90601548765167,-43.157848881502844,153.6,17.2,0.149322227,0.00905561447,0.315635145
,710008040,-22.90601548765167,-43.157848881502844,153.6,17.2,0.149322227,0.00905561447,0.315635145
,710008040,-22.90601548765167,-43.157848881502844,153.6,17.2,0.149322227,0.00905561447,0.315635145
,710008040,-22.90601548765167,-43.157848881502844,153.6,17.2,0.149322227,0.00905561447,0.315635145
,710008040,-22.90601548765167,-43.157848881502844,153.6,17.2,0.149322227,0.00905561447,0.315635145
,710008040,-22.90601548765167,-43.157848881502844,153.6,17.2,0.149322227,0.00905561447,0.315635145
,710008040,-22.90601548765167,-43.157848881502844,153.6,17.2,0.149322227,0.00905561447,0.315635145
,710008040,-22.90601548765167,-43.157848881502844,153.6,17.2,0.149322227,0.00905561447,0.315635145
,710008040,-22.90601548765167,-43.157848881502844,153.6,17.2,0.149322227,0.00905561447,0.315635145
,710008040,-22.90601548765167,-43.157848881502844,153.6,17.2,0.149322227,0.00905561447,0.315635145
,710008040,-22.90601548765167,-43.157848881502844,153.6,17.2,0.149322227,0.00905561447,0.315635145
,710008040,-22.90601548765167,-43.157848881502844,153.6,17.2,0.149322227,0.00905561447,0.315635145
,710008040,-22.90601548765167,-43.157848881502844,153.6,17.2,0.149322227,0.00905561447,0.315635145
,710008040,-22.90601548765167,-43.157848881502844,153.6,17.2,0.149322227,0.00905561447,0.315635145
,710008040,-22.90601548765167,-43.157848881502844,153.6,17.2,0.149322227,0.00905561447,0.315635145
,710008040,-22.90601548765167,-43.157848881502844,153.6,17.2,0.149322227,0.00905561447,0.315635145
,710008040,-22.90601548765167,-43.157848881502844,153.6,17.2,0.149322227,0.00905561447,0.315635145
,710008040,-22.90601548765167,-43.157848881502844,153.6,17.2,0.149322227,0.00905561447,0.315635145
,710008040,-22.90601548765167,-43.157848881502844,153.6,17.2,0.149322227,0.00905561447,0.315635145
,710008040,-22.90601548765167,-43.157848881502844,153.6,17.2,0.149322227,0.00905561447,0.315635145
,710008040,-22.90601548765167,-43.157848881502844,153.6,17.2,0.149322227,0.00905561447,0.315635145
,710008040,-22.90601548765167,-43.157848881502844,153.6,17.2,0.149322227,0.00905561447,0.315635145
,710008040,-22.90601548765167,-43.157848881502844,153.6,17.2,0.149322227,0.00905561447,0.315635145
,710008040,-22.90601548765167,-43.157848881502844,153.6,17.2,0.149322227,0.00905561447,0.315635145
,710008040,-22.90601548765167,-43.157848881502844,153.6,17.2,0.149322227,0.00905561447,0.315635145
,710008040,-22.90601548765167,-43.157848881502844,153.6,17.2,0.149322227,0.00905561447,0.315635145
,710008040,-22.90601548765167,-43.157848881502844,153.6,17.2,0.149322227,0.00905561447,0.315635145
,710008040,-22.90601548765167,-43.157848881502844,153.6,17.2,0.149322227,0.00905561447,0.315635145
,710008040,-22.90601548765167,-43.157848881502844,153.6,17.2,0.149322227,0.00905561447,0.315635145
,710008040,-22.90601548765167,-43.157848881502844,153.6,17.2,0.149322227,0.00905561447,0.315635145
,710008040,-22.90601548765167,-43.157848881502844,153.6,17.2,0.149322227,0.00905561447,0.315635145
,710008040,-22.90601548765167,-43.157848881502844,153.6,17.2,0.149322227,0.00905561447,0.315635145
,710008040,-22.90601548765167,-43.157848881502844,153.6,17.2,0.149322227,0.00905561447,0.315635145
,710008040,-22.90601548765167,-43.157848881502844,153.6,17.2,0.149322227,0.00905561447,0.315635145
,710008040,-22.90601548765167,-43.157848881502844,153.6,17.2,0.149322227,0.00905561447,0.315635145
,710008040,-22.90601548765167,-43.157848881502844,153.6,17.2,0.149322227,0.00905561447,0.315635145
,710008040,-22.90601548765167,-43.157848881502844,153.6,17.2,0.149322227,0.00905561447,0.315635145
,710008040,-22.90601548765167,-43.157848881502844,153.6,17.2,0.149322227,0.00905561447,0.315635145
,710008040,-22.90601548765167,-43.157848881502844,153.6,17.2,0.149322227,0.00905561447,0.315635145
,710008040,-22.90601548765167,-43.157848881502844,153.6,17.2,0.149322227,0.00905561447,0.315635145
,710008040,-22.906086596928237,-43.15780957346218,153.6,17.2,0.149322227,0.00905561447,0.315635145
,710008040,-22.906086596928237,-43.15780957346218,153.6,17.2,0.149322227,0.00905561447,0.315635145
,710008040,-22.906086596928237,-43.15780957346218,153.6,17.2,0.149322227,0.00905561447,0.315635145
,710008040,-22.906086596928237,-43.15780957346218,153.6,17.2,0.149322227,0.00905561447,0.315635145
,710008040,-22.906086596928237,-43.15780957346218,153.6,17.2,0.149322227,0.00905561447,0.315635145
,710008040,-22.906086596928237,-43.15780957346218,153.6,17.2,0.149322227,0.00905561447,0.315635145
,710008040,-22.906086596928237,-43.15780957346218,153.6,17.2,0.149322227,0.00905561447,0.315635145
,710008040,-22.906086596928237,-43.15780957346218,153.6,17.2,0.149322227,0.00905561447,0.315635145
,710008040,-22.906086596928237,-43.15780957346218,153.6,17.2,0.149322227,0.00905561447,0.315635145
,710008040,-22.906086596928237,-43.15780957346218,153.6,17.2,0.149322227,0.00905561447,0.315635145
,710008040,-22.906086596928237,-43.15780957346218,153.6,17.2,0.149322227,0.00905561447,0.315635145
,710008040,-22.906086596928237,-43.15780957346218,153.6,17.2,0.149322227,0.00905561447,0.315635145
,710008040,-22.906086596928237,-43.15780957346218,153.6,17.2,0.149322227,0.00905561447,0.315635145
,710008040,-22.906086596928237,-43.15780957346218,153.6,17.2,0.149322227,0.00905561447,0.315635145
,710008040,-22.906086596928237,-43.15780957346218,153.6,17.2,0.149322227,0.00905561447,0.315635145
,710008040,-22.906086596928237,-43.15780957346218,153.6,17.2,0.149322227,0.00905561447,0.315635145
,710008040,-22.906086596928237,-43.15780957346218,153.6,17.2,0.149322227,0.00905561447,0.315635145
,710008040,-22.906086596928237,-43.15780957346218,153.6,17.2,0.149322227,0.00905561447,0.315635145
,710008040,-22.906086596928237,-43.15780957346218,153.6,17.2,0.149322227,0.00905561447,0.315635145
,710008040,-22.906086596928237,-43.15780957346218,153.6,17.2,0.149322227,0.00905561447,0.315635145
,710008040,-22.906086596928237,-43.15780957346218,153.6,17.2,0.149322227,0.00905561447,0.315635145
,710008040,-22.906086596928237,-43.15780957346218,153.6,17.2,0.149322227,0.00905561447,0.315635145
,710008040,-22.906086596928237,-43.15780957346218,153.6,17.2,0.149322227,0.00905561447,0.315635145
,710008040,-22.906086596928237,-43.15780957346218,153.6,17.2,0.149322227,0.00905561447,0.315635145
,710008040,-22.906086596928237,-43.15780957346218,153.6,17.2,0.149322227,0.00905561447,0.315635145
,710008040,-22.906086596928237,-43.15780957346218,153.6,17.2,0.149322227,0.00905561447,0.315635145
,710008040,-22.906086596928237,-43.15780957346218,153.6,17.2,0.149322227,0.00905561447,0.315635145
,710008040,-22.906086596928237,-43.15780957346218,153.6,17.2,0.149322227,0.00905561447,0.315635145
,710008040,-22.906086596928237,-43.15780957346218,153.6,17.2,0.149322227,0.00905561447,0.315635145
,710008040,-22.906086596928237,-43.15780957346218,153.6,17.2,0.149322227,0.00905561447,0.315635145
,710008040,-22.906086596928237,-43.15780957346218,153.6,17.2,0.149322227,0.00905561447,0.315635145
,710008040,-22.906086596928237,-43.15780957346218,153.6,17.2,0.149322227,0.00905561447,0.315635145
,710008040,-22.906086596928237,-43.15780957346218,153.6,17.2,0.149322227,0.00905561447,0.315635145
,710008040,-22.906086596928237,-43.15780957346218,153.6,17.2,0.149322227,0.00905561447,0.315635145
,710008040,-22.906086596928237,-43.15780957346218,153.6,17.2,0.149322227,0.00905561447,0.315635145
,710008040,-22.906086596928237,-43.15780957346218,153.6,17.2,0.149322227,0.00905561447,0.315635145
,710008040,-22.906086596928237,-43.15780957346218,153.6,17.2,0.149322227,0.00905561447,0.315635145
,710008040,-22.906086596928237,-43.15780957346218,153.6,17.2,0.149322227,0.00905561447,0.315635145
,710008040,-22.906086596928237,-43.15780957346218,153.6,17.2,0.149322227,0.00905561447,0.315635145
,710008040,-22.906086596928237,-43.15780957346218,153.6,17.2,0.149322227,0.00905561447,0.315635145
,710008040,-22.906086596928237,-43.15780957346218,153.6,17.2,0.149322227,0.00905561447,0.315635145
,710008040,-22.906086596928237,-43.15780957346218,153.6,17.2,0.149322227,0.00905561447,0.315635145
,710008040,-22.906086596928237,-43.15780957346218,153.6,17.2,0.149322227,0.00905561447,0.315635145
,710008040,-22.906086596928237,-43.15780957346218,153.6,17.2,0.149322227,0.00905561447,0.315635145
,710008040,-22.906086596928237,-43.15780957346218,153.6,17.2,0.149322227,0.00905561447,0.315635145
,710008040,-22.906086596928237,-43.15780957346218,153.6,17.2,0.149322227,0.00905561447,0.315635145
,710008040,-22.906086596928237,-43.15780957346218,153.6,17.2,0.149322227,0.00905561447,0.315635145
,710008040,-22.906086596928237,-43.15780957346218,153.6,17.2,0.149322227,0.00905561447,0.315635145
,710008040,-22.906086596928237,-43.15780957346218,153.6,17.2,0.149322227,0.00905561447,0.315635145
,710008040,-22.906086596928237,-43.15780957346218,153.6,17.2,0.149322227,0.00905561447,0.315635145
,710008040,-22.906086596928237,-43.15780957346218,153.6,17.2,0.149322227,0.00905561447,0.315635145
,710008040,-22.906086596928237,-43.15780957346218,153.6,17.2,0.149322227,0.00905561447,0.315635145
,710008040,-22.906086596928237,-43.15780957346218,153.6,17.2,0.149322227,0.00905561447,0.315635145
,710008040,-22.906086596928237,-43.15780957346218,153.6,17.2,0.149322227,0.00905561447,0.315635145
,710008040,-22.906086596928237,-43.15780957346218,153.6,17.2,0.149322227,0.00905561447,0.315635145
,710008040,-22.906086596928237,-43.15780957346218,153.6,17.2,0.149322227,0.00905561447,0.315635145
,710008040,-22.906086596928237,-43.15780957346218,153.6,17.2,0.149322227,0.00905561447,0.315635145
,710008040,-22.906086596928237,-43.15780957346218,153.6,17.2,0.149322227,0.00905561447,0.315635145
,710008040,-22.906086596928237,-43.15780957346218,153.6,17.2,0.149322227,0.00905561447,0.315635145
,710008040,-22.906086596928237,-43.15780957346218,153.6,17.2,0.149322227,0.00905561447,0.315635145
,710008040,-22.906086596928237,-43.15780957346218,153.6,17.2,0.149322227,0.00905561447,0.315635145
,710008040,-22.906086596928237,-43.15780957346218,153.6,17.2,0.149322227,0.00905561447,0.315635145
,710008040,-22.906086596928237,-43.15780957346218,153.6,17.2,0.149322227,0.00905561447,0.315635145
,710008040,-22.906086596928237,-43.15780957346218,153.6,17.2,0.149322227,0.00905561447,0.315635145
,710008040,-22.906086596928237,-43.15780957346218,153.6,17.2,0.149322227,0.00905561447,0.315635145
,710008040,-22.906086596928237,-43.15780957346218,153.6,17.2,0.149322227,0.00905561447,0.315635145
,710008040,-22.906086596928237,-43.15780957346218,153.6,17.2,0.149322227,0.00905561447,0.315635145
,710008040,-22.906086596928237,-43.15780957346218,153.6,17.2,0.149322227,0.00905561447,0.315635145
,710008040,-22.906086596928237,-43.15780957346218,153.6,17.2,0.149322227,0.00905561447,0.315635145
,710008040,-22.906086596928237,-43.15780957346218,153.6,17.2,0.149322227,0.00905561447,0.315635145
,710008040,-22.906086596928237,-43.15780957346218,153.6,17.2,0.149322227,0.00905561447,0.315635145
,710008040,-22.906086596928237,-43.15780957346218,153.6,17.2,0.149322227,0.00905561447,0.315635145
,710008040,-22.906086596928237,-43.15780957346218,153.6,17.2,0.149322227,0.00905561447,0.315635145
,710008040,-22.906086596928237,-43.15780957346218,153.6,17.2,0.149322227,0.00905561447,0.315635145
,710008040,-22.906086596928237,-43.15780957346218,153.6,17.2,0.149322227,0.00905561447,0.315635145
,710008040,-22.906086596928237,-43.15780957346218,153.6,17.2,0.149322227,0.00905561447,0.315635145
,710008040,-22.906086596928237,-43.15780957346218,153.6,17.2,0.149322227,0.00905561447,0.315635145
,710008040,-22.906086596928237,-43.15780957346218,153.6,17.2,0.149322227,0.00905561447,0.315635145
,710008040,-22.906086596928237,-43.15780957346218,153.6,17.2,0.149322227,0.00905561447,0.315635145
,710008040,-22.906086596928237,-43.15780957346218,153.6,17.2,0.149322227,0.00905561447,0.315635145
,710008040,-22.906086596928237,-43.15780957346218,153.6,17.2,0.149322227,0.00905561447,0.315635145
,710008040,-22.906086596928237,-43.15780957346218,153.6,17.2,0.149322227,0.00905561447,0.315635145
,710008040,-22.906086596928237,-43.15780957346218,153.6,17.2,0.149322227,0.00905561447,0.315635145
,710008040,-22.906086596928237,-43.15780957346218,153.6,17.2,0.149322227,0.00905561447,0.315635145
,710008040,-22.906086596928237,-43.15780957346218,153.6,17.2,0.149322227,0.00905561447,0.315635145
,710008040,-22.906086596928237,-43.15780957346218,153.6,17.2,0.149322227,0.00905561447,0.315635145
,710008040,-22.906086596928237,-43.15780957346218,153.6,17.2,0.149322227,0.00905561447,0.315635145
,710008040,-22.906086596928237,-43.15780957346218,153.6,17.2,0.149322227,0.00905561447,0.315635145
,710008040,-22.906086596928237,-43.15780957346218,153.6,17.2,0.149322227,0.00905561447,0.315635145
,710008040,-22.906086596928237,-43.15780957346218,153.6,17.2,0.149322227,0.00905561447,0.315635145
,710008040,-22.906086596928237,-43.15780957346218,153.6,17.2,0.149322227,0.00905561447,0.315635145
,710008040,-22.906086596928237,-43.15780957346218,153.6,17.2,0.149322227,0.00905561447,0.315635145
,710008040,-22.906086596928237,-43.15780957346218,153.6,17.2,0.149322227,0.00905561447,0.315635145
,710008040,-22.906086596928237,-43.15780957346218,153.6,17.2,0.149322227,0.00905561447,0.315635145
,710008040,-22.906086596928237,-43.15780957346218,153.6,17.2,0.149322227,0.00905561447,0.315635145
,710008040,-22.906086596928237,-43.15780957346218,153.6,17.2,0.149322227,0.00905561447,0.315635145
,710008040,-22.906086596928237,-43.15780957346218,153.6,17.2,0.149322227,0.00905561447,0.315635145
,710008040,-22.906086596928237,-43.15780957346218,153.6,17.2,0.149322227,0.00905561447,0.315635145
,710008040,-22.906086596928237,-43.15780957346218,153.6,17.2,0.149322227,0.00905561447,0.315635145
,710008040,-22.9061577061918,-43.15777026537841,153.6,17.2,0.149322227,0.00905561447,0.315635145
,710008040,-22.9061577061918,-43.15777026537841,153.6,17.2,0.149322227,0.00905561447,0.315635145
,710008040,-22.9061577061918,-43.15777026537841,153.6,17.2,0.149322227,0.00905561447,0.315635145
,710008040,-22.9061577061918,-43.15777026537841,153.6,17.2,0.149322227,0.00905561447,0.315635145
,710008040,-22.9061577061918,-43.15777026537841,153.6,17.2,0.149322227,0.00905561447,0.315635145
,710008040,-22.9061577061918,-43.15777026537841,153.6,17.2,0.149322227,0.00905561447,0.315635145
,710008040,-22.9061577061918,-43.15777026537841,153.6,17.2,0.149322227,0.00905561447,0.315635145
,710008040,-22.9061577061918,-43.15777026537841,153.6,17.2,0.149322227,0.00905561447,0.315635145
,710008040,-22.9061577061918,-43.15777026537841,153.6,17.2,0.149322227,0.00905561447,0.315635145
,710008040,-22.9061577061918,-43.15777026537841,153.6,17.2,0.149322227,0.00905561447,0.315635145
,710008040,-22.9061577061918,-43.15777026537841,153.6,17.2,0.149322227,0.00905561447,0.315635145
,710008040,-22.9061577061918,-43.15777026537841,153.6,17.2,0.149322227,0.00905561447,0.315635145
,710008040,-22.9061577061918,-43.15777026537841,153.6,17.2,0.149322227,0.00905561447,0.315635145
,710008040,-22.9061577061918,-43.15777026537841,153.6,17.2,0.149322227,0.00905561447,0.315635145
,710008040,-22.9061577061918,-43.15777026537841,153.6,17.2,0.149322227,0.00905561447,0.315635145
,710008040,-22.9061577061918,-43.15777026537841,153.6,17.2,0.149322227,0.00905561447,0.315635145
,710008040,-22.9061577061918,-43.15777026537841,153.6,17.2,0.149322227,0.00905561447,0.315635145
,710008040,-22.9061577061918,-43.15777026537841,153.6,17.2,0.149322227,0.00905561447,0.315635145
,710008040,-22.9061577061918,-43.15777026537841,153.6,17.2,0.149322227,0.00905561447,0.315635145
,710008040,-22.9061577061918,-43.15777026537841,153.6,17.2,0.149322227,0.00905561447,0.315635145
,710008040,-22.9061577061918,-43.15777026537841,153.6,17.2,0.149322227,0.00905561447,0.315635145
,710008040,-22.9061577061918,-43.15777026537841,153.6,17.2,0.149322227,0.00905561447,0.315635145
,710008040,-22.9061577061918,-43.15777026537841,153.6,17.2,0.149322227,0.00905561447,0.315635145
,710008040,-22.9061577061918,-43.15777026537841,153.6,17.2,0.149322227,0.00905561447,0.315635145
,710008040,-22.9061577061918,-43.15777026537841,153.6,17.2,0.149322227,0.00905561447,0.315635145
,710008040,-22.9061577061918,-43.15777026537841,153.6,17.2,0.149322227,0.00905561447,0.315635145
,710008040,-22.9061577061918,-43.15777026537841,153.6,17.2,0.149322227,0.00905561447,0.315635145
,710008040,-22.9061577061918,-43.15777026537841,153.6,17.2,0.149322227,0.00905561447,0.315635145
,710008040,-22.9061577061918,-43.15777026537841,153.6,17.2,0.149322227,0.00905561447,0.315635145
,710008040,-22.9061577061918,-43.15777026537841,153.6,17.2,0.149322227,0.00905561447,0.315635145
,710008040,-22.9061577061918,-43.15777026537841,153.6,17.2,0.149322227,0.00905561447,0.315635145
,710008040,-22.9061577061918,-43.15777026537841,153.6,17.2,0.149322227,0.00905561447,0.315635145
,710008040,-22.9061577061918,-43.15777026537841,153.6,17.2,0.149322227,0.00905561447,0.315635145
,710008040,-22.9061577061918,-43.15777026537841,153.6,17.2,0.149322227,0.00905561447,0.315635145
,710008040,-22.9061577061918,-43.15777026537841,153.6,17.2,0.149322227,0.00905561447,0.315635145
,710008040,-22.9061577061918,-43.15777026537841,153.6,17.2,0.149322227,0.00905561447,0.315635145
,710008040,-22.9061577061918,-43.15777026537841,153.6,17.2,0.149322227,0.00905561447,0.315635145
,710008040,-22.9061577061918,-43.15777026537841,153.6,17.2,0.149322227,0.00905561447,0.315635145
,710008040,-22.9061577061918,-43.15777026537841,153.6,17.2,0.149322227,0.00905561447,0.315635145
,710008040,-22.9061577061918,-43.15777026537841,153.6,17.2,0.149322227,0.00905561447,0.315635145
,710008040,-22.9061577061918,-43.15777026537841,153.6,17.2,0.149322227,0.00905561447,0.315635145
,710008040,-22.9061577061918,-43.15777026537841,153.6,17.2,0.149322227,0.00905561447,0.315635145
,710008040,-22.9061577061918,-43.15777026537841,153.6,17.2,0.149322227,0.00905561447,0.315635145
,710008040,-22.9061577061918,-43.15777026537841,153.6,17.2,0.149322227,0.00905561447,0.315635145
,710008040,-22.9061577061918,-43.15777026537841,153.6,17.2,0.149322227,0.00905561447,0.315635145
,710008040,-22.9061577061918,-43.15777026537841,153.6,17.2,0.149322227,0.00905561447,0.315635145
,710008040,-22.9061577061918,-43.15777026537841,153.6,17.2,0.149322227,0.00905561447,0.315635145
,710008040,-22.9061577061918,-43.15777026537841,153.6,17.2,0.149322227,0.00905561447,0.315635145
,710008040,-22.9061577061918,-43.15777026537841,153.6,17.2,0.149322227,0.00905561447,0.315635145
,710008040,-22.9061577061918,-43.15777026537841,153.6,17.2,0.149322227,0.00905561447,0.315635145
,710008040,-22.9061577061918,-43.15777026537841,153.6,17.2,0.149322227,0.00905561447,0.315635145
,710008040,-22.9061577061918,-43.15777026537841,153.6,17.2,0.149322227,0.00905561447,0.315635145
,710008040,-22.9061577061918,-43.15777026537841,153.6,17.2,0.149322227,0.00905561447,0.315635145
,710008040,-22.9061577061918,-43.15777026537841,153.6,17.2,0.149322227,0.00905561447,0.315635145
,710008040,-22.9061577061918,-43.15777026537841,153.6,17.2,0.149322227,0.00905561447,0.315635145
,710008040,-22.9061577061918,-43.15777026537841,153.6,17.2,0.149322227,0.00905561447,0.315635145
,710008040,-22.9061577061918,-43.15777026537841,153.6,17.2,0.149322227,0.00905561447,0.315635145
,710008040,-22.9061577061918,-43.15777026537841,153.6,17.2,0.149322227,0.00905561447,0.315635145
,710008040,-22.9061577061918,-43.15777026537841,153.6,17.2,0.149322227,0.00905561447,0.315635145
,710008040,-22.9061577061918,-43.15777026537841,153.6,17.2,0.149322227,0.00905561447,0.315635145
,710008040,-22.9061577061918,-43.15777026537841,153.6,17.2,0.149322227,0.00905561447,0.315635145
,710008040,-22.9061577061918,-43.15777026537841,153.6,17.2,0.149322227,0.00905561447,0.315635145
,710008040,-22.9061577061918,-43.15777026537841,153.6,17.2,0.149322227,0.00905561447,0.315635145
,710008040,-22.9061577061918,-43.15777026537841,153.6,17.2,0.149322227,0.00905561447,0.315635145
,710008040,-22.9061577061918,-43.15777026537841,153.6,17.2,0.149322227,0.00905561447,0.315635145
,710008040,-22.9061577061918,-43.15777026537841,153.6,17.2,0.149322227,0.00905561447,0.315635145
,710008040,-22.9061577061918,-43.15777026537841,153.6,17.2,0.149322227,0.00905561447,0.315635145
,710008040,-22.9061577061918,-43.15777026537841,153.6,17.2,0.149322227,0.00905561447,0.315635145
,710008040,-22.9061577061918,-43.15777026537841,153.6,17.2,0.149322227,0.00905561447,0.315635145
,710008040,-22.9061577061918,-43.15777026537841,153.6,17.2,0.149322227,0.00905561447,0.315635145
,710008040,-22.9061577061918,-43.15777026537841,153.6,17.2,0.149322227,0.00905561447,0.315635145
,710008040,-22.9061577061918,-43.15777026537841,153.6,17.2,0.149322227,0.00905561447,0.315635145
,710008040,-22.9061577061918,-43.15777026537841,153.6,17.2,0.149322227,0.00905561447,0.315635145
,710008040,-22.9061577061918,-43.15777026537841,153.6,17.2,0.149322227,0.00905561447,0.315635145
,710008040,-22.9061577061918,-43.15777026537841,153.6,17.2,0.149322227,0.00905561447,0.315635145
,710008040,-22.9061577061918,-43.15777026537841,153.6,17.2,0.149322227,0.00905561447,0.315635145
,710008040,-22.9061577061918,-43.15777026537841,153.6,17.2,0.149322227,0.00905561447,0.315635145
,710008040,-22.9061577061918,-43.15777026537841,153.6,17.2,0.149322227,0.00905561447,0.315635145
,710008040,-22.9061577061918,-43.15777026537841,153.6,17.2,0.149322227,0.00905561447,0.315635145
,710008040,-22.9061577061918,-43.15777026537841,153.6,17.2,0.149322227,0.00905561447,0.315635145
,710008040,-22.9061577061918,-43.15777026537841,153.6,17.2,0.149322227,0.00905561447,0.315635145
,710008040,-22.9061577061918,-43.15777026537841,153.6,17.2,0.149322227,0.00905561447,0.315635145
,710008040,-22.9061577061918,-43.15777026537841,153.6,17.2,0.149322227,0.00905561447,0.315635145
,710008040,-22.9061577061918,-43.15777026537841,153.6,17.2,0.149322227,0.00905561447,0.315635145
,710008040,-22.9061577061918,-43.15777026537841,153.6,17.2,0.149322227,0.00905561447,0.315635145
,710008040,-22.9061577061918,-43.15777026537841,153.6,17.2,0.149322227,0.00905561447,0.315635145
,710008040,-22.9061577061918,-43.15777026537841,153.6,17.2,0.149322227,0.00905561447,0.315635145
,710008040,-22.9061577061918,-43.15777026537841,153.6,17.2,0.149322227,0.00905561447,0.315635145
,710008040,-22.9061577061918,-43.15777026537841,153.6,17.2,0.149322227,0.00905561447,0.315635145
,710008040,-22.9061577061918,-43.15777026537841,153.6,17.2,0.149322227,0.00905561447,0.315635145
,710008040,-22.9061577061918,-43.15777026537841,153.6,17.2,0.153605551,0.00841116905,0.306346595
,710008040,-22.9061577061918,-43.15777026537841,153.6,17.2,0.153605551,0.00841116905,0.306346595
,710008040,-22.9061577061918,-43.15777026537841,153.6,17.2,0.153605551,0.00841116905,0.306346595
,710008040,-22.9061577061918,-43.15777026537841,153.6,17.2,0.153605551,0.00841116905,0.306346595
,710008040,-22.9061577061918,-43.15777026537841,153.6,17.2,0.153605551,0.00841116905,0.306346595
,710008040,-22.9061577061918,-43.15777026537841,153.6,17.2,0.153605551,0.00841116905,0.306346595
,710008040,-22.9061577061918,-43.15777026537841,153.6,17.2,0.153605551,0.00841116905,0.306346595
,710008040,-22.9061577061918,-43.15777026537841,153.6,17.2,0.153605551,0.00841116905,0.306346595
,710008040,-22.9061577061918,-43.15777026537841,153.6,17.2,0.153605551,0.00841116905,0.306346595
,710008040,-22.9061577061918,-43.15777026537841,153.6,17.2,0.153605551,0.00841116905,0.305758178
,710008040,-22.9061577061918,-43.15777026537841,153.6,17.2,0.153605551,0.00841116905,0.305758178
,710008040,-22.9061577061918,-43.15777026537841,153.6,17.2,0.153605551,0.00841116905,0.305758178
,710008040,-22.9061577061918,-43.15777026537841,153.6,17.2,0.153605551,0.00841116905,0.305758178
,710008040,-22.9061577061918,-43.15777026537841,153.6,17.2,0.153605551,0.00841116905,0.305758178
,710008040,-22.9061577061918,-43.15777026537841,153.6,17.2,0.153605551,0.00841116905,0.305758178
,710008040,-22.9061577061918,-43.15777026537841,153.6,17.2,0.153605551,0.00841116905,0.305758178
,710008040,-22.9061577061918,-43.15777026537841,153.6,17.2,0.153605551,0.00841116905,0.305758178
,710008040,-22.9061577061918,-43.15777026537841,153.6,17.2,0.153605551,0.00841116905,0.305758178
,710008040,-22.9061577061918,-43.15777026537841,153.6,17.2,0.153605551,0.00841116905,0.305758178
,710008040,-22.9061577061918,-43.15777026537841,153.6,17.2,0.153605551,0.00841116905,0.305758178
,710008040,-22.9061577061918,-43.15777026537841,153.6,17.2,0.153605551,0.00841116905,0.305758178
,710008040,-22.9061577061918,-43.15777026537841,153.6,17.2,0.153605551,0.00841116905,0.305758178
,710008040,-22.9061577061918,-43.15777026537841,153.6,17.2,0.153605551,0.00841116905,0.305758178
,710008040,-22.9061577061918,-43.15777026537841,153.6,17.2,0.153605551,0.00841116905,0.305758178
,710008040,-22.9061577061918,-43.15777026537841,153.6,17.2,0.153605551,0.00841116905,0.305758178
,710008040,-22.9061577061918,-43.15777026537841,153.6,17.2,0.153605551,0.00841116905,0.305758178
,710008040,-22.9061577061918,-43.15777026537841,153.6,17.2,0.153605551,0.00841116905,0.305758178
,710008040,-22.9061577061918,-43.15777026537841,153.6,17.2,0.153605551,0.00841116905,0.305758178
,710008040,-22.9061577061918,-43.15777026537841,153.6,17.2,0.153605551,0.00841116905,0.305758178
,710008040,-22.9061577061918,-43.15777026537841,153.6,17.2,0.153605551,0.00841116905,0.305758178
,710008040,-22.9061577061918,-43.15777026537841,153.6,17.2,0.153605551,0.00841116905,0.305758178
,710008040,-22.9061577061918,-43.15777026537841,153.6,17.2,0.153605551,0.00841116905,0.305758178
,710008040,-22.9061577061918,-43.15777026537841,153.6,17.2,0.153605551,0.00841116905,0.305758178
,710008040,-22.9061577061918,-43.15777026537841,153.6,17.2,0.153605551,0.00841116905,0.305758178
,710008040,-22.9061577061918,-43.15777026537841,153.6,17.2,0.153605551,0.00841116905,0.305758178
,710008040,-22.9061577061918,-43.15777026537841,153.6,17.2,0.153605551,0.00841116905,0.305758178
,710008040,-22.906228815442343,-43.15773095725152,153.6,17.2,0.153605551,0.00841116905,0.305758178
,710008040,-22.906228815442343,-43.15773095725152,153.6,17.2,0.153605551,0.00841116905,0.305758178
,710008040,-22.906228815442343,-43.15773095725152,153.6,17.2,0.153605551,0.00841116905,0.305758178
,710008040,-22.906228815442343,-43.15773095725152,153.6,17.2,0.153605551,0.00841116905,0.305758178
,710008040,-22.906228815442343,-43.15773095725152,153.6,17.2,0.153605551,0.00841116905,0.305758178
,710008040,-22.906228815442343,-43.15773095725152,153.6,17.2,0.153605551,0.00841116905,0.305758178
,710008040,-22.906228815442343,-43.15773095725152,153.6,17.2,0.153605551,0.00841116905,0.305758178
,710008040,-22.906228815442343,-43.15773095725152,153.6,17.2,0.153605551,0.00841116905,0.305758178
,710008040,-22.906228815442343,-43.15773095725152,153.6,17.2,0.153605551,0.00841116905,0.305758178
,710008040,-22.906228815442343,-43.15773095725152,153.6,17.2,0.153605551,0.00841116905,0.305758178
,710008040,-22.906228815442343,-43.15773095725152,153.6,17.2,0.153605551,0.00841116905,0.305758178
,710008040,-22.906228815442343,-43.15773095725152,153.6,17.2,0.153605551,0.00841116905,0.305758178
,710008040,-22.906228815442343,-43.15773095725152,153.6,17.2,0.153605551,0.00841116905,0.305758178
,710008040,-22.906228815442343,-43.15773095725152,153.6,17.2,0.153605551,0.00841116905,0.305758178
,710008040,-22.906228815442343,-43.15773095725152,153.6,17.2,0.153605551,0.00841116905,0.305758178
,710008040,-22.906228815442343,-43.15773095725152,153.6,17.2,0.153605551,0.00841116905,0.305758178
,710008040,-22.906228815442343,-43.15773095725152,153.6,17.2,0.153605551,0.00841116905,0.305758178
,710008040,-22.906228815442343,-43.15773095725152,153.6,17.2,0.153605551,0.00841116905,0.305758178
,710008040,-22.906228815442343,-43.15773095725152,153.6,17.2,0.153605551,0.00841116905,0.305758178
,710008040,-22.906228815442343,-43.15773095725152,153.6,17.2,0.153605551,0.00841116905,0.305758178
,710008040,-22.906228815442343,-43.15773095725152,153.6,17.2,0.153605551,0.00841116905,0.305758178
,710008040,-22.906228815442343,-43.15773095725152,153.6,17.2,0.153605551,0.00841116905,0.305758178
,710008040,-22.906228815442343,-43.15773095725152,153.6,17.2,0.153605551,0.00841116905,0.305758178
,710008040,-22.906228815442343,-43.15773095725152,153.6,17.2,0.153605551,0.00841116905,0.305758178
,710008040,-22.906228815442343,-43.15773095725152,153.6,17.2,0.153605551,0.00841116905,0.305758178
,710008040,-22.906228815442343,-43.15773095725152,153.6,17.2,0.153605551,0.00841116905,0.305758178
,710008040,-22.906228815442343,-43.15773095725152,153.6,17.2,0.153605551,0.00841116905,0.305758178
,710008040,-22.906228815442343,-43.15773095725152,153.6,17.2,0.153605551,0.00841116905,0.305758178
,710008040,-22.906228815442343,-43.15773095725152,153.6,17.2,0.153605551,0.00841116905,0.305758178
,710008040,-22.906228815442343,-43.15773095725152,153.6,17.2,0.153605551,0.00841116905,0.305758178
,710008040,-22.906228815442343,-43.15773095725152,153.6,17.2,0.153605551,0.00841116905,0.305758178
,710008040,-22.906228815442343,-43.15773095725152,153.6,17.2,0.153605551,0.00841116905,0.305758178
,710008040,-22.906228815442343,-43.15773095725152,153.6,17.2,0.153605551,0.00841116905,0.305758178
,710008040,-22.906228815442343,-43.15773095725152,153.6,17.2,0.153605551,0.00841116905,0.305758178
,710008040,-22.906228815442343,-43.15773095725152,153.6,17.2,0.153605551,0.00841116905,0.305758178
,710008040,-22.906228815442343,-43.15773095725152,153.6,17.2,0.153605551,0.00841116905,0.305758178
,710008040,-22.906228815442343,-43.15773095725152,153.6,17.2,0.153605551,0.00841116905,0.305758178
,710008040,-22.906228815442343,-43.15773095725152,153.6,17.2,0.153605551,0.00841116905,0.305758178
,710008040,-22.906228815442343,-43.15773095725152,153.6,17.2,0.153605551,0.00841116905,0.305758178
,710008040,-22.906228815442343,-43.15773095725152,153.6,17.2,0.153605551,0.00841116905,0.305758178
,710008040,-22.906228815442343,-43.15773095725152,153.6,17.2,0.153605551,0.00841116905,0.305758178
,710008040,-22.906228815442343,-43.15773095725152,153.6,17.2,0.153605551,0.00841116905,0.305758178
,710008040,-22.906228815442343,-43.15773095725152,153.6,17.2,0.153605551,0.00841116905,0.305758178
,710008040,-22.906228815442343,-43.15773095725152,153.6,17.2,0.153605551,0.00841116905,0.305758178
,710008040,-22.906228815442343,-43.15773095725152,153.6,17.2,0.153605551,0.00841116905,0.305758178
,710008040,-22.906228815442343,-43.15773095725152,153.6,17.2,0.153605551,0.00841116905,0.305758178
,710008040,-22.906228815442343,-43.15773095725152,153.6,17.2,0.153605551,0.00841116905,0.305758178
,710008040,-22.906228815442343,-43.15773095725152,153.6,17.2,0.153605551,0.00841116905,0.305758178
,710008040,-22.906228815442343,-43.15773095725152,153.6,17.2,0.153605551,0.00841116905,0.305758178
,710008040,-22.906228815442343,-43.15773095725152,153.6,17.2,0.153605551,0.00841116905,0.305758178
,710008040,-22.906228815442343,-43.15773095725152,153.6,17.2,0.153605551,0.00841116905,0.305758178
,710008040,-22.906228815442343,-43.15773095725152,153.6,17.2,0.153605551,0.00841116905,0.305758178
,710008040,-22.906228815442343,-43.15773095725152,153.6,17.2,0.153605551,0.00841116905,0.305758178
,710008040,-22.906228815442343,-43.15773095725152,153.6,17.2,0.153605551,0.00841116905,0.305758178
,710008040,-22.906228815442343,-43.15773095725152,153.6,17.2,0.153605551,0.00841116905,0.305758178
,710008040,-22.906228815442343,-43.15773095725152,153.6,17.2,0.153605551,0.00841116905,0.305758178
,710008040,-22.906228815442343,-43.15773095725152,153.6,17.2,0.153605551,0.00841116905,0.305758178
,710008040,-22.906228815442343,-43.15773095725152,153.6,17.2,0.153605551,0.00841116905,0.305758178
,710008040,-22.906228815442343,-43.15773095725152,153.6,17.2,0.153605551,0.00841116905,0.305758178
,710008040,-22.906228815442343,-43.15773095725152,153.6,17.2,0.153605551,0.00841116905,0.305758178
,710008040,-22.906228815442343,-43.15773095725152,153.6,17.2,0.153605551,0.00841116905,0.305758178
,710008040,-22.906228815442343,-43.15773095725152,153.6,17.2,0.153605551,0.00841116905,0.305758178
,710008040,-22.906228815442343,-43.15773095725152,153.6,17.2,0.153605551,0.00841116905,0.305758178
,710008040,-22.906228815442343,-43.15773095725152,153.6,17.2,0.153605551,0.00841116905,0.305758178
,710008040,-22.906228815442343,-43.15773095725152,153.6,17.2,0.153605551,0.00841116905,0.305758178
,710008040,-22.906228815442343,-43.15773095725152,153.6,17.2,0.153605551,0.00841116905,0.305758178
,710008040,-22.906228815442343,-43.15773095725152,153.6,17.2,0.153605551,0.00841116905,0.305758178
,710008040,-22.906228815442343,-43.15773095725152,153.6,17.2,0.153605551,0.00841116905,0.305758178
,710008040,-22.906228815442343,-43.15773095725152,153.6,17.2,0.153605551,0.00841116905,0.305758178
,710008040,-22.906228815442343,-43.15773095725152,153.6,17.2,0.153605551,0.00841116905,0.305758178
,710008040,-22.906228815442343,-43.15773095725152,153.6,17.2,0.153605551,0.00841116905,0.305758178
,710008040,-22.906228815442343,-43.15773095725152,153.6,17.2,0.153605551,0.00841116905,0.305758178
,710008040,-22.906228815442343,-43.15773095725152,153.6,17.2,0.153605551,0.00841116905,0.305758178
,710008040,-22.906228815442343,-43.15773095725152,153.6,17.2,0.153605551,0.00841116905,0.305758178
,710008040,-22.906228815442343,-43.15773095725152,153.6,17.2,0.153605551,0.00841116905,0.305758178
,710008040,-22.906228815442343,-43.15773095725152,153.6,17.2,0.153605551,0.00841116905,0.305758178
,710008040,-22.906228815442343,-43.15773095725152,153.6,17.2,0.153605551,0.00841116905,0.305758178
,710008040,-22.906228815442343,-43.15773095725152,153.6,17.2,0.153605551,0.00841116905,0.305758178
,710008040,-22.906228815442343,-43.15773095725152,153.6,17.2,0.153605551,0.00841116905,0.305758178
,710008040,-22.906228815442343,-43.15773095725152,153.6,17.2,0.153605551,0.00841116905,0.305758178
,710008040,-22.906228815442343,-43.15773095725152,153.6,17.2,0.153605551,0.00841116905,0.305758178
,710008040,-22.906228815442343,-43.15773095725152,153.6,17.2,0.153605551,0.00841116905,0.305758178
,710008040,-22.906228815442343,-43.15773095725152,153.6,17.2,0.153605551,0.00841116905,0.305758178
,710008040,-22.906228815442343,-43.15773095725152,153.6,17.2,0.153605551,0.00841116905,0.305758178
,710008040,-22.906228815442343,-43.15773095725152,153.6,17.2,0.153605551,0.00841116905,0.305758178
,710008040,-22.906228815442343,-43.15773095725152,153.6,17.2,0.153605551,0.00841116905,0.305758178
,710008040,-22.906228815442343,-43.15773095725152,153.6,17.2,0.153605551,0.00841116905,0.305758178
,710008040,-22.906228815442343,-43.15773095725152,153.6,17.2,0.153605551,0.00841116905,0.305758178
,710008040,-22.906228815442343,-43.15773095725152,153.6,17.2,0.153605551,0.00841116905,0.305758178
,710008040,-22.906228815442343,-43.15773095725152,153.6,17.2,0.153605551,0.00841116905,0.305758178
,710008040,-22.906228815442343,-43.15773095725152,153.6,17.2,0.153605551,0.00841116905,0.305758178
,710008040,-22.906228815442343,-43.15773095725152,153.6,17.2,0.153605551,0.00841116905,0.305758178
,710008040,-22.906228815442343,-43.15773095725152,153.6,17.2,0.153605551,0.00841116905,0.305758178
,710008040,-22.906228815442343,-43.15773095725152,153.6,17.2,0.153605551,0.00841116905,0.305758178
,710008040,-22.906228815442343,-43.15773095725152,153.6,17.2,0.153605551,0.00841116905,0.305758178
,710008040,-22.906228815442343,-43.15773095725152,153.6,17.2,0.153605551,0.00841116905,0.305758178
,710008040,-22.906228815442343,-43.15773095725152,153.6,17.2,0.153605551,0.00841116905,0.305758178
,710008040,-22.906228815442343,-43.15773095725152,153.6,17.2,0.153605551,0.00841116905,0.305758178
,710008040,-22.906228815442343,-43.15773095725152,153.6,17.2,0.153605551,0.00841116905,0.305758178
,710008040,-22.906228815442343,-43.15773095725152,153.6,17.2,0.153605551,0.00841116905,0.305758178
,710008040,-22.906228815442343,-43.15773095725152,153.6,17.2,0.153605551,0.00841116905,0.305758178
,710008040,-22.906228815442343,-43.15773095725152,153.6,17.2,0.153605551,0.00841116905,0.305758178
,710008040,-22.906228815442343,-43.15773095725152,153.6,17.2,0.153605551,0.00841116905,0.305758178
,710008040,-22.906228815442343,-43.15773095725152,153.6,17.2,0.153605551,0.00841116905,0.305758178
,710008040,-22.906228815442343,-43.15773095725152,153.6,17.2,0.153605551,0.00841116905,0.305758178
,710008040,-22.906228815442343,-43.15773095725152,153.6,17.2,0.153605551,0.00841116905,0.305758178
,710008040,-22.906228815442343,-43.15773095725152,153.6,17.2,0.153605551,0.00841116905,0.305758178
,710008040,-22.906228815442343,-43.15773095725152,153.6,17.2,0.153605551,0.00841116905,0.305758178
,710008040,-22.906228815442343,-43.15773095725152,153.6,17.2,0.153605551,0.00841116905,0.305758178
,710008040,-22.906228815442343,-43.15773095725152,153.6,17.2,0.153605551,0.00841116905,0.305758178
,710008040,-22.906228815442343,-43.15773095725152,153.6,17.2,0.153605551,0.00841116905,0.305758178
,710008040,-22.906228815442343,-43.15773095725152,153.6,17.2,0.153605551,0.00841116905,0.305758178
,710008040,-22.906228815442343,-43.15773095725152,153.6,17.2,0.153605551,0.00841116905,0.305758178
,710008040,-22.906228815442343,-43.15773095725152,153.6,17.2,0.153605551,0.00841116905,0.305758178
,710008040,-22.906228815442343,-43.15773095725152,153.6,17.2,0.153605551,0.00841116905,0.305758178
,710008040,-22.906228815442343,-43.15773095725152,153.6,17.2,0.153605551,0.00841116905,0.305758178
,710008040,-22.906228815442343,-43.15773095725152,153.6,17.2,0.153605551,0.00841116905,0.305758178
,710008040,-22.906228815442343,-43.15773095725152,153.6,17.2,0.153605551,0.00841116905,0.305758178
,710008040,-22.906228815442343,-43.15773095725152,153.6,17.2,0.153605551,0.00841116905,0.305758178
,710008040,-22.906228815442343,-43.15773095725152,153.6,17.2,0.153605551,0.00841116905,0.305758178
,710008040,-22.906228815442343,-43.15773095725152,153.6,17.2,0.153605551,0.00841116905,0.305758178
,710008040,-22.906228815442343,-43.15773095725152,153.6,17.2,0.153605551,0.00841116905,0.305758178
,710008040,-22.906228815442343,-43.15773095725152,153.6,17.2,0.153605551,0.00841116905,0.305758178
,710008040,-22.906228815442343,-43.15773095725152,153.6,17.2,0.153605551,0.00841116905,0.305758178
,710008040,-22.906228815442343,-43.15773095725152,153.6,17.2,0.153605551,0.00841116905,0.305758178
,710008040,-22.906228815442343,-43.15773095725152,153.6,17.2,0.153605551,0.00841116905,0.305758178
,710008040,-22.906228815442343,-43.15773095725152,153.6,17.2,0.153605551,0.00841116905,0.305758178
,710008040,-22.906228815442343,-43.15773095725152,153.6,17.2,0.153605551,0.00841116905,0.305758178
,710008040,-22.906228815442343,-43.15773095725152,153.6,17.2,0.153605551,0.00841116905,0.305758178
,710008040,-22.906228815442343,-43.15773095725152,153.6,17.2,0.153605551,0.00841116905,0.305758178
,710008040,-22.906228815442343,-43.15773095725152,153.6,17.2,0.153605551,0.00841116905,0.305758178
,710008040,-22.906228815442343,-43.15773095725152,153.6,17.2,0.153605551,0.00841116905,0.305758178
,710008040,-22.906228815442343,-43.15773095725152,153.6,17.2,0.153605551,0.00841116905,0.305758178
,710008040,-22.906228815442343,-43.15773095725152,153.6,17.2,0.153605551,0.00841116905,0.305758178
,710008040,-22.906228815442343,-43.15773095725152,153.6,17.2,0.153605551,0.00841116905,0.305758178
,710008040,-22.90629992467987,-43.15769164908152,153.6,17.2,0.153605551,0.00841116905,0.305758178
,710008040,-22.90629992467987,-43.15769164908152,153.6,17.2,0.153605551,0.00841116905,0.305758178
,710008040,-22.90629992467987,-43.15769164908152,153.6,17.2,0.153605551,0.00841116905,0.305758178
,710008040,-22.90629992467987,-43.15769164908152,153.6,17.2,0.153605551,0.00841116905,0.305758178
,710008040,-22.90629992467987,-43.15769164908152,153.6,17.2,0.153605551,0.00841116905,0.305758178
,710008040,-22.90629992467987,-43.15769164908152,153.6,17.2,0.153605551,0.00841116905,0.305758178
,710008040,-22.90629992467987,-43.15769164908152,153.6,17.2,0.153605551,0.00841116905,0.305758178
,710008040,-22.90629992467987,-43.15769164908152,153.6,17.2,0.153605551,0.00841116905,0.305758178
,710008040,-22.90629992467987,-43.15769164908152,153.6,17.2,0.153605551,0.00841116905,0.305758178
,710008040,-22.90629992467987,-43.15769164908152,153.6,17.2,0.153605551,0.00841116905,0.305758178
,710008040,-22.90629992467987,-43.15769164908152,153.6,17.2,0.153605551,0.00841116905,0.305758178
,710008040,-22.90629992467987,-43.15769164908152,153.6,17.2,0.153605551,0.00841116905,0.305758178
,710008040,-22.90629992467987,-43.15769164908152,153.6,17.2,0.153605551,0.00841116905,0.305758178
,710008040,-22.90629992467987,-43.15769164908152,153.6,17.2,0.153605551,0.00841116905,0.305758178
,710008040,-22.90629992467987,-43.15769164908152,153.6,17.2,0.153605551,0.00841116905,0.305758178
,710008040,-22.90629992467987,-43.15769164908152,153.6,17.2,0.153605551,0.00841116905,0.305758178
,710008040,-22.90629992467987,-43.15769164908152,153.6,17.2,0.153605551,0.00841116905,0.305758178
,710008040,-22.90629992467987,-43.15769164908152,153.6,17.2,0.153605551,0.00841116905,0.305758178
,710008040,-22.90629992467987,-43.15769164908152,153.6,17.2,0.153605551,0.00841116905,0.305758178
,710008040,-22.90629992467987,-43.15769164908152,153.6,17.2,0.153605551,0.00841116905,0.305758178
,710008040,-22.90629992467987,-43.15769164908152,153.6,17.2,0.153605551,0.00841116905,0.305758178
,710008040,-22.90629992467987,-43.15769164908152,153.6,17.2,0.153605551,0.00841116905,0.305758178
,710008040,-22.90629992467987,-43.15769164908152,153.6,17.2,0.153605551,0.00841116905,0.305758178
,710008040,-22.90629992467987,-43.15769164908152,153.6,17.2,0.153605551,0.00841116905,0.305758178
,710008040,-22.90629992467987,-43.15769164908152,153.6,17.2,0.153605551,0.00841116905,0.305758178
,710008040,-22.90629992467987,-43.15769164908152,153.6,17.2,0.153605551,0.00841116905,0.305758178
,710008040,-22.90629992467987,-43.15769164908152,153.6,17.2,0.153605551,0.00841116905,0.305758178
,710008040,-22.906371033904392,-43.15765234086842,153.6,17.2,0.153605551,0.00841116905,0.305758178
,710008040,-22.906371033904392,-43.15765234086842,153.6,17.2,0.153605551,0.00841116905,0.305758178
,710008040,-22.906371033904392,-43.15765234086842,153.6,17.2,0.153605551,0.00841116905,0.305758178
,710008040,-22.906371033904392,-43.15765234086842,153.6,17.2,0.153605551,0.00841116905,0.305758178
,710008040,-22.906371033904392,-43.15765234086842,153.6,17.2,0.153605551,0.00841116905,0.305758178
,710008040,-22.906371033904392,-43.15765234086842,153.6,17.2,0.153605551,0.00841116905,0.305758178
,710008040,-22.906371033904392,-43.15765234086842,153.6,17.2,0.153605551,0.00841116905,0.305758178
,710008040,-22.906371033904392,-43.15765234086842,153.6,17.2,0.153605551,0.00841116905,0.305758178
,710008040,-22.906371033904392,-43.15765234086842,153.6,17.2,0.153605551,0.00841116905,0.305758178
,710008040,-22.906371033904392,-43.15765234086842,153.6,17.2,0.153605551,0.00841116905,0.305758178
,710008040,-22.906371033904392,-43.15765234086842,153.6,17.2,0.153605551,0.00841116905,0.305758178
,710008040,-22.906371033904392,-43.15765234086842,153.6,17.2,0.153605551,0.00841116905,0.305758178
,710008040,-22.906371033904392,-43.15765234086842,153.6,17.2,0.153605551,0.00841116905,0.305758178
,710008040,-22.906371033904392,-43.15765234086842,153.6,17.2,0.153605551,0.00841116905,0.305758178
,710008040,-22.906371033904392,-43.15765234086842,153.6,17.2,0.153605551,0.00841116905,0.305758178
,710008040,-22.906371033904392,-43.15765234086842,153.6,17.2,0.153605551,0.00841116905,0.305758178
,710008040,-22.906371033904392,-43.15765234086842,153.6,17.2,0.153605551,0.00841116905,0.305758178
,710008040,-22.906371033904392,-43.15765234086842,153.6,17.2,0.153605551,0.00841116905,0.305758178
,710008040,-22.906371033904392,-43.15765234086842,153.6,17.2,0.153605551,0.00841116905,0.305758178
,710008040,-22.906371033904392,-43.15765234086842,153.6,17.2,0.153605551,0.00841116905,0.305758178
,710008040,-22.906371033904392,-43.15765234086842,153.6,17.2,0.153605551,0.00841116905,0.305758178
,710008040,-22.906371033904392,-43.15765234086842,153.6,17.2,0.153605551,0.00841116905,0.305758178
,710008040,-22.906371033904392,-43.15765234086842,153.6,17.2,0.153605551,0.00841116905,0.305758178
,710008040,-22.906371033904392,-43.15765234086842,153.6,17.2,0.153605551,0.00841116905,0.305758178
,710008040,-22.906371033904392,-43.15765234086842,153.6,17.2,0.153605551,0.00841116905,0.305758178
,710008040,-22.906371033904392,-43.15765234086842,153.6,17.2,0.153605551,0.00841116905,0.305758178
,710008040,-22.906371033904392,-43.15765234086842,153.6,17.2,0.153605551,0.00841116905,0.305758178
,710008040,-22.906371033904392,-43.15765234086842,153.6,17.2,0.153605551,0.00841116905,0.305758178
,710008040,-22.906371033904392,-43.15765234086842,153.6,17.2,0.153605551,0.00841116905,0.305758178
,710008040,-22.906371033904392,-43.15765234086842,153.6,17.2,0.153605551,0.00841116905,0.305758178
,710008040,-22.906371033904392,-43.15765234086842,153.6,17.2,0.153605551,0.00841116905,0.305758178
,710008040,-22.906371033904392,-43.15765234086842,153.6,17.2,0.153605551,0.00841116905,0.305758178
,710008040,-22.906371033904392,-43.15765234086842,153.6,17.2,0.153605551,0.00841116905,0.305758178
,710008040,-22.906371033904392,-43.15765234086842,153.6,17.2,0.153605551,0.00841116905,0.305758178
,710008040,-22.906371033904392,-43.15765234086842,153.6,17.2,0.153605551,0.00841116905,0.305758178
,710008040,-22.906371033904392,-43.15765234086842,153.6,17.2,0.153605551,0.00841116905,0.305758178
,710008040,-22.906371033904392,-43.15765234086842,153.6,17.2,0.153605551,0.00841116905,0.305758178
,710008040,-22.906371033904392,-43.15765234086842,153.6,17.2,0.153605551,0.00841116905,0.305758178
,710008040,-22.906371033904392,-43.15765234086842,153.6,17.2,0.153605551,0.00841116905,0.305758178
,710008040,-22.906371033904392,-43.15765234086842,153.6,17.2,0.153605551,0.00841116905,0.305758178
,710008040,-22.906371033904392,-43.15765234086842,153.6,17.2,0.153605551,0.00841116905,0.305758178
,710008040,-22.906371033904392,-43.15765234086842,153.6,17.2,0.153605551,0.00841116905,0.305758178
,710008040,-22.906371033904392,-43.15765234086842,153.6,17.2,0.153605551,0.00841116905,0.305758178
,710008040,-22.906371033904392,-43.15765234086842,153.6,17.2,0.153605551,0.00841116905,0.305758178
,710008040,-22.906371033904392,-43.15765234086842,153.6,17.2,0.153605551,0.00841116905,0.305758178
,710008040,-22.906371033904392,-43.15765234086842,153.6,17.2,0.153605551,0.00841116905,0.305758178
,710008040,-22.906371033904392,-43.15765234086842,153.6,17.2,0.153605551,0.00841116905,0.305758178
,710008040,-22.906371033904392,-43.15765234086842,153.6,17.2,0.153605551,0.00841116905,0.305758178
,710008040,-22.906371033904392,-43.15765234086842,153.6,17.2,0.153605551,0.00841116905,0.305758178
,710008040,-22.906371033904392,-43.15765234086842,153.6,17.2,0.153605551,0.00841116905,0.305758178
,710008040,-22.906371033904392,-43.15765234086842,153.6,17.2,0.153605551,0.00841116905,0.305758178
,710008040,-22.906371033904392,-43.15765234086842,153.6,17.2,0.153605551,0.00841116905,0.305758178
,710008040,-22.906371033904392,-43.15765234086842,153.6,17.2,0.153605551,0.00841116905,0.305758178
,710008040,-22.906371033904392,-43.15765234086842,153.6,17.2,0.153605551,0.00841116905,0.305758178
,710008040,-22.906371033904392,-43.15765234086842,153.6,17.2,0.153605551,0.00841116905,0.305758178
,710008040,-22.906371033904392,-43.15765234086842,153.6,17.2,0.153605551,0.00841116905,0.305758178
,710008040,-22.906371033904392,-43.15765234086842,153.6,17.2,0.153605551,0.00841116905,0.305758178
,710008040,-22.906371033904392,-43.15765234086842,153.6,17.2,0.153605551,0.00841116905,0.305758178
,710008040,-22.906371033904392,-43.15765234086842,153.6,17.2,0.153605551,0.00841116905,0.305758178
,710008040,-22.906371033904392,-43.15765234086842,153.6,17.2,0.153605551,0.00841116905,0.305758178
,710008040,-22.906371033904392,-43.15765234086842,153.6,17.2,0.153605551,0.00841116905,0.305758178
,710008040,-22.906371033904392,-43.15765234086842,153.6,17.2,0.153605551,0.00841116905,0.305758178
,710008040,-22.906371033904392,-43.15765234086842,153.6,17.2,0.153605551,0.00841116905,0.305758178
,710008040,-22.906442143115896,-43.1576130326122,153.6,17.2,0.153605551,0.00841116905,0.305758178
,710008040,-22.906442143115896,-43.1576130326122,153.6,17.2,0.153605551,0.00841116905,0.305758178
,710008040,-22.906442143115896,-43.1576130326122,153.6,17.2,0.153605551,0.00841116905,0.305758178
,710008040,-22.906442143115896,-43.1576130326122,153.6,17.2,0.153605551,0.00841116905,0.305758178
,710008040,-22.906442143115896,-43.1576130326122,153.6,17.2,0.153605551,0.00841116905,0.305758178
,710008040,-22.906442143115896,-43.1576130326122,153.6,17.2,0.153605551,0.00841116905,0.305758178
,710008040,-22.906442143115896,-43.1576130326122,153.6,17.2,0.153605551,0.00841116905,0.305758178
,710008040,-22.906442143115896,-43.1576130326122,153.6,17.2,0.153605551,0.00841116905,0.305758178
,710008040,-22.906442143115896,-43.1576130326122,153.6,17.2,0.153605551,0.00841116905,0.305758178
,710008040,-22.906442143115896,-43.1576130326122,153.6,17.2,0.153605551,0.00841116905,0.305758178
,710008040,-22.906442143115896,-43.1576130326122,153.6,17.2,0.153605551,0.00841116905,0.305758178
,710008040,-22.906442143115896,-43.1576130326122,153.6,17.2,0.153605551,0.00841116905,0.305758178
,710008040,-22.906442143115896,-43.1576130326122,153.6,17.2,0.153605551,0.00841116905,0.305758178
,710008040,-22.906442143115896,-43.1576130326122,153.6,17.2,0.153605551,0.00841116905,0.305758178
,710008040,-22.906442143115896,-43.1576130326122,153.6,17.2,0.153605551,0.00841116905,0.305758178
,710008040,-22.906442143115896,-43.1576130326122,153.6,17.2,0.153605551,0.00841116905,0.305758178
,710008040,-22.906442143115896,-43.1576130326122,153.6,17.2,0.153605551,0.00841116905,0.305758178
,710008040,-22.906442143115896,-43.1576130326122,153.6,17.2,0.153605551,0.00841116905,0.305758178
,710008040,-22.906442143115896,-43.1576130326122,153.6,17.2,0.153605551,0.00841116905,0.305758178
,710008040,-22.906442143115896,-43.1576130326122,153.6,17.2,0.153605551,0.00841116905,0.305758178
,710008040,-22.906442143115896,-43.1576130326122,153.6,17.2,0.153605551,0.00841116905,0.305758178
,710008040,-22.906442143115896,-43.1576130326122,153.6,17.2,0.153605551,0.00841116905,0.305758178
,710008040,-22.906442143115896,-43.1576130326122,153.6,17.2,0.153605551,0.00841116905,0.305758178
,710008040,-22.906442143115896,-43.1576130326122,153.6,17.2,0.153605551,0.00841116905,0.305758178
,710008040,-22.906442143115896,-43.1576130326122,153.6,17.2,0.153605551,0.00841116905,0.305758178
,710008040,-22.906442143115896,-43.1576130326122,153.6,17.2,0.153605551,0.00841116905,0.305758178
,710008040,-22.906442143115896,-43.1576130326122,153.6,17.2,0.153605551,0.00841116905,0.305758178
,710008040,-22.906442143115896,-43.1576130326122,153.6,17.2,0.153605551,0.00841116905,0.305758178
,710008040,-22.906442143115896,-43.1576130326122,153.6,17.2,0.153605551,0.00841116905,0.305758178
,710008040,-22.906442143115896,-43.1576130326122,153.6,17.2,0.153605551,0.00841116905,0.305758178
,710008040,-22.906442143115896,-43.1576130326122,153.6,17.2,0.153605551,0.00841116905,0.305758178
,710008040,-22.906442143115896,-43.1576130326122,153.6,17.2,0.153605551,0.00841116905,0.305758178
,710008040,-22.906442143115896,-43.1576130326122,153.6,17.2,0.153605551,0.00841116905,0.305758178
,710008040,-22.906442143115896,-43.1576130326122,153.6,17.2,0.153605551,0.00841116905,0.305758178
,710008040,-22.906442143115896,-43.1576130326122,153.6,17.2,0.153605551,0.00841116905,0.305758178
,710008040,-22.906442143115896,-43.1576130326122,153.6,17.2,0.153605551,0.00841116905,0.305758178
,710008040,-22.906442143115896,-43.1576130326122,153.6,17.2,0.153605551,0.00841116905,0.305758178
,710008040,-22.906442143115896,-43.1576130326122,153.6,17.2,0.153605551,0.00841116905,0.305758178
,710008040,-22.906442143115896,-43.1576130326122,153.6,17.2,0.153605551,0.00841116905,0.305758178
,710008040,-22.906442143115896,-43.1576130326122,153.6,17.2,0.153605551,0.00841116905,0.305758178
,710008040,-22.906442143115896,-43.1576130326122,153.6,17.2,0.153605551,0.00841116905,0.305758178
,710008040,-22.906442143115896,-43.1576130326122,153.6,17.2,0.153605551,0.00841116905,0.305758178
,710008040,-22.906442143115896,-43.1576130326122,153.6,17.2,0.153605551,0.00841116905,0.305758178
,710008040,-22.906442143115896,-43.1576130326122,153.6,17.2,0.153605551,0.00841116905,0.305758178
,710008040,-22.906442143115896,-43.1576130326122,153.6,17.2,0.153605551,0.00841116905,0.305758178
,710008040,-22.906442143115896,-43.1576130326122,153.6,17.2,0.153605551,0.00841116905,0.305758178
,710008040,-22.906442143115896,-43.1576130326122,153.6,17.2,0.153605551,0.00841116905,0.305758178
,710008040,-22.906442143115896,-43.1576130326122,153.6,17.2,0.153605551,0.00841116905,0.305758178
,710008040,-22.906442143115896,-43.1576130326122,153.6,17.2,0.153605551,0.00841116905,0.305758178
,710008040,-22.906442143115896,-43.1576130326122,153.6,17.2,0.153605551,0.00841116905,0.305758178
,710008040,-22.906442143115896,-43.1576130326122,153.6,17.2,0.153605551,0.00841116905,0.305758178
,710008040,-22.906442143115896,-43.1576130326122,153.6,17.2,0.153605551,0.00841116905,0.305758178
,710008040,-22.906442143115896,-43.1576130326122,153.6,17.2,0.153605551,0.00841116905,0.305758178
,710008040,-22.906442143115896,-43.1576130326122,153.6,17.2,0.153605551,0.00841116905,0.305758178
,710008040,-22.906442143115896,-43.1576130326122,153.6,17.2,0.153605551,0.00841116905,0.305758178
,710008040,-22.906442143115896,-43.1576130326122,153.6,17.2,0.153605551,0.00841116905,0.305758178
,710008040,-22.906442143115896,-43.1576130326122,153.6,17.2,0.153605551,0.00841116905,0.305758178
,710008040,-22.906442143115896,-43.1576130326122,153.6,17.2,0.153605551,0.00841116905,0.305758178
,710008040,-22.906442143115896,-43.1576130326122,153.6,17.2,0.153605551,0.00841116905,0.305758178
,710008040,-22.906442143115896,-43.1576130326122,153.6,17.2,0.153605551,0.00841116905,0.305758178
,710008040,-22.906442143115896,-43.1576130326122,153.6,17.2,0.153605551,0.00841116905,0.305758178
,710008040,-22.906442143115896,-43.1576130326122,153.6,17.2,0.153605551,0.00841116905,0.305758178
,710008040,-22.906442143115896,-43.1576130326122,153.6,17.2,0.153605551,0.00841116905,0.305758178
,710008040,-22.906442143115896,-43.1576130326122,153.6,17.2,0.153605551,0.00841116905,0.305758178
,710008040,-22.906442143115896,-43.1576130326122,153.6,17.2,0.153605551,0.00841116905,0.305758178
,710008040,-22.906442143115896,-43.1576130326122,153.6,17.2,0.153605551,0.00841116905,0.305758178
,710008040,-22.906442143115896,-43.1576130326122,153.6,17.2,0.153605551,0.00841116905,0.305758178
,710008040,-22.906442143115896,-43.1576130326122,153.6,17.2,0.153605551,0.00841116905,0.305758178
,710008040,-22.906442143115896,-43.1576130326122,153.6,17.2,0.162611112,0.00721108913,0.292010278
,710008040,-22.906442143115896,-43.1576130326122,153.6,17.2,0.162611112,0.00721108913,0.292010278
,710008040,-22.906442143115896,-43.1576130326122,153.6,17.2,0.162611112,0.00721108913,0.292010278
,710008040,-22.906442143115896,-43.1576130326122,153.6,17.2,0.162611112,0.00721108913,0.292010278
,710008040,-22.906442143115896,-43.1576130326122,153.6,17.2,0.162611112,0.00721108913,0.292010278
,710008040,-22.906442143115896,-43.1576130326122,153.6,17.2,0.162611112,0.00721108913,0.292010278
,710008040,-22.906442143115896,-43.1576130326122,153.6,17.2,0.162611112,0.00721108913,0.292010278
,710008040,-22.906442143115896,-43.1576130326122,153.6,17.2,0.162611112,0.00721108913,0.292010278
,710008040,-22.906442143115896,-43.1576130326122,153.6,17.2,0.162611112,0.00721108913,0.292010278
,710008040,-22.906442143115896,-43.1576130326122,153.6,17.2,0.162611112,0.00721108913,0.292010278
,710008040,-22.906442143115896,-43.1576130326122,153.6,17.2,0.162611112,0.00721108913,0.291942954
,710008040,-22.906442143115896,-43.1576130326122,153.6,17.2,0.162611112,0.00721108913,0.291942954
,710008040,-22.906442143115896,-43.1576130326122,153.6,17.2,0.162611112,0.00721108913,0.291942954
,710008040,-22.906442143115896,-43.1576130326122,153.6,17.2,0.162611112,0.00721108913,0.291942954
,710008040,-22.906442143115896,-43.1576130326122,153.6,17.2,0.162611112,0.00721108913,0.291942954
,710008040,-22.906442143115896,-43.1576130326122,153.6,17.2,0.162611112,0.00721108913,0.291942954
,710008040,-22.906442143115896,-43.1576130326122,153.6,17.2,0.162611112,0.00721108913,0.291942954
,710008040,-22.906442143115896,-43.1576130326122,153.6,17.2,0.162611112,0.00721108913,0.291942954
,710008040,-22.906442143115896,-43.1576130326122,153.6,17.2,0.162611112,0.00721108913,0.291942954
,710008040,-22.906442143115896,-43.1576130326122,153.6,17.2,0.162611112,0.00721108913,0.291942954
,710008040,-22.906442143115896,-43.1576130326122,153.6,17.2,0.162611112,0.00721108913,0.291942954
,710008040,-22.906442143115896,-43.1576130326122,153.6,17.2,0.162611112,0.00721108913,0.291942954
,710008040,-22.906442143115896,-43.1576130326122,153.6,17.2,0.162611112,0.00721108913,0.291942954
,710008040,-22.906442143115896,-43.1576130326122,153.6,17.2,0.162611112,0.00721108913,0.291942954
,710008040,-22.906442143115896,-43.1576130326122,153.6,17.2,0.162611112,0.00721108913,0.291942954
,710008040,-22.906442143115896,-43.1576130326122,153.6,17.2,0.162611112,0.00721108913,0.291942954
,710008040,-22.906442143115896,-43.1576130326122,153.6,17.2,0.162611112,0.00721108913,0.291942954
,710008040,-22.906442143115896,-43.1576130326122,153.6,17.2,0.162611112,0.00721108913,0.291942954
,710008040,-22.906442143115896,-43.1576130326122,153.6,17.2,0.162611112,0.00721108913,0.291942954
,710008040,-22.906442143115896,-43.1576130326122,153.6,17.2,0.162611112,0.00721108913,0.291942954
,710008040,-22.906442143115896,-43.1576130326122,153.6,17.2,0.162611112,0.00721108913,0.291942954
,710008040,-22.906442143115896,-43.1576130326122,153.6,17.2,0.162611112,0.00721108913,0.291942954
,710008040,-22.906442143115896,-43.1576130326122,153.6,17.2,0.162611112,0.00721108913,0.291942954
,710008040,-22.906442143115896,-43.1576130326122,153.6,17.2,0.162611112,0.00721108913,0.291942954
,710008040,-22.906442143115896,-43.1576130326122,153.6,17.2,0.162611112,0.00721108913,0.291942954
,710008040,-22.906442143115896,-43.1576130326122,153.6,17.2,0.162611112,0.00721108913,0.291942954
,710008040,-22.906442143115896,-43.1576130326122,153.6,17.2,0.162611112,0.00721108913,0.291942954
,710008040,-22.906442143115896,-43.1576130326122,153.6,17.2,0.162611112,0.00721108913,0.291942954
,710008040,-22.906442143115896,-43.1576130326122,153.6,17.2,0.162611112,0.00721108913,0.291942954
,710008040,-22.906442143115896,-43.1576130326122,153.6,17.2,0.162611112,0.00721108913,0.291942954
,710008040,-22.906442143115896,-43.1576130326122,153.6,17.2,0.162611112,0.00721108913,0.291942954
,710008040,-22.906442143115896,-43.1576130326122,153.6,17.2,0.162611112,0.00721108913,0.291942954
,710008040,-22.906442143115896,-43.1576130326122,153.6,17.2,0.162611112,0.00721108913,0.291942954
,710008040,-22.906442143115896,-43.1576130326122,153.6,17.2,0.162611112,0.00721108913,0.291942954
,710008040,-22.906442143115896,-43.1576130326122,153.6,17.2,0.162611112,0.00721108913,0.291942954
,710008040,-22.906442143115896,-43.1576130326122,153.6,17.2,0.162611112,0.00721108913,0.291942954
,710008040,-22.906442143115896,-43.1576130326122,153.6,17.2,0.162611112,0.00721108913,0.291942954
,710008040,-22.906442143115896,-43.1576130326122,153.6,17.2,0.162611112,0.00721108913,0.291942954
,710008040,-22.906442143115896,-43.1576130326122,153.6,17.2,0.162611112,0.00721108913,0.291942954
,710008040,-22.906442143115896,-43.1576130326122,153.6,17.2,0.162611112,0.00721108913,0.291942954
,710008040,-22.906442143115896,-43.1576130326122,153.6,17.2,0.162611112,0.00721108913,0.291942954
,710008040,-22.906442143115896,-43.1576130326122,153.6,17.2,0.162611112,0.00721108913,0.291942954
,710008040,-22.906442143115896,-43.1576130326122,153.6,17.2,0.162611112,0.00721108913,0.291942954
,710008040,-22.906442143115896,-43.1576130326122,153.6,17.2,0.162611112,0.00721108913,0.291942954
,710008040,-22.906442143115896,-43.1576130326122,153.6,17.2,0.162611112,0.00721108913,0.291942954
,710008040,-22.906442143115896,-43.1576130326122,153.6,17.2,0.162611112,0.00721108913,0.291942954
,710008040,-22.906442143115896,-43.1576130326122,153.6,17.2,0.162611112,0.00721108913,0.291942954
,710008040,-22.906442143115896,-43.1576130326122,153.6,17.2,0.162611112,0.00721108913,0.291942954
,710008040,-22.906442143115896,-43.1576130326122,153.6,17.2,0.162611112,0.00721108913,0.291942954
,710008040,-22.906442143115896,-43.1576130326122,153.6,17.2,0.162611112,0.00721108913,0.291942954
,710008040,-22.906442143115896,-43.1576130326122,153.6,17.2,0.162611112,0.00721108913,0.291942954
,710008040,-22.906442143115896,-43.1576130326122,153.6,17.2,0.162611112,0.00721108913,0.291942954
,710008040,-22.906442143115896,-43.1576130326122,153.6,17.2,0.162611112,0.00721108913,0.291942954
,710008040,-22.906442143115896,-43.1576130326122,153.6,17.2,0.162611112,0.00721108913,0.291942954
,710008040,-22.906442143115896,-43.1576130326122,153.6,17.2,0.162611112,0.00721108913,0.291942954
,710008040,-22.906442143115896,-43.1576130326122,153.6,17.2,0.162611112,0.00721108913,0.291942954
,710008040,-22.906442143115896,-43.1576130326122,153.6,17.2,0.162611112,0.00721108913,0.291942954
,710008040,-22.906442143115896,-43.1576130326122,153.6,17.2,0.162611112,0.00721108913,0.291942954
,710008040,-22.906442143115896,-43.1576130326122,153.6,17.2,0.162611112,0.00721108913,0.291942954
,710008040,-22.906442143115896,-43.1576130326122,153.6,17.2,0.162611112,0.00721108913,0.291942954
,710008040,-22.906442143115896,-43.1576130326122,153.6,17.2,0.162611112,0.00721108913,0.291942954
,710008040,-22.906442143115896,-43.1576130326122,153.6,17.2,0.162611112,0.00721108913,0.291942954
,710008040,-22.906442143115896,-43.1576130326122,153.6,17.2,0.162611112,0.00721108913,0.291942954
,710008040,-22.906442143115896,-43.1576130326122,153.6,17.2,0.162611112,0.00721108913,0.291942954
,710008040,-22.906442143115896,-43.1576130326122,153.6,17.2,0.162611112,0.00721108913,0.291942954
,710008040,-22.906442143115896,-43.1576130326122,153.6,17.2,0.162611112,0.00721108913,0.291942954
,710008040,-22.906442143115896,-43.1576130326122,153.6,17.2,0.162611112,0.00721108913,0.291942954
,710008040,-22.906442143115896,-43.1576130326122,153.6,17.2,0.162611112,0.00721108913,0.291942954
,710008040,-22.906442143115896,-43.1576130326122,153.6,17.2,0.162611112,0.00721108913,0.291942954
,710008040,-22.906442143115896,-43.1576130326122,153.6,17.2,0.162611112,0.00721108913,0.291942954
,710008040,-22.90651325231438,-43.15757372431286,153.6,17.2,0.162611112,0.00721108913,0.291942954
,710008040,-22.90651325231438,-43.15757372431286,153.6,17.2,0.162611112,0.00721108913,0.291942954
,710008040,-22.90651325231438,-43.15757372431286,153.6,17.2,0.162611112,0.00721108913,0.291942954
,710008040,-22.90651325231438,-43.15757372431286,153.6,17.2,0.162611112,0.00721108913,0.291942954
,710008040,-22.90651325231438,-43.15757372431286,153.6,17.2,0.162611112,0.00721108913,0.291942954
,710008040,-22.90651325231438,-43.15757372431286,153.6,17.2,0.162611112,0.00721108913,0.291942954
,710008040,-22.90651325231438,-43.15757372431286,153.6,17.2,0.162611112,0.00721108913,0.291942954
,710008040,-22.90651325231438,-43.15757372431286,153.6,17.2,0.162611112,0.00721108913,0.291942954
,710008040,-22.90651325231438,-43.15757372431286,153.6,17.2,0.162611112,0.00721108913,0.291942954
,710008040,-22.90651325231438,-43.15757372431286,153.6,17.2,0.162611112,0.00721108913,0.291942954
,710008040,-22.90651325231438,-43.15757372431286,153.6,17.2,0.162611112,0.00721108913,0.291942954
,710008040,-22.90651325231438,-43.15757372431286,153.6,17.2,0.162611112,0.00721108913,0.291942954
,710008040,-22.90651325231438,-43.15757372431286,153.6,17.2,0.162611112,0.00721108913,0.291942954
,710008040,-22.90651325231438,-43.15757372431286,153.6,17.2,0.162611112,0.00721108913,0.291942954
,710008040,-22.90651325231438,-43.15757372431286,153.6,17.2,0.162611112,0.00721108913,0.291942954
,710008040,-22.90651325231438,-43.15757372431286,153.6,17.2,0.162611112,0.00721108913,0.291942954
,710008040,-22.90651325231438,-43.15757372431286,153.6,17.2,0.162611112,0.00721108913,0.291942954
,710008040,-22.90651325231438,-43.15757372431286,153.6,17.2,0.162611112,0.00721108913,0.291942954
,710008040,-22.90651325231438,-43.15757372431286,153.6,17.2,0.162611112,0.00721108913,0.291942954
,710008040,-22.90651325231438,-43.15757372431286,153.6,17.2,0.162611112,0.00721108913,0.291942954
,710008040,-22.90651325231438,-43.15757372431286,153.6,17.2,0.162611112,0.00721108913,0.291942954
,710008040,-22.90651325231438,-43.15757372431286,153.6,17.2,0.162611112,0.00721108913,0.291942954
,710008040,-22.90651325231438,-43.15757372431286,153.6,17.2,0.162611112,0.00721108913,0.291942954
,710008040,-22.90651325231438,-43.15757372431286,153.6,17.2,0.162611112,0.00721108913,0.291942954
,710008040,-22.90651325231438,-43.15757372431286,153.6,17.2,0.162611112,0.00721108913,0.291942954
,710008040,-22.90651325231438,-43.15757372431286,153.6,17.2,0.162611112,0.00721108913,0.291942954
,710008040,-22.90651325231438,-43.15757372431286,153.6,17.2,0.162611112,0.00721108913,0.291942954
,710008040,-22.90651325231438,-43.15757372431286,153.6,17.2,0.162611112,0.00721108913,0.291942954
,710008040,-22.90651325231438,-43.15757372431286,153.6,17.2,0.162611112,0.00721108913,0.291942954
,710008040,-22.90651325231438,-43.15757372431286,153.6,17.2,0.162611112,0.00721108913,0.291942954
,710008040,-22.90651325231438,-43.15757372431286,153.6,17.2,0.162611112,0.00721108913,0.291942954
,710008040,-22.90651325231438,-43.15757372431286,153.6,17.2,0.162611112,0.00721108913,0.291942954
,710008040,-22.90651325231438,-43.15757372431286,153.6,17.2,0.162611112,0.00721108913,0.291942954
,710008040,-22.90651325231438,-43.15757372431286,153.6,17.2,0.162611112,0.00721108913,0.291942954
,710008040,-22.90651325231438,-43.15757372431286,153.6,17.2,0.162611112,0.00721108913,0.291942954
,710008040,-22.90651325231438,-43.15757372431286,153.6,17.2,0.162611112,0.00721108913,0.291942954
,710008040,-22.90651325231438,-43.15757372431286,153.6,17.2,0.162611112,0.00721108913,0.291942954
,710008040,-22.90651325231438,-43.15757372431286,153.6,17.2,0.162611112,0.00721108913,0.291942954
,710008040,-22.90651325231438,-43.15757372431286,153.6,17.2,0.162611112,0.00721108913,0.291942954
,710008040,-22.90651325231438,-43.15757372431286,153.6,17.2,0.162611112,0.00721108913,0.291942954
,710008040,-22.90651325231438,-43.15757372431286,153.6,17.2,0.162611112,0.00721108913,0.291942954
,710008040,-22.90651325231438,-43.15757372431286,153.6,17.2,0.162611112,0.00721108913,0.291942954
,710008040,-22.90651325231438,-43.15757372431286,153.6,17.2,0.162611112,0.00721108913,0.291942954
,710008040,-22.90651325231438,-43.15757372431286,153.6,17.2,0.162611112,0.00721108913,0.291942954
,710008040,-22.90651325231438,-43.15757372431286,153.6,17.2,0.162611112,0.00721108913,0.291942954
,710008040,-22.90651325231438,-43.15757372431286,153.6,17.2,0.162611112,0.00721108913,0.291942954
,710008040,-22.90651325231438,-43.15757372431286,153.6,17.2,0.162611112,0.00721108913,0.291942954
,710008040,-22.90651325231438,-43.15757372431286,153.6,17.2,0.162611112,0.00721108913,0.291942954
,710008040,-22.90651325231438,-43.15757372431286,153.6,17.2,0.162611112,0.00721108913,0.291942954
,710008040,-22.90651325231438,-43.15757372431286,153.6,17.2,0.162611112,0.00721108913,0.291942954
,710008040,-22.90651325231438,-43.15757372431286,153.6,17.2,0.162611112,0.00721108913,0.291942954
,710008040,-22.90651325231438,-43.15757372431286,153.6,17.2,0.162611112,0.00721108913,0.291942954
,710008040,-22.90651325231438,-43.15757372431286,153.6,17.2,0.162611112,0.00721108913,0.291942954
,710008040,-22.90651325231438,-43.15757372431286,153.6,17.2,0.162611112,0.00721108913,0.291942954
,710008040,-22.90651325231438,-43.15757372431286,153.6,17.2,0.162611112,0.00721108913,0.291942954
,710008040,-22.90651325231438,-43.15757372431286,153.6,17.2,0.162611112,0.00721108913,0.291942954
,710008040,-22.90651325231438,-43.15757372431286,153.6,17.2,0.162611112,0.00721108913,0.291942954
,710008040,-22.90651325231438,-43.15757372431286,153.6,17.2,0.162611112,0.00721108913,0.291942954
,710008040,-22.90651325231438,-43.15757372431286,153.6,17.2,0.162611112,0.00721108913,0.291942954
,710008040,-22.90651325231438,-43.15757372431286,153.6,17.2,0.162611112,0.00721108913,0.291942954
,710008040,-22.90651325231438,-43.15757372431286,153.6,17.2,0.162611112,0.00721108913,0.291942954
,710008040,-22.90651325231438,-43.15757372431286,153.6,17.2,0.162611112,0.00721108913,0.291942954
,710008040,-22.90651325231438,-43.15757372431286,153.6,17.2,0.162611112,0.00721108913,0.291942954
,710008040,-22.90651325231438,-43.15757372431286,153.6,17.2,0.162611112,0.00721108913,0.291942954
,710008040,-22.90651325231438,-43.15757372431286,153.6,17.2,0.162611112,0.00721108913,0.291942954
,710008040,-22.90651325231438,-43.15757372431286,153.6,17.2,0.162611112,0.00721108913,0.291942954
,710008040,-22.90651325231438,-43.15757372431286,153.6,17.2,0.162611112,0.00721108913,0.291942954
,710008040,-22.90651325231438,-43.15757372431286,153.6,17.2,0.162611112,0.00721108913,0.291942954
,710008040,-22.90651325231438,-43.15757372431286,153.6,17.2,0.162611112,0.00721108913,0.291942954
,710008040,-22.90651325231438,-43.15757372431286,153.6,17.2,0.162611112,0.00721108913,0.291942954
,710008040,-22.906584361499863,-43.15753441597042,153.6,17.2,0.162611112,0.00721108913,0.291942954
,710008040,-22.906584361499863,-43.15753441597042,153.6,17.2,0.162611112,0.00721108913,0.291942954
,710008040,-22.906584361499863,-43.15753441597042,153.6,17.2,0.162611112,0.00721108913,0.291942954
,710008040,-22.906584361499863,-43.15753441597042,153.6,17.2,0.162611112,0.00721108913,0.291942954
,710008040,-22.906584361499863,-43.15753441597042,153.6,17.2,0.162611112,0.00721108913,0.291942954
,710008040,-22.906584361499863,-43.15753441597042,153.6,17.2,0.162611112,0.00721108913,0.291942954
,710008040,-22.906584361499863,-43.15753441597042,153.6,17.2,0.162611112,0.00721108913,0.291942954
,710008040,-22.906584361499863,-43.15753441597042,153.6,17.2,0.162611112,0.00721108913,0.291942954
,710008040,-22.906584361499863,-43.15753441597042,153.6,17.2,0.162611112,0.00721108913,0.291942954
,710008040,-22.906584361499863,-43.15753441597042,153.6,17.2,0.162611112,0.00721108913,0.291942954
,710008040,-22.906584361499863,-43.15753441597042,153.6,17.2,0.167411119,0.00658893585,0.285035372
,710008040,-22.906584361499863,-43.15753441597042,153.6,17.2,0.167411119,0.00658893585,0.285035372
,710008040,-22.906584361499863,-43.15753441597042,153.6,17.2,0.167411119,0.00658893585,0.285035372
,710008040,-22.906584361499863,-43.15753441597042,153.6,17.2,0.167411119,0.00658893585,0.285035372
,710008040,-22.906584361499863,-43.15753441597042,153.6,17.2,0.167411119,0.00658893585,0.285035372
,710008040,-22.906584361499863,-43.15753441597042,153.6,17.2,0.167411119,0.00658893585,0.285035372
,710008040,-22.906584361499863,-43.15753441597042,153.6,17.2,0.167411119,0.00658893585,0.285035372
,710008040,-22.906584361499863,-43.15753441597042,153.6,17.2,0.167411119,0.00658893585,0.285035372
,710008040,-22.906584361499863,-43.15753441597042,153.6,17.2,0.167411119,0.00658893585,0.285035372
,710008040,-22.906584361499863,-43.15753441597042,153.6,17.2,0.167411119,0.00658893585,0.285035372
,710008040,-22.906584361499863,-43.15753441597042,153.6,17.2,0.167411119,0.00658893585,0.285035372
,710008040,-22.906584361499863,-43.15753441597042,153.6,17.2,0.167411119,0.00658893585,0.285035372
,710008040,-22.906584361499863,-43.15753441597042,153.6,17.2,0.167411119,0.00658893585,0.285035372
,710008040,-22.906584361499863,-43.15753441597042,153.6,17.2,0.167411119,0.00658893585,0.285035372
,710008040,-22.906584361499863,-43.15753441597042,153.6,17.2,0.167411119,0.00658893585,0.285035372
,710008040,-22.906584361499863,-43.15753441597042,153.6,17.2,0.167411119,0.00658893585,0.285035372
,710008040,-22.906584361499863,-43.15753441597042,153.6,17.2,0.167411119,0.00658893585,0.285035372
,710008040,-22.906584361499863,-43.15753441597042,153.6,17.2,0.167411119,0.00658893585,0.285035372
,710008040,-22.906584361499863,-43.15753441597042,153.6,17.2,0.167411119,0.00658893585,0.285035372
,710008040,-22.906584361499863,-43.15753441597042,153.6,17.2,0.167411119,0.00658893585,0.285035372
,710008040,-22.906584361499863,-43.15753441597042,153.6,17.2,0.167411119,0.00658893585,0.285035372
,710008040,-22.906584361499863,-43.15753441597042,153.6,17.2,0.167411119,0.00658893585,0.285035372
,710008040,-22.906584361499863,-43.15753441597042,153.6,17.2,0.167411119,0.00658893585,0.285035372
,710008040,-22.906584361499863,-43.15753441597042,153.6,17.2,0.167411119,0.00658893585,0.285035372
,710008040,-22.906584361499863,-43.15753441597042,153.6,17.2,0.167411119,0.00658893585,0.285035372
,710008040,-22.906584361499863,-43.15753441597042,153.6,17.2,0.167411119,0.00658893585,0.285035372
,710008040,-22.906584361499863,-43.15753441597042,153.6,17.2,0.167411119,0.00658893585,0.285035372
,710008040,-22.906584361499863,-43.15753441597042,153.6,17.2,0.167411119,0.00658893585,0.285035372
,710008040,-22.906584361499863,-43.15753441597042,153.6,17.2,0.167411119,0.00658893585,0.285035372
,710008040,-22.906584361499863,-43.15753441597042,153.6,17.2,0.167411119,0.00658893585,0.285035372
,710008040,-22.906584361499863,-43.15753441597042,153.6,17.2,0.167411119,0.00658893585,0.285035372
,710008040,-22.906584361499863,-43.15753441597042,153.6,17.2,0.167411119,0.00658893585,0.285035372
,710008040,-22.906584361499863,-43.15753441597042,153.6,17.2,0.167411119,0.00658893585,0.285035372
,710008040,-22.90660395988133,-43.15753476027842,153.6,17.2,0.167411119,0.00658893585,0.285035372
,710008040,-22.90660395988133,-43.15753476027842,153.6,17.2,0.167411119,0.00658893585,0.285035372
,710008040,-22.90660395988133,-43.15753476027842,153.6,17.2,0.167411119,0.00658893585,0.285035372
,710008040,-22.90660395988133,-43.15753476027842,153.6,17.2,0.167411119,0.00658893585,0.285035372
,710008040,-22.90660395988133,-43.15753476027842,153.6,17.2,0.167411119,0.00658893585,0.285035372
,710008040,-22.90660395988133,-43.15753476027842,153.6,17.2,0.167411119,0.00658893585,0.285035372
,710008040,-22.90660395988133,-43.15753476027842,153.6,17.2,0.167411119,0.00658893585,0.285035372
,710008040,-22.90660395988133,-43.15753476027842,153.6,17.2,0.167411119,0.00658893585,0.285035372
,710008040,-22.90660395988133,-43.15753476027842,153.6,17.2,0.167411119,0.00658893585,0.285035372
,710008040,-22.90660395988133,-43.15753476027842,153.6,17.2,0.167411119,0.00658893585,0.285035372
,710008040,-22.90660395988133,-43.15753476027842,153.6,17.2,0.167411119,0.00658893585,0.285035372
,710008040,-22.90660395988133,-43.15753476027842,153.6,17.2,0.167411119,0.00658893585,0.285035372
,710008040,-22.90660395988133,-43.15753476027842,153.6,17.2,0.167411119,0.00658893585,0.285035372
,710008040,-22.90660395988133,-43.15753476027842,153.6,17.2,0.167411119,0.00658893585,0.285035372
,710008040,-22.90660395988133,-43.15753476027842,153.6,17.2,0.167411119,0.00658893585,0.285035372
,710008040,-22.90660395988133,-43.15753476027842,153.6,17.2,0.167411119,0.00658893585,0.285035372
,710008040,-22.90660395988133,-43.15753476027842,153.6,17.2,0.167411119,0.00658893585,0.285035372
,710008040,-22.90660395988133,-43.15753476027842,153.6,17.2,0.167411119,0.00658893585,0.285035372
,710008040,-22.90660395988133,-43.15753476027842,153.6,17.2,0.167411119,0.00658893585,0.285035372
,710008040,-22.90660395988133,-43.15753476027842,153.6,17.2,0.167411119,0.00658893585,0.285035372
,710008040,-22.90660395988133,-43.15753476027842,153.6,17.2,0.167411119,0.00658893585,0.285035372
,710008040,-22.90660395988133,-43.15753476027842,153.6,17.2,0.167411119,0.00658893585,0.285035372
,710008040,-22.90660395988133,-43.15753476027842,153.6,17.2,0.167411119,0.00658893585,0.285035372
,710008040,-22.90660395988133,-43.15753476027842,153.6,17.2,0.167411119,0.00658893585,0.285035372
,710008040,-22.90660395988133,-43.15753476027842,153.6,17.2,0.167411119,0.00658893585,0.285035372
,710008040,-22.90660395988133,-43.15753476027842,153.6,17.2,0.167411119,0.00658893585,0.285035372
,710008040,-22.90660395988133,-43.15753476027842,153.6,17.2,0.167411119,0.00658893585,0.285035372
,710008040,-22.90660395988133,-43.15753476027842,153.6,17.2,0.167411119,0.00658893585,0.285035372
,710008040,-22.90660395988133,-43.15753476027842,153.6,17.2,0.167411119,0.00658893585,0.285035372
,710008040,-22.90660395988133,-43.15753476027842,153.6,17.2,0.167411119,0.00658893585,0.285035372
,710008040,-22.90660395988133,-43.15753476027842,153.6,17.2,0.167411119,0.00658893585,0.285035372
,710008040,-22.90660395988133,-43.15753476027842,153.6,17.2,0.167411119,0.00658893585,0.285035372
,710008040,-22.90660395988133,-43.15753476027842,153.6,17.2,0.167411119,0.00658893585,0.285035372
,710008040,-22.90660395988133,-43.15753476027842,153.6,17.2,0.167411119,0.00658893585,0.285035372
,710008040,-22.90660395988133,-43.15753476027842,153.6,17.2,0.167411119,0.00658893585,0.285035372
,710008040,-22.90660395988133,-43.15753476027842,153.6,17.2,0.167411119,0.00658893585,0.285035372
,710008040,-22.90660395988133,-43.15753476027842,153.6,17.2,0.167411119,0.00658893585,0.285035372
,710008040,-22.90660395988133,-43.15753476027842,153.6,17.2,0.167411119,0.00658893585,0.285035372
,710008040,-22.90660395988133,-43.15753476027842,153.6,17.2,0.167411119,0.00658893585,0.285035372
,710008040,-22.90660395988133,-43.15753476027842,153.6,17.2,0.167411119,0.00658893585,0.285035372
,710008040,-22.90660395988133,-43.15753476027842,153.6,17.2,0.167411119,0.00658893585,0.285035372
,710008040,-22.90660395988133,-43.15753476027842,153.6,17.2,0.167411119,0.00658893585,0.285035372
,710008040,-22.90660395988133,-43.15753476027842,153.6,17.2,0.167411119,0.00658893585,0.285035372
,710008040,-22.90660395988133,-43.15753476027842,153.6,17.2,0.167411119,0.00658893585,0.285035372
,710008040,-22.90660395988133,-43.15753476027842,153.6,17.2,0.167411119,0.00658893585,0.285035372
,710008040,-22.90660395988133,-43.15753476027842,153.6,17.2,0.167411119,0.00658893585,0.285035372
,710008040,-22.90660395988133,-43.15753476027842,153.6,17.2,0.167411119,0.00658893585,0.285035372
,710008040,-22.90660395988133,-43.15753476027842,153.6,17.2,0.167411119,0.00658893585,0.285035372
,710008040,-22.90660395988133,-43.15753476027842,153.6,17.2,0.167411119,0.00658893585,0.285035372
,710008040,-22.90660395988133,-43.15753476027842,153.6,17.2,0.167411119,0.00658893585,0.285035372
,710008040,-22.90660395988133,-43.15753476027842,153.6,17.2,0.167411119,0.00658893585,0.285035372
,710008040,-22.90660395988133,-43.15753476027842,153.6,17.2,0.167411119,0.00658893585,0.285035372
,710008040,-22.90660395988133,-43.15753476027842,153.6,17.2,0.167411119,0.00658893585,0.285035372
,710008040,-22.90660395988133,-43.15753476027842,153.6,17.2,0.167411119,0.00658893585,0.285035372
,710008040,-22.90660395988133,-43.15753476027842,153.6,17.2,0.167411119,0.00658893585,0.285035372
,710008040,-22.90660395988133,-43.15753476027842,153.6,17.2,0.167411119,0.00658893585,0.285035372
,710008040,-22.90660395988133,-43.15753476027842,153.6,17.2,0.167411119,0.00658893585,0.285035372
,710008040,-22.90660395988133,-43.15753476027842,153.6,17.2,0.167411119,0.00658893585,0.285035372
,710008040,-22.90660395988133,-43.15753476027842,153.6,17.2,0.167411119,0.00658893585,0.285035372
,710008040,-22.90660395988133,-43.15753476027842,153.6,17.2,0.167411119,0.00658893585,0.285035372
,710008040,-22.90660395988133,-43.15753476027842,153.6,17.2,0.167411119,0.00658893585,0.285035372
,710008040,-22.90660395988133,-43.15753476027842,153.6,17.2,0.167411119,0.00658893585,0.285035372
,710008040,-22.90660395988133,-43.15753476027842,153.6,17.2,0.167411119,0.00658893585,0.285035372
,710008040,-22.90660395988133,-43.15753476027842,153.6,17.2,0.167411119,0.00658893585,0.285035372
,710008040,-22.90660395988133,-43.15753476027842,153.6,17.2,0.167411119,0.00658893585,0.285035372
,710008040,-22.90660395988133,-43.15753476027842,153.6,17.2,0.167411119,0.00658893585,0.285035372
,710008040,-22.90660395988133,-43.15753476027842,153.6,17.2,0.167411119,0.00658893585,0.285035372
,710008040,-22.90660395988133,-43.15753476027842,153.6,17.2,0.167411119,0.00658893585,0.285035372
,710008040,-22.90660395988133,-43.15753476027842,153.6,17.2,0.167411119,0.00658893585,0.285035372
,710008040,-22.90660395988133,-43.15753476027842,153.6,17.2,0.167411119,0.00658893585,0.285035372
,710008040,-22.90660395988133,-43.15753476027842,153.6,17.2,0.167411119,0.00658893585,0.285035372
,710008040,-22.90660395988133,-43.15753476027842,153.6,17.2,0.167411119,0.00658893585,0.285035372
,710008040,-22.90660395988133,-43.15753476027842,153.6,17.2,0.167411119,0.00658893585,0.285035372
,710008040,-22.90660395988133,-43.15753476027842,153.6,17.2,0.167411119,0.00658893585,0.285035372
,710008040,-22.90660395988133,-43.15753476027842,153.6,17.2,0.167411119,0.00658893585,0.285035372
,710008040,-22.90660395988133,-43.15753476027842,153.6,17.2,0.167411119,0.00658893585,0.285035372
,710008040,-22.90660395988133,-43.15753476027842,153.6,17.2,0.167411119,0.00658893585,0.285035372
,710008040,-22.90660395988133,-43.15753476027842,153.6,17.2,0.167411119,0.00658893585,0.285035372
,710008040,-22.90660395988133,-43.15753476027842,153.6,17.2,0.167411119,0.00658893585,0.285035372
,710008040,-22.90660395988133,-43.15753476027842,153.6,17.2,0.167411119,0.00658893585,0.285035372
,710008040,-22.90660395988133,-43.15753476027842,153.6,17.2,0.167411119,0.00658893585,0.285035372
,710008040,-22.90660395988133,-43.15753476027842,153.6,17.2,0.167411119,0.00658893585,0.285035372
,710008040,-22.90660395988133,-43.15753476027842,153.6,17.2,0.167411119,0.00658893585,0.285035372
,710008040,-22.90660395988133,-43.15753476027842,153.6,17.2,0.167411119,0.00658893585,0.285035372
,710008040,-22.90660395988133,-43.15753476027842,153.6,17.2,0.167411119,0.00658893585,0.285035372
,710008040,-22.90660395988133,-43.15753476027842,153.6,17.2,0.167411119,0.00658893585,0.285035372
,710008040,-22.90660395988133,-43.15753476027842,153.6,17.2,0.167411119,0.00658893585,0.285035372
,710008040,-22.90660395988133,-43.15753476027842,153.6,17.2,0.167411119,0.00658893585,0.285035372
,710008040,-22.90660395988133,-43.15753476027842,153.6,17.2,0.167411119,0.00658893585,0.285035372
,710008040,-22.90660395988133,-43.15753476027842,153.6,17.2,0.167411119,0.00658893585,0.285035372
,710008040,-22.90660395988133,-43.15753476027842,153.6,17.2,0.167411119,0.00658893585,0.285035372
,710008040,-22.90660395988133,-43.15753476027842,153.6,17.2,0.167411119,0.00658893585,0.285035372
,710008040,-22.90660395988133,-43.15753476027842,153.6,17.2,0.167411119,0.00658893585,0.285035372
,710008040,-22.90660395988133,-43.15753476027842,153.6,17.2,0.167411119,0.00658893585,0.285035372
,710008040,-22.90660395988133,-43.15753476027842,153.6,17.2,0.167411119,0.00658893585,0.285035372
,710008040,-22.90660395988133,-43.15753476027842,153.6,17.2,0.167411119,0.00658893585,0.285035372
,710008040,-22.90660395988133,-43.15753476027842,153.6,17.2,0.167411119,0.00658893585,0.285035372
,710008040,-22.90660395988133,-43.15753476027842,153.6,17.2,0.167411119,0.00658893585,0.285035372
,710008040,-22.90667506905336,-43.157495451886604,153.6,17.2,0.167411119,0.00658893585,0.285035372
,710008040,-22.90667506905336,-43.157495451886604,153.6,17.2,0.167411119,0.00658893585,0.285035372
,710008040,-22.90667506905336,-43.157495451886604,153.6,17.2,0.167411119,0.00658893585,0.285035372
,710008040,-22.90667506905336,-43.157495451886604,153.6,17.2,0.167411119,0.00658893585,0.285035372
,710008040,-22.90667506905336,-43.157495451886604,153.6,17.2,0.167411119,0.00658893585,0.285035372
,710008040,-22.90667506905336,-43.157495451886604,153.6,17.2,0.167411119,0.00658893585,0.285035372
,710008040,-22.90667506905336,-43.157495451886604,153.6,17.2,0.167411119,0.00658893585,0.285035372
,710008040,-22.90667506905336,-43.157495451886604,153.6,17.2,0.167411119,0.00658893585,0.285035372
,710008040,-22.90667506905336,-43.157495451886604,153.6,17.2,0.167411119,0.00658893585,0.285035372
,710008040,-22.90667506905336,-43.157495451886604,153.6,17.2,0.167411119,0.00658893585,0.285035372
,710008040,-22.90667506905336,-43.157495451886604,153.6,17.2,0.167411119,0.00658893585,0.285035372
,710008040,-22.90667506905336,-43.157495451886604,153.6,17.2,0.167411119,0.00658893585,0.285035372
,710008040,-22.90667506905336,-43.157495451886604,153.6,17.2,0.167411119,0.00658893585,0.285035372
,710008040,-22.90667506905336,-43.157495451886604,153.6,17.2,0.167411119,0.00658893585,0.285035372
,710008040,-22.90667506905336,-43.157495451886604,153.6,17.2,0.167411119,0.00658893585,0.285035372
,710008040,-22.90667506905336,-43.157495451886604,153.6,17.2,0.167411119,0.00658893585,0.285035372
,710008040,-22.90667506905336,-43.157495451886604,153.6,17.2,0.167411119,0.00658893585,0.285035372
,710008040,-22.90667506905336,-43.157495451886604,153.6,17.2,0.167411119,0.00658893585,0.285035372
,710008040,-22.90667506905336,-43.157495451886604,153.6,17.2,0.167411119,0.00658893585,0.285035372
,710008040,-22.90667506905336,-43.157495451886604,153.6,17.2,0.167411119,0.00658893585,0.285035372
,710008040,-22.90667506905336,-43.157495451886604,153.6,17.2,0.167411119,0.00658893585,0.285035372
,710008040,-22.90667506905336,-43.157495451886604,153.6,17.2,0.167411119,0.00658893585,0.285035372
,710008040,-22.90667506905336,-43.157495451886604,153.6,17.2,0.167411119,0.00658893585,0.285035372
,710008040,-22.90667506905336,-43.157495451886604,153.6,17.2,0.167411119,0.00658893585,0.285035372
,710008040,-22.90667506905336,-43.157495451886604,153.6,17.2,0.167411119,0.00658893585,0.285035372
,710008040,-22.90667506905336,-43.157495451886604,153.6,17.2,0.167411119,0.00658893585,0.285035372
,710008040,-22.90667506905336,-43.157495451886604,153.6,17.2,0.167411119,0.00658893585,0.285035372
,710008040,-22.90667506905336,-43.157495451886604,153.6,17.2,0.167411119,0.00658893585,0.285035372
,710008040,-22.90667506905336,-43.157495451886604,153.6,17.2,0.167411119,0.00658893585,0.285035372
,710008040,-22.90667506905336,-43.157495451886604,153.6,17.2,0.167411119,0.00658893585,0.285035372
,710008040,-22.90667506905336,-43.157495451886604,153.6,17.2,0.167411119,0.00658893585,0.285035372
,710008040,-22.90667506905336,-43.157495451886604,153.6,17.2,0.167411119,0.00658893585,0.285035372
,710008040,-22.90667506905336,-43.157495451886604,153.6,17.2,0.167411119,0.00658893585,0.285035372
,710008040,-22.90667506905336,-43.157495451886604,153.6,17.2,0.167411119,0.00658893585,0.285035372
,710008040,-22.90667506905336,-43.157495451886604,153.6,17.2,0.167411119,0.00658893585,0.285035372
,710008040,-22.90667506905336,-43.157495451886604,153.6,17.2,0.167411119,0.00658893585,0.285035372
,710008040,-22.90667506905336,-43.157495451886604,153.6,17.2,0.167411119,0.00658893585,0.285035372
,710008040,-22.90667506905336,-43.157495451886604,153.6,17.2,0.167411119,0.00658893585,0.285035372
,710008040,-22.90667506905336,-43.157495451886604,153.6,17.2,0.167411119,0.00658893585,0.285035372
,710008040,-22.90667506905336,-43.157495451886604,153.6,17.2,0.167411119,0.00658893585,0.285035372
,710008040,-22.90667506905336,-43.157495451886604,153.6,17.2,0.167411119,0.00658893585,0.285035372
,710008040,-22.90667506905336,-43.157495451886604,153.6,17.2,0.167411119,0.00658893585,0.285035372
,710008040,-22.90667506905336,-43.157495451886604,153.6,17.2,0.167411119,0.00658893585,0.285035372
,710008040,-22.90667506905336,-43.157495451886604,153.6,17.2,0.167411119,0.00658893585,0.285035372
,710008040,-22.90667506905336,-43.157495451886604,153.6,17.2,0.167411119,0.00658893585,0.285035372
,710008040,-22.90667506905336,-43.157495451886604,153.6,17.2,0.167411119,0.00658893585,0.285035372
,710008040,-22.90667506905336,-43.157495451886604,153.6,17.2,0.167411119,0.00658893585,0.285035372
,710008040,-22.90667506905336,-43.157495451886604,153.6,17.2,0.167411119,0.00658893585,0.285035372
,710008040,-22.90667506905336,-43.157495451886604,153.6,17.2,0.167411119,0.00658893585,0.285035372
,710008040,-22.90667506905336,-43.157495451886604,153.6,17.2,0.167411119,0.00658893585,0.285035372
,710008040,-22.90667506905336,-43.157495451886604,153.6,17.2,0.167411119,0.00658893585,0.285035372
,710008040,-22.90667506905336,-43.157495451886604,153.6,17.2,0.167411119,0.00658893585,0.285035372
,710008040,-22.90667506905336,-43.157495451886604,153.6,17.2,0.167411119,0.00658893585,0.285035372
,710008040,-22.90667506905336,-43.157495451886604,153.6,17.2,0.167411119,0.00658893585,0.285035372
,710008040,-22.90667506905336,-43.157495451886604,153.6,17.2,0.167411119,0.00658893585,0.285035372
,710008040,-22.90667506905336,-43.157495451886604,153.6,17.2,0.167411119,0.00658893585,0.285035372
,710008040,-22.90667506905336,-43.157495451886604,153.6,17.2,0.167411119,0.00658893585,0.285035372
,710008040,-22.90667506905336,-43.157495451886604,153.6,17.2,0.167411119,0.00658893585,0.285035372
,710008040,-22.90667506905336,-43.157495451886604,153.6,17.2,0.167411119,0.00658893585,0.285035372
,710008040,-22.90667506905336,-43.157495451886604,153.6,17.2,0.167411119,0.00658893585,0.285035372
,710008040,-22.90667506905336,-43.157495451886604,153.6,17.2,0.167411119,0.00658893585,0.285035372
,710008040,-22.90667506905336,-43.157495451886604,153.6,17.2,0.167411119,0.00658893585,0.285035372
,710008040,-22.90667506905336,-43.157495451886604,153.6,17.2,0.167411119,0.00658893585,0.285035372
,710008040,-22.90667506905336,-43.157495451886604,153.6,17.2,0.167411119,0.00658893585,0.285035372
,710008040,-22.90667506905336,-43.157495451886604,153.6,17.2,0.167411119,0.00658893585,0.285035372
,710008040,-22.90667506905336,-43.157495451886604,153.6,17.2,0.167411119,0.00658893585,0.285035372
,710008040,-22.90667506905336,-43.157495451886604,153.6,17.2,0.167411119,0.00658893585,0.285035372
,710008040,-22.90667506905336,-43.157495451886604,153.6,17.2,0.167411119,0.00658893585,0.285035372
,710008040,-22.90667506905336,-43.157495451886604,153.6,17.2,0.167411119,0.00658893585,0.285035372
,710008040,-22.90667506905336,-43.157495451886604,153.6,17.2,0.167411119,0.00658893585,0.285035372
,710008040,-22.90667506905336,-43.157495451886604,153.6,17.2,0.167411119,0.00658893585,0.285035372
,710008040,-22.90667506905336,-43.157495451886604,153.6,17.2,0.167411119,0.00658893585,0.285035372
,710008040,-22.90667506905336,-43.157495451886604,153.6,17.2,0.167411119,0.00658893585,0.285035372
,710008040,-22.90667506905336,-43.157495451886604,153.6,17.2,0.167411119,0.00658893585,0.285035372
,710008040,-22.90667506905336,-43.157495451886604,153.6,17.2,0.167411119,0.00658893585,0.285035372
,710008040,-22.90667506905336,-43.157495451886604,153.6,17.2,0.167411119,0.00658893585,0.285035372
,710008040,-22.90667506905336,-43.157495451886604,153.6,17.2,0.167411119,0.00658893585,0.285035372
,710008040,-22.90667506905336,-43.157495451886604,153.6,17.2,0.167411119,0.00658893585,0.285035372
,710008040,-22.90667506905336,-43.157495451886604,153.6,17.2,0.167411119,0.00658893585,0.285035372
,710008040,-22.90667506905336,-43.157495451886604,153.6,17.2,0.167411119,0.00658893585,0.285035372
,710008040,-22.90667506905336,-43.157495451886604,153.6,17.2,0.167411119,0.00658893585,0.285035372
,710008040,-22.90667506905336,-43.157495451886604,153.6,17.2,0.167411119,0.00658893585,0.285035372
,710008040,-22.90667506905336,-43.157495451886604,153.6,17.2,0.167411119,0.00658893585,0.285035372
,710008040,-22.90667506905336,-43.157495451886604,153.6,17.2,0.167411119,0.00658893585,0.285035372
,710008040,-22.90667506905336,-43.157495451886604,153.6,17.2,0.167411119,0.00658893585,0.285035372
,710008040,-22.90667506905336,-43.157495451886604,153.6,17.2,0.167411119,0.00658893585,0.285035372
,710008040,-22.90667506905336,-43.157495451886604,153.6,17.2,0.167411119,0.00658893585,0.285035372
,710008040,-22.90667506905336,-43.157495451886604,153.6,17.2,0.167411119,0.00658893585,0.285035372
,710008040,-22.90667506905336,-43.157495451886604,153.6,17.2,0.167411119,0.00658893585,0.285035372
,710008040,-22.90667506905336,-43.157495451886604,153.6,17.2,0.167411119,0.00658893585,0.285035372
,710008040,-22.90667506905336,-43.157495451886604,153.6,17.2,0.167411119,0.00658893585,0.285035372
,710008040,-22.90667506905336,-43.157495451886604,153.6,17.2,0.167411119,0.00658893585,0.285035372
,710008040,-22.90667506905336,-43.157495451886604,153.6,17.2,0.167411119,0.00658893585,0.285035372
,710008040,-22.90667506905336,-43.157495451886604,153.6,17.2,0.167411119,0.00658893585,0.285035372
,710008040,-22.90667506905336,-43.157495451886604,153.6,17.2,0.167411119,0.00658893585,0.285035372
,710008040,-22.90667506905336,-43.157495451886604,153.6,17.2,0.167411119,0.00658893585,0.285035372
,710008040,-22.90667506905336,-43.157495451886604,153.6,17.2,0.167411119,0.00658893585,0.285035372
,710008040,-22.90667506905336,-43.157495451886604,153.6,17.2,0.167411119,0.00658893585,0.285035372
,710008040,-22.90667506905336,-43.157495451886604,153.6,17.2,0.167411119,0.00658893585,0.285035372
,710008040,-22.90667506905336,-43.157495451886604,153.6,17.2,0.167411119,0.00658893585,0.285035372
,710008040,-22.90667506905336,-43.157495451886604,153.6,17.2,0.167411119,0.00658893585,0.285035372
,710008040,-22.90667506905336,-43.157495451886604,153.6,17.2,0.167411119,0.00658893585,0.285035372
,710008040,-22.90667506905336,-43.157495451886604,153.6,17.2,0.167411119,0.00658893585,0.285035372
,710008040,-22.90667506905336,-43.157495451886604,153.6,17.2,0.167411119,0.00658893585,0.285035372
,710008040,-22.90667506905336,-43.157495451886604,153.6,17.2,0.167411119,0.00658893585,0.285035372
,710008040,-22.90667506905336,-43.157495451886604,153.6,17.2,0.167411119,0.00658893585,0.285035372
,710008040,-22.90667506905336,-43.157495451886604,153.6,17.2,0.167411119,0.00658893585,0.285035372
,710008040,-22.90667506905336,-43.157495451886604,153.6,17.2,0.167411119,0.00658893585,0.285035372
,710008040,-22.90667506905336,-43.157495451886604,153.6,17.2,0.167411119,0.00658893585,0.285035372
,710008040,-22.90667506905336,-43.157495451886604,153.6,17.2,0.167411119,0.00658893585,0.285035372
,710008040,-22.90667506905336,-43.157495451886604,153.6,17.2,0.167411119,0.00658893585,0.285035372
,710008040,-22.90667506905336,-43.157495451886604,153.6,17.2,0.167411119,0.00658893585,0.285035372
,710008040,-22.90667506905336,-43.157495451886604,153.6,17.2,0.167411119,0.00658893585,0.285035372
,710008040,-22.90667506905336,-43.157495451886604,153.6,17.2,0.167411119,0.00658893585,0.285035372
,710008040,-22.90667506905336,-43.157495451886604,153.6,17.2,0.167411119,0.00658893585,0.285035372
,710008040,-22.90667506905336,-43.157495451886604,153.6,17.2,0.167411119,0.00658893585,0.285035372
,710008040,-22.90667506905336,-43.157495451886604,153.6,17.2,0.167411119,0.00658893585,0.285035372
,710008040,-22.90667506905336,-43.157495451886604,153.6,17.2,0.167411119,0.00658893585,0.285035372
,710008040,-22.90667506905336,-43.157495451886604,153.6,17.2,0.167411119,0.00658893585,0.285035372
,710008040,-22.90667506905336,-43.157495451886604,153.6,17.2,0.167411119,0.00658893585,0.285035372
,710008040,-22.90667506905336,-43.157495451886604,153.6,17.2,0.167411119,0.00658893585,0.285035372
,710008040,-22.90667506905336,-43.157495451886604,153.6,17.2,0.167411119,0.00658893585,0.285035372
,710008040,-22.90667506905336,-43.157495451886604,153.6,17.2,0.167411119,0.00658893585,0.285035372
,710008040,-22.90667506905336,-43.157495451886604,153.6,17.2,0.167411119,0.00658893585,0.285035372
,710008040,-22.90667506905336,-43.157495451886604,153.6,17.2,0.167411119,0.00658893585,0.285035372
,710008040,-22.90667506905336,-43.157495451886604,153.6,17.2,0.167411119,0.00658893585,0.285035372
,710008040,-22.90667506905336,-43.157495451886604,153.6,17.2,0.167411119,0.00658893585,0.285035372
,710008040,-22.906746178212366,-43.157456143451675,153.6,17.2,0.167411119,0.00658893585,0.285035372
,710008040,-22.906746178212366,-43.157456143451675,153.6,17.2,0.167411119,0.00658893585,0.285035372
,710008040,-22.906746178212366,-43.157456143451675,153.6,17.2,0.167411119,0.00658893585,0.285035372
,710008040,-22.906746178212366,-43.157456143451675,153.6,17.2,0.167411119,0.00658893585,0.285035372
,710008040,-22.906746178212366,-43.157456143451675,153.6,17.2,0.167411119,0.00658893585,0.285035372
,710008040,-22.906746178212366,-43.157456143451675,153.6,17.2,0.167411119,0.00658893585,0.285035372
,710008040,-22.906746178212366,-43.157456143451675,153.6,17.2,0.167411119,0.00658893585,0.285035372
,710008040,-22.906746178212366,-43.157456143451675,153.6,17.2,0.167411119,0.00658893585,0.285035372
,710008040,-22.906746178212366,-43.157456143451675,153.6,17.2,0.167411119,0.00658893585,0.285035372
,710008040,-22.906746178212366,-43.157456143451675,153.6,17.2,0.167411119,0.00658893585,0.285035372
,710008040,-22.906746178212366,-43.157456143451675,153.6,17.2,0.167411119,0.00658893585,0.285035372
,710008040,-22.906746178212366,-43.157456143451675,153.6,17.2,0.167411119,0.00658893585,0.285035372
,710008040,-22.906746178212366,-43.157456143451675,153.6,17.2,0.167411119,0.00658893585,0.285035372
,710008040,-22.906746178212366,-43.157456143451675,153.6,17.2,0.167411119,0.00658893585,0.285035372
,710008040,-22.906746178212366,-43.157456143451675,153.6,17.2,0.167411119,0.00658893585,0.285035372
,710008040,-22.906746178212366,-43.157456143451675,153.6,17.2,0.167411119,0.00658893585,0.285035372
,710008040,-22.906746178212366,-43.157456143451675,153.6,17.2,0.167411119,0.00658893585,0.285035372
,710008040,-22.906746178212366,-43.157456143451675,153.6,17.2,0.167411119,0.00658893585,0.285035372
,710008040,-22.906746178212366,-43.157456143451675,153.6,17.2,0.167411119,0.00658893585,0.285035372
,710008040,-22.906746178212366,-43.157456143451675,153.6,17.2,0.167411119,0.00658893585,0.285035372
,710008040,-22.906746178212366,-43.157456143451675,153.6,17.2,0.167411119,0.00658893585,0.285035372
,710008040,-22.906746178212366,-43.157456143451675,153.6,17.2,0.167411119,0.00658893585,0.285035372
,710008040,-22.906746178212366,-43.157456143451675,153.6,17.2,0.167411119,0.00658893585,0.285035372
,710008040,-22.906746178212366,-43.157456143451675,153.6,17.2,0.167411119,0.00658893585,0.285035372
,710008040,-22.906746178212366,-43.157456143451675,153.6,17.2,0.167411119,0.00658893585,0.285035372
,710008040,-22.906746178212366,-43.157456143451675,153.6,17.2,0.167411119,0.00658893585,0.285035372
,710008040,-22.906746178212366,-43.157456143451675,153.6,17.2,0.167411119,0.00658893585,0.285035372
,710008040,-22.906746178212366,-43.157456143451675,153.6,17.2,0.167411119,0.00658893585,0.285035372
,710008040,-22.906746178212366,-43.157456143451675,153.6,17.2,0.167411119,0.00658893585,0.285035372
,710008040,-22.906746178212366,-43.157456143451675,153.6,17.2,0.167411119,0.00658893585,0.285035372
,710008040,-22.906746178212366,-43.157456143451675,153.6,17.2,0.167411119,0.00658893585,0.285035372
,710008040,-22.906746178212366,-43.157456143451675,153.6,17.2,0.167411119,0.00658893585,0.285035372
,710008040,-22.906746178212366,-43.157456143451675,153.6,17.2,0.167411119,0.00658893585,0.285035372
,710008040,-22.906746178212366,-43.157456143451675,153.6,17.2,0.167411119,0.00658893585,0.285035372
,710008040,-22.906746178212366,-43.157456143451675,153.6,17.2,0.167411119,0.00658893585,0.285035372
,710008040,-22.906746178212366,-43.157456143451675,153.6,17.2,0.167411119,0.00658893585,0.285035372
,710008040,-22.906746178212366,-43.157456143451675,153.6,17.2,0.167411119,0.00658893585,0.285035372
,710008040,-22.906746178212366,-43.157456143451675,153.6,17.2,0.167411119,0.00658893585,0.285035372
,710008040,-22.906746178212366,-43.157456143451675,153.6,17.2,0.167411119,0.00658893585,0.285035372
,710008040,-22.906746178212366,-43.157456143451675,153.6,17.2,0.167411119,0.00658893585,0.285035372
,710008040,-22.906746178212366,-43.157456143451675,153.6,17.2,0.167411119,0.00658893585,0.285035372
,710008040,-22.906746178212366,-43.157456143451675,153.6,17.2,0.167411119,0.00658893585,0.285035372
,710008040,-22.906746178212366,-43.157456143451675,153.6,17.2,0.167411119,0.00658893585,0.285035372
,710008040,-22.906746178212366,-43.157456143451675,153.6,17.2,0.167411119,0.00658893585,0.285035372
,710008040,-22.906746178212366,-43.157456143451675,153.6,17.2,0.167411119,0.00658893585,0.285035372
,710008040,-22.906746178212366,-43.157456143451675,153.6,17.2,0.167411119,0.00658893585,0.285035372
,710008040,-22.906746178212366,-43.157456143451675,153.6,17.2,0.167411119,0.00658893585,0.285035372
,710008040,-22.906746178212366,-43.157456143451675,153.6,17.2,0.167411119,0.00658893585,0.285035372
,710008040,-22.906746178212366,-43.157456143451675,153.6,17.2,0.167411119,0.00658893585,0.285035372
,710008040,-22.906746178212366,-43.157456143451675,153.6,17.2,0.167411119,0.00658893585,0.285035372
,710008040,-22.906746178212366,-43.157456143451675,153.6,17.2,0.167411119,0.00658893585,0.285035372
,710008040,-22.906746178212366,-43.157456143451675,153.6,17.2,0.167411119,0.00658893585,0.285035372
,710008040,-22.906746178212366,-43.157456143451675,153.6,17.2,0.167411119,0.00658893585,0.285035372
,710008040,-22.906746178212366,-43.157456143451675,153.6,17.2,0.167411119,0.00658893585,0.285035372
,710008040,-22.906746178212366,-43.157456143451675,153.6,17.2,0.167411119,0.00658893585,0.285035372
,710008040,-22.906746178212366,-43.157456143451675,153.6,17.2,0.167411119,0.00658893585,0.285035372
,710008040,-22.906746178212366,-43.157456143451675,153.6,17.2,0.167411119,0.00658893585,0.285035372
,710008040,-22.906746178212366,-43.157456143451675,153.6,17.2,0.167411119,0.00658893585,0.285035372
,710008040,-22.906746178212366,-43.157456143451675,153.6,17.2,0.167411119,0.00658893585,0.285035372
,710008040,-22.906746178212366,-43.157456143451675,153.6,17.2,0.167411119,0.00658893585,0.285035372
,710008040,-22.906817287358365,-43.15741683497363,153.6,17.2,0.172577769,0.00583338737,0.276916385
,710008040,-22.906817287358365,-43.15741683497363,153.6,17.2,0.172577769,0.00583338737,0.276916385
,710008040,-22.906817287358365,-43.15741683497363,153.6,17.2,0.172577769,0.00583338737,0.276916385
,710008040,-22.906817287358365,-43.15741683497363,153.6,17.2,0.172577769,0.00583338737,0.276916385
,710008040,-22.906817287358365,-43.15741683497363,153.6,17.2,0.172577769,0.00583338737,0.276916385
,710008040,-22.906817287358365,-43.15741683497363,153.6,17.2,0.172577769,0.00583338737,0.276916385
,710008040,-22.906817287358365,-43.15741683497363,153.6,17.2,0.172577769,0.00583338737,0.276916385
,710008040,-22.906817287358365,-43.15741683497363,153.6,17.2,0.172577769,0.00583338737,0.276916385
,710008040,-22.906817287358365,-43.15741683497363,153.6,17.2,0.172577769,0.00583338737,0.275862068
,710008040,-22.906817287358365,-43.15741683497363,153.6,17.2,0.172577769,0.00583338737,0.275862068
,710008040,-22.906817287358365,-43.15741683497363,153.6,17.2,0.172577769,0.00583338737,0.275862068
,710008040,-22.906817287358365,-43.15741683497363,153.6,17.2,0.172577769,0.00583338737,0.275862068
,710008040,-22.906817287358365,-43.15741683497363,153.6,17.2,0.172577769,0.00583338737,0.275862068
,710008040,-22.906817287358365,-43.15741683497363,153.6,17.2,0.172577769,0.00583338737,0.275862068
,710008040,-22.906817287358365,-43.15741683497363,153.6,17.2,0.172577769,0.00583338737,0.275862068
,710008040,-22.906817287358365,-43.15741683497363,153.6,17.2,0.172577769,0.00583338737,0.275862068
,710008040,-22.906817287358365,-43.15741683497363,153.6,17.2,0.172577769,0.00583338737,0.275862068
,710008040,-22.906817287358365,-43.15741683497363,153.6,17.2,0.172577769,0.00583338737,0.275862068
,710008040,-22.906817287358365,-43.15741683497363,153.6,17.2,0.172577769,0.00583338737,0.275862068
,710008040,-22.906817287358365,-43.15741683497363,153.6,17.2,0.172577769,0.00583338737,0.275862068
,710008040,-22.906817287358365,-43.15741683497363,153.6,17.2,0.172577769,0.00583338737,0.275862068
,710008040,-22.906817287358365,-43.15741683497363,153.6,17.2,0.172577769,0.00583338737,0.275862068
,710008040,-22.906817287358365,-43.15741683497363,153.6,17.2,0.172577769,0.00583338737,0.275862068
,710008040,-22.906817287358365,-43.15741683497363,153.6,17.2,0.172577769,0.00583338737,0.275862068
,710008040,-22.906817287358365,-43.15741683497363,153.6,17.2,0.172577769,0.00583338737,0.275862068
,710008040,-22.906817287358365,-43.15741683497363,153.6,17.2,0.172577769,0.00583338737,0.275862068
,710008040,-22.906817287358365,-43.15741683497363,153.6,17.2,0.172577769,0.00583338737,0.275862068
,710008040,-22.906817287358365,-43.15741683497363,153.6,17.2,0.172577769,0.00583338737,0.275862068
,710008040,-22.906817287358365,-43.15741683497363,153.6,17.2,0.172577769,0.00583338737,0.275862068
,710008040,-22.906817287358365,-43.15741683497363,153.6,17.2,0.172577769,0.00583338737,0.275862068
,710008040,-22.906817287358365,-43.15741683497363,153.6,17.2,0.172577769,0.00583338737,0.275862068
,710008040,-22.906817287358365,-43.15741683497363,153.6,17.2,0.172577769,0.00583338737,0.275862068
,710008040,-22.906817287358365,-43.15741683497363,153.6,17.2,0.172577769,0.00583338737,0.275862068
,710008040,-22.906817287358365,-43.15741683497363,153.6,17.2,0.172577769,0.00583338737,0.275862068
,710008040,-22.906817287358365,-43.15741683497363,153.6,17.2,0.172577769,0.00583338737,0.275862068
,710008040,-22.906817287358365,-43.15741683497363,153.6,17.2,0.172577769,0.00583338737,0.275862068
,710008040,-22.906817287358365,-43.15741683497363,153.6,17.2,0.172577769,0.00583338737,0.275862068
,710008040,-22.906817287358365,-43.15741683497363,153.6,17.2,0.172577769,0.00583338737,0.275862068
,710008040,-22.906817287358365,-43.15741683497363,153.6,17.2,0.172577769,0.00583338737,0.275862068
,710008040,-22.906817287358365,-43.15741683497363,153.6,17.2,0.172577769,0.00583338737,0.275862068
,710008040,-22.906817287358365,-43.15741683497363,153.6,17.2,0.172577769,0.00583338737,0.275862068
,710008040,-22.906817287358365,-43.15741683497363,153.6,17.2,0.172577769,0.00583338737,0.275862068
,710008040,-22.906817287358365,-43.15741683497363,153.6,17.2,0.172577769,0.00583338737,0.275862068
,710008040,-22.906888396491347,-43.15737752645247,153.6,17.2,0.172577769,0.00583338737,0.275862068
,710008040,-22.906888396491347,-43.15737752645247,153.6,17.2,0.172577769,0.00583338737,0.275862068
,710008040,-22.906888396491347,-43.15737752645247,153.6,17.2,0.172577769,0.00583338737,0.275862068
,710008040,-22.906888396491347,-43.15737752645247,153.6,17.2,0.172577769,0.00583338737,0.275862068
,710008040,-22.906888396491347,-43.15737752645247,153.6,17.2,0.172577769,0.00583338737,0.275862068
,710008040,-22.906888396491347,-43.15737752645247,153.6,17.2,0.172577769,0.00583338737,0.275862068
,710008040,-22.906888396491347,-43.15737752645247,153.6,17.2,0.172577769,0.00583338737,0.275862068
,710008040,-22.906888396491347,-43.15737752645247,153.6,17.2,0.172577769,0.00583338737,0.275862068
,710008040,-22.906888396491347,-43.15737752645247,153.6,17.2,0.172577769,0.00583338737,0.275862068
,710008040,-22.906888396491347,-43.15737752645247,153.6,17.2,0.172577769,0.00583338737,0.275862068
,710008040,-22.906888396491347,-43.15737752645247,153.6,17.2,0.172577769,0.00583338737,0.275862068
,710008040,-22.906888396491347,-43.15737752645247,153.6,17.2,0.172577769,0.00583338737,0.275862068
,710008040,-22.906888396491347,-43.15737752645247,153.6,17.2,0.172577769,0.00583338737,0.275862068
,710008040,-22.906888396491347,-43.15737752645247,153.6,17.2,0.172577769,0.00583338737,0.275862068
,710008040,-22.906888396491347,-43.15737752645247,153.6,17.2,0.172577769,0.00583338737,0.275862068
,710008040,-22.906888396491347,-43.15737752645247,153.6,17.2,0.172577769,0.00583338737,0.275862068
,710008040,-22.906888396491347,-43.15737752645247,153.6,17.2,0.172577769,0.00583338737,0.275862068
,710008040,-22.906888396491347,-43.15737752645247,153.6,17.2,0.172577769,0.00583338737,0.275862068
,710008040,-22.906888396491347,-43.15737752645247,153.6,17.2,0.172577769,0.00583338737,0.275862068
,710008040,-22.906888396491347,-43.15737752645247,153.6,17.2,0.172577769,0.00583338737,0.275862068
,710008040,-22.906888396491347,-43.15737752645247,153.6,17.2,0.172577769,0.00583338737,0.275862068
,710008040,-22.906888396491347,-43.15737752645247,153.6,17.2,0.172577769,0.00583338737,0.275862068
,710008040,-22.906888396491347,-43.15737752645247,153.6,17.2,0.172577769,0.00583338737,0.275862068
,710008040,-22.906888396491347,-43.15737752645247,153.6,17.2,0.172577769,0.00583338737,0.275862068
,710008040,-22.906888396491347,-43.15737752645247,153.6,17.2,0.172577769,0.00583338737,0.275862068
,710008040,-22.906888396491347,-43.15737752645247,153.6,17.2,0.172577769,0.00583338737,0.275862068
,710008040,-22.906888396491347,-43.15737752645247,153.6,17.2,0.172577769,0.00583338737,0.275862068
,710008040,-22.906888396491347,-43.15737752645247,153.6,17.2,0.172577769,0.00583338737,0.275862068
,710008040,-22.906888396491347,-43.15737752645247,153.6,17.2,0.172577769,0.00583338737,0.275862068
,710008040,-22.906888396491347,-43.15737752645247,153.6,17.2,0.172577769,0.00583338737,0.275862068
,710008040,-22.906888396491347,-43.15737752645247,153.6,17.2,0.172577769,0.00583338737,0.275862068
,710008040,-22.906888396491347,-43.15737752645247,153.6,17.2,0.172577769,0.00583338737,0.275862068
,710008040,-22.906888396491347,-43.15737752645247,153.6,17.2,0.172577769,0.00583338737,0.275862068
,710008040,-22.906888396491347,-43.15737752645247,153.6,17.2,0.172577769,0.00583338737,0.275862068
,710008040,-22.906888396491347,-43.15737752645247,153.6,17.2,0.172577769,0.00583338737,0.275862068
,710008040,-22.906888396491347,-43.15737752645247,153.6,17.2,0.172577769,0.00583338737,0.275862068
,710008040,-22.906888396491347,-43.15737752645247,153.6,17.2,0.172577769,0.00583338737,0.275862068
,710008040,-22.906888396491347,-43.15737752645247,153.6,17.2,0.172577769,0.00583338737,0.275862068
,710008040,-22.906888396491347,-43.15737752645247,153.6,17.2,0.172577769,0.00583338737,0.275862068
,710008040,-22.906888396491347,-43.15737752645247,153.6,17.2,0.172577769,0.00583338737,0.275862068
,710008040,-22.906888396491347,-43.15737752645247,153.6,17.2,0.172577769,0.00583338737,0.275862068
,710008040,-22.906888396491347,-43.15737752645247,153.6,17.2,0.172577769,0.00583338737,0.275862068
,710008040,-22.906888396491347,-43.15737752645247,153.6,17.2,0.172577769,0.00583338737,0.275862068
,710008040,-22.906888396491347,-43.15737752645247,153.6,17.2,0.172577769,0.00583338737,0.275862068
,710008040,-22.906888396491347,-43.15737752645247,153.6,17.2,0.172577769,0.00583338737,0.275862068
,710008040,-22.906888396491347,-43.15737752645247,153.6,17.2,0.172577769,0.00583338737,0.275862068
,710008040,-22.906888396491347,-43.15737752645247,153.6,17.2,0.172577769,0.00583338737,0.275862068
,710008040,-22.906888396491347,-43.15737752645247,153.6,17.2,0.172577769,0.00583338737,0.275862068
,710008040,-22.906888396491347,-43.15737752645247,153.6,17.2,0.172577769,0.00583338737,0.275862068
,710008040,-22.906888396491347,-43.15737752645247,153.6,17.2,0.172577769,0.00583338737,0.275862068
,710008040,-22.906888396491347,-43.15737752645247,153.6,17.2,0.172577769,0.00583338737,0.275862068
,710008040,-22.906888396491347,-43.15737752645247,153.6,17.2,0.172577769,0.00583338737,0.275862068
,710008040,-22.906888396491347,-43.15737752645247,153.6,17.2,0.172577769,0.00583338737,0.275862068
,710008040,-22.906888396491347,-43.15737752645247,153.6,17.2,0.172577769,0.00583338737,0.275862068
,710008040,-22.906888396491347,-43.15737752645247,153.6,17.2,0.172577769,0.00583338737,0.275862068
,710008040,-22.906959505611315,-43.1573382178882,153.6,17.2,0.172577769,0.00583338737,0.275862068
,710008040,-22.906959505611315,-43.1573382178882,153.6,17.2,0.172577769,0.00583338737,0.275862068
,710008040,-22.906959505611315,-43.1573382178882,153.6,17.2,0.172577769,0.00583338737,0.275862068
,710008040,-22.906959505611315,-43.1573382178882,153.6,17.2,0.172577769,0.00583338737,0.275862068
,710008040,-22.906959505611315,-43.1573382178882,153.6,17.2,0.172577769,0.00583338737,0.275862068
,710008040,-22.906959505611315,-43.1573382178882,153.6,17.2,0.172577769,0.00583338737,0.275862068
,710008040,-22.906959505611315,-43.1573382178882,153.6,17.2,0.172577769,0.00583338737,0.275862068
,710008040,-22.906959505611315,-43.1573382178882,153.6,17.2,0.172577769,0.00583338737,0.275862068
,710008040,-22.906959505611315,-43.1573382178882,153.6,17.2,0.172577769,0.00583338737,0.275862068
,710008040,-22.906959505611315,-43.1573382178882,153.6,17.2,0.172577769,0.00583338737,0.275862068
,710008040,-22.906959505611315,-43.1573382178882,153.6,17.2,0.172577769,0.00583338737,0.275862068
,710008040,-22.906959505611315,-43.1573382178882,153.6,17.2,0.172577769,0.00583338737,0.275862068
,710008040,-22.906959505611315,-43.1573382178882,153.6,17.2,0.172577769,0.00583338737,0.275862068
,710008040,-22.906959505611315,-43.1573382178882,153.6,17.2,0.172577769,0.00583338737,0.275862068
,710008040,-22.906959505611315,-43.1573382178882,153.6,17.2,0.172577769,0.00583338737,0.275862068
,710008040,-22.906959505611315,-43.1573382178882,153.6,17.2,0.172577769,0.00583338737,0.275862068
,710008040,-22.906959505611315,-43.1573382178882,153.6,17.2,0.172577769,0.00583338737,0.275862068
,710008040,-22.906959505611315,-43.1573382178882,153.6,17.2,0.172577769,0.00583338737,0.275862068
,710008040,-22.906959505611315,-43.1573382178882,153.6,17.2,0.172577769,0.00583338737,0.275862068
,710008040,-22.906959505611315,-43.1573382178882,153.6,17.2,0.172577769,0.00583338737,0.275862068
,710008040,-22.906959505611315,-43.1573382178882,153.6,17.2,0.172577769,0.00583338737,0.275862068
,710008040,-22.906959505611315,-43.1573382178882,153.6,17.2,0.172577769,0.00583338737,0.275862068
,710008040,-22.906959505611315,-43.1573382178882,153.6,17.2,0.172577769,0.00583338737,0.275862068
,710008040,-22.906959505611315,-43.1573382178882,153.6,17.2,0.172577769,0.00583338737,0.275862068
,710008040,-22.906959505611315,-43.1573382178882,153.6,17.2,0.172577769,0.00583338737,0.275862068
,710008040,-22.906959505611315,-43.1573382178882,153.6,17.2,0.172577769,0.00583338737,0.275862068
,710008040,-22.906959505611315,-43.1573382178882,153.6,17.2,0.172577769,0.00583338737,0.275862068
,710008040,-22.906959505611315,-43.1573382178882,153.6,17.2,0.172577769,0.00583338737,0.275862068
,710008040,-22.906959505611315,-43.1573382178882,153.6,17.2,0.172577769,0.00583338737,0.275862068
,710008040,-22.906959505611315,-43.1573382178882,153.6,17.2,0.172577769,0.00583338737,0.275862068
,710008040,-22.906959505611315,-43.1573382178882,153.6,17.2,0.172577769,0.00583338737,0.275862068
,710008040,-22.906959505611315,-43.1573382178882,153.6,17.2,0.172577769,0.00583338737,0.275862068
,710008040,-22.906959505611315,-43.1573382178882,153.6,17.2,0.172577769,0.00583338737,0.275862068
,710008040,-22.906959505611315,-43.1573382178882,153.6,17.2,0.172577769,0.00583338737,0.275862068
,710008040,-22.906959505611315,-43.1573382178882,153.6,17.2,0.172577769,0.00583338737,0.275862068
,710008040,-22.906959505611315,-43.1573382178882,153.6,17.2,0.172577769,0.00583338737,0.275862068
,710008040,-22.906959505611315,-43.1573382178882,153.6,17.2,0.172577769,0.00583338737,0.275862068
,710008040,-22.906959505611315,-43.1573382178882,153.6,17.2,0.172577769,0.00583338737,0.275862068
,710008040,-22.906959505611315,-43.1573382178882,153.6,17.2,0.172577769,0.00583338737,0.275862068
,710008040,-22.906959505611315,-43.1573382178882,153.6,17.2,0.172577769,0.00583338737,0.275862068
,710008040,-22.906959505611315,-43.1573382178882,153.6,17.2,0.172577769,0.00583338737,0.275862068
,710008040,-22.906959505611315,-43.1573382178882,153.6,17.2,0.172577769,0.00583338737,0.275862068
,710008040,-22.906959505611315,-43.1573382178882,153.6,17.2,0.172577769,0.00583338737,0.275862068
,710008040,-22.906959505611315,-43.1573382178882,153.6,17.2,0.172577769,0.00583338737,0.275862068
,710008040,-22.906959505611315,-43.1573382178882,153.6,17.2,0.172577769,0.00583338737,0.275862068
,710008040,-22.906959505611315,-43.1573382178882,153.6,17.2,0.172577769,0.00583338737,0.275862068
,710008040,-22.906959505611315,-43.1573382178882,153.6,17.2,0.172577769,0.00583338737,0.275862068
,710008040,-22.906959505611315,-43.1573382178882,153.6,17.2,0.172577769,0.00583338737,0.275862068
,710008040,-22.906959505611315,-43.1573382178882,153.6,17.2,0.172577769,0.00583338737,0.275862068
,710008040,-22.906959505611315,-43.1573382178882,153.6,17.2,0.172577769,0.00583338737,0.275862068
,710008040,-22.906959505611315,-43.1573382178882,153.6,17.2,0.172577769,0.00583338737,0.275862068
,710008040,-22.906959505611315,-43.1573382178882,153.6,17.2,0.172577769,0.00583338737,0.275862068
,710008040,-22.906959505611315,-43.1573382178882,153.6,17.2,0.172577769,0.00583338737,0.275862068
,710008040,-22.906959505611315,-43.1573382178882,153.6,17.2,0.172577769,0.00583338737,0.275862068
,710008040,-22.906959505611315,-43.1573382178882,153.6,17.2,0.172577769,0.00583338737,0.275862068
,710008040,-22.906959505611315,-43.1573382178882,153.6,17.2,0.172577769,0.00583338737,0.275862068
,710008040,-22.906959505611315,-43.1573382178882,153.6,17.2,0.172577769,0.00583338737,0.275862068
,710008040,-22.906959505611315,-43.1573382178882,153.6,17.2,0.172577769,0.00583338737,0.275862068
,710008040,-22.906959505611315,-43.1573382178882,153.6,17.2,0.172577769,0.00583338737,0.275862068
,710008040,-22.906959505611315,-43.1573382178882,153.6,17.2,0.172577769,0.00583338737,0.275862068
,710008040,-22.906959505611315,-43.1573382178882,153.6,17.2,0.180572212,0.00482225418,0.26659292
,710008040,-22.906959505611315,-43.1573382178882,153.6,17.2,0.180572212,0.00482225418,0.26659292
,710008040,-22.906959505611315,-43.1573382178882,153.6,17.2,0.180572212,0.00482225418,0.26659292
,710008040,-22.906959505611315,-43.1573382178882,153.6,17.2,0.180572212,0.00482225418,0.26659292
,710008040,-22.906959505611315,-43.1573382178882,153.6,17.2,0.180572212,0.00482225418,0.26659292
,710008040,-22.906959505611315,-43.1573382178882,153.6,17.2,0.180572212,0.00482225418,0.26659292
,710008040,-22.906959505611315,-43.1573382178882,153.6,17.2,0.180572212,0.00482225418,0.265682846
,710008040,-22.906959505611315,-43.1573382178882,153.6,17.2,0.180572212,0.00482225418,0.265682846
,710008040,-22.906959505611315,-43.1573382178882,153.6,17.2,0.180572212,0.00482225418,0.265682846
,710008040,-22.906959505611315,-43.1573382178882,153.6,17.2,0.180572212,0.00482225418,0.265682846
,710008040,-22.906959505611315,-43.1573382178882,153.6,17.2,0.180572212,0.00482225418,0.265682846
,710008040,-22.906959505611315,-43.1573382178882,153.6,17.2,0.180572212,0.00482225418,0.265682846
,710008040,-22.906959505611315,-43.1573382178882,153.6,17.2,0.180572212,0.00482225418,0.265682846
,710008040,-22.906959505611315,-43.1573382178882,153.6,17.2,0.180572212,0.00482225418,0.265682846
,710008040,-22.906959505611315,-43.1573382178882,153.6,17.2,0.180572212,0.00482225418,0.265682846
,710008040,-22.906959505611315,-43.1573382178882,153.6,17.2,0.180572212,0.00482225418,0.265682846
,710008040,-22.906959505611315,-43.1573382178882,153.6,17.2,0.180572212,0.00482225418,0.265682846
,710008040,-22.906959505611315,-43.1573382178882,153.6,17.2,0.180572212,0.00482225418,0.265682846
,710008040,-22.906959505611315,-43.1573382178882,153.6,17.2,0.180572212,0.00482225418,0.265682846
,710008040,-22.906959505611315,-43.1573382178882,153.6,17.2,0.180572212,0.00482225418,0.265682846
,710008040,-22.906959505611315,-43.1573382178882,153.6,17.2,0.180572212,0.00482225418,0.265682846
,710008040,-22.906959505611315,-43.1573382178882,153.6,17.2,0.180572212,0.00482225418,0.265682846
,710008040,-22.906959505611315,-43.1573382178882,153.6,17.2,0.180572212,0.00482225418,0.265682846
,710008040,-22.906959505611315,-43.1573382178882,153.6,17.2,0.180572212,0.00482225418,0.265682846
,710008040,-22.907030614718266,-43.15729890928081,153.6,17.2,0.180572212,0.00482225418,0.265682846
,710008040,-22.907030614718266,-43.15729890928081,153.6,17.2,0.180572212,0.00482225418,0.265682846
,710008040,-22.907030614718266,-43.15729890928081,153.6,17.2,0.180572212,0.00482225418,0.265682846
,710008040,-22.907030614718266,-43.15729890928081,153.6,17.2,0.180572212,0.00482225418,0.265682846
,710008040,-22.907030614718266,-43.15729890928081,153.6,17.2,0.180572212,0.00482225418,0.265682846
,710008040,-22.907030614718266,-43.15729890928081,153.6,17.2,0.180572212,0.00482225418,0.265682846
,710008040,-22.907030614718266,-43.15729890928081,153.6,17.2,0.180572212,0.00482225418,0.265682846
,710008040,-22.907030614718266,-43.15729890928081,153.6,17.2,0.180572212,0.00482225418,0.265682846
,710008040,-22.907030614718266,-43.15729890928081,153.6,17.2,0.180572212,0.00482225418,0.265682846
,710008040,-22.907030614718266,-43.15729890928081,153.6,17.2,0.180572212,0.00482225418,0.265682846
,710008040,-22.907030614718266,-43.15729890928081,153.6,17.2,0.180572212,0.00482225418,0.265682846
,710008040,-22.907030614718266,-43.15729890928081,153.6,17.2,0.180572212,0.00482225418,0.265682846
,710008040,-22.907030614718266,-43.15729890928081,153.6,17.2,0.180572212,0.00482225418,0.265682846
,710008040,-22.907030614718266,-43.15729890928081,153.6,17.2,0.180572212,0.00482225418,0.265682846
,710008040,-22.907030614718266,-43.15729890928081,153.6,17.2,0.180572212,0.00482225418,0.265682846
,710008040,-22.907030614718266,-43.15729890928081,153.6,17.2,0.180572212,0.00482225418,0.265682846
,710008040,-22.907030614718266,-43.15729890928081,153.6,17.2,0.180572212,0.00482225418,0.265682846
,710008040,-22.907030614718266,-43.15729890928081,153.6,17.2,0.180572212,0.00482225418,0.265682846
,710008040,-22.907030614718266,-43.15729890928081,153.6,17.2,0.180572212,0.00482225418,0.265682846
,710008040,-22.907030614718266,-43.15729890928081,153.6,17.2,0.180572212,0.00482225418,0.265682846
,710008040,-22.907030614718266,-43.15729890928081,153.6,17.2,0.180572212,0.00482225418,0.265682846
,710008040,-22.907030614718266,-43.15729890928081,153.6,17.2,0.180572212,0.00482225418,0.265682846
,710008040,-22.907030614718266,-43.15729890928081,153.6,17.2,0.180572212,0.00482225418,0.265682846
,710008040,-22.907030614718266,-43.15729890928081,153.6,17.2,0.180572212,0.00482225418,0.265682846
,710008040,-22.907030614718266,-43.15729890928081,153.6,17.2,0.180572212,0.00482225418,0.265682846
,710008040,-22.907030614718266,-43.15729890928081,153.6,17.2,0.180572212,0.00482225418,0.265682846
,710008040,-22.907030614718266,-43.15729890928081,153.6,17.2,0.180572212,0.00482225418,0.265682846
,710008040,-22.907030614718266,-43.15729890928081,153.6,17.2,0.180572212,0.00482225418,0.265682846
,710008040,-22.907030614718266,-43.15729890928081,153.6,17.2,0.180572212,0.00482225418,0.265682846
,710008040,-22.907030614718266,-43.15729890928081,153.6,17.2,0.180572212,0.00482225418,0.265682846
,710008040,-22.907030614718266,-43.15729890928081,153.6,17.2,0.180572212,0.00482225418,0.265682846
,710008040,-22.907030614718266,-43.15729890928081,153.6,17.2,0.180572212,0.00482225418,0.265682846
,710008040,-22.907030614718266,-43.15729890928081,153.6,17.2,0.180572212,0.00482225418,0.265682846
,710008040,-22.907030614718266,-43.15729890928081,153.6,17.2,0.180572212,0.00482225418,0.265682846
,710008040,-22.907030614718266,-43.15729890928081,153.6,17.2,0.180572212,0.00482225418,0.265682846
,710008040,-22.907030614718266,-43.15729890928081,153.6,17.2,0.180572212,0.00482225418,0.265682846
,710008040,-22.907030614718266,-43.15729890928081,153.6,17.2,0.180572212,0.00482225418,0.265682846
,710008040,-22.907030614718266,-43.15729890928081,153.6,17.2,0.180572212,0.00482225418,0.265682846
,710008040,-22.907030614718266,-43.15729890928081,153.6,17.2,0.180572212,0.00482225418,0.265682846
,710008040,-22.907030614718266,-43.15729890928081,153.6,17.2,0.180572212,0.00482225418,0.265682846
,710008040,-22.907030614718266,-43.15729890928081,153.6,17.2,0.180572212,0.00482225418,0.265682846
,710008040,-22.907030614718266,-43.15729890928081,153.6,17.2,0.180572212,0.00482225418,0.265682846
,710008040,-22.907030614718266,-43.15729890928081,153.6,17.2,0.180572212,0.00482225418,0.265682846
,710008040,-22.907030614718266,-43.15729890928081,153.6,17.2,0.180572212,0.00482225418,0.265682846
,710008040,-22.907030614718266,-43.15729890928081,153.6,17.2,0.180572212,0.00482225418,0.265682846
,710008040,-22.907030614718266,-43.15729890928081,153.6,17.2,0.180572212,0.00482225418,0.265682846
,710008040,-22.907030614718266,-43.15729890928081,153.6,17.2,0.180572212,0.00482225418,0.265682846
,710008040,-22.907030614718266,-43.15729890928081,153.6,17.2,0.180572212,0.00482225418,0.265682846
,710008040,-22.907030614718266,-43.15729890928081,153.6,17.2,0.180572212,0.00482225418,0.265682846
,710008040,-22.907030614718266,-43.15729890928081,153.6,17.2,0.180572212,0.00482225418,0.265682846
,710008040,-22.907030614718266,-43.15729890928081,153.6,17.2,0.180572212,0.00482225418,0.265682846
,710008040,-22.907030614718266,-43.15729890928081,153.6,17.2,0.180572212,0.00482225418,0.265682846
,710008040,-22.907030614718266,-43.15729890928081,153.6,17.2,0.180572212,0.00482225418,0.265682846
,710008040,-22.907030614718266,-43.15729890928081,153.6,17.2,0.180572212,0.00482225418,0.265682846
,710008040,-22.907030614718266,-43.15729890928081,153.6,17.2,0.180572212,0.00482225418,0.265682846
,710008040,-22.907030614718266,-43.15729890928081,153.6,17.2,0.180572212,0.00482225418,0.265682846
,710008040,-22.907030614718266,-43.15729890928081,153.6,17.2,0.180572212,0.00482225418,0.265682846
,710008040,-22.907030614718266,-43.15729890928081,153.6,17.2,0.180572212,0.00482225418,0.265682846
,710008040,-22.907030614718266,-43.15729890928081,153.6,17.2,0.180572212,0.00482225418,0.265682846
,710008040,-22.907030614718266,-43.15729890928081,153.6,17.2,0.180572212,0.00482225418,0.265682846
,710008040,-22.907101723812204,-43.15725960063031,153.6,17.2,0.180572212,0.00482225418,0.265682846
,710008040,-22.907101723812204,-43.15725960063031,153.6,17.2,0.180572212,0.00482225418,0.265682846
,710008040,-22.907101723812204,-43.15725960063031,153.6,17.2,0.180572212,0.00482225418,0.265682846
,710008040,-22.907101723812204,-43.15725960063031,153.6,17.2,0.180572212,0.00482225418,0.265682846
,710008040,-22.907101723812204,-43.15725960063031,153.6,17.2,0.180572212,0.00482225418,0.265682846
,710008040,-22.907101723812204,-43.15725960063031,153.6,17.2,0.180572212,0.00482225418,0.265682846
,710008040,-22.907101723812204,-43.15725960063031,153.6,17.2,0.180572212,0.00482225418,0.265682846
,710008040,-22.907101723812204,-43.15725960063031,153.6,17.2,0.180572212,0.00482225418,0.265682846
,710008040,-22.907101723812204,-43.15725960063031,153.6,17.2,0.180572212,0.00482225418,0.265682846
,710008040,-22.907101723812204,-43.15725960063031,153.6,17.2,0.180572212,0.00482225418,0.265682846
,710008040,-22.907101723812204,-43.15725960063031,153.6,17.2,0.180572212,0.00482225418,0.265682846
,710008040,-22.907101723812204,-43.15725960063031,153.6,17.2,0.180572212,0.00482225418,0.265682846
,710008040,-22.907101723812204,-43.15725960063031,153.6,17.2,0.180572212,0.00482225418,0.265682846
,710008040,-22.907101723812204,-43.15725960063031,153.6,17.2,0.180572212,0.00482225418,0.265682846
,710008040,-22.907101723812204,-43.15725960063031,153.6,17.2,0.180572212,0.00482225418,0.265682846
,710008040,-22.907101723812204,-43.15725960063031,153.6,17.2,0.180572212,0.00482225418,0.265682846
,710008040,-22.907101723812204,-43.15725960063031,153.6,17.2,0.180572212,0.00482225418,0.265682846
,710008040,-22.907101723812204,-43.15725960063031,153.6,17.2,0.180572212,0.00482225418,0.265682846
,710008040,-22.907101723812204,-43.15725960063031,153.6,17.2,0.180572212,0.00482225418,0.265682846
,710008040,-22.907101723812204,-43.15725960063031,153.6,17.2,0.180572212,0.00482225418,0.265682846
,710008040,-22.907101723812204,-43.15725960063031,153.6,17.2,0.180572212,0.00482225418,0.265682846
,710008040,-22.907101723812204,-43.15725960063031,153.6,17.2,0.180572212,0.00482225418,0.265682846
,710008040,-22.907101723812204,-43.15725960063031,153.6,17.2,0.180572212,0.00482225418,0.265682846
,710008040,-22.907101723812204,-43.15725960063031,153.6,17.2,0.180572212,0.00482225418,0.265682846
,710008040,-22.907101723812204,-43.15725960063031,153.6,17.2,0.180572212,0.00482225418,0.265682846
,710008040,-22.907101723812204,-43.15725960063031,153.6,17.2,0.180572212,0.00482225418,0.265682846
,710008040,-22.907101723812204,-43.15725960063031,153.6,17.2,0.180572212,0.00482225418,0.265682846
,710008040,-22.907101723812204,-43.15725960063031,153.6,17.2,0.180572212,0.00482225418,0.265682846
,710008040,-22.907101723812204,-43.15725960063031,153.6,17.2,0.180572212,0.00482225418,0.265682846
,710008040,-22.907101723812204,-43.15725960063031,153.6,17.2,0.180572212,0.00482225418,0.265682846
,710008040,-22.90717283289313,-43.157220291936696,153.6,17.2,0.180572212,0.00482225418,0.265682846
,710008040,-22.90717283289313,-43.157220291936696,153.6,17.2,0.180572212,0.00482225418,0.265682846
,710008040,-22.90717283289313,-43.157220291936696,153.6,17.2,0.180572212,0.00482225418,0.265682846
,710008040,-22.90717283289313,-43.157220291936696,153.6,17.2,0.180572212,0.00482225418,0.265682846
,710008040,-22.90717283289313,-43.157220291936696,153.6,17.2,0.180572212,0.00482225418,0.265682846
,710008040,-22.90717283289313,-43.157220291936696,153.6,17.2,0.180572212,0.00482225418,0.265682846
,710008040,-22.90717283289313,-43.157220291936696,153.6,17.2,0.180572212,0.00482225418,0.265682846
,710008040,-22.90717283289313,-43.157220291936696,153.6,17.2,0.180572212,0.00482225418,0.265682846
,710008040,-22.90717283289313,-43.157220291936696,153.6,17.2,0.180572212,0.00482225418,0.265682846
,710008040,-22.90717283289313,-43.157220291936696,153.6,17.2,0.180572212,0.00482225418,0.265682846
,710008040,-22.90717283289313,-43.157220291936696,153.6,17.2,0.180572212,0.00482225418,0.265682846
,710008040,-22.90717283289313,-43.157220291936696,153.6,17.2,0.180572212,0.00482225418,0.265682846
,710008040,-22.90717283289313,-43.157220291936696,153.6,17.2,0.180572212,0.00482225418,0.265682846
,710008040,-22.90717283289313,-43.157220291936696,153.6,17.2,0.180572212,0.00482225418,0.265682846
,710008040,-22.90717283289313,-43.157220291936696,153.6,17.2,0.180572212,0.00482225418,0.265682846
,710008040,-22.90717283289313,-43.157220291936696,153.6,17.2,0.180572212,0.00482225418,0.265682846
,710008040,-22.90717283289313,-43.157220291936696,153.6,17.2,0.180572212,0.00482225418,0.265682846
,710008040,-22.90717283289313,-43.157220291936696,153.6,17.2,0.180572212,0.00482225418,0.265682846
,710008040,-22.90717283289313,-43.157220291936696,153.6,17.2,0.180572212,0.00482225418,0.265682846
,710008040,-22.90717283289313,-43.157220291936696,153.6,17.2,0.180572212,0.00482225418,0.265682846
,710008040,-22.90717283289313,-43.157220291936696,153.6,17.2,0.180572212,0.00482225418,0.265682846
,710008040,-22.90717283289313,-43.157220291936696,153.6,17.2,0.180572212,0.00482225418,0.265682846
,710008040,-22.90717283289313,-43.157220291936696,153.6,17.2,0.180572212,0.00482225418,0.265682846
,710008040,-22.90717283289313,-43.157220291936696,153.6,17.2,0.180572212,0.00482225418,0.265682846
,710008040,-22.90717283289313,-43.157220291936696,153.6,17.2,0.180572212,0.00482225418,0.265682846
,710008040,-22.90717283289313,-43.157220291936696,153.6,17.2,0.180572212,0.00482225418,0.265682846
,710008040,-22.90717283289313,-43.157220291936696,153.6,17.2,0.180572212,0.00482225418,0.265682846
,710008040,-22.90717283289313,-43.157220291936696,153.6,17.2,0.180572212,0.00482225418,0.265682846
,710008040,-22.90717283289313,-43.157220291936696,153.6,17.2,0.180572212,0.00482225418,0.265682846
,710008040,-22.90717283289313,-43.157220291936696,153.6,17.2,0.180572212,0.00482225418,0.265682846
,710008040,-22.90717283289313,-43.157220291936696,153.6,17.2,0.180572212,0.00482225418,0.265682846
,710008040,-22.90717283289313,-43.157220291936696,153.6,17.2,0.180572212,0.00482225418,0.265682846
,710008040,-22.90717283289313,-43.157220291936696,153.6,17.2,0.180572212,0.00482225418,0.265682846
,710008040,-22.90717283289313,-43.157220291936696,153.6,17.2,0.180572212,0.00482225418,0.265682846
,710008040,-22.90717283289313,-43.157220291936696,153.6,17.2,0.180572212,0.00482225418,0.265682846
,710008040,-22.90717283289313,-43.157220291936696,153.6,17.2,0.180572212,0.00482225418,0.265682846
,710008040,-22.90717283289313,-43.157220291936696,153.6,17.2,0.180572212,0.00482225418,0.265682846
,710008040,-22.90717283289313,-43.157220291936696,153.6,17.2,0.180572212,0.00482225418,0.265682846
,710008040,-22.90717283289313,-43.157220291936696,153.6,17.2,0.180572212,0.00482225418,0.265682846
,710008040,-22.90717283289313,-43.157220291936696,153.6,17.2,0.180572212,0.00482225418,0.265682846
,710008040,-22.90717283289313,-43.157220291936696,153.6,17.2,0.180572212,0.00482225418,0.265682846
,710008040,-22.90717283289313,-43.157220291936696,153.6,17.2,0.180572212,0.00482225418,0.265682846
,710008040,-22.90717283289313,-43.157220291936696,153.6,17.2,0.180572212,0.00482225418,0.265682846
,710008040,-22.90717283289313,-43.157220291936696,153.6,17.2,0.180572212,0.00482225418,0.265682846
,710008040,-22.90717283289313,-43.157220291936696,153.6,17.2,0.180572212,0.00482225418,0.265682846
,710008040,-22.90717283289313,-43.157220291936696,153.6,17.2,0.180572212,0.00482225418,0.265682846
,710008040,-22.90717283289313,-43.157220291936696,153.6,17.2,0.180572212,0.00482225418,0.265682846
,710008040,-22.90717283289313,-43.157220291936696,153.6,17.2,0.180572212,0.00482225418,0.265682846
,710008040,-22.90717283289313,-43.157220291936696,153.6,17.2,0.180572212,0.00482225418,0.265682846
,710008040,-22.90717283289313,-43.157220291936696,153.6,17.2,0.180572212,0.00482225418,0.265682846
,710008040,-22.90717283289313,-43.157220291936696,153.6,17.2,0.180572212,0.00482225418,0.265682846
,710008040,-22.90717283289313,-43.157220291936696,153.6,17.2,0.180572212,0.00482225418,0.265682846
,710008040,-22.90717283289313,-43.157220291936696,153.6,17.2,0.180572212,0.00482225418,0.265682846
,710008040,-22.90717283289313,-43.157220291936696,153.6,17.2,0.180572212,0.00482225418,0.265682846
,710008040,-22.90717283289313,-43.157220291936696,153.6,17.2,0.180572212,0.00482225418,0.265682846
,710008040,-22.90717283289313,-43.157220291936696,153.6,17.2,0.180572212,0.00482225418,0.265682846
,710008040,-22.90717283289313,-43.157220291936696,153.6,17.2,0.180572212,0.00482225418,0.265682846
,710008040,-22.90717283289313,-43.157220291936696,153.6,17.2,0.180572212,0.00482225418,0.265682846
,710008040,-22.90717283289313,-43.157220291936696,153.6,17.2,0.180572212,0.00482225418,0.265682846
,710008040,-22.90717283289313,-43.157220291936696,153.6,17.2,0.180572212,0.00482225418,0.265682846
,710008040,-22.90717283289313,-43.157220291936696,153.6,17.2,0.189127773,0.00375556946,0.256472707
,710008040,-22.90717283289313,-43.157220291936696,153.6,17.2,0.189127773,0.00375556946,0.256472707
,710008040,-22.90717283289313,-43.157220291936696,153.6,17.2,0.189127773,0.00375556946,0.256472707
,710008040,-22.90717283289313,-43.157220291936696,153.6,17.2,0.189127773,0.00375556946,0.256472707
,710008040,-22.90717283289313,-43.157220291936696,153.6,17.2,0.189127773,0.00375556946,0.256472707
,710008040,-22.90717283289313,-43.157220291936696,153.6,17.2,0.189127773,0.00375556946,0.256472707
,710008040,-22.90717283289313,-43.157220291936696,153.6,17.2,0.189127773,0.00375556946,0.256472707
,710008040,-22.90717283289313,-43.157220291936696,153.6,17.2,0.189127773,0.00375556946,0.256472707
,710008040,-22.90717283289313,-43.157220291936696,153.6,17.2,0.189127773,0.00375556946,0.256472707
,710008040,-22.90717283289313,-43.157220291936696,153.6,17.2,0.189127773,0.00375556946,0.256472707
,710008040,-22.90717283289313,-43.157220291936696,153.6,17.2,0.189127773,0.00375556946,0.256472707
,710008040,-22.90717283289313,-43.157220291936696,153.6,17.2,0.189127773,0.00375556946,0.256472707
,710008040,-22.90717283289313,-43.157220291936696,153.6,17.2,0.189127773,0.00375556946,0.255552292
,710008040,-22.90717283289313,-43.157220291936696,153.6,17.2,0.189127773,0.00375556946,0.255552292
,710008040,-22.90717283289313,-43.157220291936696,153.6,17.2,0.189127773,0.00375556946,0.255552292
,710008040,-22.90717283289313,-43.157220291936696,153.6,17.2,0.189127773,0.00375556946,0.255552292
,710008040,-22.90717283289313,-43.157220291936696,153.6,17.2,0.189127773,0.00375556946,0.255552292
,710008040,-22.90717283289313,-43.157220291936696,153.6,17.2,0.189127773,0.00375556946,0.255552292
,710008040,-22.90717283289313,-43.157220291936696,153.6,17.2,0.189127773,0.00375556946,0.255552292
,710008040,-22.90717283289313,-43.157220291936696,153.6,17.2,0.189127773,0.00375556946,0.255552292
,710008040,-22.90717283289313,-43.157220291936696,153.6,17.2,0.189127773,0.00375556946,0.255552292
,710008040,-22.90717283289313,-43.157220291936696,153.6,17.2,0.189127773,0.00375556946,0.255552292
,710008040,-22.90717283289313,-43.157220291936696,153.6,17.2,0.189127773,0.00375556946,0.255552292
,710008040,-22.90717283289313,-43.157220291936696,153.6,17.2,0.189127773,0.00375556946,0.255552292
,710008040,-22.90717283289313,-43.157220291936696,153.6,17.2,0.189127773,0.00375556946,0.255552292
,710008040,-22.90717283289313,-43.157220291936696,153.6,17.2,0.189127773,0.00375556946,0.255552292
,710008040,-22.90717283289313,-43.157220291936696,153.6,17.2,0.189127773,0.00375556946,0.255552292
,710008040,-22.90717283289313,-43.157220291936696,153.6,17.2,0.189127773,0.00375556946,0.255552292
,710008040,-22.90717283289313,-43.157220291936696,153.6,17.2,0.189127773,0.00375556946,0.255552292
,710008040,-22.90717283289313,-43.157220291936696,153.6,17.2,0.189127773,0.00375556946,0.255552292
,710008040,-22.907243941961042,-43.157180983199964,153.6,17.2,0.189127773,0.00375556946,0.255552292
,710008040,-22.907243941961042,-43.157180983199964,153.6,17.2,0.189127773,0.00375556946,0.255552292
,710008040,-22.907243941961042,-43.157180983199964,153.6,17.2,0.189127773,0.00375556946,0.255552292
,710008040,-22.907243941961042,-43.157180983199964,153.6,17.2,0.189127773,0.00375556946,0.255552292
,710008040,-22.907243941961042,-43.157180983199964,153.6,17.2,0.189127773,0.00375556946,0.255552292
,710008040,-22.907243941961042,-43.157180983199964,153.6,17.2,0.189127773,0.00375556946,0.255552292
,710008040,-22.907243941961042,-43.157180983199964,153.6,17.2,0.189127773,0.00375556946,0.255552292
,710008040,-22.907243941961042,-43.157180983199964,153.6,17.2,0.189127773,0.00375556946,0.255552292
,710008040,-22.907243941961042,-43.157180983199964,153.6,17.2,0.189127773,0.00375556946,0.255552292
,710008040,-22.907243941961042,-43.157180983199964,153.6,17.2,0.189127773,0.00375556946,0.255552292
,710008040,-22.907243941961042,-43.157180983199964,153.6,17.2,0.189127773,0.00375556946,0.255552292
,710008040,-22.907243941961042,-43.157180983199964,153.6,17.2,0.189127773,0.00375556946,0.255552292
,710008040,-22.907243941961042,-43.157180983199964,153.6,17.2,0.189127773,0.00375556946,0.255552292
,710008040,-22.907243941961042,-43.157180983199964,153.6,17.2,0.189127773,0.00375556946,0.255552292
,710008040,-22.907243941961042,-43.157180983199964,153.6,17.2,0.189127773,0.00375556946,0.255552292
,710008040,-22.907243941961042,-43.157180983199964,153.6,17.2,0.189127773,0.00375556946,0.255552292
,710008040,-22.907243941961042,-43.157180983199964,153.6,17.2,0.189127773,0.00375556946,0.255552292
,710008040,-22.907243941961042,-43.157180983199964,153.6,17.2,0.189127773,0.00375556946,0.255552292
,710008040,-22.907243941961042,-43.157180983199964,153.6,17.2,0.189127773,0.00375556946,0.255552292
,710008040,-22.907243941961042,-43.157180983199964,153.6,17.2,0.189127773,0.00375556946,0.255552292
,710008040,-22.907243941961042,-43.157180983199964,153.6,17.2,0.189127773,0.00375556946,0.255552292
,710008040,-22.907243941961042,-43.157180983199964,153.6,17.2,0.189127773,0.00375556946,0.255552292
,710008040,-22.907243941961042,-43.157180983199964,153.6,17.2,0.189127773,0.00375556946,0.255552292
,710008040,-22.907243941961042,-43.157180983199964,153.6,17.2,0.189127773,0.00375556946,0.255552292
,710008040,-22.907243941961042,-43.157180983199964,153.6,17.2,0.189127773,0.00375556946,0.255552292
,710008040,-22.907243941961042,-43.157180983199964,153.6,17.2,0.189127773,0.00375556946,0.255552292
,710008040,-22.907243941961042,-43.157180983199964,153.6,17.2,0.189127773,0.00375556946,0.255552292
,710008040,-22.907243941961042,-43.157180983199964,153.6,17.2,0.189127773,0.00375556946,0.255552292
,710008040,-22.907243941961042,-43.157180983199964,153.6,17.2,0.189127773,0.00375556946,0.255552292
,710008040,-22.907243941961042,-43.157180983199964,153.6,17.2,0.189127773,0.00375556946,0.255552292
,710008040,-22.907243941961042,-43.157180983199964,153.6,17.2,0.189127773,0.00375556946,0.255552292
,710008040,-22.907243941961042,-43.157180983199964,153.6,17.2,0.189127773,0.00375556946,0.255552292
,710008040,-22.907243941961042,-43.157180983199964,153.6,17.2,0.189127773,0.00375556946,0.255552292
,710008040,-22.907243941961042,-43.157180983199964,153.6,17.2,0.189127773,0.00375556946,0.255552292
,710008040,-22.907243941961042,-43.157180983199964,153.6,17.2,0.189127773,0.00375556946,0.255552292
,710008040,-22.907243941961042,-43.157180983199964,153.6,17.2,0.189127773,0.00375556946,0.255552292
,710008040,-22.907243941961042,-43.157180983199964,153.6,17.2,0.189127773,0.00375556946,0.255552292
,710008040,-22.907243941961042,-43.157180983199964,153.6,17.2,0.189127773,0.00375556946,0.255552292
,710008040,-22.907243941961042,-43.157180983199964,153.6,17.2,0.189127773,0.00375556946,0.255552292
,710008040,-22.907243941961042,-43.157180983199964,153.6,17.2,0.189127773,0.00375556946,0.255552292
,710008040,-22.907243941961042,-43.157180983199964,153.6,17.2,0.189127773,0.00375556946,0.255552292
,710008040,-22.907243941961042,-43.157180983199964,153.6,17.2,0.189127773,0.00375556946,0.255552292
,710008040,-22.907243941961042,-43.157180983199964,153.6,17.2,0.189127773,0.00375556946,0.255552292
,710008040,-22.907243941961042,-43.157180983199964,153.6,17.2,0.189127773,0.00375556946,0.255552292
,710008040,-22.907243941961042,-43.157180983199964,153.6,17.2,0.189127773,0.00375556946,0.255552292
,710008040,-22.907243941961042,-43.157180983199964,153.6,17.2,0.189127773,0.00375556946,0.255552292
,710008040,-22.907243941961042,-43.157180983199964,153.6,17.2,0.189127773,0.00375556946,0.255552292
,710008040,-22.907243941961042,-43.157180983199964,153.6,17.2,0.189127773,0.00375556946,0.255552292
,710008040,-22.907243941961042,-43.157180983199964,153.6,17.2,0.189127773,0.00375556946,0.255552292
,710008040,-22.907243941961042,-43.157180983199964,153.6,17.2,0.189127773,0.00375556946,0.255552292
,710008040,-22.907243941961042,-43.157180983199964,153.6,17.2,0.189127773,0.00375556946,0.255552292
,710008040,-22.907243941961042,-43.157180983199964,153.6,17.2,0.189127773,0.00375556946,0.255552292
,710008040,-22.907243941961042,-43.157180983199964,153.6,17.2,0.189127773,0.00375556946,0.255552292
,710008040,-22.907243941961042,-43.157180983199964,153.6,17.2,0.189127773,0.00375556946,0.255552292
,710008040,-22.907243941961042,-43.157180983199964,153.6,17.2,0.189127773,0.00375556946,0.255552292
,710008040,-22.907243941961042,-43.157180983199964,153.6,17.2,0.189127773,0.00375556946,0.255552292
,710008040,-22.907243941961042,-43.157180983199964,153.6,17.2,0.189127773,0.00375556946,0.255552292
,710008040,-22.907243941961042,-43.157180983199964,153.6,17.2,0.189127773,0.00375556946,0.255552292
,710008040,-22.907243941961042,-43.157180983199964,153.6,17.2,0.189127773,0.00375556946,0.255552292
,710008040,-22.907243941961042,-43.157180983199964,153.6,17.2,0.189127773,0.00375556946,0.255552292
,710008040,-22.907243941961042,-43.157180983199964,153.6,17.2,0.189127773,0.00375556946,0.255552292
,710008040,-22.907243941961042,-43.157180983199964,153.6,17.2,0.189127773,0.00375556946,0.255552292
,710008040,-22.907243941961042,-43.157180983199964,153.6,17.2,0.189127773,0.00375556946,0.255552292
,710008040,-22.907243941961042,-43.157180983199964,153.6,17.2,0.189127773,0.00375556946,0.255552292
,710008040,-22.907243941961042,-43.157180983199964,153.6,17.2,0.189127773,0.00375556946,0.255552292
,710008040,-22.907243941961042,-43.157180983199964,153.6,17.2,0.189127773,0.00375556946,0.255552292
,710008040,-22.907243941961042,-43.157180983199964,153.6,17.2,0.189127773,0.00375556946,0.255552292
,710008040,-22.907243941961042,-43.157180983199964,153.6,17.2,0.189127773,0.00375556946,0.255552292
,710008040,-22.907243941961042,-43.157180983199964,153.6,17.2,0.189127773,0.00375556946,0.255552292
,710008040,-22.907243941961042,-43.157180983199964,153.6,17.2,0.189127773,0.00375556946,0.255552292
,710008040,-22.907243941961042,-43.157180983199964,153.6,17.2,0.189127773,0.00375556946,0.255552292
,710008040,-22.907243941961042,-43.157180983199964,153.6,17.2,0.189127773,0.00375556946,0.255552292
,710008040,-22.907243941961042,-43.157180983199964,153.6,17.2,0.189127773,0.00375556946,0.255552292
,710008040,-22.907243941961042,-43.157180983199964,153.6,17.2,0.189127773,0.00375556946,0.255552292
,710008040,-22.907243941961042,-43.157180983199964,153.6,17.2,0.189127773,0.00375556946,0.255552292
,710008040,-22.907243941961042,-43.157180983199964,153.6,17.2,0.189127773,0.00375556946,0.255552292
,710008040,-22.907243941961042,-43.157180983199964,153.6,17.2,0.189127773,0.00375556946,0.255552292
,710008040,-22.907243941961042,-43.157180983199964,153.6,17.2,0.189127773,0.00375556946,0.255552292
,710008040,-22.907243941961042,-43.157180983199964,153.6,17.2,0.189127773,0.00375556946,0.255552292
,710008040,-22.907243941961042,-43.157180983199964,153.6,17.2,0.189127773,0.00375556946,0.255552292
,710008040,-22.907243941961042,-43.157180983199964,153.6,17.2,0.189127773,0.00375556946,0.255552292
,710008040,-22.907243941961042,-43.157180983199964,153.6,17.2,0.189127773,0.00375556946,0.255552292
,710008040,-22.907243941961042,-43.157180983199964,153.6,17.2,0.189127773,0.00375556946,0.255552292
,710008040,-22.907243941961042,-43.157180983199964,153.6,17.2,0.189127773,0.00375556946,0.255552292
,710008040,-22.907243941961042,-43.157180983199964,153.6,17.2,0.189127773,0.00375556946,0.255552292
,710008040,-22.907243941961042,-43.157180983199964,153.6,17.2,0.189127773,0.00375556946,0.255552292
,710008040,-22.907243941961042,-43.157180983199964,153.6,17.2,0.189127773,0.00375556946,0.255552292
,710008040,-22.907243941961042,-43.157180983199964,153.6,17.2,0.189127773,0.00375556946,0.255552292
,710008040,-22.907243941961042,-43.157180983199964,153.6,17.2,0.189127773,0.00375556946,0.255552292
,710008040,-22.907243941961042,-43.157180983199964,153.6,17.2,0.189127773,0.00375556946,0.255552292
,710008040,-22.907243941961042,-43.157180983199964,153.6,17.2,0.189127773,0.00375556946,0.255552292
,710008040,-22.907243941961042,-43.157180983199964,153.6,17.2,0.189127773,0.00375556946,0.255552292
,710008040,-22.907243941961042,-43.157180983199964,153.6,17.2,0.189127773,0.00375556946,0.255552292
,710008040,-22.907243941961042,-43.157180983199964,153.6,17.2,0.189127773,0.00375556946,0.255552292
,710008040,-22.907243941961042,-43.157180983199964,153.6,17.2,0.189127773,0.00375556946,0.255552292
,710008040,-22.907243941961042,-43.157180983199964,153.6,17.2,0.189127773,0.00375556946,0.255552292
,710008040,-22.907243941961042,-43.157180983199964,153.6,17.2,0.189127773,0.00375556946,0.255552292
,710008040,-22.907243941961042,-43.157180983199964,153.6,17.2,0.189127773,0.00375556946,0.255552292
,710008040,-22.907243941961042,-43.157180983199964,153.6,17.2,0.189127773,0.00375556946,0.255552292
,710008040,-22.907243941961042,-43.157180983199964,153.6,17.2,0.189127773,0.00375556946,0.255552292
,710008040,-22.907243941961042,-43.157180983199964,153.6,17.2,0.189127773,0.00375556946,0.255552292
,710008040,-22.90731505101594,-43.15714167442012,153.6,17.2,0.189127773,0.00375556946,0.255552292
,710008040,-22.90731505101594,-43.15714167442012,153.6,17.2,0.189127773,0.00375556946,0.255552292
,710008040,-22.90731505101594,-43.15714167442012,153.6,17.2,0.189127773,0.00375556946,0.255552292
,710008040,-22.90731505101594,-43.15714167442012,153.6,17.2,0.189127773,0.00375556946,0.255552292
,710008040,-22.90731505101594,-43.15714167442012,153.6,17.2,0.189127773,0.00375556946,0.255552292
,710008040,-22.90731505101594,-43.15714167442012,153.6,17.2,0.189127773,0.00375556946,0.255552292
,710008040,-22.90731505101594,-43.15714167442012,153.6,17.2,0.189127773,0.00375556946,0.255552292
,710008040,-22.90731505101594,-43.15714167442012,153.6,17.2,0.189127773,0.00375556946,0.255552292
,710008040,-22.90731505101594,-43.15714167442012,153.6,17.2,0.189127773,0.00375556946,0.255552292
,710008040,-22.90731505101594,-43.15714167442012,153.6,17.2,0.189127773,0.00375556946,0.255552292
,710008040,-22.90731505101594,-43.15714167442012,153.6,17.2,0.189127773,0.00375556946,0.255552292
,710008040,-22.90731505101594,-43.15714167442012,153.6,17.2,0.189127773,0.00375556946,0.255552292
,710008040,-22.90731505101594,-43.15714167442012,153.6,17.2,0.189127773,0.00375556946,0.255552292
,710008040,-22.90731505101594,-43.15714167442012,153.6,17.2,0.189127773,0.00375556946,0.255552292
,710008040,-22.90731505101594,-43.15714167442012,153.6,17.2,0.189127773,0.00375556946,0.255552292
,710008040,-22.90731505101594,-43.15714167442012,153.6,17.2,0.189127773,0.00375556946,0.255552292
,710008040,-22.90731505101594,-43.15714167442012,153.6,17.2,0.189127773,0.00375556946,0.255552292
,710008040,-22.90731505101594,-43.15714167442012,153.6,17.2,0.189127773,0.00375556946,0.255552292
,710008040,-22.90731505101594,-43.15714167442012,153.6,17.2,0.189127773,0.00375556946,0.255552292
,710008040,-22.90731505101594,-43.15714167442012,153.6,17.2,0.189127773,0.00375556946,0.255552292
,710008040,-22.90731505101594,-43.15714167442012,153.6,17.2,0.189127773,0.00375556946,0.255552292
,710008040,-22.90731505101594,-43.15714167442012,153.6,17.2,0.189127773,0.00375556946,0.255552292
,710008040,-22.90731505101594,-43.15714167442012,153.6,17.2,0.189127773,0.00375556946,0.255552292
,710008040,-22.90731505101594,-43.15714167442012,153.6,17.2,0.189127773,0.00375556946,0.255552292
,710008040,-22.90731505101594,-43.15714167442012,153.6,17.2,0.189127773,0.00375556946,0.255552292
,710008040,-22.90731505101594,-43.15714167442012,153.6,17.2,0.189127773,0.00375556946,0.255552292
,710008040,-22.90731505101594,-43.15714167442012,153.6,17.2,0.189127773,0.00375556946,0.255552292
,710008040,-22.90731505101594,-43.15714167442012,153.6,17.2,0.189127773,0.00375556946,0.255552292
,710008040,-22.90731505101594,-43.15714167442012,153.6,17.2,0.189127773,0.00375556946,0.255552292
,710008040,-22.90731505101594,-43.15714167442012,153.6,17.2,0.189127773,0.00375556946,0.255552292
,710008040,-22.90731505101594,-43.15714167442012,153.6,17.2,0.189127773,0.00375556946,0.255552292
,710008040,-22.90731505101594,-43.15714167442012,153.6,17.2,0.189127773,0.00375556946,0.255552292
,710008040,-22.90731505101594,-43.15714167442012,153.6,17.2,0.189127773,0.00375556946,0.255552292
,710008040,-22.90731505101594,-43.15714167442012,153.6,17.2,0.189127773,0.00375556946,0.255552292
,710008040,-22.90731505101594,-43.15714167442012,153.6,17.2,0.189127773,0.00375556946,0.255552292
,710008040,-22.90731505101594,-43.15714167442012,153.6,17.2,0.189127773,0.00375556946,0.255552292
,710008040,-22.90731505101594,-43.15714167442012,153.6,17.2,0.189127773,0.00375556946,0.255552292
,710008040,-22.90731505101594,-43.15714167442012,153.6,17.2,0.189127773,0.00375556946,0.255552292
,710008040,-22.90731505101594,-43.15714167442012,153.6,17.2,0.189127773,0.00375556946,0.255552292
,710008040,-22.90731505101594,-43.15714167442012,153.6,17.2,0.189127773,0.00375556946,0.255552292
,710008040,-22.90731505101594,-43.15714167442012,153.6,17.2,0.189127773,0.00375556946,0.255552292
,710008040,-22.90731505101594,-43.15714167442012,153.6,17.2,0.189127773,0.00375556946,0.255552292
,710008040,-22.90731505101594,-43.15714167442012,153.6,17.2,0.189127773,0.00375556946,0.255552292
,710008040,-22.90731505101594,-43.15714167442012,153.6,17.2,0.189127773,0.00375556946,0.255552292
,710008040,-22.90731505101594,-43.15714167442012,153.6,17.2,0.189127773,0.00375556946,0.255552292
,710008040,-22.90731505101594,-43.15714167442012,153.6,17.2,0.189127773,0.00375556946,0.255552292
,710008040,-22.90731505101594,-43.15714167442012,153.6,17.2,0.189127773,0.00375556946,0.255552292
,710008040,-22.90731505101594,-43.15714167442012,153.6,17.2,0.189127773,0.00375556946,0.255552292
,710008040,-22.90731505101594,-43.15714167442012,153.6,17.2,0.189127773,0.00375556946,0.255552292
,710008040,-22.90731505101594,-43.15714167442012,153.6,17.2,0.189127773,0.00375556946,0.255552292
,710008040,-22.90731505101594,-43.15714167442012,153.6,17.2,0.189127773,0.00375556946,0.255552292
,710008040,-22.90731505101594,-43.15714167442012,153.6,17.2,0.189127773,0.00375556946,0.255552292
,710008040,-22.90731505101594,-43.15714167442012,153.6,17.2,0.189127773,0.00375556946,0.255552292
,710008040,-22.90731505101594,-43.15714167442012,153.6,17.2,0.189127773,0.00375556946,0.255552292
,710008040,-22.90731505101594,-43.15714167442012,153.6,17.2,0.189127773,0.00375556946,0.255552292
,710008040,-22.90731505101594,-43.15714167442012,153.6,17.2,0.189127773,0.00375556946,0.255552292
,710008040,-22.90731505101594,-43.15714167442012,153.6,17.2,0.189127773,0.00375556946,0.255552292
,710008040,-22.90731505101594,-43.15714167442012,153.6,17.2,0.189127773,0.00375556946,0.255552292
,710008040,-22.90731505101594,-43.15714167442012,153.6,17.2,0.189127773,0.00375556946,0.255552292
,710008040,-22.90731505101594,-43.15714167442012,153.6,17.2,0.189127773,0.00375556946,0.255552292
,710008040,-22.90731505101594,-43.15714167442012,153.6,17.2,0.189127773,0.00375556946,0.255552292
,710008040,-22.90731505101594,-43.15714167442012,153.6,17.2,0.189127773,0.00375556946,0.255552292
,710008040,-22.90731505101594,-43.15714167442012,153.6,17.2,0.189127773,0.00375556946,0.255552292
,710008040,-22.90731505101594,-43.15714167442012,153.6,17.2,0.189127773,0.00375556946,0.255552292
,710008040,-22.90731505101594,-43.15714167442012,153.6,17.2,0.189127773,0.00375556946,0.255552292
,710008040,-22.90731505101594,-43.15714167442012,153.6,17.2,0.189127773,0.00375556946,0.255552292
,710008040,-22.90731505101594,-43.15714167442012,153.6,17.2,0.189127773,0.00375556946,0.255552292
,710008040,-22.90731505101594,-43.15714167442012,153.6,17.2,0.189127773,0.00375556946,0.255552292
,710008040,-22.90731505101594,-43.15714167442012,153.6,17.2,0.189127773,0.00375556946,0.255552292
,710008040,-22.90731505101594,-43.15714167442012,153.6,17.2,0.189127773,0.00375556946,0.255552292
,710008040,-22.90731505101594,-43.15714167442012,153.6,17.2,0.189127773,0.00375556946,0.255552292
,710008040,-22.90731505101594,-43.15714167442012,153.6,17.2,0.189127773,0.00375556946,0.255552292
,710008040,-22.90731505101594,-43.15714167442012,153.6,17.2,0.189127773,0.00375556946,0.255552292
,710008040,-22.90731505101594,-43.15714167442012,153.6,17.2,0.189127773,0.00375556946,0.255552292
,710008040,-22.90731505101594,-43.15714167442012,153.6,17.2,0.189127773,0.00375556946,0.255552292
,710008040,-22.90731505101594,-43.15714167442012,153.6,17.2,0.189127773,0.00375556946,0.255552292
,710008040,-22.90731505101594,-43.15714167442012,153.6,17.2,0.189127773,0.00375556946,0.255552292
,710008040,-22.90731505101594,-43.15714167442012,153.6,17.2,0.189127773,0.00375556946,0.255552292
,710008040,-22.90731505101594,-43.15714167442012,153.6,17.2,0.189127773,0.00375556946,0.255552292
,710008040,-22.90731505101594,-43.15714167442012,153.6,17.2,0.189127773,0.00375556946,0.255552292
,710008040,-22.90731505101594,-43.15714167442012,153.6,17.2,0.189127773,0.00375556946,0.255552292
,710008040,-22.90731505101594,-43.15714167442012,153.6,17.2,0.189127773,0.00375556946,0.255552292
,710008040,-22.90731505101594,-43.15714167442012,153.6,17.2,0.189127773,0.00375556946,0.255552292
,710008040,-22.90731505101594,-43.15714167442012,153.6,17.2,0.189127773,0.00375556946,0.255552292
,710008040,-22.907386160057815,-43.157102365597154,153.6,17.2,0.189127773,0.00375556946,0.255552292
,710008040,-22.907386160057815,-43.157102365597154,153.6,17.2,0.189127773,0.00375556946,0.255552292
,710008040,-22.907386160057815,-43.157102365597154,153.6,17.2,0.189127773,0.00375556946,0.255552292
,710008040,-22.907386160057815,-43.157102365597154,153.6,17.2,0.189127773,0.00375556946,0.255552292
,710008040,-22.907386160057815,-43.157102365597154,153.6,17.2,0.189127773,0.00375556946,0.255552292
,710008040,-22.907386160057815,-43.157102365597154,153.6,17.2,0.189127773,0.00375556946,0.255552292
,710008040,-22.907386160057815,-43.157102365597154,153.6,17.2,0.189127773,0.00375556946,0.255552292
,710008040,-22.907386160057815,-43.157102365597154,153.6,17.2,0.189127773,0.00375556946,0.255552292
,710008040,-22.907386160057815,-43.157102365597154,153.6,17.2,0.189127773,0.00375556946,0.255552292
,710008040,-22.907386160057815,-43.157102365597154,153.6,17.2,0.189127773,0.00375556946,0.255552292
,710008040,-22.907386160057815,-43.157102365597154,153.6,17.2,0.189127773,0.00375556946,0.255552292
,710008040,-22.907386160057815,-43.157102365597154,153.6,17.2,0.189127773,0.00375556946,0.255552292
,710008040,-22.907386160057815,-43.157102365597154,153.6,17.2,0.189127773,0.00375556946,0.255552292
,710008040,-22.907386160057815,-43.157102365597154,153.6,17.2,0.189127773,0.00375556946,0.255552292
,710008040,-22.907386160057815,-43.157102365597154,153.6,17.2,0.189127773,0.00375556946,0.255552292
,710008040,-22.907386160057815,-43.157102365597154,153.6,17.2,0.189127773,0.00375556946,0.255552292
,710008040,-22.907386160057815,-43.157102365597154,153.6,17.2,0.189127773,0.00375556946,0.255552292
,710008040,-22.907386160057815,-43.157102365597154,153.6,17.2,0.189127773,0.00375556946,0.255552292
,710008040,-22.907386160057815,-43.157102365597154,153.6,17.2,0.189127773,0.00375556946,0.255552292
,710008040,-22.907386160057815,-43.157102365597154,153.6,17.2,0.189127773,0.00375556946,0.255552292
,710008040,-22.907386160057815,-43.157102365597154,153.6,17.2,0.189127773,0.00375556946,0.255552292
,710008040,-22.907386160057815,-43.157102365597154,153.6,17.2,0.189127773,0.00375556946,0.255552292
,710008040,-22.907386160057815,-43.157102365597154,153.6,17.2,0.189127773,0.00375556946,0.255552292
,710008040,-22.907386160057815,-43.157102365597154,153.6,17.2,0.189127773,0.00375556946,0.255552292
,710008040,-22.907386160057815,-43.157102365597154,153.6,17.2,0.189127773,0.00375556946,0.255552292
,710008040,-22.907386160057815,-43.157102365597154,153.6,17.2,0.189127773,0.00375556946,0.255552292
,710008040,-22.907386160057815,-43.157102365597154,153.6,17.2,0.189127773,0.00375556946,0.255552292
,710008040,-22.907386160057815,-43.157102365597154,153.6,17.2,0.189127773,0.00375556946,0.255552292
,710008040,-22.907386160057815,-43.157102365597154,153.6,17.2,0.189127773,0.00375556946,0.255552292
,710008040,-22.907386160057815,-43.157102365597154,153.6,17.2,0.189127773,0.00375556946,0.255552292
,710008040,-22.907386160057815,-43.157102365597154,153.6,17.2,0.189127773,0.00375556946,0.255552292
,710008040,-22.907386160057815,-43.157102365597154,153.6,17.2,0.189127773,0.00375556946,0.255552292
,710008040,-22.907386160057815,-43.157102365597154,153.6,17.2,0.189127773,0.00375556946,0.255552292
,710008040,-22.907386160057815,-43.157102365597154,153.6,17.2,0.189127773,0.00375556946,0.255552292
,710008040,-22.907386160057815,-43.157102365597154,153.6,17.2,0.189127773,0.00375556946,0.255552292
,710008040,-22.907386160057815,-43.157102365597154,153.6,17.2,0.189127773,0.00375556946,0.255552292
,710008040,-22.907386160057815,-43.157102365597154,153.6,17.2,0.189127773,0.00375556946,0.255552292
,710008040,-22.907386160057815,-43.157102365597154,153.6,17.2,0.189127773,0.00375556946,0.255552292
,710008040,-22.907386160057815,-43.157102365597154,153.6,17.2,0.189127773,0.00375556946,0.255552292
,710008040,-22.907386160057815,-43.157102365597154,153.6,17.2,0.189127773,0.00375556946,0.255552292
,710008040,-22.907386160057815,-43.157102365597154,153.6,17.2,0.189127773,0.00375556946,0.255552292
,710008040,-22.907386160057815,-43.157102365597154,153.6,17.2,0.189127773,0.00375556946,0.255552292
,710008040,-22.907386160057815,-43.157102365597154,153.6,17.2,0.189127773,0.00375556946,0.255552292
,710008040,-22.907386160057815,-43.157102365597154,153.6,17.2,0.189127773,0.00375556946,0.255552292
,710008040,-22.907386160057815,-43.157102365597154,153.6,17.2,0.189127773,0.00375556946,0.255552292
,710008040,-22.907386160057815,-43.157102365597154,153.6,17.2,0.189127773,0.00375556946,0.255552292
,710008040,-22.907386160057815,-43.157102365597154,153.6,17.2,0.189127773,0.00375556946,0.255552292
,710008040,-22.907386160057815,-43.157102365597154,153.6,17.2,0.189127773,0.00375556946,0.255552292
,710008040,-22.907386160057815,-43.157102365597154,153.6,17.2,0.189127773,0.00375556946,0.255552292
,710008040,-22.907386160057815,-43.157102365597154,153.6,17.2,0.189127773,0.00375556946,0.255552292
,710008040,-22.907404491156687,-43.15719541455975,157.7,16.3,0.189127773,0.00375556946,0.255552292
,710008040,-22.907404491156687,-43.15719541455975,157.7,16.3,0.189127773,0.00375556946,0.255552292
,710008040,-22.907404491156687,-43.15719541455975,157.7,16.3,0.189127773,0.00375556946,0.255552292
,710008040,-22.907404491156687,-43.15719541455975,157.7,16.3,0.189127773,0.00375556946,0.255552292
,710008040,-22.907404491156687,-43.15719541455975,157.7,16.3,0.189127773,0.00375556946,0.255552292
,710008040,-22.907404491156687,-43.15719541455975,157.7,16.3,0.198294446,0.00263333321,0.246577755
,710008040,-22.907404491156687,-43.15719541455975,157.7,16.3,0.198294446,0.00263333321,0.246577755
,710008040,-22.907404491156687,-43.15719541455975,157.7,16.3,0.198294446,0.00263333321,0.246577755
,710008040,-22.907404491156687,-43.15719541455975,157.7,16.3,0.198294446,0.00263333321,0.246577755
,710008040,-22.907404491156687,-43.15719541455975,157.7,16.3,0.198294446,0.00263333321,0.246577755
,710008040,-22.907404491156687,-43.15719541455975,157.7,16.3,0.198294446,0.00263333321,0.246577755
,710008040,-22.907404491156687,-43.15719541455975,157.7,16.3,0.198294446,0.00263333321,0.246577755
,710008040,-22.907404491156687,-43.15719541455975,157.7,16.3,0.198294446,0.00263333321,0.246577755
,710008040,-22.907404491156687,-43.15719541455975,157.7,16.3,0.198294446,0.00263333321,0.246577755
,710008040,-22.907404491156687,-43.15719541455975,157.7,16.3,0.198294446,0.00263333321,0.246577755
,710008040,-22.907404491156687,-43.15719541455975,157.7,16.3,0.198294446,0.00263333321,0.247467369
,710008040,-22.907404491156687,-43.15719541455975,157.7,16.3,0.198294446,0.00263333321,0.247467369
,710008040,-22.907404491156687,-43.15719541455975,157.7,16.3,0.198294446,0.00263333321,0.247467369
,710008040,-22.907404491156687,-43.15719541455975,157.7,16.3,0.198294446,0.00263333321,0.247467369
,710008040,-22.907404491156687,-43.15719541455975,157.7,16.3,0.198294446,0.00263333321,0.247467369
,710008040,-22.907404491156687,-43.15719541455975,157.7,16.3,0.198294446,0.00263333321,0.247467369
,710008040,-22.907404491156687,-43.15719541455975,157.7,16.3,0.198294446,0.00263333321,0.247467369
,710008040,-22.907404491156687,-43.15719541455975,157.7,16.3,0.198294446,0.00263333321,0.247467369
,710008040,-22.907404491156687,-43.15719541455975,157.7,16.3,0.198294446,0.00263333321,0.247467369
,710008040,-22.907404491156687,-43.15719541455975,157.7,16.3,0.198294446,0.00263333321,0.247467369
,710008040,-22.907404491156687,-43.15719541455975,157.7,16.3,0.198294446,0.00263333321,0.247467369
,710008040,-22.907404491156687,-43.15719541455975,157.7,16.3,0.198294446,0.00263333321,0.247467369
,710008040,-22.907404491156687,-43.15719541455975,157.7,16.3,0.198294446,0.00263333321,0.247467369
,710008040,-22.907404491156687,-43.15719541455975,157.7,16.3,0.198294446,0.00263333321,0.247467369
,710008040,-22.907404491156687,-43.15719541455975,157.7,16.3,0.198294446,0.00263333321,0.247467369
,710008040,-22.907404491156687,-43.15719541455975,157.7,16.3,0.198294446,0.00263333321,0.247467369
,710008040,-22.907404491156687,-43.15719541455975,157.7,16.3,0.198294446,0.00263333321,0.247467369
,710008040,-22.907404491156687,-43.15719541455975,157.7,16.3,0.198294446,0.00263333321,0.247467369
,710008040,-22.907404491156687,-43.15719541455975,157.7,16.3,0.198294446,0.00263333321,0.247467369
,710008040,-22.907404491156687,-43.15719541455975,157.7,16.3,0.198294446,0.00263333321,0.247467369
,710008040,-22.907404491156687,-43.15719541455975,157.7,16.3,0.198294446,0.00263333321,0.247467369
,710008040,-22.907404491156687,-43.15719541455975,157.7,16.3,0.198294446,0.00263333321,0.247467369
,710008040,-22.907404491156687,-43.15719541455975,157.7,16.3,0.198294446,0.00263333321,0.247467369
,710008040,-22.907404491156687,-43.15719541455975,157.7,16.3,0.198294446,0.00263333321,0.247467369
,710008040,-22.907404491156687,-43.15719541455975,157.7,16.3,0.198294446,0.00263333321,0.247467369
,710008040,-22.907404491156687,-43.15719541455975,157.7,16.3,0.198294446,0.00263333321,0.247467369
,710008040,-22.907404491156687,-43.15719541455975,157.7,16.3,0.198294446,0.00263333321,0.247467369
,710008040,-22.907404491156687,-43.15719541455975,157.7,16.3,0.198294446,0.00263333321,0.247467369
,710008040,-22.907404491156687,-43.15719541455975,157.7,16.3,0.198294446,0.00263333321,0.247467369
,710008040,-22.907404491156687,-43.15719541455975,157.7,16.3,0.198294446,0.00263333321,0.247467369
,710008040,-22.907404491156687,-43.15719541455975,157.7,16.3,0.198294446,0.00263333321,0.247467369
,710008040,-22.907404491156687,-43.15719541455975,157.7,16.3,0.198294446,0.00263333321,0.247467369
,710008040,-22.907404491156687,-43.15719541455975,157.7,16.3,0.198294446,0.00263333321,0.247467369
,710008040,-22.907404491156687,-43.15719541455975,157.7,16.3,0.198294446,0.00263333321,0.247467369
,710008040,-22.907404491156687,-43.15719541455975,157.7,16.3,0.198294446,0.00263333321,0.247467369
,710008040,-22.907404491156687,-43.15719541455975,157.7,16.3,0.198294446,0.00263333321,0.247467369
,710008040,-22.907404491156687,-43.15719541455975,157.7,16.3,0.198294446,0.00263333321,0.247467369
,710008040,-22.907404491156687,-43.15719541455975,157.7,16.3,0.198294446,0.00263333321,0.247467369
,710008040,-22.907404491156687,-43.15719541455975,157.7,16.3,0.198294446,0.00263333321,0.247467369
,710008040,-22.907404491156687,-43.15719541455975,157.7,16.3,0.198294446,0.00263333321,0.247467369
,710008040,-22.907404491156687,-43.15719541455975,157.7,16.3,0.198294446,0.00263333321,0.247467369
,710008040,-22.907404491156687,-43.15719541455975,157.7,16.3,0.198294446,0.00263333321,0.247467369
,710008040,-22.907404491156687,-43.15719541455975,157.7,16.3,0.198294446,0.00263333321,0.247467369
,710008040,-22.907404491156687,-43.15719541455975,157.7,16.3,0.198294446,0.00263333321,0.247467369
,710008040,-22.907404491156687,-43.15719541455975,157.7,16.3,0.198294446,0.00263333321,0.247467369
,710008040,-22.907404491156687,-43.15719541455975,157.7,16.3,0.198294446,0.00263333321,0.247467369
,710008040,-22.907404491156687,-43.15719541455975,157.7,16.3,0.198294446,0.00263333321,0.247467369
,710008040,-22.907404491156687,-43.15719541455975,157.7,16.3,0.198294446,0.00263333321,0.247467369
,710008040,-22.907404491156687,-43.15719541455975,157.7,16.3,0.198294446,0.00263333321,0.247467369
,710008040,-22.907404491156687,-43.15719541455975,157.7,16.3,0.198294446,0.00263333321,0.247467369
,710008040,-22.907404491156687,-43.15719541455975,157.7,16.3,0.198294446,0.00263333321,0.247467369
,710008040,-22.907404491156687,-43.15719541455975,157.7,16.3,0.198294446,0.00263333321,0.247467369
,710008040,-22.907404491156687,-43.15719541455975,157.7,16.3,0.198294446,0.00263333321,0.247467369
,710008040,-22.907404491156687,-43.15719541455975,157.7,16.3,0.198294446,0.00263333321,0.247467369
,710008040,-22.907404491156687,-43.15719541455975,157.7,16.3,0.198294446,0.00263333321,0.247467369
,710008040,-22.907474174327245,-43.15716345878713,157.7,16.3,0.198294446,0.00263333321,0.247467369
,710008040,-22.907474174327245,-43.15716345878713,157.7,16.3,0.198294446,0.00263333321,0.247467369
,710008040,-22.907474174327245,-43.15716345878713,157.7,16.3,0.198294446,0.00263333321,0.247467369
,710008040,-22.907474174327245,-43.15716345878713,157.7,16.3,0.198294446,0.00263333321,0.247467369
,710008040,-22.907474174327245,-43.15716345878713,157.7,16.3,0.198294446,0.00263333321,0.247467369
,710008040,-22.907474174327245,-43.15716345878713,157.7,16.3,0.198294446,0.00263333321,0.247467369
,710008040,-22.907474174327245,-43.15716345878713,157.7,16.3,0.198294446,0.00263333321,0.247467369
,710008040,-22.907474174327245,-43.15716345878713,157.7,16.3,0.198294446,0.00263333321,0.247467369
,710008040,-22.907474174327245,-43.15716345878713,157.7,16.3,0.198294446,0.00263333321,0.247467369
,710008040,-22.907474174327245,-43.15716345878713,157.7,16.3,0.198294446,0.00263333321,0.247467369
,710008040,-22.907474174327245,-43.15716345878713,157.7,16.3,0.198294446,0.00263333321,0.247467369
,710008040,-22.907474174327245,-43.15716345878713,157.7,16.3,0.198294446,0.00263333321,0.247467369
,710008040,-22.907474174327245,-43.15716345878713,157.7,16.3,0.198294446,0.00263333321,0.247467369
,710008040,-22.907474174327245,-43.15716345878713,157.7,16.3,0.198294446,0.00263333321,0.247467369
,710008040,-22.907474174327245,-43.15716345878713,157.7,16.3,0.198294446,0.00263333321,0.247467369
,710008040,-22.907474174327245,-43.15716345878713,157.7,16.3,0.198294446,0.00263333321,0.247467369
,710008040,-22.907474174327245,-43.15716345878713,157.7,16.3,0.198294446,0.00263333321,0.247467369
,710008040,-22.907474174327245,-43.15716345878713,157.7,16.3,0.198294446,0.00263333321,0.247467369
,710008040,-22.907474174327245,-43.15716345878713,157.7,16.3,0.198294446,0.00263333321,0.247467369
,710008040,-22.907474174327245,-43.15716345878713,157.7,16.3,0.198294446,0.00263333321,0.247467369
,710008040,-22.907474174327245,-43.15716345878713,157.7,16.3,0.198294446,0.00263333321,0.247467369
,710008040,-22.907474174327245,-43.15716345878713,157.7,16.3,0.198294446,0.00263333321,0.247467369
,710008040,-22.907474174327245,-43.15716345878713,157.7,16.3,0.198294446,0.00263333321,0.247467369
,710008040,-22.907474174327245,-43.15716345878713,157.7,16.3,0.198294446,0.00263333321,0.247467369
,710008040,-22.907474174327245,-43.15716345878713,157.7,16.3,0.198294446,0.00263333321,0.247467369
,710008040,-22.907474174327245,-43.15716345878713,157.7,16.3,0.198294446,0.00263333321,0.247467369
,710008040,-22.907474174327245,-43.15716345878713,157.7,16.3,0.198294446,0.00263333321,0.247467369
,710008040,-22.907474174327245,-43.15716345878713,157.7,16.3,0.198294446,0.00263333321,0.247467369
,710008040,-22.907474174327245,-43.15716345878713,157.7,16.3,0.198294446,0.00263333321,0.247467369
,710008040,-22.907474174327245,-43.15716345878713,157.7,16.3,0.198294446,0.00263333321,0.247467369
,710008040,-22.907474174327245,-43.15716345878713,157.7,16.3,0.198294446,0.00263333321,0.247467369
,710008040,-22.907474174327245,-43.15716345878713,157.7,16.3,0.198294446,0.00263333321,0.247467369
,710008040,-22.907474174327245,-43.15716345878713,157.7,16.3,0.198294446,0.00263333321,0.247467369
,710008040,-22.907474174327245,-43.15716345878713,157.7,16.3,0.198294446,0.00263333321,0.247467369
,710008040,-22.907474174327245,-43.15716345878713,157.7,16.3,0.198294446,0.00263333321,0.247467369
,710008040,-22.907474174327245,-43.15716345878713,157.7,16.3,0.198294446,0.00263333321,0.247467369
,710008040,-22.907474174327245,-43.15716345878713,157.7,16.3,0.198294446,0.00263333321,0.247467369
,710008040,-22.907474174327245,-43.15716345878713,157.7,16.3,0.198294446,0.00263333321,0.247467369
,710008040,-22.907474174327245,-43.15716345878713,157.7,16.3,0.198294446,0.00263333321,0.247467369
,710008040,-22.907474174327245,-43.15716345878713,157.7,16.3,0.198294446,0.00263333321,0.247467369
,710008040,-22.907474174327245,-43.15716345878713,157.7,16.3,0.198294446,0.00263333321,0.247467369
,710008040,-22.907474174327245,-43.15716345878713,157.7,16.3,0.198294446,0.00263333321,0.247467369
,710008040,-22.907474174327245,-43.15716345878713,157.7,16.3,0.198294446,0.00263333321,0.247467369
,710008040,-22.907474174327245,-43.15716345878713,157.7,16.3,0.198294446,0.00263333321,0.247467369
,710008040,-22.907474174327245,-43.15716345878713,157.7,16.3,0.198294446,0.00263333321,0.247467369
,710008040,-22.907474174327245,-43.15716345878713,157.7,16.3,0.198294446,0.00263333321,0.247467369
,710008040,-22.907474174327245,-43.15716345878713,157.7,16.3,0.198294446,0.00263333321,0.247467369
,710008040,-22.907474174327245,-43.15716345878713,157.7,16.3,0.198294446,0.00263333321,0.247467369
,710008040,-22.907474174327245,-43.15716345878713,157.7,16.3,0.198294446,0.00263333321,0.247467369
,710008040,-22.907474174327245,-43.15716345878713,157.7,16.3,0.198294446,0.00263333321,0.247467369
,710008040,-22.907474174327245,-43.15716345878713,157.7,16.3,0.198294446,0.00263333321,0.247467369
,710008040,-22.907474174327245,-43.15716345878713,157.7,16.3,0.198294446,0.00263333321,0.247467369
,710008040,-22.907474174327245,-43.15716345878713,157.7,16.3,0.198294446,0.00263333321,0.247467369
,710008040,-22.907474174327245,-43.15716345878713,157.7,16.3,0.198294446,0.00263333321,0.247467369
,710008040,-22.907474174327245,-43.15716345878713,157.7,16.3,0.198294446,0.00263333321,0.247467369
,710008040,-22.907474174327245,-43.15716345878713,157.7,16.3,0.198294446,0.00263333321,0.247467369
,710008040,-22.907474174327245,-43.15716345878713,157.7,16.3,0.198294446,0.00263333321,0.247467369
,710008040,-22.907474174327245,-43.15716345878713,157.7,16.3,0.198294446,0.00263333321,0.247467369
,710008040,-22.907474174327245,-43.15716345878713,157.7,16.3,0.198294446,0.00263333321,0.247467369
,710008040,-22.907474174327245,-43.15716345878713,157.7,16.3,0.198294446,0.00263333321,0.247467369
,710008040,-22.907474174327245,-43.15716345878713,157.7,16.3,0.198294446,0.00263333321,0.247467369
,710008040,-22.907474174327245,-43.15716345878713,157.7,16.3,0.198294446,0.00263333321,0.247467369
,710008040,-22.907474174327245,-43.15716345878713,157.7,16.3,0.198294446,0.00263333321,0.247467369
,710008040,-22.907474174327245,-43.15716345878713,157.7,16.3,0.198294446,0.00263333321,0.247467369
,710008040,-22.907474174327245,-43.15716345878713,157.7,16.3,0.198294446,0.00263333321,0.247467369
,710008040,-22.907474174327245,-43.15716345878713,157.7,16.3,0.198294446,0.00263333321,0.247467369
,710008040,-22.907474174327245,-43.15716345878713,157.7,16.3,0.198294446,0.00263333321,0.247467369
,710008040,-22.907474174327245,-43.15716345878713,157.7,16.3,0.198294446,0.00263333321,0.247467369
,710008040,-22.907474174327245,-43.15716345878713,157.7,16.3,0.198294446,0.00263333321,0.247467369
,710008040,-22.907474174327245,-43.15716345878713,157.7,16.3,0.198294446,0.00263333321,0.247467369
,710008040,-22.907474174327245,-43.15716345878713,157.7,16.3,0.198294446,0.00263333321,0.247467369
,710008040,-22.907474174327245,-43.15716345878713,157.7,16.3,0.198294446,0.00263333321,0.247467369
,710008040,-22.907474174327245,-43.15716345878713,157.7,16.3,0.198294446,0.00263333321,0.247467369
,710008040,-22.907474174327245,-43.15716345878713,157.7,16.3,0.198294446,0.00263333321,0.247467369
,710008040,-22.907474174327245,-43.15716345878713,157.7,16.3,0.198294446,0.00263333321,0.247467369
,710008040,-22.907474174327245,-43.15716345878713,157.7,16.3,0.198294446,0.00263333321,0.247467369
,710008040,-22.907474174327245,-43.15716345878713,157.7,16.3,0.198294446,0.00263333321,0.247467369
,710008040,-22.907474174327245,-43.15716345878713,157.7,16.3,0.198294446,0.00263333321,0.247467369
,710008040,-22.907474174327245,-43.15716345878713,157.7,16.3,0.198294446,0.00263333321,0.247467369
,710008040,-22.907474174327245,-43.15716345878713,157.7,16.3,0.198294446,0.00263333321,0.247467369
,710008040,-22.907543857488655,-43.1571315029796,157.7,16.3,0.198294446,0.00263333321,0.247467369
,710008040,-22.907543857488655,-43.1571315029796,157.7,16.3,0.198294446,0.00263333321,0.247467369
,710008040,-22.907543857488655,-43.1571315029796,157.7,16.3,0.198294446,0.00263333321,0.247467369
,710008040,-22.907543857488655,-43.1571315029796,157.7,16.3,0.198294446,0.00263333321,0.247467369
,710008040,-22.907543857488655,-43.1571315029796,157.7,16.3,0.198294446,0.00263333321,0.247467369
,710008040,-22.907543857488655,-43.1571315029796,157.7,16.3,0.198294446,0.00263333321,0.247467369
,710008040,-22.907543857488655,-43.1571315029796,157.7,16.3,0.198294446,0.00263333321,0.247467369
,710008040,-22.907543857488655,-43.1571315029796,157.7,16.3,0.198294446,0.00263333321,0.247467369
,710008040,-22.907543857488655,-43.1571315029796,157.7,16.3,0.198294446,0.00263333321,0.247467369
,710008040,-22.907543857488655,-43.1571315029796,157.7,16.3,0.198294446,0.00263333321,0.247467369
,710008040,-22.907543857488655,-43.1571315029796,157.7,16.3,0.198294446,0.00263333321,0.247467369
,710008040,-22.907543857488655,-43.1571315029796,157.7,16.3,0.198294446,0.00263333321,0.247467369
,710008040,-22.907543857488655,-43.1571315029796,157.7,16.3,0.198294446,0.00263333321,0.247467369
,710008040,-22.907543857488655,-43.1571315029796,157.7,16.3,0.198294446,0.00263333321,0.247467369
,710008040,-22.907543857488655,-43.1571315029796,157.7,16.3,0.198294446,0.00263333321,0.247467369
,710008040,-22.907543857488655,-43.1571315029796,157.7,16.3,0.198294446,0.00263333321,0.247467369
,710008040,-22.907543857488655,-43.1571315029796,157.7,16.3,0.198294446,0.00263333321,0.247467369
,710008040,-22.907543857488655,-43.1571315029796,157.7,16.3,0.198294446,0.00263333321,0.247467369
,710008040,-22.907543857488655,-43.1571315029796,157.7,16.3,0.198294446,0.00263333321,0.247467369
,710008040,-22.907543857488655,-43.1571315029796,157.7,16.3,0.198294446,0.00263333321,0.247467369
,710008040,-22.907543857488655,-43.1571315029796,157.7,16.3,0.198294446,0.00263333321,0.247467369
,710008040,-22.907543857488655,-43.1571315029796,157.7,16.3,0.198294446,0.00263333321,0.247467369
,710008040,-22.907543857488655,-43.1571315029796,157.7,16.3,0.198294446,0.00263333321,0.247467369
,710008040,-22.907543857488655,-43.1571315029796,157.7,16.3,0.198294446,0.00263333321,0.247467369
,710008040,-22.907543857488655,-43.1571315029796,157.7,16.3,0.198294446,0.00263333321,0.247467369
,710008040,-22.907543857488655,-43.1571315029796,157.7,16.3,0.198294446,0.00263333321,0.247467369
,710008040,-22.907543857488655,-43.1571315029796,157.7,16.3,0.198294446,0.00263333321,0.247467369
,710008040,-22.907543857488655,-43.1571315029796,157.7,16.3,0.198294446,0.00263333321,0.247467369
,710008040,-22.907543857488655,-43.1571315029796,157.7,16.3,0.198294446,0.00263333321,0.247467369
,710008040,-22.907543857488655,-43.1571315029796,157.7,16.3,0.198294446,0.00263333321,0.247467369
,710008040,-22.907543857488655,-43.1571315029796,157.7,16.3,0.198294446,0.00263333321,0.247467369
,710008040,-22.907543857488655,-43.1571315029796,157.7,16.3,0.198294446,0.00263333321,0.247467369
,710008040,-22.907543857488655,-43.1571315029796,157.7,16.3,0.198294446,0.00263333321,0.247467369
,710008040,-22.907543857488655,-43.1571315029796,157.7,16.3,0.198294446,0.00263333321,0.247467369
,710008040,-22.907543857488655,-43.1571315029796,157.7,16.3,0.198294446,0.00263333321,0.247467369
,710008040,-22.907543857488655,-43.1571315029796,157.7,16.3,0.198294446,0.00263333321,0.247467369
,710008040,-22.907543857488655,-43.1571315029796,157.7,16.3,0.198294446,0.00263333321,0.247467369
,710008040,-22.907543857488655,-43.1571315029796,157.7,16.3,0.198294446,0.00263333321,0.247467369
,710008040,-22.907543857488655,-43.1571315029796,157.7,16.3,0.198294446,0.00263333321,0.247467369
,710008040,-22.907543857488655,-43.1571315029796,157.7,16.3,0.198294446,0.00263333321,0.247467369
,710008040,-22.907543857488655,-43.1571315029796,157.7,16.3,0.198294446,0.00263333321,0.247467369
,710008040,-22.907543857488655,-43.1571315029796,157.7,16.3,0.198294446,0.00263333321,0.247467369
,710008040,-22.907543857488655,-43.1571315029796,157.7,16.3,0.198294446,0.00263333321,0.247467369
,710008040,-22.907543857488655,-43.1571315029796,157.7,16.3,0.198294446,0.00263333321,0.247467369
,710008040,-22.907543857488655,-43.1571315029796,157.7,16.3,0.198294446,0.00263333321,0.247467369
,710008040,-22.907543857488655,-43.1571315029796,157.7,16.3,0.198294446,0.00263333321,0.247467369
,710008040,-22.907543857488655,-43.1571315029796,157.7,16.3,0.198294446,0.00263333321,0.247467369
,710008040,-22.907543857488655,-43.1571315029796,157.7,16.3,0.198294446,0.00263333321,0.247467369
,710008040,-22.907543857488655,-43.1571315029796,157.7,16.3,0.198294446,0.00263333321,0.247467369
,710008040,-22.907543857488655,-43.1571315029796,157.7,16.3,0.198294446,0.00263333321,0.247467369
,710008040,-22.907543857488655,-43.1571315029796,157.7,16.3,0.198294446,0.00263333321,0.247467369
,710008040,-22.907543857488655,-43.1571315029796,157.7,16.3,0.198294446,0.00263333321,0.247467369
,710008040,-22.907543857488655,-43.1571315029796,157.7,16.3,0.198294446,0.00263333321,0.247467369
,710008040,-22.907543857488655,-43.1571315029796,157.7,16.3,0.198294446,0.00263333321,0.247467369
,710008040,-22.907543857488655,-43.1571315029796,157.7,16.3,0.198294446,0.00263333321,0.247467369
,710008040,-22.907543857488655,-43.1571315029796,157.7,16.3,0.198294446,0.00263333321,0.247467369
,710008040,-22.907543857488655,-43.1571315029796,157.7,16.3,0.198294446,0.00263333321,0.247467369
,710008040,-22.907543857488655,-43.1571315029796,157.7,16.3,0.198294446,0.00263333321,0.247467369
,710008040,-22.907543857488655,-43.1571315029796,157.7,16.3,0.198294446,0.00263333321,0.247467369
,710008040,-22.907543857488655,-43.1571315029796,157.7,16.3,0.198294446,0.00263333321,0.247467369
,710008040,-22.907543857488655,-43.1571315029796,157.7,16.3,0.198294446,0.00263333321,0.247467369
,710008040,-22.907543857488655,-43.1571315029796,157.7,16.3,0.198294446,0.00263333321,0.247467369
,710008040,-22.907543857488655,-43.1571315029796,157.7,16.3,0.198294446,0.00263333321,0.247467369
,710008040,-22.907543857488655,-43.1571315029796,157.7,16.3,0.198294446,0.00263333321,0.247467369
,710008040,-22.907543857488655,-43.1571315029796,157.7,16.3,0.198294446,0.00263333321,0.247467369
,710008040,-22.907543857488655,-43.1571315029796,157.7,16.3,0.198294446,0.00263333321,0.247467369
,710008040,-22.907543857488655,-43.1571315029796,157.7,16.3,0.198294446,0.00263333321,0.247467369
,710008040,-22.907543857488655,-43.1571315029796,157.7,16.3,0.198294446,0.00263333321,0.247467369
,710008040,-22.907543857488655,-43.1571315029796,157.7,16.3,0.198294446,0.00263333321,0.247467369
,710008040,-22.907543857488655,-43.1571315029796,157.7,16.3,0.198294446,0.00263333321,0.247467369
,710008040,-22.907543857488655,-43.1571315029796,157.7,16.3,0.200049996,0.00118887424,0.234695852
,710008040,-22.907543857488655,-43.1571315029796,157.7,16.3,0.200049996,0.00118887424,0.234695852
,710008040,-22.907543857488655,-43.1571315029796,157.7,16.3,0.200049996,0.00118887424,0.234695852
,710008040,-22.907543857488655,-43.1571315029796,157.7,16.3,0.200049996,0.00118887424,0.234695852
,710008040,-22.907543857488655,-43.1571315029796,157.7,16.3,0.200049996,0.00118887424,0.234695852
,710008040,-22.90761354064092,-43.157099547137165,157.7,16.3,0.200049996,0.00118887424,0.234466195
,710008040,-22.90761354064092,-43.157099547137165,157.7,16.3,0.200049996,0.00118887424,0.234466195
,710008040,-22.90761354064092,-43.157099547137165,157.7,16.3,0.200049996,0.00118887424,0.234466195
,710008040,-22.90761354064092,-43.157099547137165,157.7,16.3,0.200049996,0.00118887424,0.234466195
,710008040,-22.90761354064092,-43.157099547137165,157.7,16.3,0.200049996,0.00118887424,0.234466195
,710008040,-22.90761354064092,-43.157099547137165,157.7,16.3,0.200049996,0.00118887424,0.234466195
,710008040,-22.90761354064092,-43.157099547137165,157.7,16.3,0.200049996,0.00118887424,0.234466195
,710008040,-22.90761354064092,-43.157099547137165,157.7,16.3,0.200049996,0.00118887424,0.234466195
,710008040,-22.90761354064092,-43.157099547137165,157.7,16.3,0.200049996,0.00118887424,0.234466195
,710008040,-22.90761354064092,-43.157099547137165,157.7,16.3,0.200049996,0.00118887424,0.234466195
,710008040,-22.90761354064092,-43.157099547137165,157.7,16.3,0.200049996,0.00118887424,0.234466195
,710008040,-22.90761354064092,-43.157099547137165,157.7,16.3,0.200049996,0.00118887424,0.234466195
,710008040,-22.90761354064092,-43.157099547137165,157.7,16.3,0.200049996,0.00118887424,0.234466195
,710008040,-22.90761354064092,-43.157099547137165,157.7,16.3,0.200049996,0.00118887424,0.234466195
,710008040,-22.90761354064092,-43.157099547137165,157.7,16.3,0.200049996,0.00118887424,0.234466195
,710008040,-22.90761354064092,-43.157099547137165,157.7,16.3,0.200049996,0.00118887424,0.234466195
,710008040,-22.90761354064092,-43.157099547137165,157.7,16.3,0.200049996,0.00118887424,0.234466195
,710008040,-22.90761354064092,-43.157099547137165,157.7,16.3,0.200049996,0.00118887424,0.234466195
,710008040,-22.90761354064092,-43.157099547137165,157.7,16.3,0.200049996,0.00118887424,0.234466195
,710008040,-22.90761354064092,-43.157099547137165,157.7,16.3,0.200049996,0.00118887424,0.234466195
,710008040,-22.90761354064092,-43.157099547137165,157.7,16.3,0.200049996,0.00118887424,0.234466195
,710008040,-22.90761354064092,-43.157099547137165,157.7,16.3,0.200049996,0.00118887424,0.234466195
,710008040,-22.90761354064092,-43.157099547137165,157.7,16.3,0.200049996,0.00118887424,0.234466195
,710008040,-22.90761354064092,-43.157099547137165,157.7,16.3,0.200049996,0.00118887424,0.234466195
,710008040,-22.90761354064092,-43.157099547137165,157.7,16.3,0.200049996,0.00118887424,0.234466195
,710008040,-22.90761354064092,-43.157099547137165,157.7,16.3,0.200049996,0.00118887424,0.234466195
,710008040,-22.90761354064092,-43.157099547137165,157.7,16.3,0.200049996,0.00118887424,0.234466195
,710008040,-22.90761354064092,-43.157099547137165,157.7,16.3,0.200049996,0.00118887424,0.234466195
,710008040,-22.90761354064092,-43.157099547137165,157.7,16.3,0.200049996,0.00118887424,0.234466195
,710008040,-22.90761354064092,-43.157099547137165,157.7,16.3,0.200049996,0.00118887424,0.234466195
,710008040,-22.90761354064092,-43.157099547137165,157.7,16.3,0.200049996,0.00118887424,0.234466195
,710008040,-22.90761354064092,-43.157099547137165,157.7,16.3,0.200049996,0.00118887424,0.234466195
,710008040,-22.90761354064092,-43.157099547137165,157.7,16.3,0.200049996,0.00118887424,0.234466195
,710008040,-22.90761354064092,-43.157099547137165,157.7,16.3,0.200049996,0.00118887424,0.234466195
,710008040,-22.90761354064092,-43.157099547137165,157.7,16.3,0.200049996,0.00118887424,0.234466195
,710008040,-22.90761354064092,-43.157099547137165,157.7,16.3,0.200049996,0.00118887424,0.234466195
,710008040,-22.90761354064092,-43.157099547137165,157.7,16.3,0.200049996,0.00118887424,0.234466195
,710008040,-22.90761354064092,-43.157099547137165,157.7,16.3,0.200049996,0.00118887424,0.234466195
,710008040,-22.90761354064092,-43.157099547137165,157.7,16.3,0.200049996,0.00118887424,0.234466195
,710008040,-22.90761354064092,-43.157099547137165,157.7,16.3,0.200049996,0.00118887424,0.234466195
,710008040,-22.90761354064092,-43.157099547137165,157.7,16.3,0.200049996,0.00118887424,0.234466195
,710008040,-22.90761354064092,-43.157099547137165,157.7,16.3,0.200049996,0.00118887424,0.234466195
,710008040,-22.90761354064092,-43.157099547137165,157.7,16.3,0.200049996,0.00118887424,0.234466195
,710008040,-22.90761354064092,-43.157099547137165,157.7,16.3,0.200049996,0.00118887424,0.234466195
,710008040,-22.90761354064092,-43.157099547137165,157.7,16.3,0.200049996,0.00118887424,0.234466195
,710008040,-22.90761354064092,-43.157099547137165,157.7,16.3,0.200049996,0.00118887424,0.234466195
,710008040,-22.90761354064092,-43.157099547137165,157.7,16.3,0.200049996,0.00118887424,0.234466195
,710008040,-22.90761354064092,-43.157099547137165,157.7,16.3,0.200049996,0.00118887424,0.234466195
,710008040,-22.90761354064092,-43.157099547137165,157.7,16.3,0.200049996,0.00118887424,0.234466195
,710008040,-22.90761354064092,-43.157099547137165,157.7,16.3,0.200049996,0.00118887424,0.234466195
,710008040,-22.90761354064092,-43.157099547137165,157.7,16.3,0.200049996,0.00118887424,0.234466195
,710008040,-22.90761354064092,-43.157099547137165,157.7,16.3,0.200049996,0.00118887424,0.234466195
,710008040,-22.90761354064092,-43.157099547137165,157.7,16.3,0.200049996,0.00118887424,0.234466195
,710008040,-22.90761354064092,-43.157099547137165,157.7,16.3,0.200049996,0.00118887424,0.234466195
,710008040,-22.90761354064092,-43.157099547137165,157.7,16.3,0.200049996,0.00118887424,0.234466195
,710008040,-22.90761354064092,-43.157099547137165,157.7,16.3,0.200049996,0.00118887424,0.234466195
,710008040,-22.90761354064092,-43.157099547137165,157.7,16.3,0.200049996,0.00118887424,0.234466195
,710008040,-22.90761354064092,-43.157099547137165,157.7,16.3,0.200049996,0.00118887424,0.234466195
,710008040,-22.90761354064092,-43.157099547137165,157.7,16.3,0.200049996,0.00118887424,0.234466195
,710008040,-22.90761354064092,-43.157099547137165,157.7,16.3,0.200049996,0.00118887424,0.234466195
,710008040,-22.90761354064092,-43.157099547137165,157.7,16.3,0.200049996,0.00118887424,0.234466195
,710008040,-22.90761354064092,-43.157099547137165,157.7,16.3,0.200049996,0.00118887424,0.234466195
,710008040,-22.90761354064092,-43.157099547137165,157.7,16.3,0.200049996,0.00118887424,0.234466195
,710008040,-22.90761354064092,-43.157099547137165,157.7,16.3,0.200049996,0.00118887424,0.234466195
,710008040,-22.90761354064092,-43.157099547137165,157.7,16.3,0.200049996,0.00118887424,0.234466195
,710008040,-22.90761354064092,-43.157099547137165,157.7,16.3,0.200049996,0.00118887424,0.234466195
,710008040,-22.90761354064092,-43.157099547137165,157.7,16.3,0.200049996,0.00118887424,0.234466195
,710008040,-22.90761354064092,-43.157099547137165,157.7,16.3,0.200049996,0.00118887424,0.234466195
,710008040,-22.90761354064092,-43.157099547137165,157.7,16.3,0.200049996,0.00118887424,0.234466195
,710008040,-22.90761354064092,-43.157099547137165,157.7,16.3,0.200049996,0.00118887424,0.234466195
,710008040,-22.90768322378404,-43.15706759125982,157.7,16.3,0.200049996,0.00118887424,0.234466195
,710008040,-22.90768322378404,-43.15706759125982,157.7,16.3,0.200049996,0.00118887424,0.234466195
,710008040,-22.90768322378404,-43.15706759125982,157.7,16.3,0.200049996,0.00118887424,0.234466195
,710008040,-22.90768322378404,-43.15706759125982,157.7,16.3,0.200049996,0.00118887424,0.234466195
,710008040,-22.90768322378404,-43.15706759125982,157.7,16.3,0.200049996,0.00118887424,0.234466195
,710008040,-22.90768322378404,-43.15706759125982,157.7,16.3,0.200049996,0.00118887424,0.234466195
,710008040,-22.90768322378404,-43.15706759125982,157.7,16.3,0.200049996,0.00118887424,0.234466195
,710008040,-22.90768322378404,-43.15706759125982,157.7,16.3,0.200049996,0.00118887424,0.234466195
,710008040,-22.90768322378404,-43.15706759125982,157.7,16.3,0.200049996,0.00118887424,0.234466195
,710008040,-22.90768322378404,-43.15706759125982,157.7,16.3,0.200049996,0.00118887424,0.234466195
,710008040,-22.90768322378404,-43.15706759125982,157.7,16.3,0.200049996,0.00118887424,0.234466195
,710008040,-22.90768322378404,-43.15706759125982,157.7,16.3,0.200049996,0.00118887424,0.234466195
,710008040,-22.90768322378404,-43.15706759125982,157.7,16.3,0.200049996,0.00118887424,0.234466195
,710008040,-22.90768322378404,-43.15706759125982,157.7,16.3,0.200049996,0.00118887424,0.234466195
,710008040,-22.90768322378404,-43.15706759125982,157.7,16.3,0.200049996,0.00118887424,0.234466195
,710008040,-22.90768322378404,-43.15706759125982,157.7,16.3,0.200049996,0.00118887424,0.234466195
,710008040,-22.90768322378404,-43.15706759125982,157.7,16.3,0.200049996,0.00118887424,0.234466195
,710008040,-22.90768322378404,-43.15706759125982,157.7,16.3,0.200049996,0.00118887424,0.234466195
,710008040,-22.90768322378404,-43.15706759125982,157.7,16.3,0.200049996,0.00118887424,0.234466195
,710008040,-22.90768322378404,-43.15706759125982,157.7,16.3,0.200049996,0.00118887424,0.234466195
,710008040,-22.90768322378404,-43.15706759125982,157.7,16.3,0.200049996,0.00118887424,0.234466195
,710008040,-22.90768322378404,-43.15706759125982,157.7,16.3,0.200049996,0.00118887424,0.234466195
,710008040,-22.90768322378404,-43.15706759125982,157.7,16.3,0.200049996,0.00118887424,0.234466195
,710008040,-22.90768322378404,-43.15706759125982,157.7,16.3,0.200049996,0.00118887424,0.234466195
,710008040,-22.90768322378404,-43.15706759125982,157.7,16.3,0.200049996,0.00118887424,0.234466195
,710008040,-22.90768322378404,-43.15706759125982,157.7,16.3,0.200049996,0.00118887424,0.234466195
,710008040,-22.90768322378404,-43.15706759125982,157.7,16.3,0.200049996,0.00118887424,0.234466195
,710008040,-22.90768322378404,-43.15706759125982,157.7,16.3,0.200049996,0.00118887424,0.234466195
,710008040,-22.90768322378404,-43.15706759125982,157.7,16.3,0.200049996,0.00118887424,0.234466195
,710008040,-22.90768322378404,-43.15706759125982,157.7,16.3,0.200049996,0.00118887424,0.234466195
,710008040,-22.90768322378404,-43.15706759125982,157.7,16.3,0.200049996,0.00118887424,0.234466195
,710008040,-22.90768322378404,-43.15706759125982,157.7,16.3,0.200049996,0.00118887424,0.234466195
,710008040,-22.90768322378404,-43.15706759125982,157.7,16.3,0.200049996,0.00118887424,0.234466195
,710008040,-22.90768322378404,-43.15706759125982,157.7,16.3,0.200049996,0.00118887424,0.234466195
,710008040,-22.90768322378404,-43.15706759125982,157.7,16.3,0.200049996,0.00118887424,0.234466195
,710008040,-22.90768322378404,-43.15706759125982,157.7,16.3,0.200049996,0.00118887424,0.234466195
,710008040,-22.90768322378404,-43.15706759125982,157.7,16.3,0.200049996,0.00118887424,0.234466195
,710008040,-22.90768322378404,-43.15706759125982,157.7,16.3,0.200049996,0.00118887424,0.234466195
,710008040,-22.90768322378404,-43.15706759125982,157.7,16.3,0.200049996,0.00118887424,0.234466195
,710008040,-22.90768322378404,-43.15706759125982,157.7,16.3,0.200049996,0.00118887424,0.234466195
,710008040,-22.90768322378404,-43.15706759125982,157.7,16.3,0.200049996,0.00118887424,0.234466195
,710008040,-22.90768322378404,-43.15706759125982,157.7,16.3,0.200049996,0.00118887424,0.234466195
,710008040,-22.90768322378404,-43.15706759125982,157.7,16.3,0.200049996,0.00118887424,0.234466195
,710008040,-22.90768322378404,-43.15706759125982,157.7,16.3,0.200049996,0.00118887424,0.234466195
,710008040,-22.90768322378404,-43.15706759125982,157.7,16.3,0.200049996,0.00118887424,0.234466195
,710008040,-22.90768322378404,-43.15706759125982,157.7,16.3,0.200049996,0.00118887424,0.234466195
,710008040,-22.90768322378404,-43.15706759125982,157.7,16.3,0.200049996,0.00118887424,0.234466195
,710008040,-22.90768322378404,-43.15706759125982,157.7,16.3,0.200049996,0.00118887424,0.234466195
,710008040,-22.90768322378404,-43.15706759125982,157.7,16.3,0.200049996,0.00118887424,0.234466195
,710008040,-22.90768322378404,-43.15706759125982,157.7,16.3,0.200049996,0.00118887424,0.234466195
,710008040,-22.90768322378404,-43.15706759125982,157.7,16.3,0.200049996,0.00118887424,0.234466195
,710008040,-22.90768322378404,-43.15706759125982,157.7,16.3,0.200049996,0.00118887424,0.234466195
,710008040,-22.90768322378404,-43.15706759125982,157.7,16.3,0.200049996,0.00118887424,0.234466195
,710008040,-22.90768322378404,-43.15706759125982,157.7,16.3,0.200049996,0.00118887424,0.234466195
,710008040,-22.90768322378404,-43.15706759125982,157.7,16.3,0.200049996,0.00118887424,0.234466195
,710008040,-22.90768322378404,-43.15706759125982,157.7,16.3,0.200049996,0.00118887424,0.234466195
,710008040,-22.90768322378404,-43.15706759125982,157.7,16.3,0.200049996,0.00118887424,0.234466195
,710008040,-22.90768322378404,-43.15706759125982,157.7,16.3,0.200049996,0.00118887424,0.234466195
,710008040,-22.90768322378404,-43.15706759125982,157.7,16.3,0.200049996,0.00118887424,0.234466195
,710008040,-22.90768322378404,-43.15706759125982,157.7,16.3,0.200049996,0.00118887424,0.234466195
,710008040,-22.90768322378404,-43.15706759125982,157.7,16.3,0.200049996,0.00118887424,0.234466195
,710008040,-22.90768322378404,-43.15706759125982,157.7,16.3,0.200049996,0.00118887424,0.234466195
,710008040,-22.90768322378404,-43.15706759125982,157.7,16.3,0.200049996,0.00118887424,0.234466195
,710008040,-22.90768322378404,-43.15706759125982,157.7,16.3,0.200049996,0.00118887424,0.234466195
,710008040,-22.90768322378404,-43.15706759125982,157.7,16.3,0.200049996,0.00118887424,0.234466195
,710008040,-22.90768322378404,-43.15706759125982,157.7,16.3,0.200049996,0.00118887424,0.234466195
,710008040,-22.90768322378404,-43.15706759125982,157.7,16.3,0.200049996,0.00118887424,0.234466195
,710008040,-22.90768322378404,-43.15706759125982,157.7,16.3,0.200049996,0.00118887424,0.234466195
,710008040,-22.90768322378404,-43.15706759125982,157.7,16.3,0.200049996,0.00118887424,0.234466195
,710008040,-22.90768322378404,-43.15706759125982,157.7,16.3,0.200049996,0.00118887424,0.234466195
,710008040,-22.90768322378404,-43.15706759125982,157.7,16.3,0.200049996,0.00118887424,0.234466195
,710008040,-22.907752906918013,-43.157035635347555,157.7,16.3,0.200049996,0.00118887424,0.234466195
,710008040,-22.907752906918013,-43.157035635347555,157.7,16.3,0.200049996,0.00118887424,0.234466195
,710008040,-22.907752906918013,-43.157035635347555,157.7,16.3,0.200049996,0.00118887424,0.234466195
,710008040,-22.907752906918013,-43.157035635347555,157.7,16.3,0.200049996,0.00118887424,0.234466195
,710008040,-22.907752906918013,-43.157035635347555,157.7,16.3,0.200049996,0.00118887424,0.234466195
,710008040,-22.907752906918013,-43.157035635347555,157.7,16.3,0.200049996,0.00118887424,0.234466195
,710008040,-22.907752906918013,-43.157035635347555,157.7,16.3,0.200049996,0.00118887424,0.234466195
,710008040,-22.907752906918013,-43.157035635347555,157.7,16.3,0.200049996,0.00118887424,0.234466195
,710008040,-22.907752906918013,-43.157035635347555,157.7,16.3,0.200049996,0.00118887424,0.234466195
,710008040,-22.907752906918013,-43.157035635347555,157.7,16.3,0.200049996,0.00118887424,0.234466195
,710008040,-22.907752906918013,-43.157035635347555,157.7,16.3,0.200049996,0.00118887424,0.234466195
,710008040,-22.907752906918013,-43.157035635347555,157.7,16.3,0.200049996,0.00118887424,0.234466195
,710008040,-22.907752906918013,-43.157035635347555,157.7,16.3,0.200049996,0.00118887424,0.234466195
,710008040,-22.907752906918013,-43.157035635347555,157.7,16.3,0.200049996,0.00118887424,0.234466195
,710008040,-22.907752906918013,-43.157035635347555,157.7,16.3,0.200049996,0.00118887424,0.234466195
,710008040,-22.907752906918013,-43.157035635347555,157.7,16.3,0.200049996,0.00118887424,0.234466195
,710008040,-22.907752906918013,-43.157035635347555,157.7,16.3,0.200049996,0.00118887424,0.234466195
,710008040,-22.907752906918013,-43.157035635347555,157.7,16.3,0.200049996,0.00118887424,0.234466195
,710008040,-22.907752906918013,-43.157035635347555,157.7,16.3,0.200049996,0.00118887424,0.234466195
,710008040,-22.907752906918013,-43.157035635347555,157.7,16.3,0.200049996,0.00118887424,0.234466195
,710008040,-22.907752906918013,-43.157035635347555,157.7,16.3,0.200049996,0.00118887424,0.234466195
,710008040,-22.907752906918013,-43.157035635347555,157.7,16.3,0.200049996,0.00118887424,0.234466195
,710008040,-22.907752906918013,-43.157035635347555,157.7,16.3,0.200049996,0.00118887424,0.234466195
,710008040,-22.907752906918013,-43.157035635347555,157.7,16.3,0.200049996,0.00118887424,0.234466195
,710008040,-22.907752906918013,-43.157035635347555,157.7,16.3,0.200049996,0.00118887424,0.234466195
,710008040,-22.907752906918013,-43.157035635347555,157.7,16.3,0.200049996,0.00118887424,0.234466195
,710008040,-22.907752906918013,-43.157035635347555,157.7,16.3,0.200049996,0.00118887424,0.234466195
,710008040,-22.907752906918013,-43.157035635347555,157.7,16.3,0.200049996,0.00118887424,0.234466195
,710008040,-22.907752906918013,-43.157035635347555,157.7,16.3,0.200049996,0.00118887424,0.234466195
,710008040,-22.907752906918013,-43.157035635347555,157.7,16.3,0.200049996,0.00118887424,0.234466195
,710008040,-22.907752906918013,-43.157035635347555,157.7,16.3,0.200049996,0.00118887424,0.234466195
,710008040,-22.907752906918013,-43.157035635347555,157.7,16.3,0.200049996,0.00118887424,0.234466195
,710008040,-22.907752906918013,-43.157035635347555,157.7,16.3,0.200049996,0.00118887424,0.234466195
,710008040,-22.907752906918013,-43.157035635347555,157.7,16.3,0.200049996,0.00118887424,0.234466195
,710008040,-22.907752906918013,-43.157035635347555,157.7,16.3,0.200049996,0.00118887424,0.234466195
,710008040,-22.907752906918013,-43.157035635347555,157.7,16.3,0.200049996,0.00118887424,0.234466195
,710008040,-22.907752906918013,-43.157035635347555,157.7,16.3,0.200049996,0.00118887424,0.234466195
,710008040,-22.907752906918013,-43.157035635347555,157.7,16.3,0.200049996,0.00118887424,0.234466195
,710008040,-22.907752906918013,-43.157035635347555,157.7,16.3,0.200049996,0.00118887424,0.234466195
,710008040,-22.907752906918013,-43.157035635347555,157.7,16.3,0.200049996,0.00118887424,0.234466195
,710008040,-22.907752906918013,-43.157035635347555,157.7,16.3,0.200049996,0.00118887424,0.234466195
,710008040,-22.907752906918013,-43.157035635347555,157.7,16.3,0.200049996,0.00118887424,0.234466195
,710008040,-22.907752906918013,-43.157035635347555,157.7,16.3,0.200049996,0.00118887424,0.234466195
,710008040,-22.907752906918013,-43.157035635347555,157.7,16.3,0.200049996,0.00118887424,0.234466195
,710008040,-22.907752906918013,-43.157035635347555,157.7,16.3,0.200049996,0.00118887424,0.234466195
,710008040,-22.907752906918013,-43.157035635347555,157.7,16.3,0.200049996,0.00118887424,0.234466195
,710008040,-22.907752906918013,-43.157035635347555,157.7,16.3,0.200049996,0.00118887424,0.234466195
,710008040,-22.907752906918013,-43.157035635347555,157.7,16.3,0.200049996,0.00118887424,0.234466195
,710008040,-22.907752906918013,-43.157035635347555,157.7,16.3,0.200049996,0.00118887424,0.234466195
,710008040,-22.907752906918013,-43.157035635347555,157.7,16.3,0.200049996,0.00118887424,0.234466195
,710008040,-22.907752906918013,-43.157035635347555,157.7,16.3,0.200049996,0.00118887424,0.234466195
,710008040,-22.907752906918013,-43.157035635347555,157.7,16.3,0.200049996,0.00118887424,0.234466195
,710008040,-22.907752906918013,-43.157035635347555,157.7,16.3,0.200049996,0.00118887424,0.234466195
,710008040,-22.907752906918013,-43.157035635347555,157.7,16.3,0.200049996,0.00118887424,0.234466195
,710008040,-22.907752906918013,-43.157035635347555,157.7,16.3,0.200049996,0.00118887424,0.234466195
,710008040,-22.907752906918013,-43.157035635347555,157.7,16.3,0.200049996,0.00118887424,0.234466195
,710008040,-22.907822590042837,-43.157003679400376,157.7,16.3,0.209016666,-8.88109207e-05,0.22503224
,710008040,-22.907822590042837,-43.157003679400376,157.7,16.3,0.209016666,-8.88109207e-05,0.22503224
,710008040,-22.907822590042837,-43.157003679400376,157.7,16.3,0.209016666,-8.88109207e-05,0.22503224
,710008040,-22.907822590042837,-43.157003679400376,157.7,16.3,0.209016666,-8.88109207e-05,0.22503224
,710008040,-22.907822590042837,-43.157003679400376,157.7,16.3,0.209016666,-8.88109207e-05,0.22503224
,710008040,-22.907822590042837,-43.157003679400376,157.7,16.3,0.209016666,-8.88109207e-05,0.22503224
,710008040,-22.907822590042837,-43.157003679400376,157.7,16.3,0.209016666,-8.88109207e-05,0.22503224
,710008040,-22.907822590042837,-43.157003679400376,157.7,16.3,0.209016666,-8.88109207e-05,0.22503224
,710008040,-22.907822590042837,-43.157003679400376,157.7,16.3,0.209016666,-8.88109207e-05,0.225855857
,710008040,-22.907822590042837,-43.157003679400376,157.7,16.3,0.209016666,-8.88109207e-05,0.225855857
,710008040,-22.907822590042837,-43.157003679400376,157.7,16.3,0.209016666,-8.88109207e-05,0.225855857
,710008040,-22.907822590042837,-43.157003679400376,157.7,16.3,0.209016666,-8.88109207e-05,0.225855857
,710008040,-22.907822590042837,-43.157003679400376,157.7,16.3,0.209016666,-8.88109207e-05,0.225855857
,710008040,-22.907822590042837,-43.157003679400376,157.7,16.3,0.209016666,-8.88109207e-05,0.225855857
,710008040,-22.907822590042837,-43.157003679400376,157.7,16.3,0.209016666,-8.88109207e-05,0.225855857
,710008040,-22.907822590042837,-43.157003679400376,157.7,16.3,0.209016666,-8.88109207e-05,0.225855857
,710008040,-22.907822590042837,-43.157003679400376,157.7,16.3,0.209016666,-8.88109207e-05,0.225855857
,710008040,-22.907822590042837,-43.157003679400376,157.7,16.3,0.209016666,-8.88109207e-05,0.225855857
,710008040,-22.907822590042837,-43.157003679400376,157.7,16.3,0.209016666,-8.88109207e-05,0.225855857
,710008040,-22.907822590042837,-43.157003679400376,157.7,16.3,0.209016666,-8.88109207e-05,0.225855857
,710008040,-22.907822590042837,-43.157003679400376,157.7,16.3,0.209016666,-8.88109207e-05,0.225855857
,710008040,-22.907822590042837,-43.157003679400376,157.7,16.3,0.209016666,-8.88109207e-05,0.225855857
,710008040,-22.907822590042837,-43.157003679400376,157.7,16.3,0.209016666,-8.88109207e-05,0.225855857
,710008040,-22.907822590042837,-43.157003679400376,157.7,16.3,0.209016666,-8.88109207e-05,0.225855857
,710008040,-22.907822590042837,-43.157003679400376,157.7,16.3,0.209016666,-8.88109207e-05,0.225855857
,710008040,-22.907822590042837,-43.157003679400376,157.7,16.3,0.209016666,-8.88109207e-05,0.225855857
,710008040,-22.907822590042837,-43.157003679400376,157.7,16.3,0.209016666,-8.88109207e-05,0.225855857
,710008040,-22.907822590042837,-43.157003679400376,157.7,16.3,0.209016666,-8.88109207e-05,0.225855857
,710008040,-22.907822590042837,-43.157003679400376,157.7,16.3,0.209016666,-8.88109207e-05,0.225855857
,710008040,-22.907822590042837,-43.157003679400376,157.7,16.3,0.209016666,-8.88109207e-05,0.225855857
,710008040,-22.907822590042837,-43.157003679400376,157.7,16.3,0.209016666,-8.88109207e-05,0.225855857
,710008040,-22.907822590042837,-43.157003679400376,157.7,16.3,0.209016666,-8.88109207e-05,0.225855857
,710008040,-22.907822590042837,-43.157003679400376,157.7,16.3,0.209016666,-8.88109207e-05,0.225855857
,710008040,-22.907822590042837,-43.157003679400376,157.7,16.3,0.209016666,-8.88109207e-05,0.225855857
,710008040,-22.907822590042837,-43.157003679400376,157.7,16.3,0.209016666,-8.88109207e-05,0.225855857
,710008040,-22.907822590042837,-43.157003679400376,157.7,16.3,0.209016666,-8.88109207e-05,0.225855857
,710008040,-22.907822590042837,-43.157003679400376,157.7,16.3,0.209016666,-8.88109207e-05,0.225855857
,710008040,-22.907822590042837,-43.157003679400376,157.7,16.3,0.209016666,-8.88109207e-05,0.225855857
,710008040,-22.907822590042837,-43.157003679400376,157.7,16.3,0.209016666,-8.88109207e-05,0.225855857
,710008040,-22.907822590042837,-43.157003679400376,157.7,16.3,0.209016666,-8.88109207e-05,0.225855857
,710008040,-22.907822590042837,-43.157003679400376,157.7,16.3,0.209016666,-8.88109207e-05,0.225855857
,710008040,-22.907822590042837,-43.157003679400376,157.7,16.3,0.209016666,-8.88109207e-05,0.225855857
,710008040,-22.907822590042837,-43.157003679400376,157.7,16.3,0.209016666,-8.88109207e-05,0.225855857
,710008040,-22.907822590042837,-43.157003679400376,157.7,16.3,0.209016666,-8.88109207e-05,0.225855857
,710008040,-22.907822590042837,-43.157003679400376,157.7,16.3,0.209016666,-8.88109207e-05,0.225855857
,710008040,-22.907822590042837,-43.157003679400376,157.7,16.3,0.209016666,-8.88109207e-05,0.225855857
,710008040,-22.907822590042837,-43.157003679400376,157.7,16.3,0.209016666,-8.88109207e-05,0.225855857
,710008040,-22.907822590042837,-43.157003679400376,157.7,16.3,0.209016666,-8.88109207e-05,0.225855857
,710008040,-22.907822590042837,-43.157003679400376,157.7,16.3,0.209016666,-8.88109207e-05,0.225855857
,710008040,-22.907822590042837,-43.157003679400376,157.7,16.3,0.209016666,-8.88109207e-05,0.225855857
,710008040,-22.907892273158517,-43.1569717234183,157.7,16.3,0.209016666,-8.88109207e-05,0.225855857
,710008040,-22.907892273158517,-43.1569717234183,157.7,16.3,0.209016666,-8.88109207e-05,0.225855857
,710008040,-22.907892273158517,-43.1569717234183,157.7,16.3,0.209016666,-8.88109207e-05,0.225855857
,710008040,-22.907892273158517,-43.1569717234183,157.7,16.3,0.209016666,-8.88109207e-05,0.225855857
,710008040,-22.907892273158517,-43.1569717234183,157.7,16.3,0.209016666,-8.88109207e-05,0.225855857
,710008040,-22.907892273158517,-43.1569717234183,157.7,16.3,0.209016666,-8.88109207e-05,0.225855857
,710008040,-22.907892273158517,-43.1569717234183,157.7,16.3,0.209016666,-8.88109207e-05,0.225855857
,710008040,-22.907892273158517,-43.1569717234183,157.7,16.3,0.209016666,-8.88109207e-05,0.225855857
,710008040,-22.907892273158517,-43.1569717234183,157.7,16.3,0.209016666,-8.88109207e-05,0.225855857
,710008040,-22.907892273158517,-43.1569717234183,157.7,16.3,0.209016666,-8.88109207e-05,0.225855857
,710008040,-22.907892273158517,-43.1569717234183,157.7,16.3,0.209016666,-8.88109207e-05,0.225855857
,710008040,-22.907892273158517,-43.1569717234183,157.7,16.3,0.209016666,-8.88109207e-05,0.225855857
,710008040,-22.907892273158517,-43.1569717234183,157.7,16.3,0.209016666,-8.88109207e-05,0.225855857
,710008040,-22.907892273158517,-43.1569717234183,157.7,16.3,0.209016666,-8.88109207e-05,0.225855857
,710008040,-22.907892273158517,-43.1569717234183,157.7,16.3,0.209016666,-8.88109207e-05,0.225855857
,710008040,-22.907892273158517,-43.1569717234183,157.7,16.3,0.209016666,-8.88109207e-05,0.225855857
,710008040,-22.907892273158517,-43.1569717234183,157.7,16.3,0.209016666,-8.88109207e-05,0.225855857
,710008040,-22.907892273158517,-43.1569717234183,157.7,16.3,0.209016666,-8.88109207e-05,0.225855857
,710008040,-22.907892273158517,-43.1569717234183,157.7,16.3,0.209016666,-8.88109207e-05,0.225855857
,710008040,-22.907892273158517,-43.1569717234183,157.7,16.3,0.209016666,-8.88109207e-05,0.225855857
,710008040,-22.907892273158517,-43.1569717234183,157.7,16.3,0.209016666,-8.88109207e-05,0.225855857
,710008040,-22.907892273158517,-43.1569717234183,157.7,16.3,0.209016666,-8.88109207e-05,0.225855857
,710008040,-22.907892273158517,-43.1569717234183,157.7,16.3,0.209016666,-8.88109207e-05,0.225855857
,710008040,-22.907892273158517,-43.1569717234183,157.7,16.3,0.209016666,-8.88109207e-05,0.225855857
,710008040,-22.907892273158517,-43.1569717234183,157.7,16.3,0.209016666,-8.88109207e-05,0.225855857
,710008040,-22.907892273158517,-43.1569717234183,157.7,16.3,0.209016666,-8.88109207e-05,0.225855857
,710008040,-22.907892273158517,-43.1569717234183,157.7,16.3,0.209016666,-8.88109207e-05,0.225855857
,710008040,-22.90805013780637,-43.15690957701259,157.7,16.3,0.209016666,-8.88109207e-05,0.225855857
,710008040,-22.90805013780637,-43.15690957701259,157.7,16.3,0.209016666,-8.88109207e-05,0.225855857
,710008040,-22.90805013780637,-43.15690957701259,157.7,16.3,0.209016666,-8.88109207e-05,0.225855857
,710008040,-22.90805013780637,-43.15690957701259,157.7,16.3,0.209016666,-8.88109207e-05,0.225855857
,710008040,-22.90805013780637,-43.15690957701259,157.7,16.3,0.209016666,-8.88109207e-05,0.225855857
,710008040,-22.90805013780637,-43.15690957701259,157.7,16.3,0.209016666,-8.88109207e-05,0.225855857
,710008040,-22.90805013780637,-43.15690957701259,157.7,16.3,0.209016666,-8.88109207e-05,0.225855857
,710008040,-22.90805013780637,-43.15690957701259,157.7,16.3,0.209016666,-8.88109207e-05,0.225855857
,710008040,-22.90805013780637,-43.15690957701259,157.7,16.3,0.209016666,-8.88109207e-05,0.225855857
,710008040,-22.90805013780637,-43.15690957701259,157.7,16.3,0.209016666,-8.88109207e-05,0.225855857
,710008040,-22.90805013780637,-43.15690957701259,157.7,16.3,0.209016666,-8.88109207e-05,0.225855857
,710008040,-22.90805013780637,-43.15690957701259,157.7,16.3,0.209016666,-8.88109207e-05,0.225855857
,710008040,-22.90805013780637,-43.15690957701259,157.7,16.3,0.209016666,-8.88109207e-05,0.225855857
,710008040,-22.90805013780637,-43.15690957701259,157.7,16.3,0.209016666,-8.88109207e-05,0.225855857
,710008040,-22.90805013780637,-43.15690957701259,157.7,16.3,0.209016666,-8.88109207e-05,0.225855857
,710008040,-22.90805013780637,-43.15690957701259,157.7,16.3,0.209016666,-8.88109207e-05,0.225855857
,710008040,-22.90805013780637,-43.15690957701259,157.7,16.3,0.209016666,-8.88109207e-05,0.225855857
,710008040,-22.90805013780637,-43.15690957701259,157.7,16.3,0.209016666,-8.88109207e-05,0.225855857
,710008040,-22.90805013780637,-43.15690957701259,157.7,16.3,0.209016666,-8.88109207e-05,0.225855857
,710008040,-22.90805013780637,-43.15690957701259,157.7,16.3,0.209016666,-8.88109207e-05,0.225855857
,710008040,-22.90805013780637,-43.15690957701259,157.7,16.3,0.209016666,-8.88109207e-05,0.225855857
,710008040,-22.90805013780637,-43.15690957701259,157.7,16.3,0.209016666,-8.88109207e-05,0.225855857
,710008040,-22.90805013780637,-43.15690957701259,157.7,16.3,0.209016666,-8.88109207e-05,0.225855857
,710008040,-22.90805013780637,-43.15690957701259,157.7,16.3,0.209016666,-8.88109207e-05,0.225855857
,710008040,-22.90805013780637,-43.15690957701259,157.7,16.3,0.209016666,-8.88109207e-05,0.225855857
,710008040,-22.90805013780637,-43.15690957701259,157.7,16.3,0.209016666,-8.88109207e-05,0.225855857
,710008040,-22.90805013780637,-43.15690957701259,157.7,16.3,0.209016666,-8.88109207e-05,0.225855857
,710008040,-22.90805013780637,-43.15690957701259,157.7,16.3,0.209016666,-8.88109207e-05,0.225855857
,710008040,-22.90805013780637,-43.15690957701259,157.7,16.3,0.209016666,-8.88109207e-05,0.225855857
,710008040,-22.90805013780637,-43.15690957701259,157.7,16.3,0.209016666,-8.88109207e-05,0.225855857
,710008040,-22.90805013780637,-43.15690957701259,157.7,16.3,0.209016666,-8.88109207e-05,0.225855857
,710008040,-22.90805013780637,-43.15690957701259,157.7,16.3,0.209016666,-8.88109207e-05,0.225855857
,710008040,-22.90805013780637,-43.15690957701259,157.7,16.3,0.209016666,-8.88109207e-05,0.225855857
,710008040,-22.90805013780637,-43.15690957701259,157.7,16.3,0.209016666,-8.88109207e-05,0.225855857
,710008040,-22.90805013780637,-43.15690957701259,157.7,16.3,0.209016666,-8.88109207e-05,0.225855857
,710008040,-22.90805013780637,-43.15690957701259,157.7,16.3,0.209016666,-8.88109207e-05,0.225855857
,710008040,-22.90805013780637,-43.15690957701259,157.7,16.3,0.209016666,-8.88109207e-05,0.225855857
,710008040,-22.90805013780637,-43.15690957701259,157.7,16.3,0.209016666,-8.88109207e-05,0.225855857
,710008040,-22.90805013780637,-43.15690957701259,157.7,16.3,0.209016666,-8.88109207e-05,0.225855857
,710008040,-22.90805013780637,-43.15690957701259,157.7,16.3,0.218672216,-0.00143331289,0.215590373
,710008040,-22.90805013780637,-43.15690957701259,157.7,16.3,0.218672216,-0.00143331289,0.215590373
,710008040,-22.90805013780637,-43.15690957701259,157.7,16.3,0.218672216,-0.00143331289,0.215590373
,710008040,-22.90805013780637,-43.15690957701259,157.7,16.3,0.218672216,-0.00143331289,0.215506896
,710008040,-22.90805013780637,-43.15690957701259,157.7,16.3,0.218672216,-0.00143331289,0.215506896
,710008040,-22.90805013780637,-43.15690957701259,157.7,16.3,0.218672216,-0.00143331289,0.215506896
,710008040,-22.908119820894587,-43.15687762092159,157.7,16.3,0.218672216,-0.00143331289,0.215506896
,710008040,-22.908119820894587,-43.15687762092159,157.7,16.3,0.218672216,-0.00143331289,0.215506896
,710008040,-22.908119820894587,-43.15687762092159,157.7,16.3,0.218672216,-0.00143331289,0.215506896
,710008040,-22.908119820894587,-43.15687762092159,157.7,16.3,0.218672216,-0.00143331289,0.215506896
,710008040,-22.908119820894587,-43.15687762092159,157.7,16.3,0.218672216,-0.00143331289,0.215506896
,710008040,-22.908119820894587,-43.15687762092159,157.7,16.3,0.218672216,-0.00143331289,0.215506896
,710008040,-22.908119820894587,-43.15687762092159,157.7,16.3,0.218672216,-0.00143331289,0.215506896
,710008040,-22.908119820894587,-43.15687762092159,157.7,16.3,0.218672216,-0.00143331289,0.215506896
,710008040,-22.908119820894587,-43.15687762092159,157.7,16.3,0.218672216,-0.00143331289,0.215506896
,710008040,-22.908119820894587,-43.15687762092159,157.7,16.3,0.218672216,-0.00143331289,0.215506896
,710008040,-22.908119820894587,-43.15687762092159,157.7,16.3,0.218672216,-0.00143331289,0.215506896
,710008040,-22.908119820894587,-43.15687762092159,157.7,16.3,0.218672216,-0.00143331289,0.215506896
,710008040,-22.908119820894587,-43.15687762092159,157.7,16.3,0.218672216,-0.00143331289,0.215506896
,710008040,-22.908119820894587,-43.15687762092159,157.7,16.3,0.218672216,-0.00143331289,0.215506896
,710008040,-22.908119820894587,-43.15687762092159,157.7,16.3,0.218672216,-0.00143331289,0.215506896
,710008040,-22.908119820894587,-43.15687762092159,157.7,16.3,0.218672216,-0.00143331289,0.215506896
,710008040,-22.908119820894587,-43.15687762092159,157.7,16.3,0.218672216,-0.00143331289,0.215506896
,710008040,-22.908119820894587,-43.15687762092159,157.7,16.3,0.218672216,-0.00143331289,0.215506896
,710008040,-22.908119820894587,-43.15687762092159,157.7,16.3,0.218672216,-0.00143331289,0.215506896
,710008040,-22.908119820894587,-43.15687762092159,157.7,16.3,0.218672216,-0.00143331289,0.215506896
,710008040,-22.908119820894587,-43.15687762092159,157.7,16.3,0.218672216,-0.00143331289,0.215506896
,710008040,-22.908119820894587,-43.15687762092159,157.7,16.3,0.218672216,-0.00143331289,0.215506896
,710008040,-22.908119820894587,-43.15687762092159,157.7,16.3,0.218672216,-0.00143331289,0.215506896
,710008040,-22.908119820894587,-43.15687762092159,157.7,16.3,0.218672216,-0.00143331289,0.215506896
,710008040,-22.908119820894587,-43.15687762092159,157.7,16.3,0.218672216,-0.00143331289,0.215506896
,710008040,-22.908119820894587,-43.15687762092159,157.7,16.3,0.218672216,-0.00143331289,0.215506896
,710008040,-22.908119820894587,-43.15687762092159,157.7,16.3,0.218672216,-0.00143331289,0.215506896
,710008040,-22.908119820894587,-43.15687762092159,157.7,16.3,0.218672216,-0.00143331289,0.215506896
,710008040,-22.908119820894587,-43.15687762092159,157.7,16.3,0.218672216,-0.00143331289,0.215506896
,710008040,-22.908119820894587,-43.15687762092159,157.7,16.3,0.218672216,-0.00143331289,0.215506896
,710008040,-22.908119820894587,-43.15687762092159,157.7,16.3,0.218672216,-0.00143331289,0.215506896
,710008040,-22.908119820894587,-43.15687762092159,157.7,16.3,0.218672216,-0.00143331289,0.215506896
,710008040,-22.908119820894587,-43.15687762092159,157.7,16.3,0.218672216,-0.00143331289,0.215506896
,710008040,-22.908119820894587,-43.15687762092159,157.7,16.3,0.218672216,-0.00143331289,0.215506896
,710008040,-22.908119820894587,-43.15687762092159,157.7,16.3,0.218672216,-0.00143331289,0.215506896
,710008040,-22.908119820894587,-43.15687762092159,157.7,16.3,0.218672216,-0.00143331289,0.215506896
,710008040,-22.908119820894587,-43.15687762092159,157.7,16.3,0.218672216,-0.00143331289,0.215506896
,710008040,-22.908119820894587,-43.15687762092159,157.7,16.3,0.218672216,-0.00143331289,0.215506896
,710008040,-22.908119820894587,-43.15687762092159,157.7,16.3,0.218672216,-0.00143331289,0.215506896
,710008040,-22.908189503973663,-43.156845664795675,157.7,16.3,0.218672216,-0.00143331289,0.215506896
,710008040,-22.908189503973663,-43.156845664795675,157.7,16.3,0.218672216,-0.00143331289,0.215506896
,710008040,-22.908189503973663,-43.156845664795675,157.7,16.3,0.218672216,-0.00143331289,0.215506896
,710008040,-22.908189503973663,-43.156845664795675,157.7,16.3,0.218672216,-0.00143331289,0.215506896
,710008040,-22.908189503973663,-43.156845664795675,157.7,16.3,0.218672216,-0.00143331289,0.215506896
,710008040,-22.908189503973663,-43.156845664795675,157.7,16.3,0.218672216,-0.00143331289,0.215506896
,710008040,-22.908189503973663,-43.156845664795675,157.7,16.3,0.218672216,-0.00143331289,0.215506896
,710008040,-22.908189503973663,-43.156845664795675,157.7,16.3,0.218672216,-0.00143331289,0.215506896
,710008040,-22.908189503973663,-43.156845664795675,157.7,16.3,0.218672216,-0.00143331289,0.215506896
,710008040,-22.908189503973663,-43.156845664795675,157.7,16.3,0.218672216,-0.00143331289,0.215506896
,710008040,-22.908189503973663,-43.156845664795675,157.7,16.3,0.218672216,-0.00143331289,0.215506896
,710008040,-22.908189503973663,-43.156845664795675,157.7,16.3,0.218672216,-0.00143331289,0.215506896
,710008040,-22.908189503973663,-43.156845664795675,157.7,16.3,0.218672216,-0.00143331289,0.215506896
,710008040,-22.908189503973663,-43.156845664795675,157.7,16.3,0.218672216,-0.00143331289,0.215506896
,710008040,-22.908189503973663,-43.156845664795675,157.7,16.3,0.218672216,-0.00143331289,0.215506896
,710008040,-22.908189503973663,-43.156845664795675,157.7,16.3,0.218672216,-0.00143331289,0.215506896
,710008040,-22.908189503973663,-43.156845664795675,157.7,16.3,0.218672216,-0.00143331289,0.215506896
,710008040,-22.908189503973663,-43.156845664795675,157.7,16.3,0.218672216,-0.00143331289,0.215506896
,710008040,-22.908189503973663,-43.156845664795675,157.7,16.3,0.218672216,-0.00143331289,0.215506896
,710008040,-22.908189503973663,-43.156845664795675,157.7,16.3,0.218672216,-0.00143331289,0.215506896
,710008040,-22.908189503973663,-43.156845664795675,157.7,16.3,0.218672216,-0.00143331289,0.215506896
,710008040,-22.908189503973663,-43.156845664795675,157.7,16.3,0.218672216,-0.00143331289,0.215506896
,710008040,-22.908189503973663,-43.156845664795675,157.7,16.3,0.218672216,-0.00143331289,0.215506896
,710008040,-22.908189503973663,-43.156845664795675,157.7,16.3,0.218672216,-0.00143331289,0.215506896
,710008040,-22.908189503973663,-43.156845664795675,157.7,16.3,0.218672216,-0.00143331289,0.215506896
,710008040,-22.908189503973663,-43.156845664795675,157.7,16.3,0.218672216,-0.00143331289,0.215506896
,710008040,-22.908189503973663,-43.156845664795675,157.7,16.3,0.218672216,-0.00143331289,0.215506896
,710008040,-22.908189503973663,-43.156845664795675,157.7,16.3,0.218672216,-0.00143331289,0.215506896
,710008040,-22.90825918704359,-43.15681370863485,157.7,16.3,0.218672216,-0.00143331289,0.215506896
,710008040,-22.90825918704359,-43.15681370863485,157.7,16.3,0.218672216,-0.00143331289,0.215506896
,710008040,-22.90825918704359,-43.15681370863485,157.7,16.3,0.218672216,-0.00143331289,0.215506896
,710008040,-22.90825918704359,-43.15681370863485,157.7,16.3,0.218672216,-0.00143331289,0.215506896
,710008040,-22.90825918704359,-43.15681370863485,157.7,16.3,0.218672216,-0.00143331289,0.215506896
,710008040,-22.90825918704359,-43.15681370863485,157.7,16.3,0.218672216,-0.00143331289,0.215506896
,710008040,-22.90825918704359,-43.15681370863485,157.7,16.3,0.218672216,-0.00143331289,0.215506896
,710008040,-22.90825918704359,-43.15681370863485,157.7,16.3,0.218672216,-0.00143331289,0.215506896
,710008040,-22.90825918704359,-43.15681370863485,157.7,16.3,0.218672216,-0.00143331289,0.215506896
,710008040,-22.90825918704359,-43.15681370863485,157.7,16.3,0.218672216,-0.00143331289,0.215506896
,710008040,-22.90825918704359,-43.15681370863485,157.7,16.3,0.218672216,-0.00143331289,0.215506896
,710008040,-22.90825918704359,-43.15681370863485,157.7,16.3,0.218672216,-0.00143331289,0.215506896
,710008040,-22.90825918704359,-43.15681370863485,157.7,16.3,0.218672216,-0.00143331289,0.215506896
,710008040,-22.90825918704359,-43.15681370863485,157.7,16.3,0.218672216,-0.00143331289,0.215506896
,710008040,-22.90825918704359,-43.15681370863485,157.7,16.3,0.218672216,-0.00143331289,0.215506896
,710008040,-22.90825918704359,-43.15681370863485,157.7,16.3,0.218672216,-0.00143331289,0.215506896
,710008040,-22.90825918704359,-43.15681370863485,157.7,16.3,0.218672216,-0.00143331289,0.215506896
,710008040,-22.90825918704359,-43.15681370863485,157.7,16.3,0.218672216,-0.00143331289,0.215506896
,710008040,-22.90825918704359,-43.15681370863485,157.7,16.3,0.218672216,-0.00143331289,0.215506896
,710008040,-22.90825918704359,-43.15681370863485,157.7,16.3,0.218672216,-0.00143331289,0.215506896
,710008040,-22.90825918704359,-43.15681370863485,157.7,16.3,0.218672216,-0.00143331289,0.215506896
,710008040,-22.90825918704359,-43.15681370863485,157.7,16.3,0.218672216,-0.00143331289,0.215506896
,710008040,-22.90825918704359,-43.15681370863485,157.7,16.3,0.218672216,-0.00143331289,0.215506896
,710008040,-22.90825918704359,-43.15681370863485,157.7,16.3,0.218672216,-0.00143331289,0.215506896
,710008040,-22.90825918704359,-43.15681370863485,157.7,16.3,0.229383335,-0.00298905373,0.205428496
,710008040,-22.90825918704359,-43.15681370863485,157.7,16.3,0.229383335,-0.00298905373,0.205428496
,710008040,-22.90825918704359,-43.15681370863485,157.7,16.3,0.229383335,-0.00298905373,0.205351412
,710008040,-22.90825918704359,-43.15681370863485,157.7,16.3,0.229383335,-0.00298905373,0.205351412
,710008040,-22.90825918704359,-43.15681370863485,157.7,16.3,0.229383335,-0.00298905373,0.205351412
,710008040,-22.90825918704359,-43.15681370863485,157.7,16.3,0.229383335,-0.00298905373,0.205351412
,710008040,-22.90832887010438,-43.15678175243912,157.7,16.3,0.229383335,-0.00298905373,0.205351412
,710008040,-22.90832887010438,-43.15678175243912,157.7,16.3,0.229383335,-0.00298905373,0.205351412
,710008040,-22.90832887010438,-43.15678175243912,157.7,16.3,0.229383335,-0.00298905373,0.205351412
,710008040,-22.90832887010438,-43.15678175243912,157.7,16.3,0.229383335,-0.00298905373,0.205351412
,710008040,-22.90832887010438,-43.15678175243912,157.7,16.3,0.229383335,-0.00298905373,0.205351412
,710008040,-22.90832887010438,-43.15678175243912,157.7,16.3,0.229383335,-0.00298905373,0.205351412
,710008040,-22.90832887010438,-43.15678175243912,157.7,16.3,0.229383335,-0.00298905373,0.205351412
,710008040,-22.90832887010438,-43.15678175243912,157.7,16.3,0.229383335,-0.00298905373,0.205351412
,710008040,-22.90832887010438,-43.15678175243912,157.7,16.3,0.229383335,-0.00298905373,0.205351412
,710008040,-22.90832887010438,-43.15678175243912,157.7,16.3,0.229383335,-0.00298905373,0.205351412
,710008040,-22.90832887010438,-43.15678175243912,157.7,16.3,0.229383335,-0.00298905373,0.205351412
,710008040,-22.90832887010438,-43.15678175243912,157.7,16.3,0.229383335,-0.00298905373,0.205351412
,710008040,-22.90832887010438,-43.15678175243912,157.7,16.3,0.229383335,-0.00298905373,0.205351412
,710008040,-22.90832887010438,-43.15678175243912,157.7,16.3,0.229383335,-0.00298905373,0.205351412
,710008040,-22.90832887010438,-43.15678175243912,157.7,16.3,0.229383335,-0.00298905373,0.205351412
,710008040,-22.90832887010438,-43.15678175243912,157.7,16.3,0.229383335,-0.00298905373,0.205351412
,710008040,-22.90832887010438,-43.15678175243912,157.7,16.3,0.229383335,-0.00298905373,0.205351412
,710008040,-22.90832887010438,-43.15678175243912,157.7,16.3,0.229383335,-0.00298905373,0.205351412
,710008040,-22.90832887010438,-43.15678175243912,157.7,16.3,0.229383335,-0.00298905373,0.205351412
,710008040,-22.90832887010438,-43.15678175243912,157.7,16.3,0.229383335,-0.00298905373,0.205351412
,710008040,-22.90832887010438,-43.15678175243912,157.7,16.3,0.229383335,-0.00298905373,0.205351412
,710008040,-22.90832887010438,-43.15678175243912,157.7,16.3,0.229383335,-0.00298905373,0.205351412
,710008040,-22.90832887010438,-43.15678175243912,157.7,16.3,0.229383335,-0.00298905373,0.205351412
,710008040,-22.90832887010438,-43.15678175243912,157.7,16.3,0.229383335,-0.00298905373,0.205351412
,710008040,-22.90832887010438,-43.15678175243912,157.7,16.3,0.229383335,-0.00298905373,0.205351412
,710008040,-22.90832887010438,-43.15678175243912,157.7,16.3,0.229383335,-0.00298905373,0.205351412
,710008040,-22.90832887010438,-43.15678175243912,157.7,16.3,0.229383335,-0.00298905373,0.205351412
,710008040,-22.90832887010438,-43.15678175243912,157.7,16.3,0.229383335,-0.00298905373,0.205351412
,710008040,-22.90839855315601,-43.15674979620847,157.7,16.3,0.229383335,-0.00298905373,0.205351412
,710008040,-22.90839855315601,-43.15674979620847,157.7,16.3,0.229383335,-0.00298905373,0.205351412
,710008040,-22.90839855315601,-43.15674979620847,157.7,16.3,0.229383335,-0.00298905373,0.205351412
,710008040,-22.90839855315601,-43.15674979620847,157.7,16.3,0.229383335,-0.00298905373,0.205351412
,710008040,-22.90839855315601,-43.15674979620847,157.7,16.3,0.229383335,-0.00298905373,0.205351412
,710008040,-22.90839855315601,-43.15674979620847,157.7,16.3,0.229383335,-0.00298905373,0.205351412
,710008040,-22.90839855315601,-43.15674979620847,157.7,16.3,0.229383335,-0.00298905373,0.205351412
,710008040,-22.90839855315601,-43.15674979620847,157.7,16.3,0.229383335,-0.00298905373,0.205351412
,710008040,-22.90839855315601,-43.15674979620847,157.7,16.3,0.229383335,-0.00298905373,0.205351412
,710008040,-22.90839855315601,-43.15674979620847,157.7,16.3,0.229383335,-0.00298905373,0.205351412
,710008040,-22.90839855315601,-43.15674979620847,157.7,16.3,0.229383335,-0.00298905373,0.205351412
,710008040,-22.90839855315601,-43.15674979620847,157.7,16.3,0.229383335,-0.00298905373,0.205351412
,710008040,-22.90839855315601,-43.15674979620847,157.7,16.3,0.229383335,-0.00298905373,0.205351412
,710008040,-22.90839855315601,-43.15674979620847,157.7,16.3,0.229383335,-0.00298905373,0.205351412
,710008040,-22.908468236198505,-43.156717839942914,157.7,16.3,0.229383335,-0.00298905373,0.205351412
,710008040,-22.908468236198505,-43.156717839942914,157.7,16.3,0.229383335,-0.00298905373,0.205351412
,710008040,-22.908468236198505,-43.156717839942914,157.7,16.3,0.229383335,-0.00298905373,0.205351412
,710008040,-22.908468236198505,-43.156717839942914,157.7,16.3,0.229383335,-0.00298905373,0.205351412
,710008040,-22.908468236198505,-43.156717839942914,157.7,16.3,0.229383335,-0.00298905373,0.205351412
,710008040,-22.908468236198505,-43.156717839942914,157.7,16.3,0.229383335,-0.00298905373,0.205351412
,710008040,-22.908537919231854,-43.15668588364244,157.7,16.3,0.229383335,-0.00298905373,0.205351412
,710008040,-22.908537919231854,-43.15668588364244,157.7,16.3,0.229383335,-0.00298905373,0.205351412
,710008040,-22.908537919231854,-43.15668588364244,157.7,16.3,0.229383335,-0.00298905373,0.205351412
,710008040,-22.908537919231854,-43.15668588364244,157.7,16.3,0.229383335,-0.00298905373,0.205351412
,710008040,-22.908537919231854,-43.15668588364244,157.7,16.3,0.229383335,-0.00298905373,0.205351412
,710008040,-22.908537919231854,-43.15668588364244,157.7,16.3,0.229383335,-0.00298905373,0.205351412
,710008040,-22.908537919231854,-43.15668588364244,157.7,16.3,0.229383335,-0.00298905373,0.205351412
,710008040,-22.908537919231854,-43.15668588364244,157.7,16.3,0.229383335,-0.00298905373,0.205351412
,710008040,-22.908537919231854,-43.15668588364244,157.7,16.3,0.229383335,-0.00298905373,0.205351412
,710008040,-22.908537919231854,-43.15668588364244,157.7,16.3,0.229383335,-0.00298905373,0.205351412
,710008040,-22.90860760225605,-43.156653927307055,157.7,16.3,0.229383335,-0.00298905373,0.205351412
,710008040,-22.90860760225605,-43.156653927307055,157.7,16.3,0.229383335,-0.00298905373,0.205351412
,710008040,-22.90860760225605,-43.156653927307055,157.7,16.3,0.229383335,-0.00298905373,0.205351412
,710008040,-22.90860760225605,-43.156653927307055,157.7,16.3,0.229383335,-0.00298905373,0.205351412
,710008040,-22.90860760225605,-43.156653927307055,157.7,16.3,0.229383335,-0.00298905373,0.205351412
,710008040,-22.90860760225605,-43.156653927307055,157.7,16.3,0.229383335,-0.00298905373,0.205351412
,710008040,-22.90860760225605,-43.156653927307055,157.7,16.3,0.229383335,-0.00298905373,0.205351412
,710008040,-22.90860760225605,-43.156653927307055,157.7,16.3,0.229383335,-0.00298905373,0.205351412
,710008040,-22.90860760225605,-43.156653927307055,157.7,16.3,0.248655558,-0.00549995899,0.190753624
,710008040,-22.90860760225605,-43.156653927307055,157.7,16.3,0.248655558,-0.00549995899,0.190753624
,710008040,-22.90860760225605,-43.156653927307055,157.7,16.3,0.248655558,-0.00549995899,0.191219151
,710008040,-22.90860760225605,-43.156653927307055,157.7,16.3,0.248655558,-0.00549995899,0.191219151
,710008040,-22.90860760225605,-43.156653927307055,157.7,16.3,0.248655558,-0.00549995899,0.191219151
,710008040,-22.90860760225605,-43.156653927307055,157.7,16.3,0.248655558,-0.00549995899,0.191219151
,710008040,-22.90860760225605,-43.156653927307055,157.7,16.3,0.248655558,-0.00549995899,0.191219151
,710008040,-22.90860760225605,-43.156653927307055,157.7,16.3,0.248655558,-0.00549995899,0.191219151
,710008040,-22.90860760225605,-43.156653927307055,157.7,16.3,0.248655558,-0.00549995899,0.191219151
,710008040,-22.90860760225605,-43.156653927307055,157.7,16.3,0.248655558,-0.00549995899,0.191219151
,710008040,-22.90860760225605,-43.156653927307055,157.7,16.3,0.248655558,-0.00549995899,0.191219151
,710008040,-22.90860760225605,-43.156653927307055,157.7,16.3,0.248655558,-0.00549995899,0.191219151
,710008040,-22.90860760225605,-43.156653927307055,157.7,16.3,0.248655558,-0.00549995899,0.191219151
,710008040,-22.90860760225605,-43.156653927307055,157.7,16.3,0.248655558,-0.00549995899,0.191219151
,710008040,-22.90860760225605,-43.156653927307055,157.7,16.3,0.248655558,-0.00549995899,0.191219151
,710008040,-22.90860760225605,-43.156653927307055,157.7,16.3,0.248655558,-0.00549995899,0.191219151
,710008040,-22.90860760225605,-43.156653927307055,157.7,16.3,0.248655558,-0.00549995899,0.191219151
,710008040,-22.90860760225605,-43.156653927307055,157.7,16.3,0.248655558,-0.00549995899,0.191219151
,710008040,-22.908677285271107,-43.15662197093676,157.7,16.3,0.248655558,-0.00549995899,0.191219151
,710008040,-22.908677285271107,-43.15662197093676,157.7,16.3,0.248655558,-0.00549995899,0.191219151
,710008040,-22.908677285271107,-43.15662197093676,157.7,16.3,0.252811104,-0.00602215528,0.187925503
,710008040,-22.908677285271107,-43.15662197093676,157.7,16.3,0.252811104,-0.00602215528,0.187925503
,710008040,-22.908677285271107,-43.15662197093676,157.7,16.3,0.252811104,-0.00602215528,0.187925503
,710008040,-22.908677285271107,-43.15662197093676,157.7,16.3,0.252811104,-0.00602215528,0.187925503
,710008040,-22.908677285271107,-43.15662197093676,157.7,16.3,0.252811104,-0.00602215528,0.187925503
,710008040,-22.908677285271107,-43.15662197093676,157.7,16.3,0.252811104,-0.00602215528,0.187925503
,710008040,-22.90874696827701,-43.15659001453155,157.7,16.3,0.252811104,-0.00602215528,0.188091189
,710008040,-22.90874696827701,-43.15659001453155,157.7,16.3,0.252811104,-0.00602215528,0.188091189
,710008040,-22.90874696827701,-43.15659001453155,157.7,16.3,0.252811104,-0.00602215528,0.188091189
,710008040,-22.90874696827701,-43.15659001453155,157.7,16.3,0.252811104,-0.00602215528,0.188091189
,710008040,-22.90874696827701,-43.15659001453155,157.7,16.3,0.252811104,-0.00602215528,0.188091189
,710008040,-22.90874696827701,-43.15659001453155,157.7,16.3,0.252811104,-0.00602215528,0.188091189
,710008040,-22.90874696827701,-43.15659001453155,157.7,16.3,0.252811104,-0.00602215528,0.188091189
,710008040,-22.90874696827701,-43.15659001453155,157.7,16.3,0.252811104,-0.00602215528,0.188091189
,710008040,-22.90874696827701,-43.15659001453155,157.7,16.3,0.252811104,-0.00602215528,0.188091189
,710008040,-22.90874696827701,-43.15659001453155,157.7,16.3,0.252811104,-0.00602215528,0.188091189
,710008040,-22.90874696827701,-43.15659001453155,157.7,16.3,0.252811104,-0.00602215528,0.188091189
,710008040,-22.90874696827701,-43.15659001453155,157.7,16.3,0.252811104,-0.00602215528,0.188091189
,710008040,-22.90874696827701,-43.15659001453155,157.7,16.3,0.252811104,-0.00602215528,0.188091189
,710008040,-22.90874696827701,-43.15659001453155,157.7,16.3,0.252811104,-0.00602215528,0.188091189
,710008040,-22.90874696827701,-43.15659001453155,157.7,16.3,0.252811104,-0.00602215528,0.188091189
,710008040,-22.90874696827701,-43.15659001453155,157.7,16.3,0.252811104,-0.00602215528,0.188091189
,710008040,-22.90874696827701,-43.15659001453155,157.7,16.3,0.252811104,-0.00602215528,0.188091189
,710008040,-22.90874696827701,-43.15659001453155,157.7,16.3,0.252811104,-0.00602215528,0.188091189
,710008040,-22.90874696827701,-43.15659001453155,157.7,16.3,0.252811104,-0.00602215528,0.188091189
,710008040,-22.90874696827701,-43.15659001453155,157.7,16.3,0.252811104,-0.00602215528,0.188091189
,710008040,-22.90874696827701,-43.15659001453155,157.7,16.3,0.252811104,-0.00602215528,0.188091189
,710008040,-22.90874696827701,-43.15659001453155,157.7,16.3,0.252811104,-0.00602215528,0.188091189
,710008040,-22.90874696827701,-43.15659001453155,157.7,16.3,0.252811104,-0.00602215528,0.188091189
,710008040,-22.90874696827701,-43.15659001453155,157.7,16.3,0.252811104,-0.00602215528,0.188091189
,710008040,-22.90874696827701,-43.15659001453155,157.7,16.3,0.252811104,-0.00602215528,0.188091189
,710008040,-22.90874696827701,-43.15659001453155,157.7,16.3,0.252811104,-0.00602215528,0.188091189
,710008040,-22.90874696827701,-43.15659001453155,157.7,16.3,0.252811104,-0.00602215528,0.188091189
,710008040,-22.90874696827701,-43.15659001453155,157.7,16.3,0.252811104,-0.00602215528,0.188091189
,710008040,-22.90874696827701,-43.15659001453155,157.7,16.3,0.252811104,-0.00602215528,0.188091189
,710008040,-22.90874696827701,-43.15659001453155,157.7,16.3,0.252811104,-0.00602215528,0.188091189
,710008040,-22.90874696827701,-43.15659001453155,157.7,16.3,0.252811104,-0.00602215528,0.188091189
,710008040,-22.90874696827701,-43.15659001453155,157.7,16.3,0.252811104,-0.00602215528,0.188091189
,710008040,-22.90874696827701,-43.15659001453155,157.7,16.3,0.252811104,-0.00602215528,0.188091189
,710008040,-22.90874696827701,-43.15659001453155,157.7,16.3,0.252811104,-0.00602215528,0.188091189
,710008040,-22.90874696827701,-43.15659001453155,157.7,16.3,0.252811104,-0.00602215528,0.188091189
,710008040,-22.90874696827701,-43.15659001453155,157.7,16.3,0.252811104,-0.00602215528,0.188091189
,710008040,-22.90874696827701,-43.15659001453155,157.7,16.3,0.252811104,-0.00602215528,0.188091189
,710008040,-22.90874696827701,-43.15659001453155,157.7,16.3,0.252811104,-0.00602215528,0.188091189
,710008040,-22.90874696827701,-43.15659001453155,157.7,16.3,0.252811104,-0.00602215528,0.188091189
,710008040,-22.90874696827701,-43.15659001453155,157.7,16.3,0.252811104,-0.00602215528,0.188091189
,710008040,-22.90874696827701,-43.15659001453155,157.7,16.3,0.252811104,-0.00602215528,0.188091189
,710008040,-22.90874696827701,-43.15659001453155,157.7,16.3,0.252811104,-0.00602215528,0.188091189
,710008040,-22.90869578134657,-43.15662373946542,157.7,16.3,0.252811104,-0.00602215528,0.188091189
,710008040,-22.90869578134657,-43.15662373946542,157.7,16.3,0.252811104,-0.00602215528,0.188091189
,710008040,-22.90869578134657,-43.15662373946542,157.7,16.3,0.252811104,-0.00602215528,0.188091189
,710008040,-22.90869578134657,-43.15662373946542,157.7,16.3,0.252811104,-0.00602215528,0.188091189
,710008040,-22.90869578134657,-43.15662373946542,157.7,16.3,0.252811104,-0.00602215528,0.188091189
,710008040,-22.90869578134657,-43.15662373946542,157.7,16.3,0.252811104,-0.00602215528,0.188091189
,710008040,-22.90869578134657,-43.15662373946542,157.7,16.3,0.252811104,-0.00602215528,0.188091189
,710008040,-22.90869578134657,-43.15662373946542,157.7,16.3,0.252811104,-0.00602215528,0.188091189
,710008040,-22.90869578134657,-43.15662373946542,157.7,16.3,0.252811104,-0.00602215528,0.188091189
,710008040,-22.90869578134657,-43.15662373946542,157.7,16.3,0.252811104,-0.00602215528,0.188091189
,710008040,-22.90869578134657,-43.15662373946542,157.7,16.3,0.252811104,-0.00602215528,0.188091189
,710008040,-22.90869578134657,-43.15662373946542,157.7,16.3,0.252811104,-0.00602215528,0.188091189
,710008040,-22.90869578134657,-43.15662373946542,157.7,16.3,0.252811104,-0.00602215528,0.188091189
,710008040,-22.90869578134657,-43.15662373946542,157.7,16.3,0.252811104,-0.00602215528,0.188091189
,710008040,-22.90869578134657,-43.15662373946542,157.7,16.3,0.252811104,-0.00602215528,0.188091189
,710008040,-22.90869578134657,-43.15662373946542,157.7,16.3,0.252811104,-0.00602215528,0.188091189
,710008040,-22.90869578134657,-43.15662373946542,157.7,16.3,0.252811104,-0.00602215528,0.188091189
,710008040,-22.90869578134657,-43.15662373946542,157.7,16.3,0.252811104,-0.00602215528,0.188091189
,710008040,-22.90869578134657,-43.15662373946542,157.7,16.3,0.252811104,-0.00602215528,0.188091189
,710008040,-22.90869578134657,-43.15662373946542,157.7,16.3,0.252811104,-0.00602215528,0.188091189
,710008040,-22.90869578134657,-43.15662373946542,157.7,16.3,0.252811104,-0.00602215528,0.188091189
,710008040,-22.90869578134657,-43.15662373946542,157.7,16.3,0.252811104,-0.00602215528,0.188091189
,710008040,-22.90869578134657,-43.15662373946542,157.7,16.3,0.252811104,-0.00602215528,0.188091189
,710008040,-22.90869578134657,-43.15662373946542,157.7,16.3,0.252811104,-0.00602215528,0.188091189
,710008040,-22.90869578134657,-43.15662373946542,157.7,16.3,0.252811104,-0.00602215528,0.188091189
,710008040,-22.90869578134657,-43.15662373946542,157.7,16.3,0.252811104,-0.00602215528,0.188091189
,710008040,-22.90869578134657,-43.15662373946542,157.7,16.3,0.252811104,-0.00602215528,0.188091189
,710008040,-22.90869578134657,-43.15662373946542,157.7,16.3,0.252811104,-0.00602215528,0.188091189
,710008040,-22.90869578134657,-43.15662373946542,157.7,16.3,0.252811104,-0.00602215528,0.188091189
,710008040,-22.90869578134657,-43.15662373946542,157.7,16.3,0.252811104,-0.00602215528,0.188091189
,710008040,-22.908765464352445,-43.15659178305603,157.7,16.3,0.252811104,-0.00602215528,0.188091189
,710008040,-22.908765464352445,-43.15659178305603,157.7,16.3,0.252811104,-0.00602215528,0.188091189
,710008040,-22.908765464352445,-43.15659178305603,157.7,16.3,0.252811104,-0.00602215528,0.188091189
,710008040,-22.908765464352445,-43.15659178305603,157.7,16.3,0.252811104,-0.00602215528,0.188091189
,710008040,-22.908765464352445,-43.15659178305603,157.7,16.3,0.252811104,-0.00602215528,0.188091189
,710008040,-22.908765464352445,-43.15659178305603,157.7,16.3,0.252811104,-0.00602215528,0.188091189
,710008040,-22.908765464352445,-43.15659178305603,157.7,16.3,0.252811104,-0.00602215528,0.188091189
,710008040,-22.908765464352445,-43.15659178305603,157.7,16.3,0.252811104,-0.00602215528,0.188091189
,710008040,-22.908765464352445,-43.15659178305603,157.7,16.3,0.252811104,-0.00602215528,0.188091189
,710008040,-22.908765464352445,-43.15659178305603,157.7,16.3,0.252811104,-0.00602215528,0.188091189
,710008040,-22.908765464352445,-43.15659178305603,157.7,16.3,0.252811104,-0.00602215528,0.188091189
,710008040,-22.908765464352445,-43.15659178305603,157.7,16.3,0.252811104,-0.00602215528,0.188091189
,710008040,-22.908765464352445,-43.15659178305603,157.7,16.3,0.252811104,-0.00602215528,0.188091189
,710008040,-22.908765464352445,-43.15659178305603,157.7,16.3,0.252811104,-0.00602215528,0.188091189
,710008040,-22.908765464352445,-43.15659178305603,157.7,16.3,0.252811104,-0.00602215528,0.188091189
,710008040,-22.908765464352445,-43.15659178305603,157.7,16.3,0.252811104,-0.00602215528,0.188091189
,710008040,-22.908765464352445,-43.15659178305603,157.7,16.3,0.252811104,-0.00602215528,0.188091189
,710008040,-22.908765464352445,-43.15659178305603,157.7,16.3,0.252811104,-0.00602215528,0.188091189
,710008040,-22.908765464352445,-43.15659178305603,157.7,16.3,0.252811104,-0.00602215528,0.188091189
,710008040,-22.908765464352445,-43.15659178305603,157.7,16.3,0.252811104,-0.00602215528,0.188091189
,710008040,-22.908765464352445,-43.15659178305603,157.7,16.3,0.252811104,-0.00602215528,0.188091189
,710008040,-22.908765464352445,-43.15659178305603,157.7,16.3,0.252811104,-0.00602215528,0.188091189
,710008040,-22.908765464352445,-43.15659178305603,157.7,16.3,0.252811104,-0.00602215528,0.188091189
,710008040,-22.908765464352445,-43.15659178305603,157.7,16.3,0.252811104,-0.00602215528,0.188091189
,710008040,-22.908765464352445,-43.15659178305603,157.7,16.3,0.252811104,-0.00602215528,0.188091189
,710008040,-22.908765464352445,-43.15659178305603,157.7,16.3,0.252811104,-0.00602215528,0.188091189
,710008040,-22.908765464352445,-43.15659178305603,157.7,16.3,0.252811104,-0.00602215528,0.188091189
,710008040,-22.908765464352445,-43.15659178305603,157.7,16.3,0.252811104,-0.00602215528,0.188091189
,710008040,-22.908765464352445,-43.15659178305603,157.7,16.3,0.252811104,-0.00602215528,0.188091189
,710008040,-22.908765464352445,-43.15659178305603,157.7,16.3,0.252811104,-0.00602215528,0.188091189
,710008040,-22.908765464352445,-43.15659178305603,157.7,16.3,0.26193887,-0.00726658106,0.181449205
,710008040,-22.908765464352445,-43.15659178305603,157.7,16.3,0.26193887,-0.00726658106,0.181449205
,710008040,-22.908765464352445,-43.15659178305603,157.7,16.3,0.26193887,-0.00726658106,0.181449205
,710008040,-22.908765464352445,-43.15659178305603,157.7,16.3,0.26193887,-0.00726658106,0.181797624
,710008040,-22.908765464352445,-43.15659178305603,157.7,16.3,0.26193887,-0.00726658106,0.181797624
,710008040,-22.908765464352445,-43.15659178305603,157.7,16.3,0.26193887,-0.00726658106,0.181797624
,710008040,-22.908835147349183,-43.15655982661172,157.7,16.3,0.26193887,-0.00726658106,0.181797624
,710008040,-22.908835147349183,-43.15655982661172,157.7,16.3,0.26193887,-0.00726658106,0.181797624
,710008040,-22.908835147349183,-43.15655982661172,157.7,16.3,0.26193887,-0.00726658106,0.181797624
,710008040,-22.908835147349183,-43.15655982661172,157.7,16.3,0.26193887,-0.00726658106,0.181797624
,710008040,-22.908835147349183,-43.15655982661172,157.7,16.3,0.26193887,-0.00726658106,0.181797624
,710008040,-22.908835147349183,-43.15655982661172,157.7,16.3,0.26193887,-0.00726658106,0.181797624
,710008040,-22.908835147349183,-43.15655982661172,157.7,16.3,0.26193887,-0.00726658106,0.181797624
,710008040,-22.908835147349183,-43.15655982661172,157.7,16.3,0.26193887,-0.00726658106,0.181797624
,710008040,-22.908835147349183,-43.15655982661172,157.7,16.3,0.26193887,-0.00726658106,0.181797624
,710008040,-22.908904830336773,-43.1565278701325,157.7,16.3,0.26193887,-0.00726658106,0.181797624
,710008040,-22.908904830336773,-43.1565278701325,157.7,16.3,0.26193887,-0.00726658106,0.181797624
,710008040,-22.908904830336773,-43.1565278701325,157.7,16.3,0.26193887,-0.00726658106,0.181797624
,710008040,-22.908904830336773,-43.1565278701325,157.7,16.3,0.26193887,-0.00726658106,0.181797624
,710008040,-22.908904830336773,-43.1565278701325,157.7,16.3,0.26193887,-0.00726658106,0.181797624
,710008040,-22.908904830336773,-43.1565278701325,157.7,16.3,0.26193887,-0.00726658106,0.181797624
,710008040,-22.908904830336773,-43.1565278701325,157.7,16.3,0.26193887,-0.00726658106,0.181797624
,710008040,-22.908904830336773,-43.1565278701325,157.7,16.3,0.26193887,-0.00726658106,0.181797624
,710008040,-22.908904830336773,-43.1565278701325,157.7,16.3,0.26193887,-0.00726658106,0.181797624
,710008040,-22.908904830336773,-43.1565278701325,157.7,16.3,0.26193887,-0.00726658106,0.181797624
,710008040,-22.908904830336773,-43.1565278701325,157.7,16.3,0.26193887,-0.00726658106,0.181797624
,710008040,-22.908904830336773,-43.1565278701325,157.7,16.3,0.26193887,-0.00726658106,0.181797624
,710008040,-22.908904830336773,-43.1565278701325,157.7,16.3,0.26193887,-0.00726658106,0.181797624
,710008040,-22.908904830336773,-43.1565278701325,157.7,16.3,0.26193887,-0.00726658106,0.181797624
,710008040,-22.908904830336773,-43.1565278701325,157.7,16.3,0.26193887,-0.00726658106,0.181797624
,710008040,-22.908904830336773,-43.1565278701325,157.7,16.3,0.26193887,-0.00726658106,0.181797624
,710008040,-22.908904830336773,-43.1565278701325,157.7,16.3,0.26193887,-0.00726658106,0.181797624
,710008040,-22.908904830336773,-43.1565278701325,157.7,16.3,0.26193887,-0.00726658106,0.181797624
,710008040,-22.908904830336773,-43.1565278701325,157.7,16.3,0.26193887,-0.00726658106,0.181797624
,710008040,-22.908904830336773,-43.1565278701325,157.7,16.3,0.26193887,-0.00726658106,0.181797624
,710008040,-22.908904830336773,-43.1565278701325,157.7,16.3,0.26193887,-0.00726658106,0.181797624
,710008040,-22.908904830336773,-43.1565278701325,157.7,16.3,0.26193887,-0.00726658106,0.181797624
,710008040,-22.908904830336773,-43.1565278701325,157.7,16.3,0.26193887,-0.00726658106,0.181797624
,710008040,-22.908904830336773,-43.1565278701325,157.7,16.3,0.26193887,-0.00726658106,0.181797624
,710008040,-22.908904830336773,-43.1565278701325,157.7,16.3,0.26193887,-0.00726658106,0.181797624
,710008040,-22.908904830336773,-43.1565278701325,157.7,16.3,0.26193887,-0.00726658106,0.181797624
,710008040,-22.908904830336773,-43.1565278701325,157.7,16.3,0.26193887,-0.00726658106,0.181797624
,710008040,-22.908904830336773,-43.1565278701325,157.7,16.3,0.26193887,-0.00726658106,0.181797624
,710008040,-22.908904830336773,-43.1565278701325,157.7,16.3,0.26193887,-0.00726658106,0.181797624
,710008040,-22.908904830336773,-43.1565278701325,157.7,16.3,0.26193887,-0.00726658106,0.181797624
,710008040,-22.908904830336773,-43.1565278701325,157.7,16.3,0.26193887,-0.00726658106,0.181797624
,710008040,-22.908904830336773,-43.1565278701325,157.7,16.3,0.26193887,-0.00726658106,0.181797624
,710008040,-22.908904830336773,-43.1565278701325,157.7,16.3,0.26193887,-0.00726658106,0.181797624
,710008040,-22.908904830336773,-43.1565278701325,157.7,16.3,0.26193887,-0.00726658106,0.181797624
,710008040,-22.908904830336773,-43.1565278701325,157.7,16.3,0.26193887,-0.00726658106,0.181797624
,710008040,-22.908904830336773,-43.1565278701325,157.7,16.3,0.26193887,-0.00726658106,0.181797624
,710008040,-22.908904830336773,-43.1565278701325,157.7,16.3,0.26193887,-0.00726658106,0.181797624
,710008040,-22.908904830336773,-43.1565278701325,157.7,16.3,0.26193887,-0.00726658106,0.181797624
,710008040,-22.908904830336773,-43.1565278701325,157.7,16.3,0.26193887,-0.00726658106,0.181797624
,710008040,-22.908904830336773,-43.1565278701325,157.7,16.3,0.26193887,-0.00726658106,0.181797624
,710008040,-22.908904830336773,-43.1565278701325,157.7,16.3,0.26193887,-0.00726658106,0.181797624
,710008040,-22.908904830336773,-43.1565278701325,157.7,16.3,0.26193887,-0.00726658106,0.181797624
,710008040,-22.90897451331522,-43.156495913618365,157.7,16.3,0.26193887,-0.00726658106,0.181797624
,710008040,-22.90897451331522,-43.156495913618365,157.7,16.3,0.26193887,-0.00726658106,0.181797624
,710008040,-22.90897451331522,-43.156495913618365,157.7,16.3,0.26193887,-0.00726658106,0.181797624
,710008040,-22.90897451331522,-43.156495913618365,157.7,16.3,0.26193887,-0.00726658106,0.181797624
,710008040,-22.90897451331522,-43.156495913618365,157.7,16.3,0.26193887,-0.00726658106,0.181797624
,710008040,-22.90897451331522,-43.156495913618365,157.7,16.3,0.26193887,-0.00726658106,0.181797624
,710008040,-22.90897451331522,-43.156495913618365,157.7,16.3,0.26193887,-0.00726658106,0.181797624
,710008040,-22.90897451331522,-43.156495913618365,157.7,16.3,0.26193887,-0.00726658106,0.181797624
,710008040,-22.90897451331522,-43.156495913618365,157.7,16.3,0.26193887,-0.00726658106,0.181797624
,710008040,-22.90897451331522,-43.156495913618365,157.7,16.3,0.26193887,-0.00726658106,0.181797624
,710008040,-22.90897451331522,-43.156495913618365,157.7,16.3,0.26193887,-0.00726658106,0.181797624
,710008040,-22.90897451331522,-43.156495913618365,157.7,16.3,0.26193887,-0.00726658106,0.181797624
,710008040,-22.90897451331522,-43.156495913618365,157.7,16.3,0.26193887,-0.00726658106,0.181797624
,710008040,-22.90897451331522,-43.156495913618365,157.7,16.3,0.26193887,-0.00726658106,0.181797624
,710008040,-22.90897451331522,-43.156495913618365,157.7,16.3,0.26193887,-0.00726658106,0.181797624
,710008040,-22.90897451331522,-43.156495913618365,157.7,16.3,0.26193887,-0.00726658106,0.181797624
,710008040,-22.90897451331522,-43.156495913618365,157.7,16.3,0.26193887,-0.00726658106,0.181797624
,710008040,-22.90897451331522,-43.156495913618365,157.7,16.3,0.26193887,-0.00726658106,0.181797624
,710008040,-22.90897451331522,-43.156495913618365,157.7,16.3,0.26193887,-0.00726658106,0.181797624
,710008040,-22.90897451331522,-43.156495913618365,157.7,16.3,0.26193887,-0.00726658106,0.181797624
,710008040,-22.90897451331522,-43.156495913618365,157.7,16.3,0.26193887,-0.00726658106,0.181797624
,710008040,-22.90897451331522,-43.156495913618365,157.7,16.3,0.26193887,-0.00726658106,0.181797624
,710008040,-22.90897451331522,-43.156495913618365,157.7,16.3,0.26193887,-0.00726658106,0.181797624
,710008040,-22.90897451331522,-43.156495913618365,157.7,16.3,0.26193887,-0.00726658106,0.181797624
,710008040,-22.90897451331522,-43.156495913618365,157.7,16.3,0.26193887,-0.00726658106,0.181797624
,710008040,-22.90897451331522,-43.156495913618365,157.7,16.3,0.26193887,-0.00726658106,0.181797624
,710008040,-22.90897451331522,-43.156495913618365,157.7,16.3,0.26193887,-0.00726658106,0.181797624
,710008040,-22.90897451331522,-43.156495913618365,157.7,16.3,0.26193887,-0.00726658106,0.181797624
,710008040,-22.90897451331522,-43.156495913618365,157.7,16.3,0.26193887,-0.00726658106,0.181797624
,710008040,-22.90897451331522,-43.156495913618365,157.7,16.3,0.26193887,-0.00726658106,0.181797624
,710008040,-22.90897451331522,-43.156495913618365,157.7,16.3,0.26193887,-0.00726658106,0.181797624
,710008040,-22.90897451331522,-43.156495913618365,157.7,16.3,0.26193887,-0.00726658106,0.181797624
,710008040,-22.90897451331522,-43.156495913618365,157.7,16.3,0.26193887,-0.00726658106,0.181797624
,710008040,-22.90897451331522,-43.156495913618365,157.7,16.3,0.275811106,-0.00889992714,0.173476115
,710008040,-22.90897451331522,-43.156495913618365,157.7,16.3,0.275811106,-0.00889992714,0.173476115
,710008040,-22.90897451331522,-43.156495913618365,157.7,16.3,0.275811106,-0.00889992714,0.173476115
,710008040,-22.90897451331522,-43.156495913618365,157.7,16.3,0.275811106,-0.00889992714,0.173476115
,710008040,-22.90897451331522,-43.156495913618365,157.7,16.3,0.275811106,-0.00889992714,0.173476115
,710008040,-22.90897451331522,-43.156495913618365,157.7,16.3,0.275811106,-0.00889992714,0.173476115
,710008040,-22.90897451331522,-43.156495913618365,157.7,16.3,0.275811106,-0.00889992714,0.173958927
,710008040,-22.90897451331522,-43.156495913618365,157.7,16.3,0.275811106,-0.00889992714,0.173958927
,710008040,-22.90897451331522,-43.156495913618365,157.7,16.3,0.275811106,-0.00889992714,0.173958927
,710008040,-22.909044196284515,-43.15646395706933,157.7,16.3,0.275811106,-0.00889992714,0.173958927
,710008040,-22.909044196284515,-43.15646395706933,157.7,16.3,0.275811106,-0.00889992714,0.173958927
,710008040,-22.909044196284515,-43.15646395706933,157.7,16.3,0.275811106,-0.00889992714,0.173958927
,710008040,-22.909044196284515,-43.15646395706933,157.7,16.3,0.275811106,-0.00889992714,0.173958927
,710008040,-22.909044196284515,-43.15646395706933,157.7,16.3,0.275811106,-0.00889992714,0.173958927
,710008040,-22.909044196284515,-43.15646395706933,157.7,16.3,0.275811106,-0.00889992714,0.173958927
,710008040,-22.909044196284515,-43.15646395706933,157.7,16.3,0.275811106,-0.00889992714,0.173958927
,710008040,-22.909044196284515,-43.15646395706933,157.7,16.3,0.275811106,-0.00889992714,0.173958927
,710008040,-22.909044196284515,-43.15646395706933,157.7,16.3,0.275811106,-0.00889992714,0.173958927
,710008040,-22.909044196284515,-43.15646395706933,157.7,16.3,0.275811106,-0.00889992714,0.173958927
,710008040,-22.909044196284515,-43.15646395706933,157.7,16.3,0.275811106,-0.00889992714,0.173958927
,710008040,-22.909044196284515,-43.15646395706933,157.7,16.3,0.275811106,-0.00889992714,0.173958927
,710008040,-22.909044196284515,-43.15646395706933,157.7,16.3,0.275811106,-0.00889992714,0.173958927
,710008040,-22.909044196284515,-43.15646395706933,157.7,16.3,0.275811106,-0.00889992714,0.173958927
,710008040,-22.909044196284515,-43.15646395706933,157.7,16.3,0.275811106,-0.00889992714,0.173958927
,710008040,-22.909044196284515,-43.15646395706933,157.7,16.3,0.275811106,-0.00889992714,0.173958927
,710008040,-22.909044196284515,-43.15646395706933,157.7,16.3,0.275811106,-0.00889992714,0.173958927
,710008040,-22.909044196284515,-43.15646395706933,157.7,16.3,0.275811106,-0.00889992714,0.173958927
,710008040,-22.909044196284515,-43.15646395706933,157.7,16.3,0.275811106,-0.00889992714,0.173958927
,710008040,-22.909044196284515,-43.15646395706933,157.7,16.3,0.275811106,-0.00889992714,0.173958927
,710008040,-22.909044196284515,-43.15646395706933,157.7,16.3,0.275811106,-0.00889992714,0.173958927
,710008040,-22.909044196284515,-43.15646395706933,157.7,16.3,0.275811106,-0.00889992714,0.173958927
,710008040,-22.909044196284515,-43.15646395706933,157.7,16.3,0.275811106,-0.00889992714,0.173958927
,710008040,-22.909044196284515,-43.15646395706933,157.7,16.3,0.275811106,-0.00889992714,0.173958927
,710008040,-22.909044196284515,-43.15646395706933,157.7,16.3,0.275811106,-0.00889992714,0.173958927
,710008040,-22.909044196284515,-43.15646395706933,157.7,16.3,0.275811106,-0.00889992714,0.173958927
,710008040,-22.909044196284515,-43.15646395706933,157.7,16.3,0.275811106,-0.00889992714,0.173958927
,710008040,-22.909044196284515,-43.15646395706933,157.7,16.3,0.275811106,-0.00889992714,0.173958927
,710008040,-22.909044196284515,-43.15646395706933,157.7,16.3,0.275811106,-0.00889992714,0.173958927
,710008040,-22.909044196284515,-43.15646395706933,157.7,16.3,0.275811106,-0.00889992714,0.173958927
,710008040,-22.909044196284515,-43.15646395706933,157.7,16.3,0.275811106,-0.00889992714,0.173958927
,710008040,-22.909044196284515,-43.15646395706933,157.7,16.3,0.275811106,-0.00889992714,0.173958927
,710008040,-22.909044196284515,-43.15646395706933,157.7,16.3,0.275811106,-0.00889992714,0.173958927
,710008040,-22.909044196284515,-43.15646395706933,157.7,16.3,0.275811106,-0.00889992714,0.173958927
,710008040,-22.909044196284515,-43.15646395706933,157.7,16.3,0.275811106,-0.00889992714,0.173958927
,710008040,-22.909044196284515,-43.15646395706933,157.7,16.3,0.275811106,-0.00889992714,0.173958927
,710008040,-22.909044196284515,-43.15646395706933,157.7,16.3,0.275811106,-0.00889992714,0.173958927
,710008040,-22.909044196284515,-43.15646395706933,157.7,16.3,0.275811106,-0.00889992714,0.173958927
,710008040,-22.909044196284515,-43.15646395706933,157.7,16.3,0.275811106,-0.00889992714,0.173958927
,710008040,-22.909044196284515,-43.15646395706933,157.7,16.3,0.275811106,-0.00889992714,0.173958927
,710008040,-22.909044196284515,-43.15646395706933,157.7,16.3,0.275811106,-0.00889992714,0.173958927
,710008040,-22.909044196284515,-43.15646395706933,157.7,16.3,0.275811106,-0.00889992714,0.173958927
,710008040,-22.909044196284515,-43.15646395706933,157.7,16.3,0.275811106,-0.00889992714,0.173958927
,710008040,-22.909044196284515,-43.15646395706933,157.7,16.3,0.275811106,-0.00889992714,0.173958927
,710008040,-22.909044196284515,-43.15646395706933,157.7,16.3,0.275811106,-0.00889992714,0.173958927
,710008040,-22.909113879244668,-43.15643200048536,157.7,16.3,0.275811106,-0.00889992714,0.173958927
,710008040,-22.909113879244668,-43.15643200048536,157.7,16.3,0.275811106,-0.00889992714,0.173958927
,710008040,-22.909113879244668,-43.15643200048536,157.7,16.3,0.275811106,-0.00889992714,0.173958927
,710008040,-22.909113879244668,-43.15643200048536,157.7,16.3,0.275811106,-0.00889992714,0.173958927
,710008040,-22.909113879244668,-43.15643200048536,157.7,16.3,0.275811106,-0.00889992714,0.173958927
,710008040,-22.909113879244668,-43.15643200048536,157.7,16.3,0.275811106,-0.00889992714,0.173958927
,710008040,-22.909113879244668,-43.15643200048536,157.7,16.3,0.275811106,-0.00889992714,0.173958927
,710008040,-22.909113879244668,-43.15643200048536,157.7,16.3,0.275811106,-0.00889992714,0.173958927
,710008040,-22.909113879244668,-43.15643200048536,157.7,16.3,0.275811106,-0.00889992714,0.173958927
,710008040,-22.909113879244668,-43.15643200048536,157.7,16.3,0.275811106,-0.00889992714,0.173958927
,710008040,-22.909113879244668,-43.15643200048536,157.7,16.3,0.275811106,-0.00889992714,0.173958927
,710008040,-22.909113879244668,-43.15643200048536,157.7,16.3,0.275811106,-0.00889992714,0.173958927
,710008040,-22.909113879244668,-43.15643200048536,157.7,16.3,0.275811106,-0.00889992714,0.173958927
,710008040,-22.909113879244668,-43.15643200048536,157.7,16.3,0.275811106,-0.00889992714,0.173958927
,710008040,-22.909113879244668,-43.15643200048536,157.7,16.3,0.275811106,-0.00889992714,0.173958927
,710008040,-22.909113879244668,-43.15643200048536,157.7,16.3,0.275811106,-0.00889992714,0.173958927
,710008040,-22.909113879244668,-43.15643200048536,157.7,16.3,0.275811106,-0.00889992714,0.173958927
,710008040,-22.909113879244668,-43.15643200048536,157.7,16.3,0.275811106,-0.00889992714,0.173958927
,710008040,-22.909113879244668,-43.15643200048536,157.7,16.3,0.275811106,-0.00889992714,0.173958927
,710008040,-22.909113879244668,-43.15643200048536,157.7,16.3,0.275811106,-0.00889992714,0.173958927
,710008040,-22.909113879244668,-43.15643200048536,157.7,16.3,0.275811106,-0.00889992714,0.173958927
,710008040,-22.909113879244668,-43.15643200048536,157.7,16.3,0.275811106,-0.00889992714,0.173958927
,710008040,-22.909113879244668,-43.15643200048536,157.7,16.3,0.275811106,-0.00889992714,0.173958927
,710008040,-22.909113879244668,-43.15643200048536,157.7,16.3,0.275811106,-0.00889992714,0.173958927
,710008040,-22.909113879244668,-43.15643200048536,157.7,16.3,0.275811106,-0.00889992714,0.173958927
,710008040,-22.909113879244668,-43.15643200048536,157.7,16.3,0.275811106,-0.00889992714,0.173958927
,710008040,-22.909113879244668,-43.15643200048536,157.7,16.3,0.275811106,-0.00889992714,0.173958927
,710008040,-22.909113879244668,-43.15643200048536,157.7,16.3,0.275811106,-0.00889992714,0.173958927
,710008040,-22.909113879244668,-43.15643200048536,157.7,16.3,0.275811106,-0.00889992714,0.173958927
,710008040,-22.909113879244668,-43.15643200048536,157.7,16.3,0.275811106,-0.00889992714,0.173958927
,710008040,-22.909113879244668,-43.15643200048536,157.7,16.3,0.275811106,-0.00889992714,0.173958927
,710008040,-22.909113879244668,-43.15643200048536,157.7,16.3,0.275811106,-0.00889992714,0.173958927
,710008040,-22.909113879244668,-43.15643200048536,157.7,16.3,0.275811106,-0.00889992714,0.173958927
,710008040,-22.909113879244668,-43.15643200048536,157.7,16.3,0.275811106,-0.00889992714,0.173958927
,710008040,-22.909113879244668,-43.15643200048536,157.7,16.3,0.275811106,-0.00889992714,0.173958927
,710008040,-22.909113879244668,-43.15643200048536,157.7,16.3,0.275811106,-0.00889992714,0.173958927
,710008040,-22.909113879244668,-43.15643200048536,157.7,16.3,0.275811106,-0.00889992714,0.173958927
,710008040,-22.909113879244668,-43.15643200048536,157.7,16.3,0.275811106,-0.00889992714,0.173958927
,710008040,-22.909113879244668,-43.15643200048536,157.7,16.3,0.275811106,-0.00889992714,0.173958927
,710008040,-22.909113879244668,-43.15643200048536,157.7,16.3,0.275811106,-0.00889992714,0.173958927
,710008040,-22.909113879244668,-43.15643200048536,157.7,16.3,0.275811106,-0.00889992714,0.173958927
,710008040,-22.909113879244668,-43.15643200048536,157.7,16.3,0.275811106,-0.00889992714,0.173958927
,710008040,-22.909113879244668,-43.15643200048536,157.7,16.3,0.275811106,-0.00889992714,0.173958927
,710008040,-22.909113879244668,-43.15643200048536,157.7,16.3,0.275811106,-0.00889992714,0.173958927
,710008040,-22.909113879244668,-43.15643200048536,157.7,16.3,0.275811106,-0.00889992714,0.173958927
,710008040,-22.90918356219567,-43.15640004386648,157.7,16.3,0.275811106,-0.00889992714,0.173958927
,710008040,-22.90918356219567,-43.15640004386648,157.7,16.3,0.275811106,-0.00889992714,0.173958927
,710008040,-22.90918356219567,-43.15640004386648,157.7,16.3,0.275811106,-0.00889992714,0.173958927
,710008040,-22.90918356219567,-43.15640004386648,157.7,16.3,0.275811106,-0.00889992714,0.173958927
,710008040,-22.90918356219567,-43.15640004386648,157.7,16.3,0.275811106,-0.00889992714,0.173958927
,710008040,-22.90918356219567,-43.15640004386648,157.7,16.3,0.275811106,-0.00889992714,0.173958927
,710008040,-22.90918356219567,-43.15640004386648,157.7,16.3,0.275811106,-0.00889992714,0.173958927
,710008040,-22.90918356219567,-43.15640004386648,157.7,16.3,0.275811106,-0.00889992714,0.173958927
,710008040,-22.90918356219567,-43.15640004386648,157.7,16.3,0.275811106,-0.00889992714,0.173958927
,710008040,-22.90918356219567,-43.15640004386648,157.7,16.3,0.275811106,-0.00889992714,0.173958927
,710008040,-22.90918356219567,-43.15640004386648,157.7,16.3,0.275811106,-0.00889992714,0.173958927
,710008040,-22.90918356219567,-43.15640004386648,157.7,16.3,0.275811106,-0.00889992714,0.173958927
,710008040,-22.90918356219567,-43.15640004386648,157.7,16.3,0.275811106,-0.00889992714,0.173958927
,710008040,-22.90918356219567,-43.15640004386648,157.7,16.3,0.275811106,-0.00889992714,0.173958927
,710008040,-22.90918356219567,-43.15640004386648,157.7,16.3,0.275811106,-0.00889992714,0.173958927
,710008040,-22.90918356219567,-43.15640004386648,157.7,16.3,0.275811106,-0.00889992714,0.173958927
,710008040,-22.90918356219567,-43.15640004386648,157.7,16.3,0.275811106,-0.00889992714,0.173958927
,710008040,-22.90918356219567,-43.15640004386648,157.7,16.3,0.275811106,-0.00889992714,0.173958927
,710008040,-22.90918356219567,-43.15640004386648,157.7,16.3,0.275811106,-0.00889992714,0.173958927
,710008040,-22.90918356219567,-43.15640004386648,157.7,16.3,0.275811106,-0.00889992714,0.173958927
,710008040,-22.90918356219567,-43.15640004386648,157.7,16.3,0.275811106,-0.00889992714,0.173958927
,710008040,-22.90918356219567,-43.15640004386648,157.7,16.3,0.275811106,-0.00889992714,0.173958927
,710008040,-22.90918356219567,-43.15640004386648,157.7,16.3,0.275811106,-0.00889992714,0.173958927
,710008040,-22.90918356219567,-43.15640004386648,157.7,16.3,0.275811106,-0.00889992714,0.173958927
,710008040,-22.90918356219567,-43.15640004386648,157.7,16.3,0.275811106,-0.00889992714,0.173958927
,710008040,-22.90918356219567,-43.15640004386648,157.7,16.3,0.275811106,-0.00889992714,0.173958927
,710008040,-22.90918356219567,-43.15640004386648,157.7,16.3,0.275811106,-0.00889992714,0.173958927
,710008040,-22.90918356219567,-43.15640004386648,157.7,16.3,0.275811106,-0.00889992714,0.173958927
,710008040,-22.90918356219567,-43.15640004386648,157.7,16.3,0.275811106,-0.00889992714,0.173958927
,710008040,-22.90918356219567,-43.15640004386648,157.7,16.3,0.275811106,-0.00889992714,0.173958927
,710008040,-22.90918356219567,-43.15640004386648,157.7,16.3,0.275811106,-0.00889992714,0.173958927
,710008040,-22.90918356219567,-43.15640004386648,157.7,16.3,0.275811106,-0.00889992714,0.173958927
,710008040,-22.90918356219567,-43.15640004386648,157.7,16.3,0.275811106,-0.00889992714,0.173958927
,710008040,-22.90918356219567,-43.15640004386648,157.7,16.3,0.275811106,-0.00889992714,0.173958927
,710008040,-22.90918356219567,-43.15640004386648,157.7,16.3,0.275811106,-0.00889992714,0.173958927
,710008040,-22.90918356219567,-43.15640004386648,157.7,16.3,0.275811106,-0.00889992714,0.173958927
,710008040,-22.90918356219567,-43.15640004386648,157.7,16.3,0.275811106,-0.00889992714,0.173958927
,710008040,-22.90918356219567,-43.15640004386648,157.7,16.3,0.275811106,-0.00889992714,0.173958927
,710008040,-22.90918356219567,-43.15640004386648,157.7,16.3,0.275811106,-0.00889992714,0.173958927
,710008040,-22.90918356219567,-43.15640004386648,157.7,16.3,0.29075554,-0.0105665326,0.165928781
,710008040,-22.90918356219567,-43.15640004386648,157.7,16.3,0.29075554,-0.0105665326,0.165928781
,710008040,-22.90918356219567,-43.15640004386648,157.7,16.3,0.29075554,-0.0105665326,0.165928781
,710008040,-22.90925324513752,-43.15636808721269,157.7,16.3,0.29075554,-0.0105665326,0.165928781
,710008040,-22.90925324513752,-43.15636808721269,157.7,16.3,0.29075554,-0.0105665326,0.165928781
,710008040,-22.90925324513752,-43.15636808721269,157.7,16.3,0.29075554,-0.0105665326,0.165928781
,710008040,-22.90925324513752,-43.15636808721269,157.7,16.3,0.29075554,-0.0105665326,0.165928781
,710008040,-22.90925324513752,-43.15636808721269,157.7,16.3,0.29075554,-0.0105665326,0.165928781
,710008040,-22.90925324513752,-43.15636808721269,157.7,16.3,0.29075554,-0.0105665326,0.165928781
,710008040,-22.90925324513752,-43.15636808721269,157.7,16.3,0.29075554,-0.0105665326,0.166447818
,710008040,-22.90925324513752,-43.15636808721269,157.7,16.3,0.29075554,-0.0105665326,0.166447818
,710008040,-22.90925324513752,-43.15636808721269,157.7,16.3,0.29075554,-0.0105665326,0.166447818
,710008040,-22.90925324513752,-43.15636808721269,157.7,16.3,0.29075554,-0.0105665326,0.166447818
,710008040,-22.90925324513752,-43.15636808721269,157.7,16.3,0.29075554,-0.0105665326,0.166447818
,710008040,-22.90925324513752,-43.15636808721269,157.7,16.3,0.29075554,-0.0105665326,0.166447818
,710008040,-22.90925324513752,-43.15636808721269,157.7,16.3,0.29075554,-0.0105665326,0.166447818
,710008040,-22.90925324513752,-43.15636808721269,157.7,16.3,0.29075554,-0.0105665326,0.166447818
,710008040,-22.90925324513752,-43.15636808721269,157.7,16.3,0.29075554,-0.0105665326,0.166447818
,710008040,-22.90925324513752,-43.15636808721269,157.7,16.3,0.29075554,-0.0105665326,0.166447818
,710008040,-22.90925324513752,-43.15636808721269,157.7,16.3,0.29075554,-0.0105665326,0.166447818
,710008040,-22.90925324513752,-43.15636808721269,157.7,16.3,0.29075554,-0.0105665326,0.166447818
,710008040,-22.90925324513752,-43.15636808721269,157.7,16.3,0.29075554,-0.0105665326,0.166447818
,710008040,-22.90925324513752,-43.15636808721269,157.7,16.3,0.29075554,-0.0105665326,0.166447818
,710008040,-22.90925324513752,-43.15636808721269,157.7,16.3,0.29075554,-0.0105665326,0.166447818
,710008040,-22.90925324513752,-43.15636808721269,157.7,16.3,0.29075554,-0.0105665326,0.166447818
,710008040,-22.90925324513752,-43.15636808721269,157.7,16.3,0.29075554,-0.0105665326,0.166447818
,710008040,-22.90925324513752,-43.15636808721269,157.7,16.3,0.29075554,-0.0105665326,0.166447818
,710008040,-22.90925324513752,-43.15636808721269,157.7,16.3,0.29075554,-0.0105665326,0.166447818
,710008040,-22.90925324513752,-43.15636808721269,157.7,16.3,0.29075554,-0.0105665326,0.166447818
,710008040,-22.90925324513752,-43.15636808721269,157.7,16.3,0.29075554,-0.0105665326,0.166447818
,710008040,-22.90925324513752,-43.15636808721269,157.7,16.3,0.29075554,-0.0105665326,0.166447818
,710008040,-22.90925324513752,-43.15636808721269,157.7,16.3,0.29075554,-0.0105665326,0.166447818
,710008040,-22.90925324513752,-43.15636808721269,157.7,16.3,0.29075554,-0.0105665326,0.166447818
,710008040,-22.90925324513752,-43.15636808721269,157.7,16.3,0.29075554,-0.0105665326,0.166447818
,710008040,-22.90925324513752,-43.15636808721269,157.7,16.3,0.29075554,-0.0105665326,0.166447818
,710008040,-22.90925324513752,-43.15636808721269,157.7,16.3,0.29075554,-0.0105665326,0.166447818
,710008040,-22.90925324513752,-43.15636808721269,157.7,16.3,0.29075554,-0.0105665326,0.166447818
,710008040,-22.90925324513752,-43.15636808721269,157.7,16.3,0.29075554,-0.0105665326,0.166447818
,710008040,-22.90925324513752,-43.15636808721269,157.7,16.3,0.29075554,-0.0105665326,0.166447818
,710008040,-22.90925324513752,-43.15636808721269,157.7,16.3,0.29075554,-0.0105665326,0.166447818
,710008040,-22.90925324513752,-43.15636808721269,157.7,16.3,0.29075554,-0.0105665326,0.166447818
,710008040,-22.90925324513752,-43.15636808721269,157.7,16.3,0.29075554,-0.0105665326,0.166447818
,710008040,-22.90925324513752,-43.15636808721269,157.7,16.3,0.29075554,-0.0105665326,0.166447818
,710008040,-22.90925324513752,-43.15636808721269,157.7,16.3,0.29075554,-0.0105665326,0.166447818
,710008040,-22.90925324513752,-43.15636808721269,157.7,16.3,0.29075554,-0.0105665326,0.166447818
,710008040,-22.90925324513752,-43.15636808721269,157.7,16.3,0.29075554,-0.0105665326,0.166447818
,710008040,-22.90925324513752,-43.15636808721269,157.7,16.3,0.29075554,-0.0105665326,0.166447818
,710008040,-22.90925324513752,-43.15636808721269,157.7,16.3,0.29075554,-0.0105665326,0.166447818
,710008040,-22.90932292807023,-43.15633613052399,157.7,16.3,0.29075554,-0.0105665326,0.166447818
,710008040,-22.90932292807023,-43.15633613052399,157.7,16.3,0.29075554,-0.0105665326,0.166447818
,710008040,-22.90932292807023,-43.15633613052399,157.7,16.3,0.29075554,-0.0105665326,0.166447818
,710008040,-22.90932292807023,-43.15633613052399,157.7,16.3,0.29075554,-0.0105665326,0.166447818
,710008040,-22.90932292807023,-43.15633613052399,157.7,16.3,0.29075554,-0.0105665326,0.166447818
,710008040,-22.90932292807023,-43.15633613052399,157.7,16.3,0.29075554,-0.0105665326,0.166447818
,710008040,-22.90932292807023,-43.15633613052399,157.7,16.3,0.29075554,-0.0105665326,0.166447818
,710008040,-22.90932292807023,-43.15633613052399,157.7,16.3,0.29075554,-0.0105665326,0.166447818
,710008040,-22.90932292807023,-43.15633613052399,157.7,16.3,0.29075554,-0.0105665326,0.166447818
,710008040,-22.90932292807023,-43.15633613052399,157.7,16.3,0.29075554,-0.0105665326,0.166447818
,710008040,-22.90932292807023,-43.15633613052399,157.7,16.3,0.29075554,-0.0105665326,0.166447818
,710008040,-22.90932292807023,-43.15633613052399,157.7,16.3,0.29075554,-0.0105665326,0.166447818
,710008040,-22.90932292807023,-43.15633613052399,157.7,16.3,0.29075554,-0.0105665326,0.166447818
,710008040,-22.90932292807023,-43.15633613052399,157.7,16.3,0.29075554,-0.0105665326,0.166447818
,710008040,-22.90932292807023,-43.15633613052399,157.7,16.3,0.29075554,-0.0105665326,0.166447818
,710008040,-22.90932292807023,-43.15633613052399,157.7,16.3,0.29075554,-0.0105665326,0.166447818
,710008040,-22.90932292807023,-43.15633613052399,157.7,16.3,0.29075554,-0.0105665326,0.166447818
,710008040,-22.90932292807023,-43.15633613052399,157.7,16.3,0.29075554,-0.0105665326,0.166447818
,710008040,-22.90932292807023,-43.15633613052399,157.7,16.3,0.29075554,-0.0105665326,0.166447818
,710008040,-22.90932292807023,-43.15633613052399,157.7,16.3,0.29075554,-0.0105665326,0.166447818
,710008040,-22.90932292807023,-43.15633613052399,157.7,16.3,0.29075554,-0.0105665326,0.166447818
,710008040,-22.90932292807023,-43.15633613052399,157.7,16.3,0.29075554,-0.0105665326,0.166447818
,710008040,-22.90932292807023,-43.15633613052399,157.7,16.3,0.29075554,-0.0105665326,0.166447818
,710008040,-22.90932292807023,-43.15633613052399,157.7,16.3,0.29075554,-0.0105665326,0.166447818
,710008040,-22.90932292807023,-43.15633613052399,157.7,16.3,0.29075554,-0.0105665326,0.166447818
,710008040,-22.90932292807023,-43.15633613052399,157.7,16.3,0.29075554,-0.0105665326,0.166447818
,710008040,-22.90932292807023,-43.15633613052399,157.7,16.3,0.29075554,-0.0105665326,0.166447818
,710008040,-22.90932292807023,-43.15633613052399,157.7,16.3,0.29075554,-0.0105665326,0.166447818
,710008040,-22.90932292807023,-43.15633613052399,157.7,16.3,0.29075554,-0.0105665326,0.166447818
,710008040,-22.90932292807023,-43.15633613052399,157.7,16.3,0.29075554,-0.0105665326,0.166447818
,710008040,-22.90932292807023,-43.15633613052399,157.7,16.3,0.29075554,-0.0105665326,0.166447818
,710008040,-22.90932292807023,-43.15633613052399,157.7,16.3,0.29075554,-0.0105665326,0.166447818
,710008040,-22.90932292807023,-43.15633613052399,157.7,16.3,0.29075554,-0.0105665326,0.166447818
,710008040,-22.90932292807023,-43.15633613052399,157.7,16.3,0.29075554,-0.0105665326,0.166447818
,710008040,-22.90932292807023,-43.15633613052399,157.7,16.3,0.29075554,-0.0105665326,0.166447818
,710008040,-22.90932292807023,-43.15633613052399,157.7,16.3,0.29075554,-0.0105665326,0.166447818
,710008040,-22.90932292807023,-43.15633613052399,157.7,16.3,0.29075554,-0.0105665326,0.166447818
,710008040,-22.90932292807023,-43.15633613052399,157.7,16.3,0.29075554,-0.0105665326,0.166447818
,710008040,-22.90932292807023,-43.15633613052399,157.7,16.3,0.29075554,-0.0105665326,0.166447818
,710008040,-22.90932292807023,-43.15633613052399,157.7,16.3,0.29075554,-0.0105665326,0.166447818
,710008040,-22.90932292807023,-43.15633613052399,157.7,16.3,0.29075554,-0.0105665326,0.166447818
,710008040,-22.90932292807023,-43.15633613052399,157.7,16.3,0.29075554,-0.0105665326,0.166447818
,710008040,-22.90932292807023,-43.15633613052399,157.7,16.3,0.29075554,-0.0105665326,0.166447818
,710008040,-22.90932292807023,-43.15633613052399,157.7,16.3,0.29075554,-0.0105665326,0.166447818
,710008040,-22.90932292807023,-43.15633613052399,157.7,16.3,0.29075554,-0.0105665326,0.166447818
,710008040,-22.90932292807023,-43.15633613052399,157.7,16.3,0.29075554,-0.0105665326,0.166447818
,710008040,-22.90932292807023,-43.15633613052399,157.7,16.3,0.29075554,-0.0105665326,0.166447818
,710008040,-22.90932292807023,-43.15633613052399,157.7,16.3,0.29075554,-0.0105665326,0.166447818
,710008040,-22.90932292807023,-43.15633613052399,157.7,16.3,0.29075554,-0.0105665326,0.166447818
,710008040,-22.90932292807023,-43.15633613052399,157.7,16.3,0.29075554,-0.0105665326,0.166447818
,710008040,-22.90932292807023,-43.15633613052399,157.7,16.3,0.29075554,-0.0105665326,0.166447818
,710008040,-22.90932292807023,-43.15633613052399,157.7,16.3,0.29075554,-0.0105665326,0.166447818
,710008040,-22.90939261099379,-43.15630417380037,157.7,16.3,0.29075554,-0.0105665326,0.166447818
,710008040,-22.90939261099379,-43.15630417380037,157.7,16.3,0.29075554,-0.0105665326,0.166447818
,710008040,-22.90939261099379,-43.15630417380037,157.7,16.3,0.29075554,-0.0105665326,0.166447818
,710008040,-22.90939261099379,-43.15630417380037,157.7,16.3,0.29075554,-0.0105665326,0.166447818
,710008040,-22.90939261099379,-43.15630417380037,157.7,16.3,0.29075554,-0.0105665326,0.166447818
,710008040,-22.90939261099379,-43.15630417380037,157.7,16.3,0.29075554,-0.0105665326,0.166447818
,710008040,-22.90939261099379,-43.15630417380037,157.7,16.3,0.29075554,-0.0105665326,0.166447818
,710008040,-22.90939261099379,-43.15630417380037,157.7,16.3,0.29075554,-0.0105665326,0.166447818
,710008040,-22.90939261099379,-43.15630417380037,157.7,16.3,0.29075554,-0.0105665326,0.166447818
,710008040,-22.90939261099379,-43.15630417380037,157.7,16.3,0.29075554,-0.0105665326,0.166447818
,710008040,-22.90939261099379,-43.15630417380037,157.7,16.3,0.29075554,-0.0105665326,0.166447818
,710008040,-22.90939261099379,-43.15630417380037,157.7,16.3,0.29075554,-0.0105665326,0.166447818
,710008040,-22.90939261099379,-43.15630417380037,157.7,16.3,0.29075554,-0.0105665326,0.166447818
,710008040,-22.90939261099379,-43.15630417380037,157.7,16.3,0.29075554,-0.0105665326,0.166447818
,710008040,-22.90939261099379,-43.15630417380037,157.7,16.3,0.29075554,-0.0105665326,0.166447818
,710008040,-22.909698485812836,-43.156483410823085,169.6,16.3,0.29075554,-0.0105665326,0.166447818
,710008040,-22.909698485812836,-43.156483410823085,169.6,16.3,0.29075554,-0.0105665326,0.166447818
,710008040,-22.909698485812836,-43.156483410823085,169.6,16.3,0.29075554,-0.0105665326,0.166447818
,710008040,-22.909698485812836,-43.156483410823085,169.6,16.3,0.29075554,-0.0105665326,0.166447818
,710008040,-22.909698485812836,-43.156483410823085,169.6,16.3,0.29075554,-0.0105665326,0.166447818
,710008040,-22.909698485812836,-43.156483410823085,169.6,16.3,0.29075554,-0.0105665326,0.166447818
,710008040,-22.909698485812836,-43.156483410823085,169.6,16.3,0.29075554,-0.0105665326,0.166447818
,710008040,-22.909698485812836,-43.156483410823085,169.6,16.3,0.29075554,-0.0105665326,0.166447818
,710008040,-22.909698485812836,-43.156483410823085,169.6,16.3,0.29075554,-0.0105665326,0.166447818
,710008040,-22.909698485812836,-43.156483410823085,169.6,16.3,0.29075554,-0.0105665326,0.166447818
,710008040,-22.909698485812836,-43.156483410823085,169.6,16.3,0.29075554,-0.0105665326,0.166447818
,710008040,-22.909698485812836,-43.156483410823085,169.6,16.3,0.29075554,-0.0105665326,0.166447818
,710008040,-22.909698485812836,-43.156483410823085,169.6,16.3,0.29075554,-0.0105665326,0.166447818
,710008040,-22.909698485812836,-43.156483410823085,169.6,16.3,0.29075554,-0.0105665326,0.166447818
,710008040,-22.909698485812836,-43.156483410823085,169.6,16.3,0.29075554,-0.0105665326,0.166447818
,710008040,-22.909698485812836,-43.156483410823085,169.6,16.3,0.29075554,-0.0105665326,0.166447818
,710008040,-22.909698485812836,-43.156483410823085,169.6,16.3,0.29075554,-0.0105665326,0.166447818
,710008040,-22.909698485812836,-43.156483410823085,169.6,16.3,0.29075554,-0.0105665326,0.166447818
,710008040,-22.909698485812836,-43.156483410823085,169.6,16.3,0.29075554,-0.0105665326,0.166447818
,710008040,-22.909698485812836,-43.156483410823085,169.6,16.3,0.29075554,-0.0105665326,0.166447818
,710008040,-22.909698485812836,-43.156483410823085,169.6,16.3,0.29075554,-0.0105665326,0.166447818
,710008040,-22.909698485812836,-43.156483410823085,169.6,16.3,0.306827784,-0.0122555494,0.158857018
,710008040,-22.909698485812836,-43.156483410823085,169.6,16.3,0.306827784,-0.0122555494,0.158857018
,710008040,-22.909698485812836,-43.156483410823085,169.6,16.3,0.306827784,-0.0122555494,0.158857018
,710008040,-22.909698485812836,-43.156483410823085,169.6,16.3,0.306827784,-0.0122555494,0.159340039
,710008040,-22.909698485812836,-43.156483410823085,169.6,16.3,0.306827784,-0.0122555494,0.159340039
,710008040,-22.909698485812836,-43.156483410823085,169.6,16.3,0.306827784,-0.0122555494,0.159340039
,710008040,-22.909698485812836,-43.156483410823085,169.6,16.3,0.306827784,-0.0122555494,0.159340039
,710008040,-22.909698485812836,-43.156483410823085,169.6,16.3,0.306827784,-0.0122555494,0.159340039
,710008040,-22.909698485812836,-43.156483410823085,169.6,16.3,0.306827784,-0.0122555494,0.159340039
,710008040,-22.909698485812836,-43.156483410823085,169.6,16.3,0.306827784,-0.0122555494,0.159340039
,710008040,-22.909698485812836,-43.156483410823085,169.6,16.3,0.306827784,-0.0122555494,0.159340039
,710008040,-22.909698485812836,-43.156483410823085,169.6,16.3,0.306827784,-0.0122555494,0.159340039
,710008040,-22.909698485812836,-43.156483410823085,169.6,16.3,0.306827784,-0.0122555494,0.159340039
,710008040,-22.909698485812836,-43.156483410823085,169.6,16.3,0.306827784,-0.0122555494,0.159340039
,710008040,-22.909698485812836,-43.156483410823085,169.6,16.3,0.306827784,-0.0122555494,0.159340039
,710008040,-22.909698485812836,-43.156483410823085,169.6,16.3,0.306827784,-0.0122555494,0.159340039
,710008040,-22.909698485812836,-43.156483410823085,169.6,16.3,0.306827784,-0.0122555494,0.159340039
,710008040,-22.909698485812836,-43.156483410823085,169.6,16.3,0.306827784,-0.0122555494,0.159340039
,710008040,-22.909698485812836,-43.156483410823085,169.6,16.3,0.306827784,-0.0122555494,0.159340039
,710008040,-22.909698485812836,-43.156483410823085,169.6,16.3,0.306827784,-0.0122555494,0.159340039
,710008040,-22.909698485812836,-43.156483410823085,169.6,16.3,0.306827784,-0.0122555494,0.159340039
,710008040,-22.90977277573695,-43.156467651571745,169.6,16.3,0.306827784,-0.0122555494,0.159340039
,710008040,-22.90977277573695,-43.156467651571745,169.6,16.3,0.306827784,-0.0122555494,0.159340039
,710008040,-22.90977277573695,-43.156467651571745,169.6,16.3,0.306827784,-0.0122555494,0.159340039
,710008040,-22.90977277573695,-43.156467651571745,169.6,16.3,0.306827784,-0.0122555494,0.159340039
,710008040,-22.90977277573695,-43.156467651571745,169.6,16.3,0.306827784,-0.0122555494,0.159340039
,710008040,-22.90977277573695,-43.156467651571745,169.6,16.3,0.306827784,-0.0122555494,0.159340039
,710008040,-22.90977277573695,-43.156467651571745,169.6,16.3,0.306827784,-0.0122555494,0.159340039
,710008040,-22.90977277573695,-43.156467651571745,169.6,16.3,0.306827784,-0.0122555494,0.159340039
,710008040,-22.90977277573695,-43.156467651571745,169.6,16.3,0.306827784,-0.0122555494,0.159340039
,710008040,-22.90977277573695,-43.156467651571745,169.6,16.3,0.306827784,-0.0122555494,0.159340039
,710008040,-22.90977277573695,-43.156467651571745,169.6,16.3,0.306827784,-0.0122555494,0.159340039
,710008040,-22.90977277573695,-43.156467651571745,169.6,16.3,0.306827784,-0.0122555494,0.159340039
,710008040,-22.90977277573695,-43.156467651571745,169.6,16.3,0.306827784,-0.0122555494,0.159340039
,710008040,-22.90977277573695,-43.156467651571745,169.6,16.3,0.306827784,-0.0122555494,0.159340039
,710008040,-22.90977277573695,-43.156467651571745,169.6,16.3,0.306827784,-0.0122555494,0.159340039
,710008040,-22.90977277573695,-43.156467651571745,169.6,16.3,0.306827784,-0.0122555494,0.159340039
,710008040,-22.90977277573695,-43.156467651571745,169.6,16.3,0.306827784,-0.0122555494,0.159340039
,710008040,-22.90977277573695,-43.156467651571745,169.6,16.3,0.306827784,-0.0122555494,0.159340039
,710008040,-22.90977277573695,-43.156467651571745,169.6,16.3,0.306827784,-0.0122555494,0.159340039
,710008040,-22.90977277573695,-43.156467651571745,169.6,16.3,0.306827784,-0.0122555494,0.159340039
,710008040,-22.90977277573695,-43.156467651571745,169.6,16.3,0.306827784,-0.0122555494,0.159340039
,710008040,-22.90977277573695,-43.156467651571745,169.6,16.3,0.306827784,-0.0122555494,0.159340039
,710008040,-22.90977277573695,-43.156467651571745,169.6,16.3,0.306827784,-0.0122555494,0.159340039
,710008040,-22.90977277573695,-43.156467651571745,169.6,16.3,0.306827784,-0.0122555494,0.159340039
,710008040,-22.90977277573695,-43.156467651571745,169.6,16.3,0.306827784,-0.0122555494,0.159340039
,710008040,-22.90977277573695,-43.156467651571745,169.6,16.3,0.306827784,-0.0122555494,0.159340039
,710008040,-22.90977277573695,-43.156467651571745,169.6,16.3,0.306827784,-0.0122555494,0.159340039
,710008040,-22.90977277573695,-43.156467651571745,169.6,16.3,0.306827784,-0.0122555494,0.159340039
,710008040,-22.90977277573695,-43.156467651571745,169.6,16.3,0.306827784,-0.0122555494,0.159340039
,710008040,-22.90977277573695,-43.156467651571745,169.6,16.3,0.306827784,-0.0122555494,0.159340039
,710008040,-22.90977277573695,-43.156467651571745,169.6,16.3,0.306827784,-0.0122555494,0.159340039
,710008040,-22.90977277573695,-43.156467651571745,169.6,16.3,0.306827784,-0.0122555494,0.159340039
,710008040,-22.90977277573695,-43.156467651571745,169.6,16.3,0.306827784,-0.0122555494,0.159340039
,710008040,-22.90984706565771,-43.15645189230026,169.6,16.3,0.306827784,-0.0122555494,0.159340039
,710008040,-22.90984706565771,-43.15645189230026,169.6,16.3,0.306827784,-0.0122555494,0.159340039
,710008040,-22.90984706565771,-43.15645189230026,169.6,16.3,0.306827784,-0.0122555494,0.159340039
,710008040,-22.90984706565771,-43.15645189230026,169.6,16.3,0.306827784,-0.0122555494,0.159340039
,710008040,-22.90984706565771,-43.15645189230026,169.6,16.3,0.306827784,-0.0122555494,0.159340039
,710008040,-22.90984706565771,-43.15645189230026,169.6,16.3,0.306827784,-0.0122555494,0.159340039
,710008040,-22.90984706565771,-43.15645189230026,169.6,16.3,0.306827784,-0.0122555494,0.159340039
,710008040,-22.90984706565771,-43.15645189230026,169.6,16.3,0.306827784,-0.0122555494,0.159340039
,710008040,-22.90984706565771,-43.15645189230026,169.6,16.3,0.306827784,-0.0122555494,0.159340039
,710008040,-22.90984706565771,-43.15645189230026,169.6,16.3,0.306827784,-0.0122555494,0.159340039
,710008040,-22.90984706565771,-43.15645189230026,169.6,16.3,0.306827784,-0.0122555494,0.159340039
,710008040,-22.90984706565771,-43.15645189230026,169.6,16.3,0.306827784,-0.0122555494,0.159340039
,710008040,-22.90984706565771,-43.15645189230026,169.6,16.3,0.306827784,-0.0122555494,0.159340039
,710008040,-22.90984706565771,-43.15645189230026,169.6,16.3,0.306827784,-0.0122555494,0.159340039
,710008040,-22.90984706565771,-43.15645189230026,169.6,16.3,0.306827784,-0.0122555494,0.159340039
,710008040,-22.90984706565771,-43.15645189230026,169.6,16.3,0.306827784,-0.0122555494,0.159340039
,710008040,-22.90984706565771,-43.15645189230026,169.6,16.3,0.306827784,-0.0122555494,0.159340039
,710008040,-22.90984706565771,-43.15645189230026,169.6,16.3,0.306827784,-0.0122555494,0.159340039
,710008040,-22.90984706565771,-43.15645189230026,169.6,16.3,0.306827784,-0.0122555494,0.159340039
,710008040,-22.90984706565771,-43.15645189230026,169.6,16.3,0.306827784,-0.0122555494,0.159340039
,710008040,-22.90984706565771,-43.15645189230026,169.6,16.3,0.306827784,-0.0122555494,0.159340039
,710008040,-22.90984706565771,-43.15645189230026,169.6,16.3,0.306827784,-0.0122555494,0.159340039
,710008040,-22.90984706565771,-43.15645189230026,169.6,16.3,0.306827784,-0.0122555494,0.159340039
,710008040,-22.90984706565771,-43.15645189230026,169.6,16.3,0.306827784,-0.0122555494,0.159340039
,710008040,-22.90984706565771,-43.15645189230026,169.6,16.3,0.306827784,-0.0122555494,0.159340039
,710008040,-22.90984706565771,-43.15645189230026,169.6,16.3,0.306827784,-0.0122555494,0.159340039
,710008040,-22.90984706565771,-43.15645189230026,169.6,16.3,0.306827784,-0.0122555494,0.159340039
,710008040,-22.909921355575143,-43.15643613300861,169.6,16.3,0.306827784,-0.0122555494,0.159340039
,710008040,-22.909921355575143,-43.15643613300861,169.6,16.3,0.306827784,-0.0122555494,0.159340039
,710008040,-22.909921355575143,-43.15643613300861,169.6,16.3,0.306827784,-0.0122555494,0.159340039
,710008040,-22.909921355575143,-43.15643613300861,169.6,16.3,0.306827784,-0.0122555494,0.159340039
,710008040,-22.909921355575143,-43.15643613300861,169.6,16.3,0.306827784,-0.0122555494,0.159340039
,710008040,-22.909921355575143,-43.15643613300861,169.6,16.3,0.306827784,-0.0122555494,0.159340039
,710008040,-22.909921355575143,-43.15643613300861,169.6,16.3,0.306827784,-0.0122555494,0.159340039
,710008040,-22.909921355575143,-43.15643613300861,169.6,16.3,0.306827784,-0.0122555494,0.159340039
,710008040,-22.909921355575143,-43.15643613300861,169.6,16.3,0.306827784,-0.0122555494,0.159340039
,710008040,-22.909921355575143,-43.15643613300861,169.6,16.3,0.306827784,-0.0122555494,0.159340039
,710008040,-22.909921355575143,-43.15643613300861,169.6,16.3,0.306827784,-0.0122555494,0.159340039
,710008040,-22.909921355575143,-43.15643613300861,169.6,16.3,0.306827784,-0.0122555494,0.159340039
,710008040,-22.909921355575143,-43.15643613300861,169.6,16.3,0.306827784,-0.0122555494,0.159340039
,710008040,-22.909921355575143,-43.15643613300861,169.6,16.3,0.306827784,-0.0122555494,0.159340039
,710008040,-22.909921355575143,-43.15643613300861,169.6,16.3,0.306827784,-0.0122555494,0.159340039
,710008040,-22.909921355575143,-43.15643613300861,169.6,16.3,0.306827784,-0.0122555494,0.159340039
,710008040,-22.909921355575143,-43.15643613300861,169.6,16.3,0.306827784,-0.0122555494,0.159340039
,710008040,-22.909921355575143,-43.15643613300861,169.6,16.3,0.306827784,-0.0122555494,0.159340039
,710008040,-22.909921355575143,-43.15643613300861,169.6,16.3,0.306827784,-0.0122555494,0.159340039
,710008040,-22.909921355575143,-43.15643613300861,169.6,16.3,0.306827784,-0.0122555494,0.159340039
,710008040,-22.909921355575143,-43.15643613300861,169.6,16.3,0.306827784,-0.0122555494,0.159340039
,710008040,-22.909921355575143,-43.15643613300861,169.6,16.3,0.306827784,-0.0122555494,0.159340039
,710008040,-22.909921355575143,-43.15643613300861,169.6,16.3,0.306827784,-0.0122555494,0.159340039
,710008040,-22.909921355575143,-43.15643613300861,169.6,16.3,0.306827784,-0.0122555494,0.159340039
,710008040,-22.909921355575143,-43.15643613300861,169.6,16.3,0.31533891,-0.0201887488,0.131584123
,710008040,-22.909921355575143,-43.15643613300861,169.6,16.3,0.31533891,-0.0201887488,0.131584123
,710008040,-22.909921355575143,-43.15643613300861,169.6,16.3,0.31533891,-0.0201887488,0.131584123
,710008040,-22.909921355575143,-43.15643613300861,169.6,16.3,0.31533891,-0.0201887488,0.131584123
,710008040,-22.909921355575143,-43.15643613300861,169.6,16.3,0.31533891,-0.0201887488,0.131584123
,710008040,-22.909921355575143,-43.15643613300861,169.6,16.3,0.31533891,-0.0201887488,0.131584123
,710008040,-22.909921355575143,-43.15643613300861,169.6,16.3,0.31533891,-0.0201887488,0.131584123
,710008040,-22.909921355575143,-43.15643613300861,169.6,16.3,0.31533891,-0.0201887488,0.131584123
,710008040,-22.909921355575143,-43.15643613300861,169.6,16.3,0.31533891,-0.0201887488,0.131584123
,710008040,-22.909921355575143,-43.15643613300861,169.6,16.3,0.31533891,-0.0201887488,0.131584123
,710008040,-22.909921355575143,-43.15643613300861,169.6,16.3,0.31533891,-0.0201887488,0.131584123
,710008040,-22.909921355575143,-43.15643613300861,169.6,16.3,0.31533891,-0.0201887488,0.131584123
,710008040,-22.909921355575143,-43.15643613300861,169.6,16.3,0.31533891,-0.0201887488,0.131584123
,710008040,-22.909921355575143,-43.15643613300861,169.6,16.3,0.31533891,-0.0201887488,0.131584123
,710008040,-22.909921355575143,-43.15643613300861,169.6,16.3,0.31533891,-0.0201887488,0.131584123
,710008040,-22.909921355575143,-43.15643613300861,169.6,16.3,0.31533891,-0.0201887488,0.131584123
,710008040,-22.909921355575143,-43.15643613300861,169.6,16.3,0.31533891,-0.0201887488,0.131584123
,710008040,-22.909921355575143,-43.15643613300861,169.6,16.3,0.31533891,-0.0201887488,0.131584123
,710008040,-22.909921355575143,-43.15643613300861,169.6,16.3,0.31533891,-0.0201887488,0.131584123
,710008040,-22.909921355575143,-43.15643613300861,169.6,16.3,0.31533891,-0.0201887488,0.131584123
,710008040,-22.909921355575143,-43.15643613300861,169.6,16.3,0.31533891,-0.0201887488,0.131584123
,710008040,-22.909995645489218,-43.15642037369682,169.6,16.3,0.31533891,-0.0201887488,0.131584123
,710008040,-22.909995645489218,-43.15642037369682,169.6,16.3,0.31533891,-0.0201887488,0.131584123
,710008040,-22.909995645489218,-43.15642037369682,169.6,16.3,0.31533891,-0.0201887488,0.131584123
,710008040,-22.909995645489218,-43.15642037369682,169.6,16.3,0.31533891,-0.0201887488,0.131584123
,710008040,-22.909995645489218,-43.15642037369682,169.6,16.3,0.31533891,-0.0201887488,0.131584123
,710008040,-22.909995645489218,-43.15642037369682,169.6,16.3,0.31533891,-0.0201887488,0.131584123
,710008040,-22.909995645489218,-43.15642037369682,169.6,16.3,0.31533891,-0.0201887488,0.131584123
,710008040,-22.909995645489218,-43.15642037369682,169.6,16.3,0.31533891,-0.0201887488,0.131584123
,710008040,-22.909995645489218,-43.15642037369682,169.6,16.3,0.31533891,-0.0201887488,0.131584123
,710008040,-22.909995645489218,-43.15642037369682,169.6,16.3,0.31533891,-0.0201887488,0.131584123
,710008040,-22.909995645489218,-43.15642037369682,169.6,16.3,0.31533891,-0.0201887488,0.131584123
,710008040,-22.909995645489218,-43.15642037369682,169.6,16.3,0.31533891,-0.0201887488,0.131584123
,710008040,-22.909995645489218,-43.15642037369682,169.6,16.3,0.31533891,-0.0201887488,0.131584123
,710008040,-22.909995645489218,-43.15642037369682,169.6,16.3,0.31533891,-0.0201887488,0.131584123
,710008040,-22.909995645489218,-43.15642037369682,169.6,16.3,0.31533891,-0.0201887488,0.131584123
,710008040,-22.909995645489218,-43.15642037369682,169.6,16.3,0.31533891,-0.0201887488,0.131584123
,710008040,-22.909995645489218,-43.15642037369682,169.6,16.3,0.31533891,-0.0201887488,0.131584123
,710008040,-22.909995645489218,-43.15642037369682,169.6,16.3,0.31533891,-0.0201887488,0.131584123
,710008040,-22.909995645489218,-43.15642037369682,169.6,16.3,0.31533891,-0.0201887488,0.131584123
,710008040,-22.909995645489218,-43.15642037369682,169.6,16.3,0.31533891,-0.0201887488,0.131584123
,710008040,-22.909995645489218,-43.15642037369682,169.6,16.3,0.31533891,-0.0201887488,0.131584123
,710008040,-22.909995645489218,-43.15642037369682,169.6,16.3,0.31533891,-0.0201887488,0.131584123
,710008040,-22.909995645489218,-43.15642037369682,169.6,16.3,0.31533891,-0.0201887488,0.131584123
,710008040,-22.909995645489218,-43.15642037369682,169.6,16.3,0.31533891,-0.0201887488,0.131584123
,710008040,-22.909995645489218,-43.15642037369682,169.6,16.3,0.31533891,-0.0201887488,0.131584123
,710008040,-22.909995645489218,-43.15642037369682,169.6,16.3,0.31533891,-0.0201887488,0.131584123
,710008040,-22.909995645489218,-43.15642037369682,169.6,16.3,0.31533891,-0.0201887488,0.131584123
,710008040,-22.909995645489218,-43.15642037369682,169.6,16.3,0.31533891,-0.0201887488,0.131584123
,710008040,-22.909995645489218,-43.15642037369682,169.6,16.3,0.31533891,-0.0201887488,0.131584123
,710008040,-22.909995645489218,-43.15642037369682,169.6,16.3,0.31533891,-0.0201887488,0.131584123
,710008040,-22.909995645489218,-43.15642037369682,169.6,16.3,0.31533891,-0.0201887488,0.131584123
,710008040,-22.909995645489218,-43.15642037369682,169.6,16.3,0.31533891,-0.0201887488,0.131584123
,710008040,-22.909995645489218,-43.15642037369682,169.6,16.3,0.31533891,-0.0201887488,0.131584123
,710008040,-22.909995645489218,-43.15642037369682,169.6,16.3,0.31533891,-0.0201887488,0.131584123
,710008040,-22.909995645489218,-43.15642037369682,169.6,16.3,0.31533891,-0.0201887488,0.131584123
,710008040,-22.909995645489218,-43.15642037369682,169.6,16.3,0.31533891,-0.0201887488,0.131584123
,710008040,-22.909995645489218,-43.15642037369682,169.6,16.3,0.31533891,-0.0201887488,0.131584123
,710008040,-22.909995645489218,-43.15642037369682,169.6,16.3,0.31533891,-0.0201887488,0.131584123
,710008040,-22.909995645489218,-43.15642037369682,169.6,16.3,0.31533891,-0.0201887488,0.131584123
,710008040,-22.909995645489218,-43.15642037369682,169.6,16.3,0.31533891,-0.0201887488,0.131584123
,710008040,-22.909995645489218,-43.15642037369682,169.6,16.3,0.31533891,-0.0201887488,0.131584123
,710008040,-22.909995645489218,-43.15642037369682,169.6,16.3,0.31533891,-0.0201887488,0.131584123
,710008040,-22.909995645489218,-43.15642037369682,169.6,16.3,0.31533891,-0.0201887488,0.131584123
,710008040,-22.909995645489218,-43.15642037369682,169.6,16.3,0.31533891,-0.0201887488,0.131584123
,710008040,-22.909995645489218,-43.15642037369682,169.6,16.3,0.31533891,-0.0201887488,0.131584123
,710008040,-22.909995645489218,-43.15642037369682,169.6,16.3,0.31533891,-0.0201887488,0.131584123
,710008040,-22.909995645489218,-43.15642037369682,169.6,16.3,0.31533891,-0.0201887488,0.131584123
,710008040,-22.91006993539995,-43.15640461436488,169.6,16.3,0.31533891,-0.0201887488,0.131584123
,710008040,-22.91006993539995,-43.15640461436488,169.6,16.3,0.31533891,-0.0201887488,0.131584123
,710008040,-22.91006993539995,-43.15640461436488,169.6,16.3,0.31533891,-0.0201887488,0.131584123
,710008040,-22.91006993539995,-43.15640461436488,169.6,16.3,0.31533891,-0.0201887488,0.131584123
,710008040,-22.910292805112082,-43.15635733624812,169.6,16.3,0.31533891,-0.0201887488,0.131584123
,710008040,-22.910292805112082,-43.15635733624812,169.6,16.3,0.31533891,-0.0201887488,0.131584123
,710008040,-22.910292805112082,-43.15635733624812,169.6,16.3,0.31533891,-0.0201887488,0.131584123
,710008040,-22.910292805112082,-43.15635733624812,169.6,16.3,0.31533891,-0.0201887488,0.131584123
,710008040,-22.910292805112082,-43.15635733624812,169.6,16.3,0.31533891,-0.0201887488,0.131584123
,710008040,-22.910292805112082,-43.15635733624812,169.6,16.3,0.31533891,-0.0201887488,0.131584123
,710008040,-22.910292805112082,-43.15635733624812,169.6,16.3,0.31533891,-0.0201887488,0.131584123
,710008040,-22.910292805112082,-43.15635733624812,169.6,16.3,0.31533891,-0.0201887488,0.131584123
,710008040,-22.910292805112082,-43.15635733624812,169.6,16.3,0.31533891,-0.0201887488,0.131584123
,710008040,-22.910292805112082,-43.15635733624812,169.6,16.3,0.31533891,-0.0201887488,0.131584123
,710008040,-22.910292805112082,-43.15635733624812,169.6,16.3,0.31533891,-0.0201887488,0.131584123
,710008040,-22.910292805112082,-43.15635733624812,169.6,16.3,0.31533891,-0.0201887488,0.131584123
,710008040,-22.910292805112082,-43.15635733624812,169.6,16.3,0.31533891,-0.0201887488,0.131584123
,710008040,-22.910292805112082,-43.15635733624812,169.6,16.3,0.31533891,-0.0201887488,0.131584123
,710008040,-22.910292805112082,-43.15635733624812,169.6,16.3,0.31533891,-0.0201887488,0.131584123
,710008040,-22.910292805112082,-43.15635733624812,169.6,16.3,0.31533891,-0.0201887488,0.131584123
,710008040,-22.910292805112082,-43.15635733624812,169.6,16.3,0.31533891,-0.0201887488,0.131584123
,710008040,-22.910292805112082,-43.15635733624812,169.6,16.3,0.31533891,-0.0201887488,0.131584123
,710008040,-22.910292805112082,-43.15635733624812,169.6,16.3,0.31533891,-0.0201887488,0.131584123
,710008040,-22.910292805112082,-43.15635733624812,169.6,16.3,0.31533891,-0.0201887488,0.131584123
,710008040,-22.910292805112082,-43.15635733624812,169.6,16.3,0.31533891,-0.0201887488,0.131584123
,710008040,-22.910292805112082,-43.15635733624812,169.6,16.3,0.31533891,-0.0201887488,0.131584123
,710008040,-22.91036709500943,-43.15634157683557,169.6,16.3,0.31533891,-0.0201887488,0.131584123
,710008040,-22.91036709500943,-43.15634157683557,169.6,16.3,0.31533891,-0.0201887488,0.131584123
,710008040,-22.91036709500943,-43.15634157683557,169.6,16.3,0.31533891,-0.0201887488,0.131584123
,710008040,-22.91036709500943,-43.15634157683557,169.6,16.3,0.31533891,-0.0201887488,0.131584123
,710008040,-22.91036709500943,-43.15634157683557,169.6,16.3,0.31533891,-0.0201887488,0.131584123
,710008040,-22.91036709500943,-43.15634157683557,169.6,16.3,0.31533891,-0.0201887488,0.131584123
,710008040,-22.91036709500943,-43.15634157683557,169.6,16.3,0.31533891,-0.0201887488,0.131584123
,710008040,-22.91036709500943,-43.15634157683557,169.6,16.3,0.31533891,-0.0201887488,0.131584123
,710008040,-22.91036709500943,-43.15634157683557,169.6,16.3,0.31533891,-0.0201887488,0.131584123
,710008040,-22.91036709500943,-43.15634157683557,169.6,16.3,0.31533891,-0.0201887488,0.131584123
,710008040,-22.91036709500943,-43.15634157683557,169.6,16.3,0.31533891,-0.0201887488,0.131584123
,710008040,-22.91036709500943,-43.15634157683557,169.6,16.3,0.31533891,-0.0201887488,0.131584123
,710008040,-22.91036709500943,-43.15634157683557,169.6,16.3,0.31533891,-0.0201887488,0.131584123
,710008040,-22.91036709500943,-43.15634157683557,169.6,16.3,0.31533891,-0.0201887488,0.131584123
,710008040,-22.91036709500943,-43.15634157683557,169.6,16.3,0.31533891,-0.0201887488,0.131584123
,710008040,-22.91036709500943,-43.15634157683557,169.6,16.3,0.31533891,-0.0201887488,0.131584123
,710008040,-22.91036709500943,-43.15634157683557,169.6,16.3,0.31533891,-0.0201887488,0.131584123
,710008040,-22.91036709500943,-43.15634157683557,169.6,16.3,0.31533891,-0.0201887488,0.131584123
,710008040,-22.91036709500943,-43.15634157683557,169.6,16.3,0.35253334,-0.0261223912,0.115182005
,710008040,-22.91036709500943,-43.15634157683557,169.6,16.3,0.35253334,-0.0261223912,0.115182005
,710008040,-22.91036709500943,-43.15634157683557,169.6,16.3,0.35253334,-0.0261223912,0.115182005
,710008040,-22.91036709500943,-43.15634157683557,169.6,16.3,0.35253334,-0.0261223912,0.115182005
,710008040,-22.91036709500943,-43.15634157683557,169.6,16.3,0.35253334,-0.0261223912,0.115182005
,710008040,-22.91036709500943,-43.15634157683557,169.6,16.3,0.35253334,-0.0261223912,0.115182005
,710008040,-22.91038484824624,-43.15634742886154,169.6,16.3,0.35253334,-0.0261223912,0.115182005
,710008040,-22.91038484824624,-43.15634742886154,169.6,16.3,0.35253334,-0.0261223912,0.115182005
,710008040,-22.91038484824624,-43.15634742886154,169.6,16.3,0.35253334,-0.0261223912,0.115182005
,710008040,-22.91038484824624,-43.15634742886154,169.6,16.3,0.35253334,-0.0261223912,0.115182005
,710008040,-22.91038484824624,-43.15634742886154,169.6,16.3,0.35253334,-0.0261223912,0.115182005
,710008040,-22.91038484824624,-43.15634742886154,169.6,16.3,0.35253334,-0.0261223912,0.115182005
,710008040,-22.91038484824624,-43.15634742886154,169.6,16.3,0.35253334,-0.0261223912,0.115182005
,710008040,-22.91038484824624,-43.15634742886154,169.6,16.3,0.35253334,-0.0261223912,0.115182005
,710008040,-22.91038484824624,-43.15634742886154,169.6,16.3,0.35253334,-0.0261223912,0.115182005
,710008040,-22.91038484824624,-43.15634742886154,169.6,16.3,0.35253334,-0.0261223912,0.115182005
,710008040,-22.91038484824624,-43.15634742886154,169.6,16.3,0.35253334,-0.0261223912,0.115182005
,710008040,-22.91038484824624,-43.15634742886154,169.6,16.3,0.35253334,-0.0261223912,0.115182005
,710008040,-22.91038484824624,-43.15634742886154,169.6,16.3,0.35253334,-0.0261223912,0.115182005
,710008040,-22.91038484824624,-43.15634742886154,169.6,16.3,0.35253334,-0.0261223912,0.115182005
,710008040,-22.91038484824624,-43.15634742886154,169.6,16.3,0.35253334,-0.0261223912,0.115182005
,710008040,-22.91038484824624,-43.15634742886154,169.6,16.3,0.35253334,-0.0261223912,0.115182005
,710008040,-22.91038484824624,-43.15634742886154,169.6,16.3,0.35253334,-0.0261223912,0.115182005
,710008040,-22.91038484824624,-43.15634742886154,169.6,16.3,0.35253334,-0.0261223912,0.115182005
,710008040,-22.91038484824624,-43.15634742886154,169.6,16.3,0.35253334,-0.0261223912,0.115182005
,710008040,-22.91038484824624,-43.15634742886154,169.6,16.3,0.35253334,-0.0261223912,0.115182005
,710008040,-22.91038484824624,-43.15634742886154,169.6,16.3,0.35253334,-0.0261223912,0.115182005
,710008040,-22.91038484824624,-43.15634742886154,169.6,16.3,0.35253334,-0.0261223912,0.115182005
,710008040,-22.91038484824624,-43.15634742886154,169.6,16.3,0.35253334,-0.0261223912,0.115182005
,710008040,-22.91038484824624,-43.15634742886154,169.6,16.3,0.35253334,-0.0261223912,0.115182005
,710008040,-22.91038484824624,-43.15634742886154,169.6,16.3,0.359494448,-0.0271443725,0.112733759
,710008040,-22.91038484824624,-43.15634742886154,169.6,16.3,0.359494448,-0.0271443725,0.112733759
,710008040,-22.91038484824624,-43.15634742886154,169.6,16.3,0.359494448,-0.0271443725,0.112733759
,710008040,-22.91038484824624,-43.15634742886154,169.6,16.3,0.359494448,-0.0271443725,0.112733759
,710008040,-22.91038484824624,-43.15634742886154,169.6,16.3,0.359494448,-0.0271443725,0.112521537
,710008040,-22.91038484824624,-43.15634742886154,169.6,16.3,0.359494448,-0.0271443725,0.112521537
,710008040,-22.91038484824624,-43.15634742886154,169.6,16.3,0.359494448,-0.0271443725,0.112521537
,710008040,-22.91038484824624,-43.15634742886154,169.6,16.3,0.359494448,-0.0271443725,0.112521537
,710008040,-22.91038484824624,-43.15634742886154,169.6,16.3,0.359494448,-0.0271443725,0.112521537
,710008040,-22.91038484824624,-43.15634742886154,169.6,16.3,0.359494448,-0.0271443725,0.112521537
,710008040,-22.91038484824624,-43.15634742886154,169.6,16.3,0.359494448,-0.0271443725,0.112521537
,710008040,-22.91038484824624,-43.15634742886154,169.6,16.3,0.359494448,-0.0271443725,0.112521537
,710008040,-22.91038484824624,-43.15634742886154,169.6,16.3,0.359494448,-0.0271443725,0.112521537
,710008040,-22.91038484824624,-43.15634742886154,169.6,16.3,0.359494448,-0.0271443725,0.112521537
,710008040,-22.91038484824624,-43.15634742886154,169.6,16.3,0.359494448,-0.0271443725,0.112521537
,710008040,-22.91038484824624,-43.15634742886154,169.6,16.3,0.359494448,-0.0271443725,0.112521537
,710008040,-22.91038484824624,-43.15634742886154,169.6,16.3,0.359494448,-0.0271443725,0.112521537
,710008040,-22.91038484824624,-43.15634742886154,169.6,16.3,0.359494448,-0.0271443725,0.112521537
,710008040,-22.91038484824624,-43.15634742886154,169.6,16.3,0.359494448,-0.0271443725,0.112521537
,710008040,-22.91038484824624,-43.15634742886154,169.6,16.3,0.359494448,-0.0271443725,0.112521537
,710008040,-22.91045913814074,-43.156331669429186,169.6,16.3,0.359494448,-0.0271443725,0.112521537
,710008040,-22.91045913814074,-43.156331669429186,169.6,16.3,0.359494448,-0.0271443725,0.112521537
,710008040,-22.91045913814074,-43.156331669429186,169.6,16.3,0.359494448,-0.0271443725,0.112521537
,710008040,-22.91045913814074,-43.156331669429186,169.6,16.3,0.359494448,-0.0271443725,0.112521537
,710008040,-22.91045913814074,-43.156331669429186,169.6,16.3,0.359494448,-0.0271443725,0.112521537
,710008040,-22.91045913814074,-43.156331669429186,169.6,16.3,0.359494448,-0.0271443725,0.112521537
,710008040,-22.91045913814074,-43.156331669429186,169.6,16.3,0.359494448,-0.0271443725,0.112521537
,710008040,-22.91045913814074,-43.156331669429186,169.6,16.3,0.359494448,-0.0271443725,0.112521537
,710008040,-22.91045913814074,-43.156331669429186,169.6,16.3,0.359494448,-0.0271443725,0.112521537
,710008040,-22.91045913814074,-43.156331669429186,169.6,16.3,0.359494448,-0.0271443725,0.112521537
,710008040,-22.91045913814074,-43.156331669429186,169.6,16.3,0.359494448,-0.0271443725,0.112521537
,710008040,-22.91045913814074,-43.156331669429186,169.6,16.3,0.359494448,-0.0271443725,0.112521537
,710008040,-22.91045913814074,-43.156331669429186,169.6,16.3,0.359494448,-0.0271443725,0.112521537
,710008040,-22.91045913814074,-43.156331669429186,169.6,16.3,0.359494448,-0.0271443725,0.112521537
,710008040,-22.91045913814074,-43.156331669429186,169.6,16.3,0.359494448,-0.0271443725,0.112521537
,710008040,-22.91045913814074,-43.156331669429186,169.6,16.3,0.359494448,-0.0271443725,0.112521537
,710008040,-22.91045913814074,-43.156331669429186,169.6,16.3,0.359494448,-0.0271443725,0.112521537
,710008040,-22.91045913814074,-43.156331669429186,169.6,16.3,0.359494448,-0.0271443725,0.112521537
,710008040,-22.91045913814074,-43.156331669429186,169.6,16.3,0.359494448,-0.0271443725,0.112521537
,710008040,-22.91045913814074,-43.156331669429186,169.6,16.3,0.359494448,-0.0271443725,0.112521537
,710008040,-22.91045913814074,-43.156331669429186,169.6,16.3,0.359494448,-0.0271443725,0.112521537
,710008040,-22.91045913814074,-43.156331669429186,169.6,16.3,0.359494448,-0.0271443725,0.112521537
,710008040,-22.91045913814074,-43.156331669429186,169.6,16.3,0.359494448,-0.0271443725,0.112521537
,710008040,-22.91045913814074,-43.156331669429186,169.6,16.3,0.359494448,-0.0271443725,0.112521537
,710008040,-22.91045913814074,-43.156331669429186,169.6,16.3,0.359494448,-0.0271443725,0.112521537
,710008040,-22.91045913814074,-43.156331669429186,169.6,16.3,0.359494448,-0.0271443725,0.112521537
,710008040,-22.91045913814074,-43.156331669429186,169.6,16.3,0.359494448,-0.0271443725,0.112521537
,710008040,-22.91045913814074,-43.156331669429186,169.6,16.3,0.359494448,-0.0271443725,0.112521537
,710008040,-22.91045913814074,-43.156331669429186,169.6,16.3,0.359494448,-0.0271443725,0.112521537
,710008040,-22.91045913814074,-43.156331669429186,169.6,16.3,0.359494448,-0.0271443725,0.112521537
,710008040,-22.91045913814074,-43.156331669429186,169.6,16.3,0.359494448,-0.0271443725,0.112521537
,710008040,-22.91045913814074,-43.156331669429186,169.6,16.3,0.359494448,-0.0271443725,0.112521537
,710008040,-22.91045913814074,-43.156331669429186,169.6,16.3,0.359494448,-0.0271443725,0.112521537
,710008040,-22.91045913814074,-43.156331669429186,169.6,16.3,0.359494448,-0.0271443725,0.112521537
,710008040,-22.91045913814074,-43.156331669429186,169.6,16.3,0.359494448,-0.0271443725,0.112521537
,710008040,-22.91045913814074,-43.156331669429186,169.6,16.3,0.359494448,-0.0271443725,0.112521537
,710008040,-22.91045913814074,-43.156331669429186,169.6,16.3,0.359494448,-0.0271443725,0.112521537
,710008040,-22.91045913814074,-43.156331669429186,169.6,16.3,0.359494448,-0.0271443725,0.112521537
,710008040,-22.91045913814074,-43.156331669429186,169.6,16.3,0.359494448,-0.0271443725,0.112521537
,710008040,-22.91045913814074,-43.156331669429186,169.6,16.3,0.359494448,-0.0271443725,0.112521537
,710008040,-22.91045913814074,-43.156331669429186,169.6,16.3,0.359494448,-0.0271443725,0.112521537
,710008040,-22.91045913814074,-43.156331669429186,169.6,16.3,0.359494448,-0.0271443725,0.112521537
,710008040,-22.91045913814074,-43.156331669429186,169.6,16.3,0.359494448,-0.0271443725,0.112521537
,710008040,-22.91045913814074,-43.156331669429186,169.6,16.3,0.359494448,-0.0271443725,0.112521537
,710008040,-22.91045913814074,-43.156331669429186,169.6,16.3,0.359494448,-0.0271443725,0.112521537
,710008040,-22.91045913814074,-43.156331669429186,169.6,16.3,0.359494448,-0.0271443725,0.112521537
,710008040,-22.91045913814074,-43.156331669429186,169.6,16.3,0.359494448,-0.0271443725,0.112521537
,710008040,-22.91045913814074,-43.156331669429186,169.6,16.3,0.359494448,-0.0271443725,0.112521537
,710008040,-22.91045913814074,-43.156331669429186,169.6,16.3,0.359494448,-0.0271443725,0.112521537
,710008040,-22.91045913814074,-43.156331669429186,169.6,16.3,0.359494448,-0.0271443725,0.112521537
,710008040,-22.91045913814074,-43.156331669429186,169.6,16.3,0.359494448,-0.0271443725,0.112521537
,710008040,-22.91045913814074,-43.156331669429186,169.6,16.3,0.359494448,-0.0271443725,0.112521537
,710008040,-22.91045913814074,-43.156331669429186,169.6,16.3,0.359494448,-0.0271443725,0.112521537
,710008040,-22.91045913814074,-43.156331669429186,169.6,16.3,0.359494448,-0.0271443725,0.112521537
,710008040,-22.91045913814074,-43.156331669429186,169.6,16.3,0.359494448,-0.0271443725,0.112521537
,710008040,-22.91045913814074,-43.156331669429186,169.6,16.3,0.359494448,-0.0271443725,0.112521537
,710008040,-22.91045913814074,-43.156331669429186,169.6,16.3,0.359494448,-0.0271443725,0.112521537
,710008040,-22.91045913814074,-43.156331669429186,169.6,16.3,0.359494448,-0.0271443725,0.112521537
,710008040,-22.91045913814074,-43.156331669429186,169.6,16.3,0.359494448,-0.0271443725,0.112521537
,710008040,-22.91045913814074,-43.156331669429186,169.6,16.3,0.359494448,-0.0271443725,0.112521537
,710008040,-22.910533428031904,-43.15631590997668,169.6,16.3,0.359494448,-0.0271443725,0.112521537
,710008040,-22.910533428031904,-43.15631590997668,169.6,16.3,0.359494448,-0.0271443725,0.112521537
,710008040,-22.910533428031904,-43.15631590997668,169.6,16.3,0.359494448,-0.0271443725,0.112521537
,710008040,-22.910533428031904,-43.15631590997668,169.6,16.3,0.359494448,-0.0271443725,0.112521537
,710008040,-22.910533428031904,-43.15631590997668,169.6,16.3,0.359494448,-0.0271443725,0.112521537
,710008040,-22.910533428031904,-43.15631590997668,169.6,16.3,0.359494448,-0.0271443725,0.112521537
,710008040,-22.910533428031904,-43.15631590997668,169.6,16.3,0.359494448,-0.0271443725,0.112521537
,710008040,-22.910533428031904,-43.15631590997668,169.6,16.3,0.359494448,-0.0271443725,0.112521537
,710008040,-22.910533428031904,-43.15631590997668,169.6,16.3,0.359494448,-0.0271443725,0.112521537
,710008040,-22.910533428031904,-43.15631590997668,169.6,16.3,0.359494448,-0.0271443725,0.112521537
,710008040,-22.910533428031904,-43.15631590997668,169.6,16.3,0.359494448,-0.0271443725,0.112521537
,710008040,-22.910533428031904,-43.15631590997668,169.6,16.3,0.359494448,-0.0271443725,0.112521537
,710008040,-22.910533428031904,-43.15631590997668,169.6,16.3,0.359494448,-0.0271443725,0.112521537
,710008040,-22.910533428031904,-43.15631590997668,169.6,16.3,0.359494448,-0.0271443725,0.112521537
,710008040,-22.910533428031904,-43.15631590997668,169.6,16.3,0.359494448,-0.0271443725,0.112521537
,710008040,-22.910533428031904,-43.15631590997668,169.6,16.3,0.359494448,-0.0271443725,0.112521537
,710008040,-22.910533428031904,-43.15631590997668,169.6,16.3,0.359494448,-0.0271443725,0.112521537
,710008040,-22.910533428031904,-43.15631590997668,169.6,16.3,0.359494448,-0.0271443725,0.112521537
,710008040,-22.910533428031904,-43.15631590997668,169.6,16.3,0.359494448,-0.0271443725,0.112521537
,710008040,-22.910533428031904,-43.15631590997668,169.6,16.3,0.359494448,-0.0271443725,0.112521537
,710008040,-22.910533428031904,-43.15631590997668,169.6,16.3,0.359494448,-0.0271443725,0.112521537
,710008040,-22.910533428031904,-43.15631590997668,169.6,16.3,0.359494448,-0.0271443725,0.112521537
,710008040,-22.910533428031904,-43.15631590997668,169.6,16.3,0.359494448,-0.0271443725,0.112521537
,710008040,-22.910533428031904,-43.15631590997668,169.6,16.3,0.359494448,-0.0271443725,0.112521537
,710008040,-22.910533428031904,-43.15631590997668,169.6,16.3,0.359494448,-0.0271443725,0.112521537
,710008040,-22.910533428031904,-43.15631590997668,169.6,16.3,0.359494448,-0.0271443725,0.112521537
,710008040,-22.910533428031904,-43.15631590997668,169.6,16.3,0.359494448,-0.0271443725,0.112521537
,710008040,-22.910533428031904,-43.15631590997668,169.6,16.3,0.359494448,-0.0271443725,0.112521537
,710008040,-22.910533428031904,-43.15631590997668,169.6,16.3,0.359494448,-0.0271443725,0.112521537
,710008040,-22.910533428031904,-43.15631590997668,169.6,16.3,0.359494448,-0.0271443725,0.112521537
,710008040,-22.910533428031904,-43.15631590997668,169.6,16.3,0.359494448,-0.0271443725,0.112521537
,710008040,-22.910533428031904,-43.15631590997668,169.6,16.3,0.359494448,-0.0271443725,0.112521537
,710008040,-22.910533428031904,-43.15631590997668,169.6,16.3,0.359494448,-0.0271443725,0.112521537
,710008040,-22.910533428031904,-43.15631590997668,169.6,16.3,0.359494448,-0.0271443725,0.112521537
,710008040,-22.910533428031904,-43.15631590997668,169.6,16.3,0.359494448,-0.0271443725,0.112521537
,710008040,-22.910533428031904,-43.15631590997668,169.6,16.3,0.359494448,-0.0271443725,0.112521537
,710008040,-22.910533428031904,-43.15631590997668,169.6,16.3,0.359494448,-0.0271443725,0.112521537
,710008040,-22.910533428031904,-43.15631590997668,169.6,16.3,0.359494448,-0.0271443725,0.112521537
,710008040,-22.910533428031904,-43.15631590997668,169.6,16.3,0.359494448,-0.0271443725,0.112521537
,710008040,-22.910533428031904,-43.15631590997668,169.6,16.3,0.359494448,-0.0271443725,0.112521537
,710008040,-22.910533428031904,-43.15631590997668,169.6,16.3,0.359494448,-0.0271443725,0.112521537
,710008040,-22.910533428031904,-43.15631590997668,169.6,16.3,0.359494448,-0.0271443725,0.112521537
,710008040,-22.910533428031904,-43.15631590997668,169.6,16.3,0.359494448,-0.0271443725,0.112521537
,710008040,-22.910533428031904,-43.15631590997668,169.6,16.3,0.359494448,-0.0271443725,0.112521537
,710008040,-22.910533428031904,-43.15631590997668,169.6,16.3,0.367677778,-0.0285556316,0.109469198
,710008040,-22.910533428031904,-43.15631590997668,169.6,16.3,0.367677778,-0.0285556316,0.109469198
,710008040,-22.910533428031904,-43.15631590997668,169.6,16.3,0.367677778,-0.0285556316,0.109469198
,710008040,-22.910533428031904,-43.15631590997668,169.6,16.3,0.367677778,-0.0285556316,0.109469198
,710008040,-22.910533428031904,-43.15631590997668,169.6,16.3,0.367677778,-0.0285556316,0.10979519
,710008040,-22.910533428031904,-43.15631590997668,169.6,16.3,0.367677778,-0.0285556316,0.10979519
,710008040,-22.910533428031904,-43.15631590997668,169.6,16.3,0.367677778,-0.0285556316,0.10979519
,710008040,-22.910533428031904,-43.15631590997668,169.6,16.3,0.367677778,-0.0285556316,0.10979519
,710008040,-22.910533428031904,-43.15631590997668,169.6,16.3,0.367677778,-0.0285556316,0.10979519
,710008040,-22.910533428031904,-43.15631590997668,169.6,16.3,0.367677778,-0.0285556316,0.10979519
,710008040,-22.910533428031904,-43.15631590997668,169.6,16.3,0.367677778,-0.0285556316,0.10979519
,710008040,-22.910533428031904,-43.15631590997668,169.6,16.3,0.367677778,-0.0285556316,0.10979519
,710008040,-22.910533428031904,-43.15631590997668,169.6,16.3,0.367677778,-0.0285556316,0.10979519
,710008040,-22.910533428031904,-43.15631590997668,169.6,16.3,0.367677778,-0.0285556316,0.10979519
,710008040,-22.910533428031904,-43.15631590997668,169.6,16.3,0.367677778,-0.0285556316,0.10979519
,710008040,-22.910533428031904,-43.15631590997668,169.6,16.3,0.367677778,-0.0285556316,0.10979519
,710008040,-22.910607717919717,-43.15630015050402,169.6,16.3,0.367677778,-0.0285556316,0.10979519
,710008040,-22.910607717919717,-43.15630015050402,169.6,16.3,0.367677778,-0.0285556316,0.10979519
,710008040,-22.910607717919717,-43.15630015050402,169.6,16.3,0.367677778,-0.0285556316,0.10979519
,710008040,-22.910607717919717,-43.15630015050402,169.6,16.3,0.367677778,-0.0285556316,0.10979519
,710008040,-22.910607717919717,-43.15630015050402,169.6,16.3,0.367677778,-0.0285556316,0.10979519
,710008040,-22.910607717919717,-43.15630015050402,169.6,16.3,0.367677778,-0.0285556316,0.10979519
,710008040,-22.910607717919717,-43.15630015050402,169.6,16.3,0.367677778,-0.0285556316,0.10979519
,710008040,-22.910607717919717,-43.15630015050402,169.6,16.3,0.367677778,-0.0285556316,0.10979519
,710008040,-22.910607717919717,-43.15630015050402,169.6,16.3,0.367677778,-0.0285556316,0.10979519
,710008040,-22.910607717919717,-43.15630015050402,169.6,16.3,0.367677778,-0.0285556316,0.10979519
,710008040,-22.910607717919717,-43.15630015050402,169.6,16.3,0.367677778,-0.0285556316,0.10979519
,710008040,-22.910607717919717,-43.15630015050402,169.6,16.3,0.367677778,-0.0285556316,0.10979519
,710008040,-22.910607717919717,-43.15630015050402,169.6,16.3,0.367677778,-0.0285556316,0.10979519
,710008040,-22.910607717919717,-43.15630015050402,169.6,16.3,0.367677778,-0.0285556316,0.10979519
,710008040,-22.910607717919717,-43.15630015050402,169.6,16.3,0.367677778,-0.0285556316,0.10979519
,710008040,-22.910607717919717,-43.15630015050402,169.6,16.3,0.367677778,-0.0285556316,0.10979519
,710008040,-22.910607717919717,-43.15630015050402,169.6,16.3,0.367677778,-0.0285556316,0.10979519
,710008040,-22.910607717919717,-43.15630015050402,169.6,16.3,0.367677778,-0.0285556316,0.10979519
,710008040,-22.910607717919717,-43.15630015050402,169.6,16.3,0.367677778,-0.0285556316,0.10979519
,710008040,-22.910607717919717,-43.15630015050402,169.6,16.3,0.367677778,-0.0285556316,0.10979519
,710008040,-22.910607717919717,-43.15630015050402,169.6,16.3,0.367677778,-0.0285556316,0.10979519
,710008040,-22.910607717919717,-43.15630015050402,169.6,16.3,0.367677778,-0.0285556316,0.10979519
,710008040,-22.910607717919717,-43.15630015050402,169.6,16.3,0.367677778,-0.0285556316,0.10979519
,710008040,-22.910607717919717,-43.15630015050402,169.6,16.3,0.367677778,-0.0285556316,0.10979519
,710008040,-22.910607717919717,-43.15630015050402,169.6,16.3,0.367677778,-0.0285556316,0.10979519
,710008040,-22.910607717919717,-43.15630015050402,169.6,16.3,0.367677778,-0.0285556316,0.10979519
,710008040,-22.910607717919717,-43.15630015050402,169.6,16.3,0.367677778,-0.0285556316,0.10979519
,710008040,-22.910607717919717,-43.15630015050402,169.6,16.3,0.367677778,-0.0285556316,0.10979519
,710008040,-22.910607717919717,-43.15630015050402,169.6,16.3,0.367677778,-0.0285556316,0.10979519
,710008040,-22.910607717919717,-43.15630015050402,169.6,16.3,0.367677778,-0.0285556316,0.10979519
,710008040,-22.910607717919717,-43.15630015050402,169.6,16.3,0.367677778,-0.0285556316,0.10979519
,710008040,-22.910607717919717,-43.15630015050402,169.6,16.3,0.367677778,-0.0285556316,0.10979519
,710008040,-22.910607717919717,-43.15630015050402,169.6,16.3,0.367677778,-0.0285556316,0.10979519
,710008040,-22.910607717919717,-43.15630015050402,169.6,16.3,0.367677778,-0.0285556316,0.10979519
,710008040,-22.910607717919717,-43.15630015050402,169.6,16.3,0.367677778,-0.0285556316,0.10979519
,710008040,-22.910607717919717,-43.15630015050402,169.6,16.3,0.367677778,-0.0285556316,0.10979519
,710008040,-22.910607717919717,-43.15630015050402,169.6,16.3,0.367677778,-0.0285556316,0.10979519
,710008040,-22.910607717919717,-43.15630015050402,169.6,16.3,0.367677778,-0.0285556316,0.10979519
,710008040,-22.910607717919717,-43.15630015050402,169.6,16.3,0.367677778,-0.0285556316,0.10979519
,710008040,-22.910607717919717,-43.15630015050402,169.6,16.3,0.367677778,-0.0285556316,0.10979519
,710008040,-22.910607717919717,-43.15630015050402,169.6,16.3,0.367677778,-0.0285556316,0.10979519
,710008040,-22.910607717919717,-43.15630015050402,169.6,16.3,0.367677778,-0.0285556316,0.10979519
,710008040,-22.910607717919717,-43.15630015050402,169.6,16.3,0.367677778,-0.0285556316,0.10979519
,710008040,-22.910607717919717,-43.15630015050402,169.6,16.3,0.367677778,-0.0285556316,0.10979519
,710008040,-22.910607717919717,-43.15630015050402,169.6,16.3,0.367677778,-0.0285556316,0.10979519
,710008040,-22.910607717919717,-43.15630015050402,169.6,16.3,0.367677778,-0.0285556316,0.10979519
,710008040,-22.910607717919717,-43.15630015050402,169.6,16.3,0.367677778,-0.0285556316,0.10979519
,710008040,-22.910607717919717,-43.15630015050402,169.6,16.3,0.367677778,-0.0285556316,0.10979519
,710008040,-22.910607717919717,-43.15630015050402,169.6,16.3,0.367677778,-0.0285556316,0.10979519
,710008040,-22.910607717919717,-43.15630015050402,169.6,16.3,0.367677778,-0.0285556316,0.10979519
,710008040,-22.910607717919717,-43.15630015050402,169.6,16.3,0.367677778,-0.0285556316,0.10979519
,710008040,-22.910607717919717,-43.15630015050402,169.6,16.3,0.367677778,-0.0285556316,0.10979519
,710008040,-22.910607717919717,-43.15630015050402,169.6,16.3,0.367677778,-0.0285556316,0.10979519
,710008040,-22.910607717919717,-43.15630015050402,169.6,16.3,0.367677778,-0.0285556316,0.10979519
,710008040,-22.910607717919717,-43.15630015050402,169.6,16.3,0.367677778,-0.0285556316,0.10979519
,710008040,-22.910607717919717,-43.15630015050402,169.6,16.3,0.367677778,-0.0285556316,0.10979519
,710008040,-22.910607717919717,-43.15630015050402,169.6,16.3,0.367677778,-0.0285556316,0.10979519
,710008040,-22.910607717919717,-43.15630015050402,169.6,16.3,0.367677778,-0.0285556316,0.10979519
,710008040,-22.910607717919717,-43.15630015050402,169.6,16.3,0.367677778,-0.0285556316,0.10979519
,710008040,-22.910607717919717,-43.15630015050402,169.6,16.3,0.367677778,-0.0285556316,0.10979519
,710008040,-22.910682007804184,-43.156284391011226,169.6,16.3,0.367677778,-0.0285556316,0.10979519
,710008040,-22.910682007804184,-43.156284391011226,169.6,16.3,0.367677778,-0.0285556316,0.10979519
,710008040,-22.910682007804184,-43.156284391011226,169.6,16.3,0.367677778,-0.0285556316,0.10979519
,710008040,-22.910682007804184,-43.156284391011226,169.6,16.3,0.367677778,-0.0285556316,0.10979519
,710008040,-22.910682007804184,-43.156284391011226,169.6,16.3,0.367677778,-0.0285556316,0.10979519
,710008040,-22.910682007804184,-43.156284391011226,169.6,16.3,0.367677778,-0.0285556316,0.10979519
,710008040,-22.910682007804184,-43.156284391011226,169.6,16.3,0.367677778,-0.0285556316,0.10979519
,710008040,-22.910682007804184,-43.156284391011226,169.6,16.3,0.367677778,-0.0285556316,0.10979519
,710008040,-22.910682007804184,-43.156284391011226,169.6,16.3,0.367677778,-0.0285556316,0.10979519
,710008040,-22.910682007804184,-43.156284391011226,169.6,16.3,0.367677778,-0.0285556316,0.10979519
,710008040,-22.910682007804184,-43.156284391011226,169.6,16.3,0.367677778,-0.0285556316,0.10979519
,710008040,-22.910682007804184,-43.156284391011226,169.6,16.3,0.367677778,-0.0285556316,0.10979519
,710008040,-22.910682007804184,-43.156284391011226,169.6,16.3,0.367677778,-0.0285556316,0.10979519
,710008040,-22.910682007804184,-43.156284391011226,169.6,16.3,0.367677778,-0.0285556316,0.10979519
,710008040,-22.910682007804184,-43.156284391011226,169.6,16.3,0.367677778,-0.0285556316,0.10979519
,710008040,-22.910682007804184,-43.156284391011226,169.6,16.3,0.367677778,-0.0285556316,0.10979519
,710008040,-22.91083058756309,-43.15625287196515,169.6,16.3,0.367677778,-0.0285556316,0.10979519
,710008040,-22.91083058756309,-43.15625287196515,169.6,16.3,0.367677778,-0.0285556316,0.10979519
,710008040,-22.91083058756309,-43.15625287196515,169.6,16.3,0.367677778,-0.0285556316,0.10979519
,710008040,-22.91083058756309,-43.15625287196515,169.6,16.3,0.367677778,-0.0285556316,0.10979519
,710008040,-22.91083058756309,-43.15625287196515,169.6,16.3,0.367677778,-0.0285556316,0.10979519
,710008040,-22.91083058756309,-43.15625287196515,169.6,16.3,0.367677778,-0.0285556316,0.10979519
,710008040,-22.91083058756309,-43.15625287196515,169.6,16.3,0.367677778,-0.0285556316,0.10979519
,710008040,-22.91083058756309,-43.15625287196515,169.6,16.3,0.367677778,-0.0285556316,0.10979519
,710008040,-22.91083058756309,-43.15625287196515,169.6,16.3,0.367677778,-0.0285556316,0.10979519
,710008040,-22.91083058756309,-43.15625287196515,169.6,16.3,0.367677778,-0.0285556316,0.10979519
,710008040,-22.91083058756309,-43.15625287196515,169.6,16.3,0.367677778,-0.0285556316,0.10979519
,710008040,-22.91083058756309,-43.15625287196515,169.6,16.3,0.367677778,-0.0285556316,0.10979519
,710008040,-22.91083058756309,-43.15625287196515,169.6,16.3,0.367677778,-0.0285556316,0.10979519
,710008040,-22.91083058756309,-43.15625287196515,169.6,16.3,0.367677778,-0.0285556316,0.10979519
,710008040,-22.91083058756309,-43.15625287196515,169.6,16.3,0.367677778,-0.0285556316,0.10979519
,710008040,-22.91083058756309,-43.15625287196515,169.6,16.3,0.367677778,-0.0285556316,0.10979519
,710008040,-22.91083058756309,-43.15625287196515,169.6,16.3,0.367677778,-0.0285556316,0.10979519
,710008040,-22.91083058756309,-43.15625287196515,169.6,16.3,0.367677778,-0.0285556316,0.10979519
,710008040,-22.91083058756309,-43.15625287196515,169.6,16.3,0.367677778,-0.0285556316,0.10979519
,710008040,-22.91083058756309,-43.15625287196515,169.6,16.3,0.367677778,-0.0285556316,0.10979519
,710008040,-22.91083058756309,-43.15625287196515,169.6,16.3,0.367677778,-0.0285556316,0.10979519
,710008040,-22.91083058756309,-43.15625287196515,169.6,16.3,0.367677778,-0.0285556316,0.10979519
,710008040,-22.91083058756309,-43.15625287196515,169.6,16.3,0.367677778,-0.0285556316,0.10979519
,710008040,-22.91083058756309,-43.15625287196515,169.6,16.3,0.367677778,-0.0285556316,0.10979519
,710008040,-22.910904877437527,-43.15623711241188,169.6,16.3,0.367677778,-0.0285556316,0.10979519
,710008040,-22.910904877437527,-43.15623711241188,169.6,16.3,0.367677778,-0.0285556316,0.10979519
,710008040,-22.910904877437527,-43.15623711241188,169.6,16.3,0.367677778,-0.0285556316,0.10979519
,710008040,-22.910904877437527,-43.15623711241188,169.6,16.3,0.367677778,-0.0285556316,0.10979519
,710008040,-22.910904877437527,-43.15623711241188,169.6,16.3,0.367677778,-0.0285556316,0.10979519
,710008040,-22.910904877437527,-43.15623711241188,169.6,16.3,0.367677778,-0.0285556316,0.10979519
,710008040,-22.910904877437527,-43.15623711241188,169.6,16.3,0.367677778,-0.0285556316,0.10979519
,710008040,-22.910904877437527,-43.15623711241188,169.6,16.3,0.367677778,-0.0285556316,0.10979519
,710008040,-22.910904877437527,-43.15623711241188,169.6,16.3,0.367677778,-0.0285556316,0.10979519
,710008040,-22.910904877437527,-43.15623711241188,169.6,16.3,0.367677778,-0.0285556316,0.10979519
,710008040,-22.910904877437527,-43.15623711241188,169.6,16.3,0.367677778,-0.0285556316,0.10979519
,710008040,-22.910904877437527,-43.15623711241188,169.6,16.3,0.367677778,-0.0285556316,0.10979519
,710008040,-22.910979167308614,-43.15622135283846,169.6,16.3,0.367677778,-0.0285556316,0.10979519
,710008040,-22.910979167308614,-43.15622135283846,169.6,16.3,0.367677778,-0.0285556316,0.10979519
,710008040,-22.910979167308614,-43.15622135283846,169.6,16.3,0.367677778,-0.0285556316,0.10979519
,710008040,-22.910979167308614,-43.15622135283846,169.6,16.3,0.367677778,-0.0285556316,0.10979519
,710008040,-22.910979167308614,-43.15622135283846,169.6,16.3,0.367677778,-0.0285556316,0.10979519
,710008040,-22.910979167308614,-43.15622135283846,169.6,16.3,0.367677778,-0.0285556316,0.10979519
,710008040,-22.910979167308614,-43.15622135283846,169.6,16.3,0.367677778,-0.0285556316,0.10979519
,710008040,-22.910979167308614,-43.15622135283846,169.6,16.3,0.367677778,-0.0285556316,0.10979519
,710008040,-22.911053457176358,-43.156205593244884,169.6,16.3,0.367677778,-0.0285556316,0.10979519
,710008040,-22.911053457176358,-43.156205593244884,169.6,16.3,0.367677778,-0.0285556316,0.10979519
,710008040,-22.911053457176358,-43.156205593244884,169.6,16.3,0.367677778,-0.0285556316,0.10979519
,710008040,-22.911053457176358,-43.156205593244884,169.6,16.3,0.367677778,-0.0285556316,0.10979519
,710008040,-22.911053457176358,-43.156205593244884,169.6,16.3,0.416288882,-0.0345665812,0.0971691012
,710008040,-22.911053457176358,-43.156205593244884,169.6,16.3,0.416288882,-0.0345665812,0.0971691012
,710008040,-22.911053457176358,-43.156205593244884,169.6,16.3,0.416288882,-0.0345665812,0.0971691012
,710008040,-22.911053457176358,-43.156205593244884,169.6,16.3,0.416288882,-0.0345665812,0.0971691012
,710008040,-22.911053457176358,-43.156205593244884,169.6,16.3,0.416288882,-0.0345665812,0.0971691012
,710008040,-22.911053457176358,-43.156205593244884,169.6,16.3,0.416288882,-0.0345665812,0.0971691012
,710008040,-22.911053457176358,-43.156205593244884,169.6,16.3,0.416288882,-0.0345665812,0.0971691012
,710008040,-22.911053457176358,-43.156205593244884,169.6,16.3,0.416288882,-0.0345665812,0.0971691012
,710008040,-22.911053457176358,-43.156205593244884,169.6,16.3,0.416288882,-0.0345665812,0.0971691012
,710008040,-22.911053457176358,-43.156205593244884,169.6,16.3,0.416288882,-0.0345665812,0.0971691012
,710008040,-22.911053457176358,-43.156205593244884,169.6,16.3,0.416288882,-0.0345665812,0.0971691012
,710008040,-22.911053457176358,-43.156205593244884,169.6,16.3,0.416288882,-0.0345665812,0.0971691012
,710008040,-22.911053457176358,-43.156205593244884,169.6,16.3,0.416288882,-0.0345665812,0.0971691012
,710008040,-22.911053457176358,-43.156205593244884,169.6,16.3,0.416288882,-0.0345665812,0.0971691012
,710008040,-22.911053457176358,-43.156205593244884,169.6,16.3,0.416288882,-0.0345665812,0.0971691012
,710008040,-22.911053457176358,-43.156205593244884,169.6,16.3,0.416288882,-0.0345665812,0.0971691012
,710008040,-22.911053457176358,-43.156205593244884,169.6,16.3,0.416288882,-0.0345665812,0.0971691012
,710008040,-22.911053457176358,-43.156205593244884,169.6,16.3,0.416288882,-0.0345665812,0.0971691012
,710008040,-22.911053457176358,-43.156205593244884,169.6,16.3,0.416288882,-0.0345665812,0.0971691012
,710008040,-22.911053457176358,-43.156205593244884,169.6,16.3,0.416288882,-0.0345665812,0.0971691012
,710008040,-22.911053457176358,-43.156205593244884,169.6,16.3,0.425238878,-0.0355112553,0.0952927843
,710008040,-22.911053457176358,-43.156205593244884,169.6,16.3,0.425238878,-0.0355112553,0.0952927843
,710008040,-22.911053457176358,-43.156205593244884,169.6,16.3,0.425238878,-0.0355112553,0.0952927843
,710008040,-22.911053457176358,-43.156205593244884,169.6,16.3,0.425238878,-0.0355112553,0.0952927843
,710008040,-22.911053457176358,-43.156205593244884,169.6,16.3,0.425238878,-0.0355112553,0.0952868536
,710008040,-22.911053457176358,-43.156205593244884,169.6,16.3,0.425238878,-0.0355112553,0.0952868536
,710008040,-22.911053457176358,-43.156205593244884,169.6,16.3,0.425238878,-0.0355112553,0.0952868536
,710008040,-22.911053457176358,-43.156205593244884,169.6,16.3,0.425238878,-0.0355112553,0.0952868536
,710008040,-22.911053457176358,-43.156205593244884,169.6,16.3,0.425238878,-0.0355112553,0.0952868536
,710008040,-22.911053457176358,-43.156205593244884,169.6,16.3,0.425238878,-0.0355112553,0.0952868536
,710008040,-22.911053457176358,-43.156205593244884,169.6,16.3,0.425238878,-0.0355112553,0.0952868536
,710008040,-22.911053457176358,-43.156205593244884,169.6,16.3,0.425238878,-0.0355112553,0.0952868536
,710008040,-22.911053457176358,-43.156205593244884,169.6,16.3,0.425238878,-0.0355112553,0.0952868536
,710008040,-22.911053457176358,-43.156205593244884,169.6,16.3,0.425238878,-0.0355112553,0.0952868536
,710008040,-22.911053457176358,-43.156205593244884,169.6,16.3,0.425238878,-0.0355112553,0.0952868536
,710008040,-22.911053457176358,-43.156205593244884,169.6,16.3,0.425238878,-0.0355112553,0.0952868536
,710008040,-22.91112774704076,-43.15618983363116,169.6,16.3,0.425238878,-0.0355112553,0.0952868536
,710008040,-22.91112774704076,-43.15618983363116,169.6,16.3,0.425238878,-0.0355112553,0.0952868536
,710008040,-22.91112774704076,-43.15618983363116,169.6,16.3,0.425238878,-0.0355112553,0.0952868536
,710008040,-22.91112774704076,-43.15618983363116,169.6,16.3,0.425238878,-0.0355112553,0.0952868536
,710008040,-22.91112774704076,-43.15618983363116,169.6,16.3,0.425238878,-0.0355112553,0.0952868536
,710008040,-22.91112774704076,-43.15618983363116,169.6,16.3,0.425238878,-0.0355112553,0.0952868536
,710008040,-22.91112774704076,-43.15618983363116,169.6,16.3,0.425238878,-0.0355112553,0.0952868536
,710008040,-22.91112774704076,-43.15618983363116,169.6,16.3,0.425238878,-0.0355112553,0.0952868536
,710008040,-22.91112774704076,-43.15618983363116,169.6,16.3,0.425238878,-0.0355112553,0.0952868536
,710008040,-22.91112774704076,-43.15618983363116,169.6,16.3,0.425238878,-0.0355112553,0.0952868536
,710008040,-22.91112774704076,-43.15618983363116,169.6,16.3,0.425238878,-0.0355112553,0.0952868536
,710008040,-22.91112774704076,-43.15618983363116,169.6,16.3,0.425238878,-0.0355112553,0.0952868536
,710008040,-22.91112774704076,-43.15618983363116,169.6,16.3,0.425238878,-0.0355112553,0.0952868536
,710008040,-22.91112774704076,-43.15618983363116,169.6,16.3,0.425238878,-0.0355112553,0.0952868536
,710008040,-22.91112774704076,-43.15618983363116,169.6,16.3,0.425238878,-0.0355112553,0.0952868536
,710008040,-22.91112774704076,-43.15618983363116,169.6,16.3,0.425238878,-0.0355112553,0.0952868536
,710008040,-22.91112774704076,-43.15618983363116,169.6,16.3,0.425238878,-0.0355112553,0.0952868536
,710008040,-22.91112774704076,-43.15618983363116,169.6,16.3,0.425238878,-0.0355112553,0.0952868536
,710008040,-22.91112774704076,-43.15618983363116,169.6,16.3,0.425238878,-0.0355112553,0.0952868536
,710008040,-22.91112774704076,-43.15618983363116,169.6,16.3,0.425238878,-0.0355112553,0.0952868536
,710008040,-22.91112774704076,-43.15618983363116,169.6,16.3,0.425238878,-0.0355112553,0.0952868536
,710008040,-22.91112774704076,-43.15618983363116,169.6,16.3,0.425238878,-0.0355112553,0.0952868536
,710008040,-22.91112774704076,-43.15618983363116,169.6,16.3,0.425238878,-0.0355112553,0.0952868536
,710008040,-22.91112774704076,-43.15618983363116,169.6,16.3,0.425238878,-0.0355112553,0.0952868536
,710008040,-22.91112774704076,-43.15618983363116,169.6,16.3,0.425238878,-0.0355112553,0.0952868536
,710008040,-22.91112774704076,-43.15618983363116,169.6,16.3,0.425238878,-0.0355112553,0.0952868536
,710008040,-22.91112774704076,-43.15618983363116,169.6,16.3,0.425238878,-0.0355112553,0.0952868536
,710008040,-22.91112774704076,-43.15618983363116,169.6,16.3,0.425238878,-0.0355112553,0.0952868536
,710008040,-22.91112774704076,-43.15618983363116,169.6,16.3,0.425238878,-0.0355112553,0.0952868536
,710008040,-22.91112774704076,-43.15618983363116,169.6,16.3,0.425238878,-0.0355112553,0.0952868536
,710008040,-22.91112774704076,-43.15618983363116,169.6,16.3,0.425238878,-0.0355112553,0.0952868536
,710008040,-22.91112774704076,-43.15618983363116,169.6,16.3,0.425238878,-0.0355112553,0.0952868536
,710008040,-22.91112774704076,-43.15618983363116,169.6,16.3,0.425238878,-0.0355112553,0.0952868536
,710008040,-22.91112774704076,-43.15618983363116,169.6,16.3,0.425238878,-0.0355112553,0.0952868536
,710008040,-22.91112774704076,-43.15618983363116,169.6,16.3,0.425238878,-0.0355112553,0.0952868536
,710008040,-22.91112774704076,-43.15618983363116,169.6,16.3,0.425238878,-0.0355112553,0.0952868536
,710008040,-22.91112774704076,-43.15618983363116,169.6,16.3,0.425238878,-0.0355112553,0.0952868536
,710008040,-22.91112774704076,-43.15618983363116,169.6,16.3,0.425238878,-0.0355112553,0.0952868536
,710008040,-22.91112774704076,-43.15618983363116,169.6,16.3,0.425238878,-0.0355112553,0.0952868536
,710008040,-22.91112774704076,-43.15618983363116,169.6,16.3,0.425238878,-0.0355112553,0.0952868536
,710008040,-22.91112774704076,-43.15618983363116,169.6,16.3,0.425238878,-0.0355112553,0.0952868536
,710008040,-22.91112774704076,-43.15618983363116,169.6,16.3,0.425238878,-0.0355112553,0.0952868536
,710008040,-22.91112774704076,-43.15618983363116,169.6,16.3,0.425238878,-0.0355112553,0.0952868536
,710008040,-22.91112774704076,-43.15618983363116,169.6,16.3,0.425238878,-0.0355112553,0.0952868536
,710008040,-22.91112774704076,-43.15618983363116,169.6,16.3,0.425238878,-0.0355112553,0.0952868536
,710008040,-22.91112774704076,-43.15618983363116,169.6,16.3,0.425238878,-0.0355112553,0.0952868536
,710008040,-22.91112774704076,-43.15618983363116,169.6,16.3,0.425238878,-0.0355112553,0.0952868536
,710008040,-22.91112774704076,-43.15618983363116,169.6,16.3,0.425238878,-0.0355112553,0.0952868536
,710008040,-22.91112774704076,-43.15618983363116,169.6,16.3,0.425238878,-0.0355112553,0.0952868536
,710008040,-22.911071207165264,-43.156211446899974,169.6,16.3,0.425238878,-0.0355112553,0.0952868536
,710008040,-22.911071207165264,-43.156211446899974,169.6,16.3,0.425238878,-0.0355112553,0.0952868536
,710008040,-22.911071207165264,-43.156211446899974,169.6,16.3,0.425238878,-0.0355112553,0.0952868536
,710008040,-22.911071207165264,-43.156211446899974,169.6,16.3,0.425238878,-0.0355112553,0.0952868536
,710008040,-22.911071207165264,-43.156211446899974,169.6,16.3,0.425238878,-0.0355112553,0.0952868536
,710008040,-22.911071207165264,-43.156211446899974,169.6,16.3,0.425238878,-0.0355112553,0.0952868536
,710008040,-22.911071207165264,-43.156211446899974,169.6,16.3,0.425238878,-0.0355112553,0.0952868536
,710008040,-22.911071207165264,-43.156211446899974,169.6,16.3,0.425238878,-0.0355112553,0.0952868536
,710008040,-22.911071207165264,-43.156211446899974,169.6,16.3,0.425238878,-0.0355112553,0.0952868536
,710008040,-22.911071207165264,-43.156211446899974,169.6,16.3,0.425238878,-0.0355112553,0.0952868536
,710008040,-22.911071207165264,-43.156211446899974,169.6,16.3,0.425238878,-0.0355112553,0.0952868536
,710008040,-22.911071207165264,-43.156211446899974,169.6,16.3,0.425238878,-0.0355112553,0.0952868536
,710008040,-22.911071207165264,-43.156211446899974,169.6,16.3,0.425238878,-0.0355112553,0.0952868536
,710008040,-22.911071207165264,-43.156211446899974,169.6,16.3,0.425238878,-0.0355112553,0.0952868536
,710008040,-22.911071207165264,-43.156211446899974,169.6,16.3,0.425238878,-0.0355112553,0.0952868536
,710008040,-22.911071207165264,-43.156211446899974,169.6,16.3,0.425238878,-0.0355112553,0.0952868536
,710008040,-22.911071207165264,-43.156211446899974,169.6,16.3,0.425238878,-0.0355112553,0.0952868536
,710008040,-22.911071207165264,-43.156211446899974,169.6,16.3,0.425238878,-0.0355112553,0.0952868536
,710008040,-22.911071207165264,-43.156211446899974,169.6,16.3,0.425238878,-0.0355112553,0.0952868536
,710008040,-22.911071207165264,-43.156211446899974,169.6,16.3,0.425238878,-0.0355112553,0.0952868536
,710008040,-22.911071207165264,-43.156211446899974,169.6,16.3,0.425238878,-0.0355112553,0.0952868536
,710008040,-22.911071207165264,-43.156211446899974,169.6,16.3,0.425238878,-0.0355112553,0.0952868536
,710008040,-22.911071207165264,-43.156211446899974,169.6,16.3,0.425238878,-0.0355112553,0.0952868536
,710008040,-22.911071207165264,-43.156211446899974,169.6,16.3,0.425238878,-0.0355112553,0.0952868536
,710008040,-22.911071207165264,-43.156211446899974,169.6,16.3,0.425238878,-0.0355112553,0.0952868536
,710008040,-22.911071207165264,-43.156211446899974,169.6,16.3,0.425238878,-0.0355112553,0.0952868536
,710008040,-22.911071207165264,-43.156211446899974,169.6,16.3,0.425238878,-0.0355112553,0.0952868536
,710008040,-22.911071207165264,-43.156211446899974,169.6,16.3,0.425238878,-0.0355112553,0.0952868536
,710008040,-22.911071207165264,-43.156211446899974,169.6,16.3,0.425238878,-0.0355112553,0.0952868536
,710008040,-22.911071207165264,-43.156211446899974,169.6,16.3,0.425238878,-0.0355112553,0.0952868536
,710008040,-22.911071207165264,-43.156211446899974,169.6,16.3,0.425238878,-0.0355112553,0.0952868536
,710008040,-22.911071207165264,-43.156211446899974,169.6,16.3,0.425238878,-0.0355112553,0.0952868536
,710008040,-22.911071207165264,-43.156211446899974,169.6,16.3,0.425238878,-0.0355112553,0.0952868536
,710008040,-22.911071207165264,-43.156211446899974,169.6,16.3,0.425238878,-0.0355112553,0.0952868536
,710008040,-22.911071207165264,-43.156211446899974,169.6,16.3,0.425238878,-0.0355112553,0.0952868536
,710008040,-22.911071207165264,-43.156211446899974,169.6,16.3,0.425238878,-0.0355112553,0.0952868536
,710008040,-22.911071207165264,-43.156211446899974,169.6,16.3,0.425238878,-0.0355112553,0.0952868536
,710008040,-22.911071207165264,-43.156211446899974,169.6,16.3,0.425238878,-0.0355112553,0.0952868536
,710008040,-22.911071207165264,-43.156211446899974,169.6,16.3,0.425238878,-0.0355112553,0.0952868536
,710008040,-22.911071207165264,-43.156211446899974,169.6,16.3,0.425238878,-0.0355112553,0.0952868536
,710008040,-22.911071207165264,-43.156211446899974,169.6,16.3,0.425238878,-0.0355112553,0.0952868536
,710008040,-22.911071207165264,-43.156211446899974,169.6,16.3,0.425238878,-0.0355112553,0.0952868536
,710008040,-22.911071207165264,-43.156211446899974,169.6,16.3,0.425238878,-0.0355112553,0.0952868536
,710008040,-22.911071207165264,-43.156211446899974,169.6,16.3,0.425238878,-0.0355112553,0.0952868536
,710008040,-22.911071207165264,-43.156211446899974,169.6,16.3,0.425238878,-0.0355112553,0.0952868536
,710008040,-22.911145497030162,-43.1561956872866,169.6,16.3,0.435994416,-0.0368445516,0.092787236
,710008040,-22.911145497030162,-43.1561956872866,169.6,16.3,0.435994416,-0.0368445516,0.092787236
,710008040,-22.911145497030162,-43.1561956872866,169.6,16.3,0.435994416,-0.0368445516,0.092787236
,710008040,-22.911145497030162,-43.1561956872866,169.6,16.3,0.435994416,-0.0368445516,0.092787236
,710008040,-22.911145497030162,-43.1561956872866,169.6,16.3,0.435994416,-0.0368445516,0.092787236
,710008040,-22.911145497030162,-43.1561956872866,169.6,16.3,0.435994416,-0.0368445516,0.092787236
,710008040,-22.911145497030162,-43.1561956872866,169.6,16.3,0.435994416,-0.0368445516,0.092787236
,710008040,-22.911145497030162,-43.1561956872866,169.6,16.3,0.435994416,-0.0368445516,0.092787236
,710008040,-22.911145497030162,-43.1561956872866,169.6,16.3,0.435994416,-0.0368445516,0.092787236
,710008040,-22.911145497030162,-43.1561956872866,169.6,16.3,0.435994416,-0.0368445516,0.092787236
,710008040,-22.911145497030162,-43.1561956872866,169.6,16.3,0.435994416,-0.0368445516,0.092787236
,710008040,-22.911145497030162,-43.1561956872866,169.6,16.3,0.435994416,-0.0368445516,0.092787236
,710008040,-22.911145497030162,-43.1561956872866,169.6,16.3,0.435994416,-0.0368445516,0.092787236
,710008040,-22.911145497030162,-43.1561956872866,169.6,16.3,0.435994416,-0.0368445516,0.092787236
,710008040,-22.911145497030162,-43.1561956872866,169.6,16.3,0.435994416,-0.0368445516,0.092787236
,710008040,-22.911145497030162,-43.1561956872866,169.6,16.3,0.435994416,-0.0368445516,0.092787236
,710008040,-22.911145497030162,-43.1561956872866,169.6,16.3,0.435994416,-0.0368445516,0.092787236
,710008040,-22.911145497030162,-43.1561956872866,169.6,16.3,0.435994416,-0.0368445516,0.092787236
,710008040,-22.911145497030162,-43.1561956872866,169.6,16.3,0.435994416,-0.0368445516,0.092787236
,710008040,-22.911145497030162,-43.1561956872866,169.6,16.3,0.435994416,-0.0368445516,0.092787236
,710008040,-22.911145497030162,-43.1561956872866,169.6,16.3,0.435994416,-0.0368445516,0.092787236
,710008040,-22.911145497030162,-43.1561956872866,169.6,16.3,0.435994416,-0.0368445516,0.092787236
,710008040,-22.911145497030162,-43.1561956872866,169.6,16.3,0.435994416,-0.0368445516,0.092787236
,710008040,-22.911145497030162,-43.1561956872866,169.6,16.3,0.435994416,-0.0368445516,0.092787236
,710008040,-22.911145497030162,-43.1561956872866,169.6,16.3,0.435994416,-0.0368445516,0.092787236
,710008040,-22.911145497030162,-43.1561956872866,169.6,16.3,0.435994416,-0.0368445516,0.092787236
,710008040,-22.911145497030162,-43.1561956872866,169.6,16.3,0.435994416,-0.0368445516,0.092787236
,710008040,-22.911145497030162,-43.1561956872866,169.6,16.3,0.435994416,-0.0368445516,0.092787236
,710008040,-22.911145497030162,-43.1561956872866,169.6,16.3,0.435994416,-0.0368445516,0.092787236
,710008040,-22.911145497030162,-43.1561956872866,169.6,16.3,0.435994416,-0.0368445516,0.092787236
,710008040,-22.911219786891714,-43.156179927653085,169.6,16.3,0.435994416,-0.0368445516,0.092787236
,710008040,-22.911219786891714,-43.156179927653085,169.6,16.3,0.435994416,-0.0368445516,0.092787236
,710008040,-22.911219786891714,-43.156179927653085,169.6,16.3,0.435994416,-0.0368445516,0.092787236
,710008040,-22.911219786891714,-43.156179927653085,169.6,16.3,0.435994416,-0.0368445516,0.092787236
,710008040,-22.911219786891714,-43.156179927653085,169.6,16.3,0.435994416,-0.0368445516,0.092787236
,710008040,-22.911219786891714,-43.156179927653085,169.6,16.3,0.435994416,-0.0368445516,0.092787236
,710008040,-22.911219786891714,-43.156179927653085,169.6,16.3,0.435994416,-0.0368445516,0.092787236
,710008040,-22.911219786891714,-43.156179927653085,169.6,16.3,0.435994416,-0.0368445516,0.092787236
,710008040,-22.911219786891714,-43.156179927653085,169.6,16.3,0.435994416,-0.0368445516,0.092787236
,710008040,-22.911219786891714,-43.156179927653085,169.6,16.3,0.435994416,-0.0368445516,0.092787236
,710008040,-22.911219786891714,-43.156179927653085,169.6,16.3,0.435994416,-0.0368445516,0.092787236
,710008040,-22.911219786891714,-43.156179927653085,169.6,16.3,0.435994416,-0.0368445516,0.092787236
,710008040,-22.911219786891714,-43.156179927653085,169.6,16.3,0.435994416,-0.0368445516,0.092787236
,710008040,-22.911219786891714,-43.156179927653085,169.6,16.3,0.435994416,-0.0368445516,0.092787236
,710008040,-22.911219786891714,-43.156179927653085,169.6,16.3,0.435994416,-0.0368445516,0.092787236
,710008040,-22.911219786891714,-43.156179927653085,169.6,16.3,0.435994416,-0.0368445516,0.092787236
,710008040,-22.911219786891714,-43.156179927653085,169.6,16.3,0.435994416,-0.0368445516,0.092787236
,710008040,-22.911219786891714,-43.156179927653085,169.6,16.3,0.435994416,-0.0368445516,0.092787236
,710008040,-22.91129407674992,-43.15616416799941,169.6,16.3,0.435994416,-0.0368445516,0.092787236
,710008040,-22.91129407674992,-43.15616416799941,169.6,16.3,0.435994416,-0.0368445516,0.092787236
,710008040,-22.91129407674992,-43.15616416799941,169.6,16.3,0.435994416,-0.0368445516,0.092787236
,710008040,-22.91129407674992,-43.15616416799941,169.6,16.3,0.435994416,-0.0368445516,0.092787236
,710008040,-22.91129407674992,-43.15616416799941,169.6,16.3,0.435994416,-0.0368445516,0.092787236
,710008040,-22.91129407674992,-43.15616416799941,169.6,16.3,0.435994416,-0.0368445516,0.092787236
,710008040,-22.91129407674992,-43.15616416799941,169.6,16.3,0.435994416,-0.0368445516,0.092787236
,710008040,-22.91129407674992,-43.15616416799941,169.6,16.3,0.435994416,-0.0368445516,0.092787236
,710008040,-22.91129407674992,-43.15616416799941,169.6,16.3,0.435994416,-0.0368445516,0.092787236
,710008040,-22.91129407674992,-43.15616416799941,169.6,16.3,0.435994416,-0.0368445516,0.092787236
,710008040,-22.91129407674992,-43.15616416799941,169.6,16.3,0.435994416,-0.0368445516,0.092787236
,710008040,-22.91129407674992,-43.15616416799941,169.6,16.3,0.435994416,-0.0368445516,0.092787236
,710008040,-22.91129407674992,-43.15616416799941,169.6,16.3,0.435994416,-0.0368445516,0.092787236
,710008040,-22.91129407674992,-43.15616416799941,169.6,16.3,0.435994416,-0.0368445516,0.092787236
,710008040,-22.91129407674992,-43.15616416799941,169.6,16.3,0.435994416,-0.0368445516,0.092787236
,710008040,-22.91129407674992,-43.15616416799941,169.6,16.3,0.435994416,-0.0368445516,0.092787236
,710008040,-22.91129407674992,-43.15616416799941,169.6,16.3,0.435994416,-0.0368445516,0.092787236
,710008040,-22.91129407674992,-43.15616416799941,169.6,16.3,0.435994416,-0.0368445516,0.092787236
,710008040,-22.91129407674992,-43.15616416799941,169.6,16.3,0.435994416,-0.0368445516,0.092787236
,710008040,-22.91129407674992,-43.15616416799941,169.6,16.3,0.435994416,-0.0368445516,0.092787236
,710008040,-22.91129407674992,-43.15616416799941,169.6,16.3,0.435994416,-0.0368445516,0.092787236
,710008040,-22.91129407674992,-43.15616416799941,169.6,16.3,0.435994416,-0.0368445516,0.092787236
,710008040,-22.91129407674992,-43.15616416799941,169.6,16.3,0.435994416,-0.0368445516,0.092787236
,710008040,-22.91129407674992,-43.15616416799941,169.6,16.3,0.435994416,-0.0368445516,0.092787236
,710008040,-22.91129407674992,-43.15616416799941,169.6,16.3,0.435994416,-0.0368445516,0.092787236
,710008040,-22.91129407674992,-43.15616416799941,169.6,16.3,0.435994416,-0.0368445516,0.092787236
,710008040,-22.91129407674992,-43.15616416799941,169.6,16.3,0.435994416,-0.0368445516,0.092787236
,710008040,-22.91129407674992,-43.15616416799941,169.6,16.3,0.435994416,-0.0368445516,0.092787236
,710008040,-22.91129407674992,-43.15616416799941,169.6,16.3,0.435994416,-0.0368445516,0.092787236
,710008040,-22.91129407674992,-43.15616416799941,169.6,16.3,0.435994416,-0.0368445516,0.092787236
,710008040,-22.91129407674992,-43.15616416799941,169.6,16.3,0.435994416,-0.0368445516,0.092787236
,710008040,-22.91129407674992,-43.15616416799941,169.6,16.3,0.435994416,-0.0368445516,0.092787236
,710008040,-22.91129407674992,-43.15616416799941,169.6,16.3,0.435994416,-0.0368445516,0.092787236
,710008040,-22.91129407674992,-43.15616416799941,169.6,16.3,0.435994416,-0.0368445516,0.092787236
,710008040,-22.91129407674992,-43.15616416799941,169.6,16.3,0.435994416,-0.0368445516,0.092787236
,710008040,-22.91129407674992,-43.15616416799941,169.6,16.3,0.435994416,-0.0368445516,0.092787236
,710008040,-22.91129407674992,-43.15616416799941,169.6,16.3,0.435994416,-0.0368445516,0.092787236
,710008040,-22.91129407674992,-43.15616416799941,169.6,16.3,0.435994416,-0.0368445516,0.092787236
,710008040,-22.91129407674992,-43.15616416799941,169.6,16.3,0.435994416,-0.0368445516,0.092787236
,710008040,-22.91129407674992,-43.15616416799941,169.6,16.3,0.435994416,-0.0368445516,0.092787236
,710008040,-22.91129407674992,-43.15616416799941,169.6,16.3,0.435994416,-0.0368445516,0.092787236
,710008040,-22.91129407674992,-43.15616416799941,169.6,16.3,0.435994416,-0.0368445516,0.092787236
,710008040,-22.91129407674992,-43.15616416799941,169.6,16.3,0.435994416,-0.0368445516,0.092787236
,710008040,-22.91129407674992,-43.15616416799941,169.6,16.3,0.435994416,-0.0368445516,0.092787236
,710008040,-22.91129407674992,-43.15616416799941,169.6,16.3,0.435994416,-0.0368445516,0.092787236
,710008040,-22.91136836660478,-43.15614840832557,169.6,16.3,0.465127766,-0.039277792,0.0884053633
,710008040,-22.91136836660478,-43.15614840832557,169.6,16.3,0.465127766,-0.039277792,0.0884053633
,710008040,-22.91136836660478,-43.15614840832557,169.6,16.3,0.465127766,-0.039277792,0.0884053633
,710008040,-22.91136836660478,-43.15614840832557,169.6,16.3,0.465127766,-0.039277792,0.0884053633
,710008040,-22.91136836660478,-43.15614840832557,169.6,16.3,0.465127766,-0.039277792,0.0884053633
,710008040,-22.91136836660478,-43.15614840832557,169.6,16.3,0.465127766,-0.039277792,0.0884053633
,710008040,-22.91136836660478,-43.15614840832557,169.6,16.3,0.465127766,-0.039277792,0.0884053633
,710008040,-22.91136836660478,-43.15614840832557,169.6,16.3,0.465127766,-0.039277792,0.0884053633
,710008040,-22.91136836660478,-43.15614840832557,169.6,16.3,0.465127766,-0.039277792,0.0884053633
,710008040,-22.91136836660478,-43.15614840832557,169.6,16.3,0.465127766,-0.039277792,0.0884053633
,710008040,-22.91136836660478,-43.15614840832557,169.6,16.3,0.465127766,-0.039277792,0.0884053633
,710008040,-22.91136836660478,-43.15614840832557,169.6,16.3,0.465127766,-0.039277792,0.0884053633
,710008040,-22.91136836660478,-43.15614840832557,169.6,16.3,0.465127766,-0.039277792,0.0884053633
,710008040,-22.91136836660478,-43.15614840832557,169.6,16.3,0.465127766,-0.039277792,0.0884053633
,710008040,-22.91136836660478,-43.15614840832557,169.6,16.3,0.465127766,-0.039277792,0.0884053633
,710008040,-22.91136836660478,-43.15614840832557,169.6,16.3,0.465127766,-0.039277792,0.0884053633
,710008040,-22.91136836660478,-43.15614840832557,169.6,16.3,0.465127766,-0.039277792,0.0884053633
,710008040,-22.91136836660478,-43.15614840832557,169.6,16.3,0.465127766,-0.039277792,0.0884053633
,710008040,-22.91136836660478,-43.15614840832557,169.6,16.3,0.465127766,-0.039277792,0.0884053633
,710008040,-22.91136836660478,-43.15614840832557,169.6,16.3,0.465127766,-0.039277792,0.0884053633
,710008040,-22.91136836660478,-43.15614840832557,169.6,16.3,0.465127766,-0.039277792,0.0884053633
,710008040,-22.91136836660478,-43.15614840832557,169.6,16.3,0.465127766,-0.039277792,0.0884053633
,710008040,-22.91136836660478,-43.15614840832557,169.6,16.3,0.465127766,-0.039277792,0.0884053633
,710008040,-22.91136836660478,-43.15614840832557,169.6,16.3,0.465127766,-0.039277792,0.0884053633
,710008040,-22.91136836660478,-43.15614840832557,169.6,16.3,0.465127766,-0.039277792,0.0884053633
,710008040,-22.91136836660478,-43.15614840832557,169.6,16.3,0.465127766,-0.039277792,0.0884053633
,710008040,-22.91136836660478,-43.15614840832557,169.6,16.3,0.465127766,-0.039277792,0.0884053633
,710008040,-22.91144265645629,-43.1561326486316,169.6,16.3,0.465127766,-0.039277792,0.0884053633
,710008040,-22.91144265645629,-43.1561326486316,169.6,16.3,0.465127766,-0.039277792,0.0884053633
,710008040,-22.91144265645629,-43.1561326486316,169.6,16.3,0.465127766,-0.039277792,0.0884053633
,710008040,-22.91144265645629,-43.1561326486316,169.6,16.3,0.465127766,-0.039277792,0.0884053633
,710008040,-22.91144265645629,-43.1561326486316,169.6,16.3,0.465127766,-0.039277792,0.0884053633
,710008040,-22.91144265645629,-43.1561326486316,169.6,16.3,0.465127766,-0.039277792,0.0884053633
,710008040,-22.91144265645629,-43.1561326486316,169.6,16.3,0.465127766,-0.039277792,0.0884053633
,710008040,-22.91144265645629,-43.1561326486316,169.6,16.3,0.465127766,-0.039277792,0.0884053633
,710008040,-22.91144265645629,-43.1561326486316,169.6,16.3,0.465127766,-0.039277792,0.0884053633
,710008040,-22.91144265645629,-43.1561326486316,169.6,16.3,0.465127766,-0.039277792,0.0884053633
,710008040,-22.91144265645629,-43.1561326486316,169.6,16.3,0.465127766,-0.039277792,0.0884053633
,710008040,-22.91144265645629,-43.1561326486316,169.6,16.3,0.465127766,-0.039277792,0.0884053633
,710008040,-22.91144265645629,-43.1561326486316,169.6,16.3,0.465127766,-0.039277792,0.0884053633
,710008040,-22.91144265645629,-43.1561326486316,169.6,16.3,0.465127766,-0.039277792,0.0884053633
,710008040,-22.91144265645629,-43.1561326486316,169.6,16.3,0.465127766,-0.039277792,0.0884053633
,710008040,-22.911516946304467,-43.15611688891746,169.6,16.3,0.465127766,-0.039277792,0.0884053633
,710008040,-22.911516946304467,-43.15611688891746,169.6,16.3,0.465127766,-0.039277792,0.0884053633
,710008040,-22.911516946304467,-43.15611688891746,169.6,16.3,0.465127766,-0.039277792,0.0884053633
,710008040,-22.911516946304467,-43.15611688891746,169.6,16.3,0.465127766,-0.039277792,0.0884053633
,710008040,-22.911516946304467,-43.15611688891746,169.6,16.3,0.465127766,-0.039277792,0.0884053633
,710008040,-22.911516946304467,-43.15611688891746,169.6,16.3,0.465127766,-0.039277792,0.0884053633
,710008040,-22.911516946304467,-43.15611688891746,169.6,16.3,0.465127766,-0.039277792,0.0884053633
,710008040,-22.911516946304467,-43.15611688891746,169.6,16.3,0.465127766,-0.039277792,0.0884053633
,710008040,-22.911516946304467,-43.15611688891746,169.6,16.3,0.465127766,-0.039277792,0.0884053633
,710008040,-22.911516946304467,-43.15611688891746,169.6,16.3,0.465127766,-0.039277792,0.0884053633
,710008040,-22.911516946304467,-43.15611688891746,169.6,16.3,0.465127766,-0.039277792,0.0884053633
,710008040,-22.911516946304467,-43.15611688891746,169.6,16.3,0.465127766,-0.039277792,0.0884053633
,710008040,-22.911516946304467,-43.15611688891746,169.6,16.3,0.465127766,-0.039277792,0.0884053633
,710008040,-22.911516946304467,-43.15611688891746,169.6,16.3,0.465127766,-0.039277792,0.0884053633
,710008040,-22.911516946304467,-43.15611688891746,169.6,16.3,0.465127766,-0.039277792,0.0884053633
,710008040,-22.911516946304467,-43.15611688891746,169.6,16.3,0.465127766,-0.039277792,0.0884053633
,710008040,-22.911516946304467,-43.15611688891746,169.6,16.3,0.465127766,-0.039277792,0.0884053633
,710008040,-22.911516946304467,-43.15611688891746,169.6,16.3,0.465127766,-0.039277792,0.0884053633
,710008040,-22.911516946304467,-43.15611688891746,169.6,16.3,0.465127766,-0.039277792,0.0884053633
,710008040,-22.911516946304467,-43.15611688891746,169.6,16.3,0.465127766,-0.039277792,0.0884053633
,710008040,-22.911516946304467,-43.15611688891746,169.6,16.3,0.465127766,-0.039277792,0.0884053633
,710008040,-22.911516946304467,-43.15611688891746,169.6,16.3,0.465127766,-0.039277792,0.0884053633
,710008040,-22.911516946304467,-43.15611688891746,169.6,16.3,0.465127766,-0.039277792,0.0884053633
,710008040,-22.911516946304467,-43.15611688891746,169.6,16.3,0.465127766,-0.039277792,0.0884053633
,710008040,-22.911516946304467,-43.15611688891746,169.6,16.3,0.465127766,-0.039277792,0.0884053633
,710008040,-22.911516946304467,-43.15611688891746,169.6,16.3,0.465127766,-0.039277792,0.0884053633
,710008040,-22.911516946304467,-43.15611688891746,169.6,16.3,0.465127766,-0.039277792,0.0884053633
,710008040,-22.911516946304467,-43.15611688891746,169.6,16.3,0.465127766,-0.039277792,0.0884053633
,710008040,-22.911516946304467,-43.15611688891746,169.6,16.3,0.465127766,-0.039277792,0.0884053633
,710008040,-22.911516946304467,-43.15611688891746,169.6,16.3,0.465127766,-0.039277792,0.0884053633
,710008040,-22.911516946304467,-43.15611688891746,169.6,16.3,0.465127766,-0.039277792,0.0884053633
,710008040,-22.911516946304467,-43.15611688891746,169.6,16.3,0.465127766,-0.039277792,0.0884053633
,710008040,-22.911516946304467,-43.15611688891746,169.6,16.3,0.465127766,-0.039277792,0.0884053633
,710008040,-22.911516946304467,-43.15611688891746,169.6,16.3,0.465127766,-0.039277792,0.0884053633
,710008040,-22.911516946304467,-43.15611688891746,169.6,16.3,0.465127766,-0.039277792,0.0884053633
,710008040,-22.911516946304467,-43.15611688891746,169.6,16.3,0.465127766,-0.039277792,0.0884053633
,710008040,-22.911516946304467,-43.15611688891746,169.6,16.3,0.465127766,-0.039277792,0.0884053633
,710008040,-22.911516946304467,-43.15611688891746,169.6,16.3,0.465127766,-0.039277792,0.0884053633
,710008040,-22.911516946304467,-43.15611688891746,169.6,16.3,0.465127766,-0.039277792,0.0884053633
,710008040,-22.911516946304467,-43.15611688891746,169.6,16.3,0.465127766,-0.039277792,0.0884053633
,710008040,-22.911516946304467,-43.15611688891746,169.6,16.3,0.465127766,-0.039277792,0.0884053633
,710008040,-22.911516946304467,-43.15611688891746,169.6,16.3,0.465127766,-0.039277792,0.0884053633
,710008040,-22.911516946304467,-43.15611688891746,169.6,16.3,0.465127766,-0.039277792,0.0884053633
,710008040,-22.911516946304467,-43.15611688891746,169.6,16.3,0.465127766,-0.039277792,0.0884053633
,710008040,-22.911516946304467,-43.15611688891746,169.6,16.3,0.465127766,-0.039277792,0.0884053633
,710008040,-22.911591236149288,-43.15610112918317,169.6,16.3,0.496033341,-0.04117769,0.0856290385
,710008040,-22.911591236149288,-43.15610112918317,169.6,16.3,0.496033341,-0.04117769,0.0856290385
,710008040,-22.911591236149288,-43.15610112918317,169.6,16.3,0.496033341,-0.04117769,0.0856290385
,710008040,-22.911591236149288,-43.15610112918317,169.6,16.3,0.496033341,-0.04117769,0.0856290385
,710008040,-22.911591236149288,-43.15610112918317,169.6,16.3,0.496033341,-0.04117769,0.0856290385
,710008040,-22.911591236149288,-43.15610112918317,169.6,16.3,0.496033341,-0.04117769,0.0856290385
,710008040,-22.911591236149288,-43.15610112918317,169.6,16.3,0.496033341,-0.04117769,0.0858906806
,710008040,-22.911591236149288,-43.15610112918317,169.6,16.3,0.496033341,-0.04117769,0.0858906806
,710008040,-22.911591236149288,-43.15610112918317,169.6,16.3,0.496033341,-0.04117769,0.0858906806
,710008040,-22.911591236149288,-43.15610112918317,169.6,16.3,0.496033341,-0.04117769,0.0858906806
,710008040,-22.911591236149288,-43.15610112918317,169.6,16.3,0.496033341,-0.04117769,0.0858906806
,710008040,-22.911591236149288,-43.15610112918317,169.6,16.3,0.496033341,-0.04117769,0.0858906806
,710008040,-22.911591236149288,-43.15610112918317,169.6,16.3,0.496033341,-0.04117769,0.0858906806
,710008040,-22.911591236149288,-43.15610112918317,169.6,16.3,0.496033341,-0.04117769,0.0858906806
,710008040,-22.911591236149288,-43.15610112918317,169.6,16.3,0.496033341,-0.04117769,0.0858906806
,710008040,-22.911591236149288,-43.15610112918317,169.6,16.3,0.496033341,-0.04117769,0.0858906806
,710008040,-22.911591236149288,-43.15610112918317,169.6,16.3,0.496033341,-0.04117769,0.0858906806
,710008040,-22.911591236149288,-43.15610112918317,169.6,16.3,0.496033341,-0.04117769,0.0858906806
,710008040,-22.911591236149288,-43.15610112918317,169.6,16.3,0.496033341,-0.04117769,0.0858906806
,710008040,-22.911591236149288,-43.15610112918317,169.6,16.3,0.496033341,-0.04117769,0.0858906806
,710008040,-22.911591236149288,-43.15610112918317,169.6,16.3,0.496033341,-0.04117769,0.0858906806
,710008040,-22.911591236149288,-43.15610112918317,169.6,16.3,0.496033341,-0.04117769,0.0858906806
,710008040,-22.911591236149288,-43.15610112918317,169.6,16.3,0.496033341,-0.04117769,0.0858906806
,710008040,-22.911591236149288,-43.15610112918317,169.6,16.3,0.496033341,-0.04117769,0.0858906806
,710008040,-22.911591236149288,-43.15610112918317,169.6,16.3,0.496033341,-0.04117769,0.0858906806
,710008040,-22.911591236149288,-43.15610112918317,169.6,16.3,0.496033341,-0.04117769,0.0858906806
,710008040,-22.911591236149288,-43.15610112918317,169.6,16.3,0.496033341,-0.04117769,0.0858906806
,710008040,-22.911591236149288,-43.15610112918317,169.6,16.3,0.496033341,-0.04117769,0.0858906806
,710008040,-22.911591236149288,-43.15610112918317,169.6,16.3,0.496033341,-0.04117769,0.0858906806
,710008040,-22.911591236149288,-43.15610112918317,169.6,16.3,0.496033341,-0.04117769,0.0858906806
,710008040,-22.91166552599077,-43.156085369428716,169.6,16.3,0.496033341,-0.04117769,0.0858906806
,710008040,-22.91166552599077,-43.156085369428716,169.6,16.3,0.496033341,-0.04117769,0.0858906806
,710008040,-22.91166552599077,-43.156085369428716,169.6,16.3,0.496033341,-0.04117769,0.0858906806
,710008040,-22.91166552599077,-43.156085369428716,169.6,16.3,0.496033341,-0.04117769,0.0858906806
,710008040,-22.91166552599077,-43.156085369428716,169.6,16.3,0.496033341,-0.04117769,0.0858906806
,710008040,-22.91166552599077,-43.156085369428716,169.6,16.3,0.496033341,-0.04117769,0.0858906806
,710008040,-22.91166552599077,-43.156085369428716,169.6,16.3,0.496033341,-0.04117769,0.0858906806
,710008040,-22.91166552599077,-43.156085369428716,169.6,16.3,0.496033341,-0.04117769,0.0858906806
,710008040,-22.91166552599077,-43.156085369428716,169.6,16.3,0.496033341,-0.04117769,0.0858906806
,710008040,-22.91166552599077,-43.156085369428716,169.6,16.3,0.496033341,-0.04117769,0.0858906806
,710008040,-22.91166552599077,-43.156085369428716,169.6,16.3,0.496033341,-0.04117769,0.0858906806
,710008040,-22.91166552599077,-43.156085369428716,169.6,16.3,0.496033341,-0.04117769,0.0858906806
,710008040,-22.91166552599077,-43.156085369428716,169.6,16.3,0.496033341,-0.04117769,0.0858906806
,710008040,-22.91166552599077,-43.156085369428716,169.6,16.3,0.496033341,-0.04117769,0.0858906806
,710008040,-22.91166552599077,-43.156085369428716,169.6,16.3,0.496033341,-0.04117769,0.0858906806
,710008040,-22.91166552599077,-43.156085369428716,169.6,16.3,0.496033341,-0.04117769,0.0858906806
,710008040,-22.91166552599077,-43.156085369428716,169.6,16.3,0.496033341,-0.04117769,0.0858906806
,710008040,-22.91166552599077,-43.156085369428716,169.6,16.3,0.496033341,-0.04117769,0.0858906806
,710008040,-22.91166552599077,-43.156085369428716,169.6,16.3,0.496033341,-0.04117769,0.0858906806
,710008040,-22.91166552599077,-43.156085369428716,169.6,16.3,0.496033341,-0.04117769,0.0858906806
,710008040,-22.91166552599077,-43.156085369428716,169.6,16.3,0.496033341,-0.04117769,0.0858906806
,710008040,-22.91166552599077,-43.156085369428716,169.6,16.3,0.496033341,-0.04117769,0.0858906806
,710008040,-22.91166552599077,-43.156085369428716,169.6,16.3,0.496033341,-0.04117769,0.0858906806
,710008040,-22.91166552599077,-43.156085369428716,169.6,16.3,0.496033341,-0.04117769,0.0858906806
,710008040,-22.91166552599077,-43.156085369428716,169.6,16.3,0.496033341,-0.04117769,0.0858906806
,710008040,-22.91166552599077,-43.156085369428716,169.6,16.3,0.496033341,-0.04117769,0.0858906806
,710008040,-22.91166552599077,-43.156085369428716,169.6,16.3,0.496033341,-0.04117769,0.0858906806
,710008040,-22.91166552599077,-43.156085369428716,169.6,16.3,0.496033341,-0.04117769,0.0858906806
,710008040,-22.91166552599077,-43.156085369428716,169.6,16.3,0.496033341,-0.04117769,0.0858906806
,710008040,-22.91166552599077,-43.156085369428716,169.6,16.3,0.496033341,-0.04117769,0.0858906806
,710008040,-22.91166552599077,-43.156085369428716,169.6,16.3,0.496033341,-0.04117769,0.0858906806
,710008040,-22.91166552599077,-43.156085369428716,169.6,16.3,0.496033341,-0.04117769,0.0858906806
,710008040,-22.91166552599077,-43.156085369428716,169.6,16.3,0.496033341,-0.04117769,0.0858906806
,710008040,-22.91166552599077,-43.156085369428716,169.6,16.3,0.496033341,-0.04117769,0.0858906806
,710008040,-22.91166552599077,-43.156085369428716,169.6,16.3,0.496033341,-0.04117769,0.0858906806
,710008040,-22.91166552599077,-43.156085369428716,169.6,16.3,0.496033341,-0.04117769,0.0858906806
,710008040,-22.91166552599077,-43.156085369428716,169.6,16.3,0.496033341,-0.04117769,0.0858906806
,710008040,-22.91166552599077,-43.156085369428716,169.6,16.3,0.496033341,-0.04117769,0.0858906806
,710008040,-22.91166552599077,-43.156085369428716,169.6,16.3,0.496033341,-0.04117769,0.0858906806
,710008040,-22.91166552599077,-43.156085369428716,169.6,16.3,0.496033341,-0.04117769,0.0858906806
,710008040,-22.91166552599077,-43.156085369428716,169.6,16.3,0.496033341,-0.04117769,0.0858906806
,710008040,-22.91166552599077,-43.156085369428716,169.6,16.3,0.496033341,-0.04117769,0.0858906806
,710008040,-22.91166552599077,-43.156085369428716,169.6,16.3,0.496033341,-0.04117769,0.0858906806
,710008040,-22.91166552599077,-43.156085369428716,169.6,16.3,0.496033341,-0.04117769,0.0858906806
,710008040,-22.91166552599077,-43.156085369428716,169.6,16.3,0.496033341,-0.04117769,0.0858906806
,710008040,-22.911739815828902,-43.15606960965412,169.6,16.3,0.496033341,-0.04117769,0.0858906806
,710008040,-22.911739815828902,-43.15606960965412,169.6,16.3,0.496033341,-0.04117769,0.0858906806
,710008040,-22.911739815828902,-43.15606960965412,169.6,16.3,0.496033341,-0.04117769,0.0858906806
,710008040,-22.911739815828902,-43.15606960965412,169.6,16.3,0.496033341,-0.04117769,0.0858906806
,710008040,-22.911739815828902,-43.15606960965412,169.6,16.3,0.496033341,-0.04117769,0.0858906806
,710008040,-22.911739815828902,-43.15606960965412,169.6,16.3,0.496033341,-0.04117769,0.0858906806
,710008040,-22.911739815828902,-43.15606960965412,169.6,16.3,0.496033341,-0.04117769,0.0858906806
,710008040,-22.911739815828902,-43.15606960965412,169.6,16.3,0.496033341,-0.04117769,0.0858906806
,710008040,-22.911739815828902,-43.15606960965412,169.6,16.3,0.496033341,-0.04117769,0.0858906806
,710008040,-22.911739815828902,-43.15606960965412,169.6,16.3,0.496033341,-0.04117769,0.0858906806
,710008040,-22.911739815828902,-43.15606960965412,169.6,16.3,0.496033341,-0.04117769,0.0858906806
,710008040,-22.911739815828902,-43.15606960965412,169.6,16.3,0.496033341,-0.04117769,0.0858906806
,710008040,-22.91198705581022,-43.156696646826376,187.2,16.3,0.496033341,-0.04117769,0.0858906806
,710008040,-22.91198705581022,-43.156696646826376,187.2,16.3,0.496033341,-0.04117769,0.0858906806
,710008040,-22.91198705581022,-43.156696646826376,187.2,16.3,0.496033341,-0.04117769,0.0858906806
,710008040,-22.91198705581022,-43.156696646826376,187.2,16.3,0.496033341,-0.04117769,0.0858906806
,710008040,-22.91198705581022,-43.156696646826376,187.2,16.3,0.496033341,-0.04117769,0.0858906806
,710008040,-22.91198705581022,-43.156696646826376,187.2,16.3,0.496033341,-0.04117769,0.0858906806
,710008040,-22.91198705581022,-43.156696646826376,187.2,16.3,0.496033341,-0.04117769,0.0858906806
,710008040,-22.91198705581022,-43.156696646826376,187.2,16.3,0.496033341,-0.04117769,0.0858906806
,710008040,-22.91198705581022,-43.156696646826376,187.2,16.3,0.496033341,-0.04117769,0.0858906806
,710008040,-22.91198705581022,-43.156696646826376,187.2,16.3,0.496033341,-0.04117769,0.0858906806
,710008040,-22.91198705581022,-43.156696646826376,187.2,16.3,0.496033341,-0.04117769,0.0858906806
,710008040,-22.91198705581022,-43.156696646826376,187.2,16.3,0.496033341,-0.04117769,0.0858906806
,710008040,-22.91198705581022,-43.156696646826376,187.2,16.3,0.496033341,-0.04117769,0.0858906806
,710008040,-22.91198705581022,-43.156696646826376,187.2,16.3,0.496033341,-0.04117769,0.0858906806
,710008040,-22.91198705581022,-43.156696646826376,187.2,16.3,0.496033341,-0.04117769,0.0858906806
,710008040,-22.91198705581022,-43.156696646826376,187.2,16.3,0.496033341,-0.04117769,0.0858906806
,710008040,-22.91198705581022,-43.156696646826376,187.2,16.3,0.496033341,-0.04117769,0.0858906806
,710008040,-22.91198705581022,-43.156696646826376,187.2,16.3,0.496033341,-0.04117769,0.0858906806
,710008040,-22.91198705581022,-43.156696646826376,187.2,16.3,0.496033341,-0.04117769,0.0858906806
,710008040,-22.91198705581022,-43.156696646826376,187.2,16.3,0.496033341,-0.04117769,0.0858906806
,710008040,-22.91198705581022,-43.156696646826376,187.2,16.3,0.496033341,-0.04117769,0.0858906806
,710008040,-22.91198705581022,-43.156696646826376,187.2,16.3,0.496033341,-0.04117769,0.0858906806
,710008040,-22.91198705581022,-43.156696646826376,187.2,16.3,0.496033341,-0.04117769,0.0858906806
,710008040,-22.91198705581022,-43.156696646826376,187.2,16.3,0.496033341,-0.04117769,0.0858906806
,710008040,-22.91198705581022,-43.156696646826376,187.2,16.3,0.496033341,-0.04117769,0.0858906806
,710008040,-22.91198705581022,-43.156696646826376,187.2,16.3,0.496033341,-0.04117769,0.0858906806
,710008040,-22.91198705581022,-43.156696646826376,187.2,16.3,0.496033341,-0.04117769,0.0858906806
,710008040,-22.91198705581022,-43.156696646826376,187.2,16.3,0.528233349,-0.042388916,0.0840084329
,710008040,-22.91198705581022,-43.156696646826376,187.2,16.3,0.528233349,-0.042388916,0.0840084329
,710008040,-22.91198705581022,-43.156696646826376,187.2,16.3,0.528233349,-0.042388916,0.0840084329
,710008040,-22.91198705581022,-43.156696646826376,187.2,16.3,0.528233349,-0.042388916,0.0840084329
,710008040,-22.91198705581022,-43.156696646826376,187.2,16.3,0.528233349,-0.042388916,0.0840084329
,710008040,-22.91198705581022,-43.156696646826376,187.2,16.3,0.528233349,-0.042388916,0.0840084329
,710008040,-22.912062282602506,-43.15670587345951,187.2,16.3,0.528233349,-0.042388916,0.0840084329
,710008040,-22.912062282602506,-43.15670587345951,187.2,16.3,0.528233349,-0.042388916,0.0840084329
,710008040,-22.912062282602506,-43.15670587345951,187.2,16.3,0.528233349,-0.042388916,0.0840084329
,710008040,-22.912062282602506,-43.15670587345951,187.2,16.3,0.528233349,-0.042388916,0.0840084329
,710008040,-22.912062282602506,-43.15670587345951,187.2,16.3,0.528233349,-0.042388916,0.0840084329
,710008040,-22.912062282602506,-43.15670587345951,187.2,16.3,0.528233349,-0.042388916,0.0840084329
,710008040,-22.912062282602506,-43.15670587345951,187.2,16.3,0.528233349,-0.042388916,0.0840084329
,710008040,-22.912062282602506,-43.15670587345951,187.2,16.3,0.528233349,-0.042388916,0.0840084329
,710008040,-22.912062282602506,-43.15670587345951,187.2,16.3,0.528233349,-0.042388916,0.0840084329
,710008040,-22.912062282602506,-43.15670587345951,187.2,16.3,0.528233349,-0.042388916,0.0840084329
,710008040,-22.912062282602506,-43.15670587345951,187.2,16.3,0.528233349,-0.042388916,0.0840084329
,710008040,-22.912062282602506,-43.15670587345951,187.2,16.3,0.528233349,-0.042388916,0.0840084329
,710008040,-22.912062282602506,-43.15670587345951,187.2,16.3,0.528233349,-0.042388916,0.0840084329
,710008040,-22.912062282602506,-43.15670587345951,187.2,16.3,0.528233349,-0.042388916,0.0840084329
,710008040,-22.912062282602506,-43.15670587345951,187.2,16.3,0.528233349,-0.042388916,0.0840084329
,710008040,-22.912062282602506,-43.15670587345951,187.2,16.3,0.528233349,-0.042388916,0.0840084329
,710008040,-22.912062282602506,-43.15670587345951,187.2,16.3,0.528233349,-0.042388916,0.0840084329
,710008040,-22.912062282602506,-43.15670587345951,187.2,16.3,0.528233349,-0.042388916,0.0840084329
,710008040,-22.912062282602506,-43.15670587345951,187.2,16.3,0.528233349,-0.042388916,0.0840084329
,710008040,-22.912062282602506,-43.15670587345951,187.2,16.3,0.528233349,-0.042388916,0.0840084329
,710008040,-22.912062282602506,-43.15670587345951,187.2,16.3,0.528233349,-0.042388916,0.0840084329
,710008040,-22.912062282602506,-43.15670587345951,187.2,16.3,0.528233349,-0.042388916,0.0840084329
,710008040,-22.912062282602506,-43.15670587345951,187.2,16.3,0.528233349,-0.042388916,0.0840084329
,710008040,-22.912062282602506,-43.15670587345951,187.2,16.3,0.528233349,-0.042388916,0.0840084329
,710008040,-22.912062282602506,-43.15670587345951,187.2,16.3,0.528233349,-0.042388916,0.0840084329
,710008040,-22.912062282602506,-43.15670587345951,187.2,16.3,0.528233349,-0.042388916,0.0840084329
,710008040,-22.912062282602506,-43.15670587345951,187.2,16.3,0.528233349,-0.042388916,0.0840084329
,710008040,-22.912062282602506,-43.15670587345951,187.2,16.3,0.528233349,-0.042388916,0.0840084329
,710008040,-22.912062282602506,-43.15670587345951,187.2,16.3,0.528233349,-0.042388916,0.0840084329
,710008040,-22.912062282602506,-43.15670587345951,187.2,16.3,0.528233349,-0.042388916,0.0840084329
,710008040,-22.912062282602506,-43.15670587345951,187.2,16.3,0.528233349,-0.042388916,0.0840084329
,710008040,-22.912062282602506,-43.15670587345951,187.2,16.3,0.528233349,-0.042388916,0.0840084329
,710008040,-22.912062282602506,-43.15670587345951,187.2,16.3,0.528233349,-0.042388916,0.0840084329
,710008040,-22.912062282602506,-43.15670587345951,187.2,16.3,0.528233349,-0.042388916,0.0840084329
,710008040,-22.912062282602506,-43.15670587345951,187.2,16.3,0.528233349,-0.042388916,0.0840084329
,710008040,-22.912062282602506,-43.15670587345951,187.2,16.3,0.528233349,-0.042388916,0.0840084329
,710008040,-22.912062282602506,-43.15670587345951,187.2,16.3,0.528233349,-0.042388916,0.0840084329
,710008040,-22.912062282602506,-43.15670587345951,187.2,16.3,0.528233349,-0.042388916,0.0840084329
,710008040,-22.912062282602506,-43.15670587345951,187.2,16.3,0.528233349,-0.042388916,0.0840084329
,710008040,-22.912062282602506,-43.15670587345951,187.2,16.3,0.528233349,-0.042388916,0.0840084329
,710008040,-22.912062282602506,-43.15670587345951,187.2,16.3,0.528233349,-0.042388916,0.0840084329
,710008040,-22.912062282602506,-43.15670587345951,187.2,16.3,0.528233349,-0.042388916,0.0840084329
,710008040,-22.912062282602506,-43.15670587345951,187.2,16.3,0.528233349,-0.042388916,0.0840084329
,710008040,-22.912062282602506,-43.15670587345951,187.2,16.3,0.528233349,-0.042388916,0.0840084329
,710008040,-22.912137509394253,-43.15671510009972,187.2,16.3,0.528233349,-0.042388916,0.0840084329
,710008040,-22.912137509394253,-43.15671510009972,187.2,16.3,0.528233349,-0.042388916,0.0840084329
,710008040,-22.912137509394253,-43.15671510009972,187.2,16.3,0.528233349,-0.042388916,0.0840084329
,710008040,-22.912137509394253,-43.15671510009972,187.2,16.3,0.528233349,-0.042388916,0.0840084329
,710008040,-22.912137509394253,-43.15671510009972,187.2,16.3,0.528233349,-0.042388916,0.0840084329
,710008040,-22.912137509394253,-43.15671510009972,187.2,16.3,0.528233349,-0.042388916,0.0840084329
,710008040,-22.912137509394253,-43.15671510009972,187.2,16.3,0.528233349,-0.042388916,0.0840084329
,710008040,-22.912137509394253,-43.15671510009972,187.2,16.3,0.528233349,-0.042388916,0.0840084329
,710008040,-22.912137509394253,-43.15671510009972,187.2,16.3,0.528233349,-0.042388916,0.0840084329
,710008040,-22.912137509394253,-43.15671510009972,187.2,16.3,0.528233349,-0.042388916,0.0840084329
,710008040,-22.912137509394253,-43.15671510009972,187.2,16.3,0.528233349,-0.042388916,0.0840084329
,710008040,-22.912137509394253,-43.15671510009972,187.2,16.3,0.528233349,-0.042388916,0.0840084329
,710008040,-22.912137509394253,-43.15671510009972,187.2,16.3,0.528233349,-0.042388916,0.0840084329
,710008040,-22.912137509394253,-43.15671510009972,187.2,16.3,0.528233349,-0.042388916,0.0840084329
,710008040,-22.912137509394253,-43.15671510009972,187.2,16.3,0.528233349,-0.042388916,0.0840084329
,710008040,-22.912137509394253,-43.15671510009972,187.2,16.3,0.528233349,-0.042388916,0.0840084329
,710008040,-22.912137509394253,-43.15671510009972,187.2,16.3,0.528233349,-0.042388916,0.0840084329
,710008040,-22.912137509394253,-43.15671510009972,187.2,16.3,0.528233349,-0.042388916,0.0840084329
,710008040,-22.912137509394253,-43.15671510009972,187.2,16.3,0.528233349,-0.042388916,0.0840084329
,710008040,-22.912137509394253,-43.15671510009972,187.2,16.3,0.528233349,-0.042388916,0.0840084329
,710008040,-22.912137509394253,-43.15671510009972,187.2,16.3,0.528233349,-0.042388916,0.0840084329
,710008040,-22.912137509394253,-43.15671510009972,187.2,16.3,0.528233349,-0.042388916,0.0840084329
,710008040,-22.912137509394253,-43.15671510009972,187.2,16.3,0.528233349,-0.042388916,0.0840084329
,710008040,-22.912137509394253,-43.15671510009972,187.2,16.3,0.528233349,-0.042388916,0.0840084329
,710008040,-22.912137509394253,-43.15671510009972,187.2,16.3,0.528233349,-0.042388916,0.0840084329
,710008040,-22.912137509394253,-43.15671510009972,187.2,16.3,0.528233349,-0.042388916,0.0840084329
,710008040,-22.912137509394253,-43.15671510009972,187.2,16.3,0.528233349,-0.042388916,0.0840084329
,710008040,-22.912137509394253,-43.15671510009972,187.2,16.3,0.528233349,-0.042388916,0.0840084329
,710008040,-22.912137509394253,-43.15671510009972,187.2,16.3,0.528233349,-0.042388916,0.0840084329
,710008040,-22.912137509394253,-43.15671510009972,187.2,16.3,0.528233349,-0.042388916,0.0840084329
,710008040,-22.912137509394253,-43.15671510009972,187.2,16.3,0.528233349,-0.042388916,0.0840084329
,710008040,-22.912137509394253,-43.15671510009972,187.2,16.3,0.528233349,-0.042388916,0.0840084329
,710008040,-22.912137509394253,-43.15671510009972,187.2,16.3,0.528233349,-0.042388916,0.0840084329
,710008040,-22.912137509394253,-43.15671510009972,187.2,16.3,0.528233349,-0.042388916,0.0840084329
,710008040,-22.912137509394253,-43.15671510009972,187.2,16.3,0.528233349,-0.042388916,0.0840084329
,710008040,-22.912137509394253,-43.15671510009972,187.2,16.3,0.528233349,-0.042388916,0.0840084329
,710008040,-22.912137509394253,-43.15671510009972,187.2,16.3,0.528233349,-0.042388916,0.0840084329
,710008040,-22.912137509394253,-43.15671510009972,187.2,16.3,0.528233349,-0.042388916,0.0840084329
,710008040,-22.912137509394253,-43.15671510009972,187.2,16.3,0.528233349,-0.042388916,0.0840084329
,710008040,-22.912137509394253,-43.15671510009972,187.2,16.3,0.528233349,-0.042388916,0.0840084329
,710008040,-22.912137509394253,-43.15671510009972,187.2,16.3,0.528233349,-0.042388916,0.0840084329
,710008040,-22.912137509394253,-43.15671510009972,187.2,16.3,0.528233349,-0.042388916,0.0840084329
,710008040,-22.912137509394253,-43.15671510009972,187.2,16.3,0.528233349,-0.042388916,0.0840084329
,710008040,-22.912137509394253,-43.15671510009972,187.2,16.3,0.528233349,-0.042388916,0.0840084329
,710008040,-22.912137509394253,-43.15671510009972,187.2,16.3,0.528233349,-0.042388916,0.0840084329
,710008040,-22.91221273618545,-43.15672432674699,187.2,16.3,0.528233349,-0.042388916,0.0840084329
,710008040,-22.91221273618545,-43.15672432674699,187.2,16.3,0.528233349,-0.042388916,0.0840084329
,710008040,-22.91221273618545,-43.15672432674699,187.2,16.3,0.528233349,-0.042388916,0.0840084329
,710008040,-22.91221273618545,-43.15672432674699,187.2,16.3,0.528233349,-0.042388916,0.0840084329
,710008040,-22.91221273618545,-43.15672432674699,187.2,16.3,0.528233349,-0.042388916,0.0840084329
,710008040,-22.91221273618545,-43.15672432674699,187.2,16.3,0.528233349,-0.042388916,0.0840084329
,710008040,-22.91221273618545,-43.15672432674699,187.2,16.3,0.528233349,-0.042388916,0.0840084329
,710008040,-22.91221273618545,-43.15672432674699,187.2,16.3,0.528233349,-0.042388916,0.0840084329
,710008040,-22.91221273618545,-43.15672432674699,187.2,16.3,0.528233349,-0.042388916,0.0840084329
,710008040,-22.91221273618545,-43.15672432674699,187.2,16.3,0.528233349,-0.042388916,0.0840084329
,710008040,-22.91221273618545,-43.15672432674699,187.2,16.3,0.528233349,-0.042388916,0.0840084329
,710008040,-22.91221273618545,-43.15672432674699,187.2,16.3,0.528233349,-0.042388916,0.0840084329
,710008040,-22.91221273618545,-43.15672432674699,187.2,16.3,0.528233349,-0.042388916,0.0840084329
,710008040,-22.91221273618545,-43.15672432674699,187.2,16.3,0.528233349,-0.042388916,0.0840084329
,710008040,-22.91221273618545,-43.15672432674699,187.2,16.3,0.528233349,-0.042388916,0.0840084329
,710008040,-22.91221273618545,-43.15672432674699,187.2,16.3,0.528233349,-0.042388916,0.0840084329
,710008040,-22.91221273618545,-43.15672432674699,187.2,16.3,0.528233349,-0.042388916,0.0840084329
,710008040,-22.91221273618545,-43.15672432674699,187.2,16.3,0.528233349,-0.042388916,0.0840084329
,710008040,-22.91221273618545,-43.15672432674699,187.2,16.3,0.528233349,-0.042388916,0.0840084329
,710008040,-22.91221273618545,-43.15672432674699,187.2,16.3,0.528233349,-0.042388916,0.0840084329
,710008040,-22.91221273618545,-43.15672432674699,187.2,16.3,0.528233349,-0.042388916,0.0840084329
,710008040,-22.91221273618545,-43.15672432674699,187.2,16.3,0.528233349,-0.042388916,0.0840084329
,710008040,-22.91221273618545,-43.15672432674699,187.2,16.3,0.528233349,-0.042388916,0.0840084329
,710008040,-22.91221273618545,-43.15672432674699,187.2,16.3,0.528233349,-0.042388916,0.0840084329
,710008040,-22.91221273618545,-43.15672432674699,187.2,16.3,0.528233349,-0.042388916,0.0840084329
,710008040,-22.91221273618545,-43.15672432674699,187.2,16.3,0.528233349,-0.042388916,0.0840084329
,710008040,-22.91221273618545,-43.15672432674699,187.2,16.3,0.528233349,-0.042388916,0.0840084329
,710008040,-22.91221273618545,-43.15672432674699,187.2,16.3,0.528233349,-0.042388916,0.0840084329
,710008040,-22.91221273618545,-43.15672432674699,187.2,16.3,0.528233349,-0.042388916,0.0840084329
,710008040,-22.91221273618545,-43.15672432674699,187.2,16.3,0.528233349,-0.042388916,0.0840084329
,710008040,-22.91221273618545,-43.15672432674699,187.2,16.3,0.528233349,-0.042388916,0.0840084329
,710008040,-22.91221273618545,-43.15672432674699,187.2,16.3,0.528233349,-0.042388916,0.0840084329
,710008040,-22.91221273618545,-43.15672432674699,187.2,16.3,0.528233349,-0.042388916,0.0840084329
,710008040,-22.91221273618545,-43.15672432674699,187.2,16.3,0.528233349,-0.042388916,0.0840084329
,710008040,-22.91221273618545,-43.15672432674699,187.2,16.3,0.528233349,-0.042388916,0.0840084329
,710008040,-22.91221273618545,-43.15672432674699,187.2,16.3,0.528233349,-0.042388916,0.0840084329
,710008040,-22.91221273618545,-43.15672432674699,187.2,16.3,0.528233349,-0.042388916,0.0840084329
,710008040,-22.91221273618545,-43.15672432674699,187.2,16.3,0.528233349,-0.042388916,0.0840084329
,710008040,-22.91221273618545,-43.15672432674699,187.2,16.3,0.528233349,-0.042388916,0.0840084329
,710008040,-22.91221273618545,-43.15672432674699,187.2,16.3,0.528233349,-0.042388916,0.0840084329
,710008040,-22.91221273618545,-43.15672432674699,187.2,16.3,0.528233349,-0.042388916,0.0840084329
,710008040,-22.91221273618545,-43.15672432674699,187.2,16.3,0.528233349,-0.042388916,0.0840084329
,710008040,-22.912287962976105,-43.15673355340134,187.2,16.3,0.528233349,-0.042388916,0.0840084329
,710008040,-22.912287962976105,-43.15673355340134,187.2,16.3,0.528233349,-0.042388916,0.0840084329
,710008040,-22.912287962976105,-43.15673355340134,187.2,16.3,0.528233349,-0.042388916,0.0840084329
,710008040,-22.912287962976105,-43.15673355340134,187.2,16.3,0.567622185,-0.0851555467,0.041319944
,710008040,-22.912287962976105,-43.15673355340134,187.2,16.3,0.567622185,-0.0851555467,0.041319944
,710008040,-22.912287962976105,-43.15673355340134,187.2,16.3,0.567622185,-0.0851555467,0.041319944
,710008040,-22.912287962976105,-43.15673355340134,187.2,16.3,0.567622185,-0.0851555467,0.041319944
,710008040,-22.912287962976105,-43.15673355340134,187.2,16.3,0.567622185,-0.0851555467,0.041319944
,710008040,-22.912287962976105,-43.15673355340134,187.2,16.3,0.567622185,-0.0851555467,0.041319944
,710008040,-22.912287962976105,-43.15673355340134,187.2,16.3,0.567622185,-0.0851555467,0.0411548279
,710008040,-22.912287962976105,-43.15673355340134,187.2,16.3,0.567622185,-0.0851555467,0.0411548279
,710008040,-22.912287962976105,-43.15673355340134,187.2,16.3,0.567622185,-0.0851555467,0.0411548279
,710008040,-22.912287962976105,-43.15673355340134,187.2,16.3,0.567622185,-0.0851555467,0.0411548279
,710008040,-22.912287962976105,-43.15673355340134,187.2,16.3,0.567622185,-0.0851555467,0.0411548279
,710008040,-22.912287962976105,-43.15673355340134,187.2,16.3,0.567622185,-0.0851555467,0.0411548279
,710008040,-22.912287962976105,-43.15673355340134,187.2,16.3,0.567622185,-0.0851555467,0.0411548279
,710008040,-22.912287962976105,-43.15673355340134,187.2,16.3,0.567622185,-0.0851555467,0.0411548279
,710008040,-22.912287962976105,-43.15673355340134,187.2,16.3,0.567622185,-0.0851555467,0.0411548279
,710008040,-22.912287962976105,-43.15673355340134,187.2,16.3,0.567622185,-0.0851555467,0.0411548279
,710008040,-22.912287962976105,-43.15673355340134,187.2,16.3,0.567622185,-0.0851555467,0.0411548279
,710008040,-22.912287962976105,-43.15673355340134,187.2,16.3,0.567622185,-0.0851555467,0.0411548279
,710008040,-22.912287962976105,-43.15673355340134,187.2,16.3,0.567622185,-0.0851555467,0.0411548279
,710008040,-22.912287962976105,-43.15673355340134,187.2,16.3,0.567622185,-0.0851555467,0.0411548279
,710008040,-22.912287962976105,-43.15673355340134,187.2,16.3,0.567622185,-0.0851555467,0.0411548279
,710008040,-22.912287962976105,-43.15673355340134,187.2,16.3,0.567622185,-0.0851555467,0.0411548279
,710008040,-22.912287962976105,-43.15673355340134,187.2,16.3,0.567622185,-0.0851555467,0.0411548279
,710008040,-22.912287962976105,-43.15673355340134,187.2,16.3,0.567622185,-0.0851555467,0.0411548279
,710008040,-22.912287962976105,-43.15673355340134,187.2,16.3,0.567622185,-0.0851555467,0.0411548279
,710008040,-22.912287962976105,-43.15673355340134,187.2,16.3,0.567622185,-0.0851555467,0.0411548279
,710008040,-22.912287962976105,-43.15673355340134,187.2,16.3,0.567622185,-0.0851555467,0.0411548279
,710008040,-22.912287962976105,-43.15673355340134,187.2,16.3,0.567622185,-0.0851555467,0.0411548279
,710008040,-22.912287962976105,-43.15673355340134,187.2,16.3,0.567622185,-0.0851555467,0.0411548279
,710008040,-22.912287962976105,-43.15673355340134,187.2,16.3,0.567622185,-0.0851555467,0.0411548279
,710008040,-22.912287962976105,-43.15673355340134,187.2,16.3,0.567622185,-0.0851555467,0.0411548279
,710008040,-22.912363189766207,-43.15674278006276,187.2,16.3,0.567622185,-0.0851555467,0.0411548279
,710008040,-22.912363189766207,-43.15674278006276,187.2,16.3,0.567622185,-0.0851555467,0.0411548279
,710008040,-22.912363189766207,-43.15674278006276,187.2,16.3,0.567622185,-0.0851555467,0.0411548279
,710008040,-22.912363189766207,-43.15674278006276,187.2,16.3,0.567622185,-0.0851555467,0.0411548279
,710008040,-22.912363189766207,-43.15674278006276,187.2,16.3,0.567622185,-0.0851555467,0.0411548279
,710008040,-22.912363189766207,-43.15674278006276,187.2,16.3,0.567622185,-0.0851555467,0.0411548279
,710008040,-22.912363189766207,-43.15674278006276,187.2,16.3,0.567622185,-0.0851555467,0.0411548279
,710008040,-22.912363189766207,-43.15674278006276,187.2,16.3,0.567622185,-0.0851555467,0.0411548279
,710008040,-22.912363189766207,-43.15674278006276,187.2,16.3,0.567622185,-0.0851555467,0.0411548279
,710008040,-22.912363189766207,-43.15674278006276,187.2,16.3,0.567622185,-0.0851555467,0.0411548279
,710008040,-22.912363189766207,-43.15674278006276,187.2,16.3,0.567622185,-0.0851555467,0.0411548279
,710008040,-22.912363189766207,-43.15674278006276,187.2,16.3,0.567622185,-0.0851555467,0.0411548279
,710008040,-22.912363189766207,-43.15674278006276,187.2,16.3,0.567622185,-0.0851555467,0.0411548279
,710008040,-22.912363189766207,-43.15674278006276,187.2,16.3,0.567622185,-0.0851555467,0.0411548279
,710008040,-22.912363189766207,-43.15674278006276,187.2,16.3,0.567622185,-0.0851555467,0.0411548279
,710008040,-22.912363189766207,-43.15674278006276,187.2,16.3,0.567622185,-0.0851555467,0.0411548279
,710008040,-22.912363189766207,-43.15674278006276,187.2,16.3,0.567622185,-0.0851555467,0.0411548279
,710008040,-22.912363189766207,-43.15674278006276,187.2,16.3,0.567622185,-0.0851555467,0.0411548279
,710008040,-22.912363189766207,-43.15674278006276,187.2,16.3,0.567622185,-0.0851555467,0.0411548279
,710008040,-22.912363189766207,-43.15674278006276,187.2,16.3,0.567622185,-0.0851555467,0.0411548279
,710008040,-22.912363189766207,-43.15674278006276,187.2,16.3,0.567622185,-0.0851555467,0.0411548279
,710008040,-22.912363189766207,-43.15674278006276,187.2,16.3,0.567622185,-0.0851555467,0.0411548279
,710008040,-22.912363189766207,-43.15674278006276,187.2,16.3,0.567622185,-0.0851555467,0.0411548279
,710008040,-22.912363189766207,-43.15674278006276,187.2,16.3,0.567622185,-0.0851555467,0.0411548279
,710008040,-22.912438416555766,-43.156752006731246,187.2,16.3,0.567622185,-0.0851555467,0.0411548279
,710008040,-22.912438416555766,-43.156752006731246,187.2,16.3,0.567622185,-0.0851555467,0.0411548279
,710008040,-22.912438416555766,-43.156752006731246,187.2,16.3,0.567622185,-0.0851555467,0.0411548279
,710008040,-22.912438416555766,-43.156752006731246,187.2,16.3,0.567622185,-0.0851555467,0.0411548279
,710008040,-22.912438416555766,-43.156752006731246,187.2,16.3,0.567622185,-0.0851555467,0.0411548279
,710008040,-22.912438416555766,-43.156752006731246,187.2,16.3,0.567622185,-0.0851555467,0.0411548279
,710008040,-22.91251364334478,-43.15676123340681,187.2,16.3,0.567622185,-0.0851555467,0.0411548279
,710008040,-22.91251364334478,-43.15676123340681,187.2,16.3,0.567622185,-0.0851555467,0.0411548279
,710008040,-22.91251364334478,-43.15676123340681,187.2,16.3,0.567622185,-0.0851555467,0.0411548279
,710008040,-22.91251364334478,-43.15676123340681,187.2,16.3,0.567622185,-0.0851555467,0.0411548279
,710008040,-22.91251364334478,-43.15676123340681,187.2,16.3,0.567622185,-0.0851555467,0.0411548279
,710008040,-22.91251364334478,-43.15676123340681,187.2,16.3,0.567622185,-0.0851555467,0.0411548279
,710008040,-22.91251364334478,-43.15676123340681,187.2,16.3,0.567622185,-0.0851555467,0.0411548279
,710008040,-22.91251364334478,-43.15676123340681,187.2,16.3,0.567622185,-0.0851555467,0.0411548279
,710008040,-22.91251364334478,-43.15676123340681,187.2,16.3,0.567622185,-0.0851555467,0.0411548279
,710008040,-22.91251364334478,-43.15676123340681,187.2,16.3,0.567622185,-0.0851555467,0.0411548279
,710008040,-22.91251364334478,-43.15676123340681,187.2,16.3,0.567622185,-0.0851555467,0.0411548279
,710008040,-22.91251364334478,-43.15676123340681,187.2,16.3,0.567622185,-0.0851555467,0.0411548279
,710008040,-22.91251364334478,-43.15676123340681,187.2,16.3,0.567622185,-0.0851555467,0.0411548279
,710008040,-22.91251364334478,-43.15676123340681,187.2,16.3,0.567622185,-0.0851555467,0.0411548279
,710008040,-22.91251364334478,-43.15676123340681,187.2,16.3,0.567622185,-0.0851555467,0.0411548279
,710008040,-22.91251364334478,-43.15676123340681,187.2,16.3,0.567622185,-0.0851555467,0.0411548279
,710008040,-22.91251364334478,-43.15676123340681,187.2,16.3,0.567622185,-0.0851555467,0.0411548279
,710008040,-22.91251364334478,-43.15676123340681,187.2,16.3,0.567622185,-0.0851555467,0.0411548279
,710008040,-22.91251364334478,-43.15676123340681,187.2,16.3,0.567622185,-0.0851555467,0.0411548279
,710008040,-22.91251364334478,-43.15676123340681,187.2,16.3,0.567622185,-0.0851555467,0.0411548279
,710008040,-22.91251364334478,-43.15676123340681,187.2,16.3,0.567622185,-0.0851555467,0.0411548279
,710008040,-22.91251364334478,-43.15676123340681,187.2,16.3,0.567622185,-0.0851555467,0.0411548279
,710008040,-22.91251364334478,-43.15676123340681,187.2,16.3,0.567622185,-0.0851555467,0.0411548279
,710008040,-22.91251364334478,-43.15676123340681,187.2,16.3,0.567622185,-0.0851555467,0.0411548279
,710008040,-22.91251364334478,-43.15676123340681,187.2,16.3,0.567622185,-0.0851555467,0.0411548279
,710008040,-22.91251364334478,-43.15676123340681,187.2,16.3,0.567622185,-0.0851555467,0.0411548279
,710008040,-22.91251364334478,-43.15676123340681,187.2,16.3,0.567622185,-0.0851555467,0.0411548279
,710008040,-22.91251364334478,-43.15676123340681,187.2,16.3,0.567622185,-0.0851555467,0.0411548279
,710008040,-22.91251364334478,-43.15676123340681,187.2,16.3,0.567622185,-0.0851555467,0.0411548279
,710008040,-22.91251364334478,-43.15676123340681,187.2,16.3,0.567622185,-0.0851555467,0.0411548279
,710008040,-22.91251364334478,-43.15676123340681,187.2,16.3,0.567622185,-0.0851555467,0.0411548279
,710008040,-22.91251364334478,-43.15676123340681,187.2,16.3,0.567622185,-0.0851555467,0.0411548279
,710008040,-22.91251364334478,-43.15676123340681,187.2,16.3,0.567622185,-0.0851555467,0.0411548279
,710008040,-22.91251364334478,-43.15676123340681,187.2,16.3,0.567622185,-0.0851555467,0.0411548279
,710008040,-22.91251364334478,-43.15676123340681,187.2,16.3,0.567622185,-0.0851555467,0.0411548279
,710008040,-22.91251364334478,-43.15676123340681,187.2,16.3,0.567622185,-0.0851555467,0.0411548279
,710008040,-22.91251364334478,-43.15676123340681,187.2,16.3,0.567622185,-0.0851555467,0.0411548279
,710008040,-22.91251364334478,-43.15676123340681,187.2,16.3,0.567622185,-0.0851555467,0.0411548279
,710008040,-22.91251364334478,-43.15676123340681,187.2,16.3,0.567622185,-0.0851555467,0.0411548279
,710008040,-22.91251364334478,-43.15676123340681,187.2,16.3,0.567622185,-0.0851555467,0.0411548279
,710008040,-22.91251364334478,-43.15676123340681,187.2,16.3,0.567622185,-0.0851555467,0.0411548279
,710008040,-22.91251364334478,-43.15676123340681,187.2,16.3,0.567622185,-0.0851555467,0.0411548279
,710008040,-22.91251364334478,-43.15676123340681,187.2,16.3,0.654044449,-0.0902001262,0.0381984301
,710008040,-22.91251364334478,-43.15676123340681,187.2,16.3,0.654044449,-0.0902001262,0.0381984301
,710008040,-22.91251364334478,-43.15676123340681,187.2,16.3,0.654044449,-0.0902001262,0.0381984301
,710008040,-22.912588870133256,-43.15677046008945,187.2,16.3,0.654044449,-0.0902001262,0.0381884724
,710008040,-22.912588870133256,-43.15677046008945,187.2,16.3,0.654044449,-0.0902001262,0.0381884724
,710008040,-22.912588870133256,-43.15677046008945,187.2,16.3,0.654044449,-0.0902001262,0.0381884724
,710008040,-22.912588870133256,-43.15677046008945,187.2,16.3,0.654044449,-0.0902001262,0.0381884724
,710008040,-22.912588870133256,-43.15677046008945,187.2,16.3,0.654044449,-0.0902001262,0.0381884724
,710008040,-22.912588870133256,-43.15677046008945,187.2,16.3,0.654044449,-0.0902001262,0.0381884724
,710008040,-22.912588870133256,-43.15677046008945,187.2,16.3,0.654044449,-0.0902001262,0.0381884724
,710008040,-22.912588870133256,-43.15677046008945,187.2,16.3,0.654044449,-0.0902001262,0.0381884724
,710008040,-22.912588870133256,-43.15677046008945,187.2,16.3,0.654044449,-0.0902001262,0.0381884724
,710008040,-22.912588870133256,-43.15677046008945,187.2,16.3,0.654044449,-0.0902001262,0.0381884724
,710008040,-22.912588870133256,-43.15677046008945,187.2,16.3,0.654044449,-0.0902001262,0.0381884724
,710008040,-22.912588870133256,-43.15677046008945,187.2,16.3,0.654044449,-0.0902001262,0.0381884724
,710008040,-22.912588870133256,-43.15677046008945,187.2,16.3,0.654044449,-0.0902001262,0.0381884724
,710008040,-22.912588870133256,-43.15677046008945,187.2,16.3,0.654044449,-0.0902001262,0.0381884724
,710008040,-22.912588870133256,-43.15677046008945,187.2,16.3,0.654044449,-0.0902001262,0.0381884724
,710008040,-22.912588870133256,-43.15677046008945,187.2,16.3,0.654044449,-0.0902001262,0.0381884724
,710008040,-22.912588870133256,-43.15677046008945,187.2,16.3,0.654044449,-0.0902001262,0.0381884724
,710008040,-22.912588870133256,-43.15677046008945,187.2,16.3,0.654044449,-0.0902001262,0.0381884724
,710008040,-22.912588870133256,-43.15677046008945,187.2,16.3,0.654044449,-0.0902001262,0.0381884724
,710008040,-22.912588870133256,-43.15677046008945,187.2,16.3,0.654044449,-0.0902001262,0.0381884724
,710008040,-22.912588870133256,-43.15677046008945,187.2,16.3,0.654044449,-0.0902001262,0.0381884724
,710008040,-22.912588870133256,-43.15677046008945,187.2,16.3,0.654044449,-0.0902001262,0.0381884724
,710008040,-22.912588870133256,-43.15677046008945,187.2,16.3,0.654044449,-0.0902001262,0.0381884724
,710008040,-22.912588870133256,-43.15677046008945,187.2,16.3,0.654044449,-0.0902001262,0.0381884724
,710008040,-22.912588870133256,-43.15677046008945,187.2,16.3,0.654044449,-0.0902001262,0.0381884724
,710008040,-22.912588870133256,-43.15677046008945,187.2,16.3,0.654044449,-0.0902001262,0.0381884724
,710008040,-22.912588870133256,-43.15677046008945,187.2,16.3,0.654044449,-0.0902001262,0.0381884724
,710008040,-22.912588870133256,-43.15677046008945,187.2,16.3,0.654044449,-0.0902001262,0.0381884724
,710008040,-22.912588870133256,-43.15677046008945,187.2,16.3,0.654044449,-0.0902001262,0.0381884724
,710008040,-22.912588870133256,-43.15677046008945,187.2,16.3,0.654044449,-0.0902001262,0.0381884724
,710008040,-22.912588870133256,-43.15677046008945,187.2,16.3,0.654044449,-0.0902001262,0.0381884724
,710008040,-22.912588870133256,-43.15677046008945,187.2,16.3,0.654044449,-0.0902001262,0.0381884724
,710008040,-22.912588870133256,-43.15677046008945,187.2,16.3,0.654044449,-0.0902001262,0.0381884724
,710008040,-22.912588870133256,-43.15677046008945,187.2,16.3,0.654044449,-0.0902001262,0.0381884724
,710008040,-22.912588870133256,-43.15677046008945,187.2,16.3,0.654044449,-0.0902001262,0.0381884724
,710008040,-22.912588870133256,-43.15677046008945,187.2,16.3,0.654044449,-0.0902001262,0.0381884724
,710008040,-22.912664096921176,-43.15677968677915,187.2,16.3,0.654044449,-0.0902001262,0.0381884724
,710008040,-22.912664096921176,-43.15677968677915,187.2,16.3,0.654044449,-0.0902001262,0.0381884724
,710008040,-22.912664096921176,-43.15677968677915,187.2,16.3,0.654044449,-0.0902001262,0.0381884724
,710008040,-22.91267936819006,-43.15679105820361,187.2,16.3,0.654044449,-0.0902001262,0.0381884724
,710008040,-22.91267936819006,-43.15679105820361,187.2,16.3,0.654044449,-0.0902001262,0.0381884724
,710008040,-22.91267936819006,-43.15679105820361,187.2,16.3,0.654044449,-0.0902001262,0.0381884724
,710008040,-22.91267936819006,-43.15679105820361,187.2,16.3,0.654044449,-0.0902001262,0.0381884724
,710008040,-22.91267936819006,-43.15679105820361,187.2,16.3,0.654044449,-0.0902001262,0.0381884724
,710008040,-22.91267936819006,-43.15679105820361,187.2,16.3,0.654044449,-0.0902001262,0.0381884724
,710008040,-22.91267936819006,-43.15679105820361,187.2,16.3,0.654044449,-0.0902001262,0.0381884724
,710008040,-22.91267936819006,-43.15679105820361,187.2,16.3,0.654044449,-0.0902001262,0.0381884724
,710008040,-22.91267936819006,-43.15679105820361,187.2,16.3,0.654044449,-0.0902001262,0.0381884724
,710008040,-22.91267936819006,-43.15679105820361,187.2,16.3,0.654044449,-0.0902001262,0.0381884724
,710008040,-22.91267936819006,-43.15679105820361,187.2,16.3,0.654044449,-0.0902001262,0.0381884724
,710008040,-22.91267936819006,-43.15679105820361,187.2,16.3,0.654044449,-0.0902001262,0.0381884724
,710008040,-22.91267936819006,-43.15679105820361,187.2,16.3,0.654044449,-0.0902001262,0.0381884724
,710008040,-22.91267936819006,-43.15679105820361,187.2,16.3,0.654044449,-0.0902001262,0.0381884724
,710008040,-22.91267936819006,-43.15679105820361,187.2,16.3,0.654044449,-0.0902001262,0.0381884724
,710008040,-22.91267936819006,-43.15679105820361,187.2,16.3,0.654044449,-0.0902001262,0.0381884724
,710008040,-22.91267936819006,-43.15679105820361,187.2,16.3,0.654044449,-0.0902001262,0.0381884724
,710008040,-22.91267936819006,-43.15679105820361,187.2,16.3,0.654044449,-0.0902001262,0.0381884724
,710008040,-22.91267936819006,-43.15679105820361,187.2,16.3,0.654044449,-0.0902001262,0.0381884724
,710008040,-22.91267936819006,-43.15679105820361,187.2,16.3,0.654044449,-0.0902001262,0.0381884724
,710008040,-22.91267936819006,-43.15679105820361,187.2,16.3,0.654044449,-0.0902001262,0.0381884724
,710008040,-22.91267936819006,-43.15679105820361,187.2,16.3,0.654044449,-0.0902001262,0.0381884724
,710008040,-22.91267936819006,-43.15679105820361,187.2,16.3,0.654044449,-0.0902001262,0.0381884724
,710008040,-22.91267936819006,-43.15679105820361,187.2,16.3,0.654044449,-0.0902001262,0.0381884724
,710008040,-22.91267936819006,-43.15679105820361,187.2,16.3,0.654044449,-0.0902001262,0.0381884724
,710008040,-22.91267936819006,-43.15679105820361,187.2,16.3,0.654044449,-0.0902001262,0.0381884724
,710008040,-22.91267936819006,-43.15679105820361,187.2,16.3,0.654044449,-0.0902001262,0.0381884724
,710008040,-22.91267936819006,-43.15679105820361,187.2,16.3,0.654044449,-0.0902001262,0.0381884724
,710008040,-22.91267936819006,-43.15679105820361,187.2,16.3,0.654044449,-0.0902001262,0.0381884724
,710008040,-22.91267936819006,-43.15679105820361,187.2,16.3,0.654044449,-0.0902001262,0.0381884724
,710008040,-22.91267936819006,-43.15679105820361,187.2,16.3,0.654044449,-0.0902001262,0.0381884724
,710008040,-22.91267936819006,-43.15679105820361,187.2,16.3,0.654044449,-0.0902001262,0.0381884724
,710008040,-22.91267936819006,-43.15679105820361,187.2,16.3,0.654044449,-0.0902001262,0.0381884724
,710008040,-22.91267936819006,-43.15679105820361,187.2,16.3,0.654044449,-0.0902001262,0.0381884724
,710008040,-22.912754594977116,-43.15680028490711,187.2,16.3,0.671844423,-0.0901333094,0.0382431448
,710008040,-22.912754594977116,-43.15680028490711,187.2,16.3,0.671844423,-0.0901333094,0.0382431448
,710008040,-22.912754594977116,-43.15680028490711,187.2,16.3,0.671844423,-0.0901333094,0.0382431448
,710008040,-22.912754594977116,-43.15680028490711,187.2,16.3,0.671844423,-0.0901333094,0.0382431448
,710008040,-22.912754594977116,-43.15680028490711,187.2,16.3,0.671844423,-0.0901333094,0.0382431448
,710008040,-22.912754594977116,-43.15680028490711,187.2,16.3,0.671844423,-0.0901333094,0.0382431448
,710008040,-22.912754594977116,-43.15680028490711,187.2,16.3,0.671844423,-0.0901333094,0.0382431448
,710008040,-22.912754594977116,-43.15680028490711,187.2,16.3,0.671844423,-0.0901333094,0.0382431448
,710008040,-22.912754594977116,-43.15680028490711,187.2,16.3,0.671844423,-0.0901333094,0.0382431448
,710008040,-22.912754594977116,-43.15680028490711,187.2,16.3,0.671844423,-0.0901333094,0.0382431448
,710008040,-22.912754594977116,-43.15680028490711,187.2,16.3,0.671844423,-0.0901333094,0.0382431448
,710008040,-22.912754594977116,-43.15680028490711,187.2,16.3,0.671844423,-0.0901333094,0.0382431448
,710008040,-22.912754594977116,-43.15680028490711,187.2,16.3,0.671844423,-0.0901333094,0.0382431448
,710008040,-22.912754594977116,-43.15680028490711,187.2,16.3,0.671844423,-0.0901333094,0.0382431448
,710008040,-22.912754594977116,-43.15680028490711,187.2,16.3,0.671844423,-0.0901333094,0.0382431448
,710008040,-22.912754594977116,-43.15680028490711,187.2,16.3,0.671844423,-0.0901333094,0.0382431448
,710008040,-22.912754594977116,-43.15680028490711,187.2,16.3,0.671844423,-0.0901333094,0.0381884724
,710008040,-22.912754594977116,-43.15680028490711,187.2,16.3,0.671844423,-0.0901333094,0.0381884724
,710008040,-22.912754594977116,-43.15680028490711,187.2,16.3,0.671844423,-0.0901333094,0.0381884724
,710008040,-22.912754594977116,-43.15680028490711,187.2,16.3,0.671844423,-0.0901333094,0.0381884724
,710008040,-22.912754594977116,-43.15680028490711,187.2,16.3,0.671844423,-0.0901333094,0.0381884724
,710008040,-22.912754594977116,-43.15680028490711,187.2,16.3,0.671844423,-0.0901333094,0.0381884724
,710008040,-22.912754594977116,-43.15680028490711,187.2,16.3,0.671844423,-0.0901333094,0.0381884724
,710008040,-22.912754594977116,-43.15680028490711,187.2,16.3,0.671844423,-0.0901333094,0.0381884724
,710008040,-22.912754594977116,-43.15680028490711,187.2,16.3,0.671844423,-0.0901333094,0.0381884724
,710008040,-22.912754594977116,-43.15680028490711,187.2,16.3,0.671844423,-0.0901333094,0.0381884724
,710008040,-22.912754594977116,-43.15680028490711,187.2,16.3,0.671844423,-0.0901333094,0.0381884724
,710008040,-22.912754594977116,-43.15680028490711,187.2,16.3,0.671844423,-0.0901333094,0.0381884724
,710008040,-22.912754594977116,-43.15680028490711,187.2,16.3,0.671844423,-0.0901333094,0.0381884724
,710008040,-22.912754594977116,-43.15680028490711,187.2,16.3,0.671844423,-0.0901333094,0.0381884724
,710008040,-22.912754594977116,-43.15680028490711,187.2,16.3,0.671844423,-0.0901333094,0.0381884724
,710008040,-22.912754594977116,-43.15680028490711,187.2,16.3,0.671844423,-0.0901333094,0.0381884724
,710008040,-22.912754594977116,-43.15680028490711,187.2,16.3,0.671844423,-0.0901333094,0.0381884724
,710008040,-22.912754594977116,-43.15680028490711,187.2,16.3,0.671844423,-0.0901333094,0.0381884724
,710008040,-22.912754594977116,-43.15680028490711,187.2,16.3,0.671844423,-0.0901333094,0.0381884724
,710008040,-22.912754594977116,-43.15680028490711,187.2,16.3,0.671844423,-0.0901333094,0.0381884724
,710008040,-22.912754594977116,-43.15680028490711,187.2,16.3,0.671844423,-0.0901333094,0.0381884724
,710008040,-22.912754594977116,-43.15680028490711,187.2,16.3,0.671844423,-0.0901333094,0.0381884724
,710008040,-22.912754594977116,-43.15680028490711,187.2,16.3,0.671844423,-0.0901333094,0.0381884724
,710008040,-22.912754594977116,-43.15680028490711,187.2,16.3,0.671844423,-0.0901333094,0.0381884724
,710008040,-22.912829821763623,-43.156809511617695,187.2,16.3,0.671844423,-0.0901333094,0.0381884724
,710008040,-22.912829821763623,-43.156809511617695,187.2,16.3,0.671844423,-0.0901333094,0.0381884724
,710008040,-22.912829821763623,-43.156809511617695,187.2,16.3,0.671844423,-0.0901333094,0.0381884724
,710008040,-22.912829821763623,-43.156809511617695,187.2,16.3,0.671844423,-0.0901333094,0.0381884724
,710008040,-22.912829821763623,-43.156809511617695,187.2,16.3,0.671844423,-0.0901333094,0.0381884724
,710008040,-22.912829821763623,-43.156809511617695,187.2,16.3,0.671844423,-0.0901333094,0.0381884724
,710008040,-22.912829821763623,-43.156809511617695,187.2,16.3,0.671844423,-0.0901333094,0.0381884724
,710008040,-22.912829821763623,-43.156809511617695,187.2,16.3,0.671844423,-0.0901333094,0.0381884724
,710008040,-22.912829821763623,-43.156809511617695,187.2,16.3,0.671844423,-0.0901333094,0.0381884724
,710008040,-22.912829821763623,-43.156809511617695,187.2,16.3,0.671844423,-0.0901333094,0.0381884724
,710008040,-22.912829821763623,-43.156809511617695,187.2,16.3,0.671844423,-0.0901333094,0.0381884724
,710008040,-22.912829821763623,-43.156809511617695,187.2,16.3,0.671844423,-0.0901333094,0.0381884724
,710008040,-22.912829821763623,-43.156809511617695,187.2,16.3,0.671844423,-0.0901333094,0.0381884724
,710008040,-22.912829821763623,-43.156809511617695,187.2,16.3,0.671844423,-0.0901333094,0.0381884724
,710008040,-22.912829821763623,-43.156809511617695,187.2,16.3,0.671844423,-0.0901333094,0.0381884724
,710008040,-22.912829821763623,-43.156809511617695,187.2,16.3,0.671844423,-0.0901333094,0.0381884724
,710008040,-22.912829821763623,-43.156809511617695,187.2,16.3,0.671844423,-0.0901333094,0.0381884724
,710008040,-22.912829821763623,-43.156809511617695,187.2,16.3,0.671844423,-0.0901333094,0.0381884724
,710008040,-22.912829821763623,-43.156809511617695,187.2,16.3,0.671844423,-0.0901333094,0.0381884724
,710008040,-22.912829821763623,-43.156809511617695,187.2,16.3,0.671844423,-0.0901333094,0.0381884724
,710008040,-22.912829821763623,-43.156809511617695,187.2,16.3,0.671844423,-0.0901333094,0.0381884724
,710008040,-22.912829821763623,-43.156809511617695,187.2,16.3,0.671844423,-0.0901333094,0.0381884724
,710008040,-22.912829821763623,-43.156809511617695,187.2,16.3,0.671844423,-0.0901333094,0.0381884724
,710008040,-22.912829821763623,-43.156809511617695,187.2,16.3,0.671844423,-0.0901333094,0.0381884724
,710008040,-22.912829821763623,-43.156809511617695,187.2,16.3,0.671844423,-0.0901333094,0.0381884724
,710008040,-22.912829821763623,-43.156809511617695,187.2,16.3,0.671844423,-0.0901333094,0.0381884724
,710008040,-22.912829821763623,-43.156809511617695,187.2,16.3,0.671844423,-0.0901333094,0.0381884724
,710008040,-22.912829821763623,-43.156809511617695,187.2,16.3,0.671844423,-0.0901333094,0.0381884724
,710008040,-22.912829821763623,-43.156809511617695,187.2,16.3,0.671844423,-0.0901333094,0.0381884724
,710008040,-22.912829821763623,-43.156809511617695,187.2,16.3,0.671844423,-0.0901333094,0.0381884724
,710008040,-22.912829821763623,-43.156809511617695,187.2,16.3,0.671844423,-0.0901333094,0.0381884724
,710008040,-22.912829821763623,-43.156809511617695,187.2,16.3,0.671844423,-0.0901333094,0.0381884724
,710008040,-22.912829821763623,-43.156809511617695,187.2,16.3,0.671844423,-0.0901333094,0.0381884724
,710008040,-22.912829821763623,-43.156809511617695,187.2,16.3,0.671844423,-0.0901333094,0.0381884724
,710008040,-22.912829821763623,-43.156809511617695,187.2,16.3,0.671844423,-0.0901333094,0.0381884724
,710008040,-22.912829821763623,-43.156809511617695,187.2,16.3,0.671844423,-0.0901333094,0.0381884724
,710008040,-22.912829821763623,-43.156809511617695,187.2,16.3,0.671844423,-0.0901333094,0.0381884724
,710008040,-22.912829821763623,-43.156809511617695,187.2,16.3,0.671844423,-0.0901333094,0.0381884724
,710008040,-22.912829821763623,-43.156809511617695,187.2,16.3,0.671844423,-0.0901333094,0.0381884724
,710008040,-22.912829821763623,-43.156809511617695,187.2,16.3,0.671844423,-0.0901333094,0.0381884724
,710008040,-22.912829821763623,-43.156809511617695,187.2,16.3,0.671844423,-0.0901333094,0.0381884724
,710008040,-22.912829821763623,-43.156809511617695,187.2,16.3,0.671844423,-0.0901333094,0.0381884724
,710008040,-22.912829821763623,-43.156809511617695,187.2,16.3,0.671844423,-0.0901333094,0.0381884724
,710008040,-22.912829821763623,-43.156809511617695,187.2,16.3,0.671844423,-0.0901333094,0.0381884724
,710008040,-22.912829821763623,-43.156809511617695,187.2,16.3,0.671844423,-0.0901333094,0.0381884724
,710008040,-22.912829821763623,-43.156809511617695,187.2,16.3,0.671844423,-0.0901333094,0.0381884724
,710008040,-22.912829821763623,-43.156809511617695,187.2,16.3,0.671844423,-0.0901333094,0.0381884724
,710008040,-22.912829821763623,-43.156809511617695,187.2,16.3,0.671844423,-0.0901333094,0.0381884724
,710008040,-22.912829821763623,-43.156809511617695,187.2,16.3,0.671844423,-0.0901333094,0.0381884724
,710008040,-22.912829821763623,-43.156809511617695,187.2,16.3,0.671844423,-0.0901333094,0.0381884724
,710008040,-22.912829821763623,-43.156809511617695,187.2,16.3,0.671844423,-0.0901333094,0.0381884724
,710008040,-22.912829821763623,-43.156809511617695,187.2,16.3,0.671844423,-0.0901333094,0.0381884724
,710008040,-22.912829821763623,-43.156809511617695,187.2,16.3,0.671844423,-0.0901333094,0.0381884724
,710008040,-22.912829821763623,-43.156809511617695,187.2,16.3,0.671844423,-0.0901333094,0.0381884724
,710008040,-22.912829821763623,-43.156809511617695,187.2,16.3,0.671844423,-0.0901333094,0.0381884724
,710008040,-22.912829821763623,-43.156809511617695,187.2,16.3,0.671844423,-0.0901333094,0.0381884724
,710008040,-22.912905048549586,-43.156818738335346,187.2,16.3,0.671844423,-0.0901333094,0.0381884724
,710008040,-22.912905048549586,-43.156818738335346,187.2,16.3,0.671844423,-0.0901333094,0.0381884724
,710008040,-22.912905048549586,-43.156818738335346,187.2,16.3,0.671844423,-0.0901333094,0.0381884724
,710008040,-22.912905048549586,-43.156818738335346,187.2,16.3,0.671844423,-0.0901333094,0.0381884724
,710008040,-22.912905048549586,-43.156818738335346,187.2,16.3,0.671844423,-0.0901333094,0.0381884724
,710008040,-22.912905048549586,-43.156818738335346,187.2,16.3,0.671844423,-0.0901333094,0.0381884724
,710008040,-22.912905048549586,-43.156818738335346,187.2,16.3,0.671844423,-0.0901333094,0.0381884724
,710008040,-22.912905048549586,-43.156818738335346,187.2,16.3,0.671844423,-0.0901333094,0.0381884724
,710008040,-22.912905048549586,-43.156818738335346,187.2,16.3,0.671844423,-0.0901333094,0.0381884724
,710008040,-22.912905048549586,-43.156818738335346,187.2,16.3,0.671844423,-0.0901333094,0.0381884724
,710008040,-22.912905048549586,-43.156818738335346,187.2,16.3,0.671844423,-0.0901333094,0.0381884724
,710008040,-22.912905048549586,-43.156818738335346,187.2,16.3,0.671844423,-0.0901333094,0.0381884724
,710008040,-22.912905048549586,-43.156818738335346,187.2,16.3,0.671844423,-0.0901333094,0.0381884724
,710008040,-22.912905048549586,-43.156818738335346,187.2,16.3,0.671844423,-0.0901333094,0.0381884724
,710008040,-22.912905048549586,-43.156818738335346,187.2,16.3,0.671844423,-0.0901333094,0.0381884724
,710008040,-22.912905048549586,-43.156818738335346,187.2,16.3,0.671844423,-0.0901333094,0.0381884724
,710008040,-22.912905048549586,-43.156818738335346,187.2,16.3,0.671844423,-0.0901333094,0.0381884724
,710008040,-22.912905048549586,-43.156818738335346,187.2,16.3,0.671844423,-0.0901333094,0.0381884724
,710008040,-22.912905048549586,-43.156818738335346,187.2,16.3,0.671844423,-0.0901333094,0.0381884724
,710008040,-22.912905048549586,-43.156818738335346,187.2,16.3,0.671844423,-0.0901333094,0.0381884724
,710008040,-22.912905048549586,-43.156818738335346,187.2,16.3,0.671844423,-0.0901333094,0.0381884724
,710008040,-22.912905048549586,-43.156818738335346,187.2,16.3,0.671844423,-0.0901333094,0.0381884724
,710008040,-22.912905048549586,-43.156818738335346,187.2,16.3,0.671844423,-0.0901333094,0.0381884724
,710008040,-22.912905048549586,-43.156818738335346,187.2,16.3,0.671844423,-0.0901333094,0.0381884724
,710008040,-22.912905048549586,-43.156818738335346,187.2,16.3,0.671844423,-0.0901333094,0.0381884724
,710008040,-22.912905048549586,-43.156818738335346,187.2,16.3,0.671844423,-0.0901333094,0.0381884724
,710008040,-22.912905048549586,-43.156818738335346,187.2,16.3,0.671844423,-0.0901333094,0.0381884724
,710008040,-22.912905048549586,-43.156818738335346,187.2,16.3,0.671844423,-0.0901333094,0.0381884724
,710008040,-22.912905048549586,-43.156818738335346,187.2,16.3,0.671844423,-0.0901333094,0.0381884724
,710008040,-22.912905048549586,-43.156818738335346,187.2,16.3,0.671844423,-0.0901333094,0.0381884724
,710008040,-22.912905048549586,-43.156818738335346,187.2,16.3,0.671844423,-0.0901333094,0.0381884724
,710008040,-22.912905048549586,-43.156818738335346,187.2,16.3,0.671844423,-0.0901333094,0.0381884724
,710008040,-22.912905048549586,-43.156818738335346,187.2,16.3,0.671844423,-0.0901333094,0.0381884724
,710008040,-22.912905048549586,-43.156818738335346,187.2,16.3,0.671844423,-0.0901333094,0.0381884724
,710008040,-22.912905048549586,-43.156818738335346,187.2,16.3,0.671844423,-0.0901333094,0.0381884724
,710008040,-22.912905048549586,-43.156818738335346,187.2,16.3,0.671844423,-0.0901333094,0.0381884724
,710008040,-22.912905048549586,-43.156818738335346,187.2,16.3,0.671844423,-0.0901333094,0.0381884724
,710008040,-22.912905048549586,-43.156818738335346,187.2,16.3,0.671844423,-0.0901333094,0.0381884724
,710008040,-22.912905048549586,-43.156818738335346,187.2,16.3,0.671844423,-0.0901333094,0.0381884724
,710008040,-22.912905048549586,-43.156818738335346,187.2,16.3,0.671844423,-0.0901333094,0.0381884724
,710008040,-22.912905048549586,-43.156818738335346,187.2,16.3,0.671844423,-0.0901333094,0.0381884724
,710008040,-22.912905048549586,-43.156818738335346,187.2,16.3,0.671844423,-0.0901333094,0.0381884724
,710008040,-22.912905048549586,-43.156818738335346,187.2,16.3,0.671844423,-0.0901333094,0.0381884724
,710008040,-22.912905048549586,-43.156818738335346,187.2,16.3,0.671844423,-0.0901333094,0.0381884724
,710008040,-22.912905048549586,-43.156818738335346,187.2,16.3,0.671844423,-0.0901333094,0.0381884724
,710008040,-22.912905048549586,-43.156818738335346,187.2,16.3,0.671844423,-0.0901333094,0.0381884724
,710008040,-22.912905048549586,-43.156818738335346,187.2,16.3,0.671844423,-0.0901333094,0.0381884724
,710008040,-22.912905048549586,-43.156818738335346,187.2,16.3,0.671844423,-0.0901333094,0.0381884724
,710008040,-22.912905048549586,-43.156818738335346,187.2,16.3,0.728483319,-0.0881333947,0.0394505486
,710008040,-22.912905048549586,-43.156818738335346,187.2,16.3,0.728483319,-0.0881333947,0.0394505486
,710008040,-22.912905048549586,-43.156818738335346,187.2,16.3,0.728483319,-0.0881333947,0.0394505486
,710008040,-22.912905048549586,-43.156818738335346,187.2,16.3,0.728483319,-0.0881333947,0.0394505486
,710008040,-22.912905048549586,-43.156818738335346,187.2,16.3,0.728483319,-0.0881333947,0.0393019691
,710008040,-22.912905048549586,-43.156818738335346,187.2,16.3,0.728483319,-0.0881333947,0.0393019691
,710008040,-22.912905048549586,-43.156818738335346,187.2,16.3,0.728483319,-0.0881333947,0.0393019691
,710008040,-22.912905048549586,-43.156818738335346,187.2,16.3,0.728483319,-0.0881333947,0.0393019691
,710008040,-22.912980275335006,-43.15682796506007,187.2,16.3,0.728483319,-0.0881333947,0.0393019691
,710008040,-22.912980275335006,-43.15682796506007,187.2,16.3,0.728483319,-0.0881333947,0.0393019691
,710008040,-22.912980275335006,-43.15682796506007,187.2,16.3,0.728483319,-0.0881333947,0.0393019691
,710008040,-22.912980275335006,-43.15682796506007,187.2,16.3,0.728483319,-0.0881333947,0.0393019691
,710008040,-22.912980275335006,-43.15682796506007,187.2,16.3,0.728483319,-0.0881333947,0.0393019691
,710008040,-22.912980275335006,-43.15682796506007,187.2,16.3,0.728483319,-0.0881333947,0.0393019691
,710008040,-22.912980275335006,-43.15682796506007,187.2,16.3,0.728483319,-0.0881333947,0.0393019691
,710008040,-22.912980275335006,-43.15682796506007,187.2,16.3,0.728483319,-0.0881333947,0.0393019691
,710008040,-22.912980275335006,-43.15682796506007,187.2,16.3,0.728483319,-0.0881333947,0.0393019691
,710008040,-22.912980275335006,-43.15682796506007,187.2,16.3,0.728483319,-0.0881333947,0.0393019691
,710008040,-22.912980275335006,-43.15682796506007,187.2,16.3,0.728483319,-0.0881333947,0.0393019691
,710008040,-22.912980275335006,-43.15682796506007,187.2,16.3,0.728483319,-0.0881333947,0.0393019691
,710008040,-22.913055502119878,-43.156837191791865,187.2,16.3,0.728483319,-0.0881333947,0.0393019691
,710008040,-22.913055502119878,-43.156837191791865,187.2,16.3,0.728483319,-0.0881333947,0.0393019691
,710008040,-22.913055502119878,-43.156837191791865,187.2,16.3,0.728483319,-0.0881333947,0.0393019691
,710008040,-22.913055502119878,-43.156837191791865,187.2,16.3,0.728483319,-0.0881333947,0.0393019691
,710008040,-22.913055502119878,-43.156837191791865,187.2,16.3,0.728483319,-0.0881333947,0.0393019691
,710008040,-22.913055502119878,-43.156837191791865,187.2,16.3,0.728483319,-0.0881333947,0.0393019691
,710008040,-22.913055502119878,-43.156837191791865,187.2,16.3,0.728483319,-0.0881333947,0.0393019691
,710008040,-22.913055502119878,-43.156837191791865,187.2,16.3,0.728483319,-0.0881333947,0.0393019691
,710008040,-22.913055502119878,-43.156837191791865,187.2,16.3,0.728483319,-0.0881333947,0.0393019691
,710008040,-22.913055502119878,-43.156837191791865,187.2,16.3,0.728483319,-0.0881333947,0.0393019691
,710008040,-22.913055502119878,-43.156837191791865,187.2,16.3,0.728483319,-0.0881333947,0.0393019691
,710008040,-22.913055502119878,-43.156837191791865,187.2,16.3,0.728483319,-0.0881333947,0.0393019691
,710008040,-22.913055502119878,-43.156837191791865,187.2,16.3,0.728483319,-0.0881333947,0.0393019691
,710008040,-22.913055502119878,-43.156837191791865,187.2,16.3,0.728483319,-0.0881333947,0.0393019691
,710008040,-22.913055502119878,-43.156837191791865,187.2,16.3,0.728483319,-0.0881333947,0.0393019691
,710008040,-22.913055502119878,-43.156837191791865,187.2,16.3,0.728483319,-0.0881333947,0.0393019691
,710008040,-22.913130728904193,-43.15684641853073,187.2,16.3,0.728483319,-0.0881333947,0.0393019691
,710008040,-22.913130728904193,-43.15684641853073,187.2,16.3,0.728483319,-0.0881333947,0.0393019691
,710008040,-22.913130728904193,-43.15684641853073,187.2,16.3,0.728483319,-0.0881333947,0.0393019691
,710008040,-22.913130728904193,-43.15684641853073,187.2,16.3,0.728483319,-0.0881333947,0.0393019691
,710008040,-22.913130728904193,-43.15684641853073,187.2,16.3,0.728483319,-0.0881333947,0.0393019691
,710008040,-22.913130728904193,-43.15684641853073,187.2,16.3,0.728483319,-0.0881333947,0.0393019691
,710008040,-22.913130728904193,-43.15684641853073,187.2,16.3,0.728483319,-0.0881333947,0.0393019691
,710008040,-22.913130728904193,-43.15684641853073,187.2,16.3,0.728483319,-0.0881333947,0.0393019691
,710008040,-22.913130728904193,-43.15684641853073,187.2,16.3,0.728483319,-0.0881333947,0.0393019691
,710008040,-22.913130728904193,-43.15684641853073,187.2,16.3,0.728483319,-0.0881333947,0.0393019691
,710008040,-22.913130728904193,-43.15684641853073,187.2,16.3,0.728483319,-0.0881333947,0.0393019691
,710008040,-22.913130728904193,-43.15684641853073,187.2,16.3,0.728483319,-0.0881333947,0.0393019691
,710008040,-22.913130728904193,-43.15684641853073,187.2,16.3,0.728483319,-0.0881333947,0.0393019691
,710008040,-22.913130728904193,-43.15684641853073,187.2,16.3,0.728483319,-0.0881333947,0.0393019691
,710008040,-22.913130728904193,-43.15684641853073,187.2,16.3,0.728483319,-0.0881333947,0.0393019691
,710008040,-22.913130728904193,-43.15684641853073,187.2,16.3,0.728483319,-0.0881333947,0.0393019691
,710008040,-22.913130728904193,-43.15684641853073,187.2,16.3,0.728483319,-0.0881333947,0.0393019691
,710008040,-22.913130728904193,-43.15684641853073,187.2,16.3,0.728483319,-0.0881333947,0.0393019691
,710008040,-22.913130728904193,-43.15684641853073,187.2,16.3,0.728483319,-0.0881333947,0.0393019691
,710008040,-22.913130728904193,-43.15684641853073,187.2,16.3,0.728483319,-0.0881333947,0.0393019691
,710008040,-22.913205955687978,-43.15685564527668,187.2,16.3,0.728483319,-0.0881333947,0.0393019691
,710008040,-22.913205955687978,-43.15685564527668,187.2,16.3,0.728483319,-0.0881333947,0.0393019691
,710008040,-22.913205955687978,-43.15685564527668,187.2,16.3,0.728483319,-0.0881333947,0.0393019691
,710008040,-22.913205955687978,-43.15685564527668,187.2,16.3,0.728483319,-0.0881333947,0.0393019691
,710008040,-22.913205955687978,-43.15685564527668,187.2,16.3,0.728483319,-0.0881333947,0.0393019691
,710008040,-22.913205955687978,-43.15685564527668,187.2,16.3,0.728483319,-0.0881333947,0.0393019691
,710008040,-22.913205955687978,-43.15685564527668,187.2,16.3,0.728483319,-0.0881333947,0.0393019691
,710008040,-22.913205955687978,-43.15685564527668,187.2,16.3,0.728483319,-0.0881333947,0.0393019691
,710008040,-22.913205955687978,-43.15685564527668,187.2,16.3,0.728483319,-0.0881333947,0.0393019691
,710008040,-22.913205955687978,-43.15685564527668,187.2,16.3,0.728483319,-0.0881333947,0.0393019691
,710008040,-22.913205955687978,-43.15685564527668,187.2,16.3,0.728483319,-0.0881333947,0.0393019691
,710008040,-22.913205955687978,-43.15685564527668,187.2,16.3,0.728483319,-0.0881333947,0.0393019691
,710008040,-22.913205955687978,-43.15685564527668,187.2,16.3,0.728483319,-0.0881333947,0.0393019691
,710008040,-22.913205955687978,-43.15685564527668,187.2,16.3,0.728483319,-0.0881333947,0.0393019691
,710008040,-22.913205955687978,-43.15685564527668,187.2,16.3,0.728483319,-0.0881333947,0.0393019691
,710008040,-22.913205955687978,-43.15685564527668,187.2,16.3,0.728483319,-0.0881333947,0.0393019691
,710008040,-22.913205955687978,-43.15685564527668,187.2,16.3,0.728483319,-0.0881333947,0.0393019691
,710008040,-22.913205955687978,-43.15685564527668,187.2,16.3,0.728483319,-0.0881333947,0.0393019691
,710008040,-22.913205955687978,-43.15685564527668,187.2,16.3,0.728483319,-0.0881333947,0.0393019691
,710008040,-22.913205955687978,-43.15685564527668,187.2,16.3,0.728483319,-0.0881333947,0.0393019691
,710008040,-22.913205955687978,-43.15685564527668,187.2,16.3,0.728483319,-0.0881333947,0.0393019691
,710008040,-22.913205955687978,-43.15685564527668,187.2,16.3,0.728483319,-0.0881333947,0.0393019691
,710008040,-22.913205955687978,-43.15685564527668,187.2,16.3,0.728483319,-0.0881333947,0.0393019691
,710008040,-22.913205955687978,-43.15685564527668,187.2,16.3,0.728483319,-0.0881333947,0.0393019691
,710008040,-22.913205955687978,-43.15685564527668,187.2,16.3,0.728483319,-0.0881333947,0.0393019691
,710008040,-22.913205955687978,-43.15685564527668,187.2,16.3,0.728483319,-0.0881333947,0.0393019691
,710008040,-22.913205955687978,-43.15685564527668,187.2,16.3,0.728483319,-0.0881333947,0.0393019691
,710008040,-22.913205955687978,-43.15685564527668,187.2,16.3,0.728483319,-0.0881333947,0.0393019691
,710008040,-22.91328118247121,-43.15686487202969,187.2,16.3,0.728483319,-0.0881333947,0.0393019691
,710008040,-22.91328118247121,-43.15686487202969,187.2,16.3,0.728483319,-0.0881333947,0.0393019691
,710008040,-22.91328118247121,-43.15686487202969,187.2,16.3,0.728483319,-0.0881333947,0.0393019691
,710008040,-22.91328118247121,-43.15686487202969,187.2,16.3,0.728483319,-0.0881333947,0.0393019691
,710008040,-22.91328118247121,-43.15686487202969,187.2,16.3,0.807522237,-0.0778666139,0.0463032983
,710008040,-22.91328118247121,-43.15686487202969,187.2,16.3,0.807522237,-0.0778666139,0.0463032983
,710008040,-22.91328118247121,-43.15686487202969,187.2,16.3,0.807522237,-0.0778666139,0.0463481769
,710008040,-22.91328118247121,-43.15686487202969,187.2,16.3,0.807522237,-0.0778666139,0.0463481769
,710008040,-22.91328118247121,-43.15686487202969,187.2,16.3,0.807522237,-0.0778666139,0.0463481769
,710008040,-22.91328118247121,-43.15686487202969,187.2,16.3,0.807522237,-0.0778666139,0.0463481769
,710008040,-22.91328118247121,-43.15686487202969,187.2,16.3,0.807522237,-0.0778666139,0.0463481769
,710008040,-22.91328118247121,-43.15686487202969,187.2,16.3,0.807522237,-0.0778666139,0.0463481769
,710008040,-22.91328118247121,-43.15686487202969,187.2,16.3,0.807522237,-0.0778666139,0.0463481769
,710008040,-22.91328118247121,-43.15686487202969,187.2,16.3,0.807522237,-0.0778666139,0.0463481769
,710008040,-22.91328118247121,-43.15686487202969,187.2,16.3,0.807522237,-0.0778666139,0.0463481769
,710008040,-22.91328118247121,-43.15686487202969,187.2,16.3,0.807522237,-0.0778666139,0.0463481769
,710008040,-22.91328118247121,-43.15686487202969,187.2,16.3,0.807522237,-0.0778666139,0.0463481769
,710008040,-22.91328118247121,-43.15686487202969,187.2,16.3,0.807522237,-0.0778666139,0.0463481769
,710008040,-22.91328118247121,-43.15686487202969,187.2,16.3,0.807522237,-0.0778666139,0.0463481769
,710008040,-22.91328118247121,-43.15686487202969,187.2,16.3,0.807522237,-0.0778666139,0.0463481769
,710008040,-22.91328118247121,-43.15686487202969,187.2,16.3,0.807522237,-0.0778666139,0.0463481769
,710008040,-22.91328118247121,-43.15686487202969,187.2,16.3,0.807522237,-0.0778666139,0.0463481769
,710008040,-22.91328118247121,-43.15686487202969,187.2,16.3,0.807522237,-0.0778666139,0.0463481769
,710008040,-22.91328118247121,-43.15686487202969,187.2,16.3,0.807522237,-0.0778666139,0.0463481769
,710008040,-22.91328118247121,-43.15686487202969,187.2,16.3,0.807522237,-0.0778666139,0.0463481769
,710008040,-22.91328118247121,-43.15686487202969,187.2,16.3,0.807522237,-0.0778666139,0.0463481769
,710008040,-22.91328118247121,-43.15686487202969,187.2,16.3,0.807522237,-0.0778666139,0.0463481769
,710008040,-22.91328118247121,-43.15686487202969,187.2,16.3,0.807522237,-0.0778666139,0.0463481769
,710008040,-22.91328118247121,-43.15686487202969,187.2,16.3,0.807522237,-0.0778666139,0.0463481769
,710008040,-22.91328118247121,-43.15686487202969,187.2,16.3,0.807522237,-0.0778666139,0.0463481769
,710008040,-22.91328118247121,-43.15686487202969,187.2,16.3,0.807522237,-0.0778666139,0.0463481769
,710008040,-22.91328118247121,-43.15686487202969,187.2,16.3,0.807522237,-0.0778666139,0.0463481769
,710008040,-22.91328118247121,-43.15686487202969,187.2,16.3,0.807522237,-0.0778666139,0.0463481769
,710008040,-22.91328118247121,-43.15686487202969,187.2,16.3,0.807522237,-0.0778666139,0.0463481769
,710008040,-22.913356409253893,-43.15687409878978,187.2,16.3,0.807522237,-0.0778666139,0.0463481769
,710008040,-22.913356409253893,-43.15687409878978,187.2,16.3,0.807522237,-0.0778666139,0.0463481769
,710008040,-22.913356409253893,-43.15687409878978,187.2,16.3,0.807522237,-0.0778666139,0.0463481769
,710008040,-22.913356409253893,-43.15687409878978,187.2,16.3,0.807522237,-0.0778666139,0.0463481769
,710008040,-22.913356409253893,-43.15687409878978,187.2,16.3,0.807522237,-0.0778666139,0.0463481769
,710008040,-22.913356409253893,-43.15687409878978,187.2,16.3,0.807522237,-0.0778666139,0.0463481769
,710008040,-22.913356409253893,-43.15687409878978,187.2,16.3,0.807522237,-0.0778666139,0.0463481769
,710008040,-22.913356409253893,-43.15687409878978,187.2,16.3,0.807522237,-0.0778666139,0.0463481769
,710008040,-22.913356409253893,-43.15687409878978,187.2,16.3,0.807522237,-0.0778666139,0.0463481769
,710008040,-22.913356409253893,-43.15687409878978,187.2,16.3,0.807522237,-0.0778666139,0.0463481769
,710008040,-22.913356409253893,-43.15687409878978,187.2,16.3,0.807522237,-0.0778666139,0.0463481769
,710008040,-22.913356409253893,-43.15687409878978,187.2,16.3,0.807522237,-0.0778666139,0.0463481769
,710008040,-22.913356409253893,-43.15687409878978,187.2,16.3,0.807522237,-0.0778666139,0.0463481769
,710008040,-22.913356409253893,-43.15687409878978,187.2,16.3,0.807522237,-0.0778666139,0.0463481769
,710008040,-22.913356409253893,-43.15687409878978,187.2,16.3,0.807522237,-0.0778666139,0.0463481769
,710008040,-22.913356409253893,-43.15687409878978,187.2,16.3,0.807522237,-0.0778666139,0.0463481769
,710008040,-22.913356409253893,-43.15687409878978,187.2,16.3,0.807522237,-0.0778666139,0.0463481769
,710008040,-22.913356409253893,-43.15687409878978,187.2,16.3,0.807522237,-0.0778666139,0.0463481769
,710008040,-22.913356409253893,-43.15687409878978,187.2,16.3,0.807522237,-0.0778666139,0.0463481769
,710008040,-22.913356409253893,-43.15687409878978,187.2,16.3,0.807522237,-0.0778666139,0.0463481769
,710008040,-22.913356409253893,-43.15687409878978,187.2,16.3,0.807522237,-0.0778666139,0.0463481769
,710008040,-22.913356409253893,-43.15687409878978,187.2,16.3,0.807522237,-0.0778666139,0.0463481769
,710008040,-22.913356409253893,-43.15687409878978,187.2,16.3,0.807522237,-0.0778666139,0.0463481769
,710008040,-22.913356409253893,-43.15687409878978,187.2,16.3,0.807522237,-0.0778666139,0.0463481769
,710008040,-22.913356409253893,-43.15687409878978,187.2,16.3,0.807522237,-0.0778666139,0.0463481769
,710008040,-22.913356409253893,-43.15687409878978,187.2,16.3,0.807522237,-0.0778666139,0.0463481769
,710008040,-22.913356409253893,-43.15687409878978,187.2,16.3,0.807522237,-0.0778666139,0.0463481769
,710008040,-22.913356409253893,-43.15687409878978,187.2,16.3,0.807522237,-0.0778666139,0.0463481769
,710008040,-22.913356409253893,-43.15687409878978,187.2,16.3,0.807522237,-0.0778666139,0.0463481769
,710008040,-22.913356409253893,-43.15687409878978,187.2,16.3,0.807522237,-0.0778666139,0.0463481769
,710008040,-22.913356409253893,-43.15687409878978,187.2,16.3,0.807522237,-0.0778666139,0.0463481769
,710008040,-22.91343163603603,-43.15688332555693,187.2,16.3,0.807522237,-0.0778666139,0.0463481769
,710008040,-22.91343163603603,-43.15688332555693,187.2,16.3,0.807522237,-0.0778666139,0.0463481769
,710008040,-22.91343163603603,-43.15688332555693,187.2,16.3,0.807522237,-0.0778666139,0.0463481769
,710008040,-22.91343163603603,-43.15688332555693,187.2,16.3,0.807522237,-0.0778666139,0.0463481769
,710008040,-22.91343163603603,-43.15688332555693,187.2,16.3,0.807522237,-0.0778666139,0.0463481769
,710008040,-22.91343163603603,-43.15688332555693,187.2,16.3,0.807522237,-0.0778666139,0.0463481769
,710008040,-22.913371676993883,-43.15688546958085,187.2,16.3,0.807522237,-0.0778666139,0.0463481769
,710008040,-22.913371676993883,-43.15688546958085,187.2,16.3,0.807522237,-0.0778666139,0.0463481769
,710008040,-22.913371676993883,-43.15688546958085,187.2,16.3,0.807522237,-0.0778666139,0.0463481769
,710008040,-22.913371676993883,-43.15688546958085,187.2,16.3,0.807522237,-0.0778666139,0.0463481769
,710008040,-22.913371676993883,-43.15688546958085,187.2,16.3,0.807522237,-0.0778666139,0.0463481769
,710008040,-22.913371676993883,-43.15688546958085,187.2,16.3,0.807522237,-0.0778666139,0.0463481769
,710008040,-22.913371676993883,-43.15688546958085,187.2,16.3,0.834855556,-0.0726776123,0.0502636693
,710008040,-22.913371676993883,-43.15688546958085,187.2,16.3,0.834855556,-0.0726776123,0.0502636693
,710008040,-22.913371676993883,-43.15688546958085,187.2,16.3,0.834855556,-0.0726776123,0.0502636693
,710008040,-22.913371676993883,-43.15688546958085,187.2,16.3,0.834855556,-0.0726776123,0.0504280291
,710008040,-22.913371676993883,-43.15688546958085,187.2,16.3,0.834855556,-0.0726776123,0.0504280291
,710008040,-22.913371676993883,-43.15688546958085,187.2,16.3,0.834855556,-0.0726776123,0.0504280291
,710008040,-22.913371676993883,-43.15688546958085,187.2,16.3,0.834855556,-0.0726776123,0.0504280291
,710008040,-22.913371676993883,-43.15688546958085,187.2,16.3,0.834855556,-0.0726776123,0.0504280291
,710008040,-22.913371676993883,-43.15688546958085,187.2,16.3,0.834855556,-0.0726776123,0.0504280291
,710008040,-22.913371676993883,-43.15688546958085,187.2,16.3,0.834855556,-0.0726776123,0.0504280291
,710008040,-22.913371676993883,-43.15688546958085,187.2,16.3,0.834855556,-0.0726776123,0.0504280291
,710008040,-22.913371676993883,-43.15688546958085,187.2,16.3,0.834855556,-0.0726776123,0.0504280291
,710008040,-22.913371676993883,-43.15688546958085,187.2,16.3,0.834855556,-0.0726776123,0.0504280291
,710008040,-22.913371676993883,-43.15688546958085,187.2,16.3,0.834855556,-0.0726776123,0.0504280291
,710008040,-22.913371676993883,-43.15688546958085,187.2,16.3,0.834855556,-0.0726776123,0.0504280291
,710008040,-22.913371676993883,-43.15688546958085,187.2,16.3,0.834855556,-0.0726776123,0.0504280291
,710008040,-22.913371676993883,-43.15688546958085,187.2,16.3,0.834855556,-0.0726776123,0.0504280291
,710008040,-22.913371676993883,-43.15688546958085,187.2,16.3,0.834855556,-0.0726776123,0.0504280291
,710008040,-22.913371676993883,-43.15688546958085,187.2,16.3,0.834855556,-0.0726776123,0.0504280291
,710008040,-22.913371676993883,-43.15688546958085,187.2,16.3,0.834855556,-0.0726776123,0.0504280291
,710008040,-22.913371676993883,-43.15688546958085,187.2,16.3,0.834855556,-0.0726776123,0.0504280291
,710008040,-22.913371676993883,-43.15688546958085,187.2,16.3,0.834855556,-0.0726776123,0.0504280291
,710008040,-22.913371676993883,-43.15688546958085,187.2,16.3,0.834855556,-0.0726776123,0.0504280291
,710008040,-22.913371676993883,-43.15688546958085,187.2,16.3,0.834855556,-0.0726776123,0.0504280291
,710008040,-22.913371676993883,-43.15688546958085,187.2,16.3,0.834855556,-0.0726776123,0.0504280291
,710008040,-22.913371676993883,-43.15688546958085,187.2,16.3,0.834855556,-0.0726776123,0.0504280291
,710008040,-22.913371676993883,-43.15688546958085,187.2,16.3,0.834855556,-0.0726776123,0.0504280291
,710008040,-22.913371676993883,-43.15688546958085,187.2,16.3,0.834855556,-0.0726776123,0.0504280291
,710008040,-22.913371676993883,-43.15688546958085,187.2,16.3,0.834855556,-0.0726776123,0.0504280291
,710008040,-22.913371676993883,-43.15688546958085,187.2,16.3,0.834855556,-0.0726776123,0.0504280291
,710008040,-22.913371676993883,-43.15688546958085,187.2,16.3,0.834855556,-0.0726776123,0.0504280291
,710008040,-22.913371676993883,-43.15688546958085,187.2,16.3,0.834855556,-0.0726776123,0.0504280291
,710008040,-22.913371676993883,-43.15688546958085,187.2,16.3,0.834855556,-0.0726776123,0.0504280291
,710008040,-22.913371676993883,-43.15688546958085,187.2,16.3,0.834855556,-0.0726776123,0.0504280291
,710008040,-22.913371676993883,-43.15688546958085,187.2,16.3,0.834855556,-0.0726776123,0.0504280291
,710008040,-22.913371676993883,-43.15688546958085,187.2,16.3,0.834855556,-0.0726776123,0.0504280291
,710008040,-22.913371676993883,-43.15688546958085,187.2,16.3,0.834855556,-0.0726776123,0.0504280291
,710008040,-22.913371676993883,-43.15688546958085,187.2,16.3,0.834855556,-0.0726776123,0.0504280291
,710008040,-22.913371676993883,-43.15688546958085,187.2,16.3,0.834855556,-0.0726776123,0.0504280291
,710008040,-22.9134469037757,-43.15689469635473,187.2,16.3,0.834855556,-0.0726776123,0.0504280291
,710008040,-22.9134469037757,-43.15689469635473,187.2,16.3,0.834855556,-0.0726776123,0.0504280291
,710008040,-22.9134469037757,-43.15689469635473,187.2,16.3,0.834855556,-0.0726776123,0.0504280291
,710008040,-22.9134469037757,-43.15689469635473,187.2,16.3,0.834855556,-0.0726776123,0.0504280291
,710008040,-22.9134469037757,-43.15689469635473,187.2,16.3,0.834855556,-0.0726776123,0.0504280291
,710008040,-22.9134469037757,-43.15689469635473,187.2,16.3,0.834855556,-0.0726776123,0.0504280291
,710008040,-22.9134469037757,-43.15689469635473,187.2,16.3,0.834855556,-0.0726776123,0.0504280291
,710008040,-22.9134469037757,-43.15689469635473,187.2,16.3,0.834855556,-0.0726776123,0.0504280291
,710008040,-22.9134469037757,-43.15689469635473,187.2,16.3,0.834855556,-0.0726776123,0.0504280291
,710008040,-22.9134469037757,-43.15689469635473,187.2,16.3,0.834855556,-0.0726776123,0.0504280291
,710008040,-22.9134469037757,-43.15689469635473,187.2,16.3,0.834855556,-0.0726776123,0.0504280291
,710008040,-22.9134469037757,-43.15689469635473,187.2,16.3,0.834855556,-0.0726776123,0.0504280291
,710008040,-22.9134469037757,-43.15689469635473,187.2,16.3,0.834855556,-0.0726776123,0.0504280291
,710008040,-22.9134469037757,-43.15689469635473,187.2,16.3,0.834855556,-0.0726776123,0.0504280291
,710008040,-22.9134469037757,-43.15689469635473,187.2,16.3,0.834855556,-0.0726776123,0.0504280291
,710008040,-22.9134469037757,-43.15689469635473,187.2,16.3,0.834855556,-0.0726776123,0.0504280291
,710008040,-22.9134469037757,-43.15689469635473,187.2,16.3,0.834855556,-0.0726776123,0.0504280291
,710008040,-22.9134469037757,-43.15689469635473,187.2,16.3,0.834855556,-0.0726776123,0.0504280291
,710008040,-22.9134469037757,-43.15689469635473,187.2,16.3,0.834855556,-0.0726776123,0.0504280291
,710008040,-22.9134469037757,-43.15689469635473,187.2,16.3,0.834855556,-0.0726776123,0.0504280291
,710008040,-22.9134469037757,-43.15689469635473,187.2,16.3,0.834855556,-0.0726776123,0.0504280291
,710008040,-22.9134469037757,-43.15689469635473,187.2,16.3,0.834855556,-0.0726776123,0.0504280291
,710008040,-22.9134469037757,-43.15689469635473,187.2,16.3,0.834855556,-0.0726776123,0.0504280291
,710008040,-22.9134469037757,-43.15689469635473,187.2,16.3,0.834855556,-0.0726776123,0.0504280291
,710008040,-22.9134469037757,-43.15689469635473,187.2,16.3,0.834855556,-0.0726776123,0.0504280291
,710008040,-22.9134469037757,-43.15689469635473,187.2,16.3,0.834855556,-0.0726776123,0.0504280291
,710008040,-22.9134469037757,-43.15689469635473,187.2,16.3,0.834855556,-0.0726776123,0.0504280291
,710008040,-22.9134469037757,-43.15689469635473,187.2,16.3,0.834855556,-0.0726776123,0.0504280291
,710008040,-22.9134469037757,-43.15689469635473,187.2,16.3,0.834855556,-0.0726776123,0.0504280291
,710008040,-22.9134469037757,-43.15689469635473,187.2,16.3,0.834855556,-0.0726776123,0.0504280291
,710008040,-22.9134469037757,-43.15689469635473,187.2,16.3,0.834855556,-0.0726776123,0.0504280291
,710008040,-22.9134469037757,-43.15689469635473,187.2,16.3,0.834855556,-0.0726776123,0.0504280291
,710008040,-22.9134469037757,-43.15689469635473,187.2,16.3,0.834855556,-0.0726776123,0.0504280291
,710008040,-22.9134469037757,-43.15689469635473,187.2,16.3,0.834855556,-0.0726776123,0.0504280291
,710008040,-22.9134469037757,-43.15689469635473,187.2,16.3,0.834855556,-0.0726776123,0.0504280291
,710008040,-22.9134469037757,-43.15689469635473,187.2,16.3,0.834855556,-0.0726776123,0.0504280291
,710008040,-22.9134469037757,-43.15689469635473,187.2,16.3,0.834855556,-0.0726776123,0.0504280291
,710008040,-22.9134469037757,-43.15689469635473,187.2,16.3,0.834855556,-0.0726776123,0.0504280291
,710008040,-22.9134469037757,-43.15689469635473,187.2,16.3,0.834855556,-0.0726776123,0.0504280291
,710008040,-22.9134469037757,-43.15689469635473,187.2,16.3,0.834855556,-0.0726776123,0.0504280291
,710008040,-22.9134469037757,-43.15689469635473,187.2,16.3,0.834855556,-0.0726776123,0.0504280291
,710008040,-22.9134469037757,-43.15689469635473,187.2,16.3,0.834855556,-0.0726776123,0.0504280291
,710008040,-22.9134469037757,-43.15689469635473,187.2,16.3,0.834855556,-0.0726776123,0.0504280291
,710008040,-22.9134469037757,-43.15689469635473,187.2,16.3,0.834855556,-0.0726776123,0.0504280291
,710008040,-22.9134469037757,-43.15689469635473,187.2,16.3,0.834855556,-0.0726776123,0.0504280291
,710008040,-22.91352213055697,-43.156903923135694,187.2,16.3,0.834855556,-0.0726776123,0.0504280291
,710008040,-22.91352213055697,-43.156903923135694,187.2,16.3,0.834855556,-0.0726776123,0.0504280291
,710008040,-22.91352213055697,-43.156903923135694,187.2,16.3,0.834855556,-0.0726776123,0.0504280291
,710008040,-22.91352213055697,-43.156903923135694,187.2,16.3,0.834855556,-0.0726776123,0.0504280291
,710008040,-22.91352213055697,-43.156903923135694,187.2,16.3,0.834855556,-0.0726776123,0.0504280291
,710008040,-22.91352213055697,-43.156903923135694,187.2,16.3,0.834855556,-0.0726776123,0.0504280291
,710008040,-22.91352213055697,-43.156903923135694,187.2,16.3,0.834855556,-0.0726776123,0.0504280291
,710008040,-22.91352213055697,-43.156903923135694,187.2,16.3,0.834855556,-0.0726776123,0.0504280291
,710008040,-22.91352213055697,-43.156903923135694,187.2,16.3,0.834855556,-0.0726776123,0.0504280291
,710008040,-22.91352213055697,-43.156903923135694,187.2,16.3,0.834855556,-0.0726776123,0.0504280291
,710008040,-22.91352213055697,-43.156903923135694,187.2,16.3,0.834855556,-0.0726776123,0.0504280291
,710008040,-22.91352213055697,-43.156903923135694,187.2,16.3,0.834855556,-0.0726776123,0.0504280291
,710008040,-22.91352213055697,-43.156903923135694,187.2,16.3,0.834855556,-0.0726776123,0.0504280291
,710008040,-22.91352213055697,-43.156903923135694,187.2,16.3,0.834855556,-0.0726776123,0.0504280291
,710008040,-22.91352213055697,-43.156903923135694,187.2,16.3,0.834855556,-0.0726776123,0.0504280291
,710008040,-22.91352213055697,-43.156903923135694,187.2,16.3,0.834855556,-0.0726776123,0.0504280291
,710008040,-22.91352213055697,-43.156903923135694,187.2,16.3,0.834855556,-0.0726776123,0.0504280291
,710008040,-22.91352213055697,-43.156903923135694,187.2,16.3,0.834855556,-0.0726776123,0.0504280291
,710008040,-22.91352213055697,-43.156903923135694,187.2,16.3,0.834855556,-0.0726776123,0.0504280291
,710008040,-22.91352213055697,-43.156903923135694,187.2,16.3,0.834855556,-0.0726776123,0.0504280291
,710008040,-22.91352213055697,-43.156903923135694,187.2,16.3,0.834855556,-0.0726776123,0.0504280291
,710008040,-22.91352213055697,-43.156903923135694,187.2,16.3,0.834855556,-0.0726776123,0.0504280291
,710008040,-22.91352213055697,-43.156903923135694,187.2,16.3,0.834855556,-0.0726776123,0.0504280291
,710008040,-22.91352213055697,-43.156903923135694,187.2,16.3,0.834855556,-0.0726776123,0.0504280291
,710008040,-22.91352213055697,-43.156903923135694,187.2,16.3,0.851166725,-0.0698665977,0.0525669493
,710008040,-22.91352213055697,-43.156903923135694,187.2,16.3,0.851166725,-0.0698665977,0.0525669493
,710008040,-22.91352213055697,-43.156903923135694,187.2,16.3,0.851166725,-0.0698665977,0.0525669493
,710008040,-22.91352213055697,-43.156903923135694,187.2,16.3,0.851166725,-0.0698665977,0.0525669493
,710008040,-22.91352213055697,-43.156903923135694,187.2,16.3,0.851166725,-0.0698665977,0.0525669493
,710008040,-22.91352213055697,-43.156903923135694,187.2,16.3,0.851166725,-0.0698665977,0.0525669493
,710008040,-22.91352213055697,-43.156903923135694,187.2,16.3,0.851166725,-0.0698665977,0.0526550226
,710008040,-22.91352213055697,-43.156903923135694,187.2,16.3,0.851166725,-0.0698665977,0.0526550226
,710008040,-22.91352213055697,-43.156903923135694,187.2,16.3,0.851166725,-0.0698665977,0.0526550226
,710008040,-22.91352213055697,-43.156903923135694,187.2,16.3,0.851166725,-0.0698665977,0.0526550226
,710008040,-22.91352213055697,-43.156903923135694,187.2,16.3,0.851166725,-0.0698665977,0.0526550226
,710008040,-22.91352213055697,-43.156903923135694,187.2,16.3,0.851166725,-0.0698665977,0.0526550226
,710008040,-22.91352213055697,-43.156903923135694,187.2,16.3,0.851166725,-0.0698665977,0.0526550226
,710008040,-22.91352213055697,-43.156903923135694,187.2,16.3,0.851166725,-0.0698665977,0.0526550226
,710008040,-22.91352213055697,-43.156903923135694,187.2,16.3,0.851166725,-0.0698665977,0.0526550226
,710008040,-22.91352213055697,-43.156903923135694,187.2,16.3,0.851166725,-0.0698665977,0.0526550226
,710008040,-22.91352213055697,-43.156903923135694,187.2,16.3,0.851166725,-0.0698665977,0.0526550226
,710008040,-22.91352213055697,-43.156903923135694,187.2,16.3,0.851166725,-0.0698665977,0.0526550226
,710008040,-22.9135973573377,-43.156913149923724,187.2,16.3,0.851166725,-0.0698665977,0.0526550226
,710008040,-22.9135973573377,-43.156913149923724,187.2,16.3,0.851166725,-0.0698665977,0.0526550226
,710008040,-22.9135973573377,-43.156913149923724,187.2,16.3,0.851166725,-0.0698665977,0.0526550226
,710008040,-22.9135973573377,-43.156913149923724,187.2,16.3,0.851166725,-0.0698665977,0.0526550226
,710008040,-22.9135973573377,-43.156913149923724,187.2,16.3,0.851166725,-0.0698665977,0.0526550226
,710008040,-22.9135973573377,-43.156913149923724,187.2,16.3,0.851166725,-0.0698665977,0.0526550226
,710008040,-22.9135973573377,-43.156913149923724,187.2,16.3,0.851166725,-0.0698665977,0.0526550226
,710008040,-22.9135973573377,-43.156913149923724,187.2,16.3,0.851166725,-0.0698665977,0.0526550226
,710008040,-22.9135973573377,-43.156913149923724,187.2,16.3,0.851166725,-0.0698665977,0.0526550226
,710008040,-22.9135973573377,-43.156913149923724,187.2,16.3,0.851166725,-0.0698665977,0.0526550226
,710008040,-22.9135973573377,-43.156913149923724,187.2,16.3,0.851166725,-0.0698665977,0.0526550226
,710008040,-22.9135973573377,-43.156913149923724,187.2,16.3,0.851166725,-0.0698665977,0.0526550226
,710008040,-22.9135973573377,-43.156913149923724,187.2,16.3,0.851166725,-0.0698665977,0.0526550226
,710008040,-22.9135973573377,-43.156913149923724,187.2,16.3,0.851166725,-0.0698665977,0.0526550226
,710008040,-22.9135973573377,-43.156913149923724,187.2,16.3,0.851166725,-0.0698665977,0.0526550226
,710008040,-22.9135973573377,-43.156913149923724,187.2,16.3,0.851166725,-0.0698665977,0.0526550226
,710008040,-22.9135973573377,-43.156913149923724,187.2,16.3,0.851166725,-0.0698665977,0.0526550226
,710008040,-22.9135973573377,-43.156913149923724,187.2,16.3,0.851166725,-0.0698665977,0.0526550226
,710008040,-22.9135973573377,-43.156913149923724,187.2,16.3,0.851166725,-0.0698665977,0.0526550226
,710008040,-22.9135973573377,-43.156913149923724,187.2,16.3,0.851166725,-0.0698665977,0.0526550226
,710008040,-22.9135973573377,-43.156913149923724,187.2,16.3,0.851166725,-0.0698665977,0.0526550226
,710008040,-22.9135973573377,-43.156913149923724,187.2,16.3,0.851166725,-0.0698665977,0.0526550226
,710008040,-22.9135973573377,-43.156913149923724,187.2,16.3,0.851166725,-0.0698665977,0.0526550226
,710008040,-22.9135973573377,-43.156913149923724,187.2,16.3,0.851166725,-0.0698665977,0.0526550226
,710008040,-22.913672584117876,-43.156922376718825,187.2,16.3,0.851166725,-0.0698665977,0.0526550226
,710008040,-22.913672584117876,-43.156922376718825,187.2,16.3,0.851166725,-0.0698665977,0.0526550226
,710008040,-22.913672584117876,-43.156922376718825,187.2,16.3,0.851166725,-0.0698665977,0.0526550226
,710008040,-22.913672584117876,-43.156922376718825,187.2,16.3,0.851166725,-0.0698665977,0.0526550226
,710008040,-22.913672584117876,-43.156922376718825,187.2,16.3,0.851166725,-0.0698665977,0.0526550226
,710008040,-22.913672584117876,-43.156922376718825,187.2,16.3,0.851166725,-0.0698665977,0.0526550226
,710008040,-22.913672584117876,-43.156922376718825,187.2,16.3,0.851166725,-0.0698665977,0.0526550226
,710008040,-22.913672584117876,-43.156922376718825,187.2,16.3,0.851166725,-0.0698665977,0.0526550226
,710008040,-22.913672584117876,-43.156922376718825,187.2,16.3,0.851166725,-0.0698665977,0.0526550226
,710008040,-22.913672584117876,-43.156922376718825,187.2,16.3,0.851166725,-0.0698665977,0.0526550226
,710008040,-22.913672584117876,-43.156922376718825,187.2,16.3,0.851166725,-0.0698665977,0.0526550226
,710008040,-22.913672584117876,-43.156922376718825,187.2,16.3,0.851166725,-0.0698665977,0.0526550226
,710008040,-22.913672584117876,-43.156922376718825,187.2,16.3,0.851166725,-0.0698665977,0.0526550226
,710008040,-22.913672584117876,-43.156922376718825,187.2,16.3,0.851166725,-0.0698665977,0.0526550226
,710008040,-22.913672584117876,-43.156922376718825,187.2,16.3,0.851166725,-0.0698665977,0.0526550226
,710008040,-22.913672584117876,-43.156922376718825,187.2,16.3,0.851166725,-0.0698665977,0.0526550226
,710008040,-22.913672584117876,-43.156922376718825,187.2,16.3,0.851166725,-0.0698665977,0.0526550226
,710008040,-22.913672584117876,-43.156922376718825,187.2,16.3,0.851166725,-0.0698665977,0.0526550226
,710008040,-22.913672584117876,-43.156922376718825,187.2,16.3,0.851166725,-0.0698665977,0.0526550226
,710008040,-22.913672584117876,-43.156922376718825,187.2,16.3,0.851166725,-0.0698665977,0.0526550226
,710008040,-22.913672584117876,-43.156922376718825,187.2,16.3,0.851166725,-0.0698665977,0.0526550226
,710008040,-22.913672584117876,-43.156922376718825,187.2,16.3,0.851166725,-0.0698665977,0.0526550226
,710008040,-22.913672584117876,-43.156922376718825,187.2,16.3,0.851166725,-0.0698665977,0.0526550226
,710008040,-22.913672584117876,-43.156922376718825,187.2,16.3,0.851166725,-0.0698665977,0.0526550226
,710008040,-22.913672584117876,-43.156922376718825,187.2,16.3,0.851166725,-0.0698665977,0.0526550226
,710008040,-22.913672584117876,-43.156922376718825,187.2,16.3,0.851166725,-0.0698665977,0.0526550226
,710008040,-22.913672584117876,-43.156922376718825,187.2,16.3,0.851166725,-0.0698665977,0.0526550226
,710008040,-22.913672584117876,-43.156922376718825,187.2,16.3,0.851166725,-0.0698665977,0.0526550226
,710008040,-22.913672584117876,-43.156922376718825,187.2,16.3,0.851166725,-0.0698665977,0.0526550226
,710008040,-22.913672584117876,-43.156922376718825,187.2,16.3,0.851166725,-0.0698665977,0.0526550226
,710008040,-22.913672584117876,-43.156922376718825,187.2,16.3,0.851166725,-0.0698665977,0.0526550226
,710008040,-22.913672584117876,-43.156922376718825,187.2,16.3,0.851166725,-0.0698665977,0.0526550226
,710008040,-22.913672584117876,-43.156922376718825,187.2,16.3,0.851166725,-0.0698665977,0.0526550226
,710008040,-22.913672584117876,-43.156922376718825,187.2,16.3,0.851166725,-0.0698665977,0.0526550226
,710008040,-22.913672584117876,-43.156922376718825,187.2,16.3,0.851166725,-0.0698665977,0.0526550226
,710008040,-22.913672584117876,-43.156922376718825,187.2,16.3,0.851166725,-0.0698665977,0.0526550226
,710008040,-22.913672584117876,-43.156922376718825,187.2,16.3,0.851166725,-0.0698665977,0.0526550226
,710008040,-22.913672584117876,-43.156922376718825,187.2,16.3,0.851166725,-0.0698665977,0.0526550226
,710008040,-22.913672584117876,-43.156922376718825,187.2,16.3,0.851166725,-0.0698665977,0.0526550226
,710008040,-22.913672584117876,-43.156922376718825,187.2,16.3,0.851166725,-0.0698665977,0.0526550226
,710008040,-22.913672584117876,-43.156922376718825,187.2,16.3,0.851166725,-0.0698665977,0.0526550226
,710008040,-22.913672584117876,-43.156922376718825,187.2,16.3,0.851166725,-0.0698665977,0.0526550226
,710008040,-22.913672584117876,-43.156922376718825,187.2,16.3,0.851166725,-0.0698665977,0.0526550226
,710008040,-22.913672584117876,-43.156922376718825,187.2,16.3,0.851166725,-0.0698665977,0.0526550226
,710008040,-22.913672584117876,-43.156922376718825,187.2,16.3,0.851166725,-0.0698665977,0.0526550226
,710008040,-22.913747810897515,-43.156931603521,187.2,16.3,0.851166725,-0.0698665977,0.0526550226
,710008040,-22.913747810897515,-43.156931603521,187.2,16.3,0.851166725,-0.0698665977,0.0526550226
,710008040,-22.913747810897515,-43.156931603521,187.2,16.3,0.851166725,-0.0698665977,0.0526550226
,710008040,-22.913747810897515,-43.156931603521,187.2,16.3,0.851166725,-0.0698665977,0.0526550226
,710008040,-22.913747810897515,-43.156931603521,187.2,16.3,0.851166725,-0.0698665977,0.0526550226
,710008040,-22.913747810897515,-43.156931603521,187.2,16.3,0.851166725,-0.0698665977,0.0526550226
,710008040,-22.913747810897515,-43.156931603521,187.2,16.3,0.851166725,-0.0698665977,0.0526550226
,710008040,-22.913747810897515,-43.156931603521,187.2,16.3,0.851166725,-0.0698665977,0.0526550226
,710008040,-22.913747810897515,-43.156931603521,187.2,16.3,0.851166725,-0.0698665977,0.0526550226
,710008040,-22.913747810897515,-43.156931603521,187.2,16.3,0.851166725,-0.0698665977,0.0526550226
,710008040,-22.913747810897515,-43.156931603521,187.2,16.3,0.851166725,-0.0698665977,0.0526550226
,710008040,-22.913747810897515,-43.156931603521,187.2,16.3,0.851166725,-0.0698665977,0.0526550226
,710008040,-22.913747810897515,-43.156931603521,187.2,16.3,0.851166725,-0.0698665977,0.0526550226
,710008040,-22.913747810897515,-43.156931603521,187.2,16.3,0.851166725,-0.0698665977,0.0526550226
,710008040,-22.913747810897515,-43.156931603521,187.2,16.3,0.851166725,-0.0698665977,0.0526550226
,710008040,-22.913747810897515,-43.156931603521,187.2,16.3,0.851166725,-0.0698665977,0.0526550226
,710008040,-22.913747810897515,-43.156931603521,187.2,16.3,0.851166725,-0.0698665977,0.0526550226
,710008040,-22.913747810897515,-43.156931603521,187.2,16.3,0.851166725,-0.0698665977,0.0526550226
,710008040,-22.913747810897515,-43.156931603521,187.2,16.3,0.851166725,-0.0698665977,0.0526550226
,710008040,-22.913747810897515,-43.156931603521,187.2,16.3,0.851166725,-0.0698665977,0.0526550226
,710008040,-22.913747810897515,-43.156931603521,187.2,16.3,0.851166725,-0.0698665977,0.0526550226
,710008040,-22.913747810897515,-43.156931603521,187.2,16.3,0.851166725,-0.0698665977,0.0526550226
,710008040,-22.913747810897515,-43.156931603521,187.2,16.3,0.851166725,-0.0698665977,0.0526550226
,710008040,-22.913747810897515,-43.156931603521,187.2,16.3,0.851166725,-0.0698665977,0.0526550226
,710008040,-22.913747810897515,-43.156931603521,187.2,16.3,0.851166725,-0.0698665977,0.0526550226
,710008040,-22.913747810897515,-43.156931603521,187.2,16.3,0.851166725,-0.0698665977,0.0526550226
,710008040,-22.913747810897515,-43.156931603521,187.2,16.3,0.851166725,-0.0698665977,0.0526550226
,710008040,-22.913747810897515,-43.156931603521,187.2,16.3,0.851166725,-0.0698665977,0.0526550226
,710008040,-22.913747810897515,-43.156931603521,187.2,16.3,0.851166725,-0.0698665977,0.0526550226
,710008040,-22.913747810897515,-43.156931603521,187.2,16.3,0.851166725,-0.0698665977,0.0526550226
,710008040,-22.913747810897515,-43.156931603521,187.2,16.3,0.851166725,-0.0698665977,0.0526550226
,710008040,-22.913747810897515,-43.156931603521,187.2,16.3,0.851166725,-0.0698665977,0.0526550226
,710008040,-22.913747810897515,-43.156931603521,187.2,16.3,0.851166725,-0.0698665977,0.0526550226
,710008040,-22.913747810897515,-43.156931603521,187.2,16.3,0.885088861,-0.0616889,0.0600664541
,710008040,-22.913747810897515,-43.156931603521,187.2,16.3,0.885088861,-0.0616889,0.0600664541
,710008040,-22.913747810897515,-43.156931603521,187.2,16.3,0.885088861,-0.0616889,0.0600664541
,710008040,-22.913823037676597,-43.15694083033026,187.2,16.3,0.885088861,-0.0616889,0.0600664541
,710008040,-22.913823037676597,-43.15694083033026,187.2,16.3,0.885088861,-0.0616889,0.0600664541
,710008040,-22.913823037676597,-43.15694083033026,187.2,16.3,0.885088861,-0.0616889,0.0600664541
,710008040,-22.913823037676597,-43.15694083033026,187.2,16.3,0.885088861,-0.0616889,0.0600664541
,710008040,-22.913823037676597,-43.15694083033026,187.2,16.3,0.885088861,-0.0616889,0.0600664541
,710008040,-22.913823037676597,-43.15694083033026,187.2,16.3,0.885088861,-0.0616889,0.0600664541
,710008040,-22.913823037676597,-43.15694083033026,187.2,16.3,0.885088861,-0.0616889,0.0600664541
,710008040,-22.913823037676597,-43.15694083033026,187.2,16.3,0.885088861,-0.0616889,0.0600664541
,710008040,-22.913823037676597,-43.15694083033026,187.2,16.3,0.885088861,-0.0616889,0.0600664541
,710008040,-22.913823037676597,-43.15694083033026,187.2,16.3,0.885088861,-0.0616889,0.0600664541
,710008040,-22.913823037676597,-43.15694083033026,187.2,16.3,0.885088861,-0.0616889,0.0600664541
,710008040,-22.913823037676597,-43.15694083033026,187.2,16.3,0.885088861,-0.0616889,0.0600664541
,710008040,-22.913823037676597,-43.15694083033026,187.2,16.3,0.885088861,-0.0616889,0.0600664541
,710008040,-22.913823037676597,-43.15694083033026,187.2,16.3,0.885088861,-0.0616889,0.0600664541
,710008040,-22.913823037676597,-43.15694083033026,187.2,16.3,0.885088861,-0.0616889,0.0600664541
,710008040,-22.913823037676597,-43.15694083033026,187.2,16.3,0.885088861,-0.0616889,0.0600664541
,710008040,-22.913823037676597,-43.15694083033026,187.2,16.3,0.885088861,-0.0616889,0.0600664541
,710008040,-22.913823037676597,-43.15694083033026,187.2,16.3,0.885088861,-0.0616889,0.0600664541
,710008040,-22.913823037676597,-43.15694083033026,187.2,16.3,0.885088861,-0.0616889,0.0600664541
,710008040,-22.913823037676597,-43.15694083033026,187.2,16.3,0.885088861,-0.0616889,0.0600664541
,710008040,-22.913823037676597,-43.15694083033026,187.2,16.3,0.885088861,-0.0616889,0.0600664541
,710008040,-22.913823037676597,-43.15694083033026,187.2,16.3,0.885088861,-0.0616889,0.0600664541
,710008040,-22.913823037676597,-43.15694083033026,187.2,16.3,0.885088861,-0.0616889,0.0600664541
,710008040,-22.913823037676597,-43.15694083033026,187.2,16.3,0.885088861,-0.0616889,0.0600664541
,710008040,-22.913823037676597,-43.15694083033026,187.2,16.3,0.885088861,-0.0616889,0.0600664541
,710008040,-22.913823037676597,-43.15694083033026,187.2,16.3,0.885088861,-0.0616889,0.0600664541
,710008040,-22.913823037676597,-43.15694083033026,187.2,16.3,0.885088861,-0.0616889,0.0600664541
,710008040,-22.913823037676597,-43.15694083033026,187.2,16.3,0.885088861,-0.0616889,0.0600664541
,710008040,-22.913823037676597,-43.15694083033026,187.2,16.3,0.885088861,-0.0616889,0.0600664541
,710008040,-22.913823037676597,-43.15694083033026,187.2,16.3,0.885088861,-0.0616889,0.0600664541
,710008040,-22.913823037676597,-43.15694083033026,187.2,16.3,0.885088861,-0.0616889,0.0600664541
,710008040,-22.913823037676597,-43.15694083033026,187.2,16.3,0.885088861,-0.0616889,0.0600664541
,710008040,-22.913823037676597,-43.15694083033026,187.2,16.3,0.885088861,-0.0616889,0.0600664541
,710008040,-22.913823037676597,-43.15694083033026,187.2,16.3,0.885088861,-0.0616889,0.0600664541
,710008040,-22.913823037676597,-43.15694083033026,187.2,16.3,0.885088861,-0.0616889,0.0600664541
,710008040,-22.913823037676597,-43.15694083033026,187.2,16.3,0.885088861,-0.0616889,0.0600664541
,710008040,-22.913823037676597,-43.15694083033026,187.2,16.3,0.885088861,-0.0616889,0.0600664541
,710008040,-22.913823037676597,-43.15694083033026,187.2,16.3,0.885088861,-0.0616889,0.0600664541
,710008040,-22.913823037676597,-43.15694083033026,187.2,16.3,0.885088861,-0.0616889,0.0600664541
,710008040,-22.913823037676597,-43.15694083033026,187.2,16.3,0.885088861,-0.0616889,0.0600664541
,710008040,-22.913823037676597,-43.15694083033026,187.2,16.3,0.885088861,-0.0616889,0.0600664541
,710008040,-22.913823037676597,-43.15694083033026,187.2,16.3,0.885088861,-0.0616889,0.0600664541
,710008040,-22.913823037676597,-43.15694083033026,187.2,16.3,0.885088861,-0.0616889,0.0600664541
,710008040,-22.913823037676597,-43.15694083033026,187.2,16.3,0.885088861,-0.0616889,0.0600664541
,710008040,-22.913823037676597,-43.15694083033026,187.2,16.3,0.885088861,-0.0616889,0.0600664541
,710008040,-22.913823037676597,-43.15694083033026,187.2,16.3,0.885088861,-0.0616889,0.0600664541
,710008040,-22.913823037676597,-43.15694083033026,187.2,16.3,0.885088861,-0.0616889,0.0600664541
,710008040,-22.913823037676597,-43.15694083033026,187.2,16.3,0.885088861,-0.0616889,0.0600664541
,710008040,-22.913898264455145,-43.15695005714658,187.2,16.3,0.885088861,-0.0616889,0.0600664541
,710008040,-22.913898264455145,-43.15695005714658,187.2,16.3,0.885088861,-0.0616889,0.0600664541
,710008040,-22.913898264455145,-43.15695005714658,187.2,16.3,0.885088861,-0.0616889,0.0600664541
,710008040,-22.913898264455145,-43.15695005714658,187.2,16.3,0.885088861,-0.0616889,0.0600664541
,710008040,-22.913898264455145,-43.15695005714658,187.2,16.3,0.885088861,-0.0616889,0.0600664541
,710008040,-22.913898264455145,-43.15695005714658,187.2,16.3,0.885088861,-0.0616889,0.0600664541
,710008040,-22.913898264455145,-43.15695005714658,187.2,16.3,0.885088861,-0.0616889,0.0600664541
,710008040,-22.913898264455145,-43.15695005714658,187.2,16.3,0.885088861,-0.0616889,0.0600664541
,710008040,-22.913898264455145,-43.15695005714658,187.2,16.3,0.885088861,-0.0616889,0.0600664541
,710008040,-22.913898264455145,-43.15695005714658,187.2,16.3,0.885088861,-0.0616889,0.0600664541
,710008040,-22.913898264455145,-43.15695005714658,187.2,16.3,0.885088861,-0.0616889,0.0600664541
,710008040,-22.913898264455145,-43.15695005714658,187.2,16.3,0.885088861,-0.0616889,0.0600664541
,710008040,-22.913898264455145,-43.15695005714658,187.2,16.3,0.885088861,-0.0616889,0.0600664541
,710008040,-22.913898264455145,-43.15695005714658,187.2,16.3,0.885088861,-0.0616889,0.0600664541
,710008040,-22.913898264455145,-43.15695005714658,187.2,16.3,0.885088861,-0.0616889,0.0600664541
,710008040,-22.913898264455145,-43.15695005714658,187.2,16.3,0.885088861,-0.0616889,0.0600664541
,710008040,-22.913898264455145,-43.15695005714658,187.2,16.3,0.885088861,-0.0616889,0.0600664541
,710008040,-22.913898264455145,-43.15695005714658,187.2,16.3,0.885088861,-0.0616889,0.0600664541
,710008040,-22.913898264455145,-43.15695005714658,187.2,16.3,0.885088861,-0.0616889,0.0600664541
,710008040,-22.913898264455145,-43.15695005714658,187.2,16.3,0.885088861,-0.0616889,0.0600664541
,710008040,-22.913898264455145,-43.15695005714658,187.2,16.3,0.885088861,-0.0616889,0.0600664541
,710008040,-22.913898264455145,-43.15695005714658,187.2,16.3,0.885088861,-0.0616889,0.0600664541
,710008040,-22.913898264455145,-43.15695005714658,187.2,16.3,0.885088861,-0.0616889,0.0600664541
,710008040,-22.913898264455145,-43.15695005714658,187.2,16.3,0.885088861,-0.0616889,0.0600664541
,710008040,-22.913898264455145,-43.15695005714658,187.2,16.3,0.885088861,-0.0616889,0.0600664541
,710008040,-22.913898264455145,-43.15695005714658,187.2,16.3,0.885088861,-0.0616889,0.0600664541
,710008040,-22.913898264455145,-43.15695005714658,187.2,16.3,0.885088861,-0.0616889,0.0600664541
,710008040,-22.913898264455145,-43.15695005714658,187.2,16.3,0.885088861,-0.0616889,0.0600664541
,710008040,-22.913898264455145,-43.15695005714658,187.2,16.3,0.885088861,-0.0616889,0.0600664541
,710008040,-22.913898264455145,-43.15695005714658,187.2,16.3,0.885088861,-0.0616889,0.0600664541
,710008040,-22.913898264455145,-43.15695005714658,187.2,16.3,0.885088861,-0.0616889,0.0600664541
,710008040,-22.913898264455145,-43.15695005714658,187.2,16.3,0.885088861,-0.0616889,0.0600664541
,710008040,-22.913898264455145,-43.15695005714658,187.2,16.3,0.885088861,-0.0616889,0.0600664541
,710008040,-22.913898264455145,-43.15695005714658,187.2,16.3,0.885088861,-0.0616889,0.0600664541
,710008040,-22.913898264455145,-43.15695005714658,187.2,16.3,0.885088861,-0.0616889,0.0600664541
,710008040,-22.913898264455145,-43.15695005714658,187.2,16.3,0.885088861,-0.0616889,0.0600664541
,710008040,-22.913898264455145,-43.15695005714658,187.2,16.3,0.885088861,-0.0616889,0.0600664541
,710008040,-22.913898264455145,-43.15695005714658,187.2,16.3,0.885088861,-0.0616889,0.0600664541
,710008040,-22.913898264455145,-43.15695005714658,187.2,16.3,0.885088861,-0.0616889,0.0600664541
,710008040,-22.913898264455145,-43.15695005714658,187.2,16.3,0.885088861,-0.0616889,0.0600664541
,710008040,-22.913898264455145,-43.15695005714658,187.2,16.3,0.885088861,-0.0616889,0.0600664541
,710008040,-22.913898264455145,-43.15695005714658,187.2,16.3,0.885088861,-0.0616889,0.0600664541
,710008040,-22.913898264455145,-43.15695005714658,187.2,16.3,0.885088861,-0.0616889,0.0600664541
,710008040,-22.913898264455145,-43.15695005714658,187.2,16.3,0.885088861,-0.0616889,0.0600664541
,710008040,-22.913898264455145,-43.15695005714658,187.2,16.3,0.885088861,-0.0616889,0.0600664541
,710008040,-22.913898264455145,-43.15695005714658,187.2,16.3,0.885088861,-0.0616889,0.0600664541
,710008040,-22.913898264455145,-43.15695005714658,187.2,16.3,0.885088861,-0.0616889,0.0600664541
,710008040,-22.913898264455145,-43.15695005714658,187.2,16.3,0.885088861,-0.0616889,0.0600664541
,710008040,-22.913898264455145,-43.15695005714658,187.2,16.3,0.885088861,-0.0616889,0.0600664541
,710008040,-22.913898264455145,-43.15695005714658,187.2,16.3,0.885088861,-0.0616889,0.0600664541
,710008040,-22.913898264455145,-43.15695005714658,187.2,16.3,0.885088861,-0.0616889,0.0600664541
,710008040,-22.913898264455145,-43.15695005714658,187.2,16.3,0.885088861,-0.0616889,0.0600664541
,710008040,-22.913898264455145,-43.15695005714658,187.2,16.3,0.885088861,-0.0616889,0.0600664541
,710008040,-22.91397349123314,-43.156959283969975,187.2,16.3,0.885088861,-0.0616889,0.0600664541
,710008040,-22.91397349123314,-43.156959283969975,187.2,16.3,0.885088861,-0.0616889,0.0600664541
,710008040,-22.91397349123314,-43.156959283969975,187.2,16.3,0.885088861,-0.0616889,0.0600664541
,710008040,-22.91397349123314,-43.156959283969975,187.2,16.3,0.885088861,-0.0616889,0.0600664541
,710008040,-22.91397349123314,-43.156959283969975,187.2,16.3,0.885088861,-0.0616889,0.0600664541
,710008040,-22.91397349123314,-43.156959283969975,187.2,16.3,0.885088861,-0.0616889,0.0600664541
,710008040,-22.91397349123314,-43.156959283969975,187.2,16.3,0.885088861,-0.0616889,0.0600664541
,710008040,-22.91397349123314,-43.156959283969975,187.2,16.3,0.885088861,-0.0616889,0.0600664541
,710008040,-22.91397349123314,-43.156959283969975,187.2,16.3,0.885088861,-0.0616889,0.0600664541
,710008040,-22.91397349123314,-43.156959283969975,187.2,16.3,0.885088861,-0.0616889,0.0600664541
,710008040,-22.91397349123314,-43.156959283969975,187.2,16.3,0.885088861,-0.0616889,0.0600664541
,710008040,-22.91397349123314,-43.156959283969975,187.2,16.3,0.885088861,-0.0616889,0.0600664541
,710008040,-22.91397349123314,-43.156959283969975,187.2,16.3,0.885088861,-0.0616889,0.0600664541
,710008040,-22.91397349123314,-43.156959283969975,187.2,16.3,0.885088861,-0.0616889,0.0600664541
,710008040,-22.91397349123314,-43.156959283969975,187.2,16.3,0.885088861,-0.0616889,0.0600664541
,710008040,-22.91397349123314,-43.156959283969975,187.2,16.3,0.885088861,-0.0616889,0.0600664541
,710008040,-22.91397349123314,-43.156959283969975,187.2,16.3,0.885088861,-0.0616889,0.0600664541
,710008040,-22.91397349123314,-43.156959283969975,187.2,16.3,0.885088861,-0.0616889,0.0600664541
,710008040,-22.91397349123314,-43.156959283969975,187.2,16.3,0.885088861,-0.0616889,0.0600664541
,710008040,-22.91397349123314,-43.156959283969975,187.2,16.3,0.885088861,-0.0616889,0.0600664541
,710008040,-22.91397349123314,-43.156959283969975,187.2,16.3,0.885088861,-0.0616889,0.0600664541
,710008040,-22.91397349123314,-43.156959283969975,187.2,16.3,0.885088861,-0.0616889,0.0600664541
,710008040,-22.91397349123314,-43.156959283969975,187.2,16.3,0.885088861,-0.0616889,0.0600664541
,710008040,-22.91397349123314,-43.156959283969975,187.2,16.3,0.885088861,-0.0616889,0.0600664541
,710008040,-22.91397349123314,-43.156959283969975,187.2,16.3,0.885088861,-0.0616889,0.0600664541
,710008040,-22.91397349123314,-43.156959283969975,187.2,16.3,0.885088861,-0.0616889,0.0600664541
,710008040,-22.91397349123314,-43.156959283969975,187.2,16.3,0.885088861,-0.0616889,0.0600664541
,710008040,-22.91397349123314,-43.156959283969975,187.2,16.3,0.885088861,-0.0616889,0.0600664541
,710008040,-22.91397349123314,-43.156959283969975,187.2,16.3,0.885088861,-0.0616889,0.0600664541
,710008040,-22.91397349123314,-43.156959283969975,187.2,16.3,0.885088861,-0.0616889,0.0600664541
,710008040,-22.91397349123314,-43.156959283969975,187.2,16.3,0.885088861,-0.0616889,0.0600664541
,710008040,-22.91397349123314,-43.156959283969975,187.2,16.3,0.885088861,-0.0616889,0.0600664541
,710008040,-22.91397349123314,-43.156959283969975,187.2,16.3,0.885088861,-0.0616889,0.0600664541
,710008040,-22.91397349123314,-43.156959283969975,187.2,16.3,0.885088861,-0.0616889,0.0600664541
,710008040,-22.91397349123314,-43.156959283969975,187.2,16.3,0.885088861,-0.0616889,0.0600664541
,710008040,-22.91397349123314,-43.156959283969975,187.2,16.3,0.885088861,-0.0616889,0.0600664541
,710008040,-22.91397349123314,-43.156959283969975,187.2,16.3,0.885088861,-0.0616889,0.0600664541
,710008040,-22.91397349123314,-43.156959283969975,187.2,16.3,0.885088861,-0.0616889,0.0600664541
,710008040,-22.91397349123314,-43.156959283969975,187.2,16.3,0.885088861,-0.0616889,0.0600664541
,710008040,-22.91397349123314,-43.156959283969975,187.2,16.3,0.885088861,-0.0616889,0.0600664541
,710008040,-22.91397349123314,-43.156959283969975,187.2,16.3,0.885088861,-0.0616889,0.0600664541
,710008040,-22.91397349123314,-43.156959283969975,187.2,16.3,0.885088861,-0.0616889,0.0600664541
,710008040,-22.91397349123314,-43.156959283969975,187.2,16.3,0.885088861,-0.0616889,0.0600664541
,710008040,-22.91397349123314,-43.156959283969975,187.2,16.3,0.885088861,-0.0616889,0.0600664541
,710008040,-22.914048718010584,-43.156968510800446,187.2,16.3,0.885088861,-0.0616889,0.0600664541
,710008040,-22.914048718010584,-43.156968510800446,187.2,16.3,0.885088861,-0.0616889,0.0600664541
,710008040,-22.914048718010584,-43.156968510800446,187.2,16.3,0.885088861,-0.0616889,0.0600664541
,710008040,-22.914048718010584,-43.156968510800446,187.2,16.3,0.885088861,-0.0616889,0.0600664541
,710008040,-22.914048718010584,-43.156968510800446,187.2,16.3,0.913783371,-0.0538889766,0.0682261586
,710008040,-22.914048718010584,-43.156968510800446,187.2,16.3,0.913783371,-0.0538889766,0.0682261586
,710008040,-22.914048718010584,-43.156968510800446,187.2,16.3,0.913783371,-0.0538889766,0.0682261586
,710008040,-22.914048718010584,-43.156968510800446,187.2,16.3,0.913783371,-0.0538889766,0.0682261586
,710008040,-22.914048718010584,-43.156968510800446,187.2,16.3,0.913783371,-0.0538889766,0.0682261586
,710008040,-22.914048718010584,-43.156968510800446,187.2,16.3,0.913783371,-0.0538889766,0.0682261586
,710008040,-22.914048718010584,-43.156968510800446,187.2,16.3,0.913783371,-0.0538889766,0.0682261586
,710008040,-22.914048718010584,-43.156968510800446,187.2,16.3,0.913783371,-0.0538889766,0.0682261586
,710008040,-22.914048718010584,-43.156968510800446,187.2,16.3,0.913783371,-0.0538889766,0.0682261586
,710008040,-22.914048718010584,-43.156968510800446,187.2,16.3,0.913783371,-0.0538889766,0.0682261586
,710008040,-22.914048718010584,-43.156968510800446,187.2,16.3,0.913783371,-0.0538889766,0.0682261586
,710008040,-22.914048718010584,-43.156968510800446,187.2,16.3,0.913783371,-0.0538889766,0.0682261586
,710008040,-22.914048718010584,-43.156968510800446,187.2,16.3,0.913783371,-0.0538889766,0.0682261586
,710008040,-22.914048718010584,-43.156968510800446,187.2,16.3,0.913783371,-0.0538889766,0.0682261586
,710008040,-22.914048718010584,-43.156968510800446,187.2,16.3,0.913783371,-0.0538889766,0.0682261586
,710008040,-22.914048718010584,-43.156968510800446,187.2,16.3,0.913783371,-0.0538889766,0.0682261586
,710008040,-22.914048718010584,-43.156968510800446,187.2,16.3,0.913783371,-0.0538889766,0.0682261586
,710008040,-22.914048718010584,-43.156968510800446,187.2,16.3,0.913783371,-0.0538889766,0.0682261586
,710008040,-22.914048718010584,-43.156968510800446,187.2,16.3,0.913783371,-0.0538889766,0.0682261586
,710008040,-22.914048718010584,-43.156968510800446,187.2,16.3,0.913783371,-0.0538889766,0.0682261586
,710008040,-22.914048718010584,-43.156968510800446,187.2,16.3,0.913783371,-0.0538889766,0.0682261586
,710008040,-22.914048718010584,-43.156968510800446,187.2,16.3,0.913783371,-0.0538889766,0.0682261586
,710008040,-22.914048718010584,-43.156968510800446,187.2,16.3,0.913783371,-0.0538889766,0.0682261586
,710008040,-22.914048718010584,-43.156968510800446,187.2,16.3,0.913783371,-0.0538889766,0.0682261586
,710008040,-22.914048718010584,-43.156968510800446,187.2,16.3,0.913783371,-0.0538889766,0.0682261586
,710008040,-22.914048718010584,-43.156968510800446,187.2,16.3,0.913783371,-0.0538889766,0.0682261586
,710008040,-22.914048718010584,-43.156968510800446,187.2,16.3,0.913783371,-0.0538889766,0.0682261586
,710008040,-22.914048718010584,-43.156968510800446,187.2,16.3,0.913783371,-0.0538889766,0.0682261586
,710008040,-22.914048718010584,-43.156968510800446,187.2,16.3,0.913783371,-0.0538889766,0.0682261586
,710008040,-22.914048718010584,-43.156968510800446,187.2,16.3,0.913783371,-0.0538889766,0.0682261586
,710008040,-22.914048718010584,-43.156968510800446,187.2,16.3,0.913783371,-0.0538889766,0.0682261586
,710008040,-22.914048718010584,-43.156968510800446,187.2,16.3,0.913783371,-0.0538889766,0.0682261586
,710008040,-22.914048718010584,-43.156968510800446,187.2,16.3,0.913783371,-0.0538889766,0.0682261586
,710008040,-22.914048718010584,-43.156968510800446,187.2,16.3,0.913783371,-0.0538889766,0.0682261586
,710008040,-22.914048718010584,-43.156968510800446,187.2,16.3,0.913783371,-0.0538889766,0.0682261586
,710008040,-22.914048718010584,-43.156968510800446,187.2,16.3,0.913783371,-0.0538889766,0.0682261586
,710008040,-22.914048718010584,-43.156968510800446,187.2,16.3,0.913783371,-0.0538889766,0.0682261586
,710008040,-22.914048718010584,-43.156968510800446,187.2,16.3,0.913783371,-0.0538889766,0.0682261586
,710008040,-22.914048718010584,-43.156968510800446,187.2,16.3,0.913783371,-0.0538889766,0.0682261586
,710008040,-22.914048718010584,-43.156968510800446,187.2,16.3,0.913783371,-0.0538889766,0.0682261586
,710008040,-22.914048718010584,-43.156968510800446,187.2,16.3,0.913783371,-0.0538889766,0.0682261586
,710008040,-22.914048718010584,-43.156968510800446,187.2,16.3,0.913783371,-0.0538889766,0.0682261586
,710008040,-22.914048718010584,-43.156968510800446,187.2,16.3,0.913783371,-0.0538889766,0.0682261586
,710008040,-22.914048718010584,-43.156968510800446,187.2,16.3,0.913783371,-0.0538889766,0.0682261586
,710008040,-22.914048718010584,-43.156968510800446,187.2,16.3,0.913783371,-0.0538889766,0.0682261586
,710008040,-22.914048718010584,-43.156968510800446,187.2,16.3,0.913783371,-0.0538889766,0.0682261586
,710008040,-22.914048718010584,-43.156968510800446,187.2,16.3,0.913783371,-0.0538889766,0.0682261586
,710008040,-22.914048718010584,-43.156968510800446,187.2,16.3,0.913783371,-0.0538889766,0.0682261586
,710008040,-22.914048718010584,-43.156968510800446,187.2,16.3,0.913783371,-0.0538889766,0.0682261586
,710008040,-22.914048718010584,-43.156968510800446,187.2,16.3,0.913783371,-0.0538889766,0.0682261586
,710008040,-22.914048718010584,-43.156968510800446,187.2,16.3,0.913783371,-0.0538889766,0.0682261586
,710008040,-22.914048718010584,-43.156968510800446,187.2,16.3,0.913783371,-0.0538889766,0.0682261586
,710008040,-22.914048718010584,-43.156968510800446,187.2,16.3,0.913783371,-0.0538889766,0.0682261586
,710008040,-22.914048718010584,-43.156968510800446,187.2,16.3,0.913783371,-0.0538889766,0.0682261586
,710008040,-22.914048718010584,-43.156968510800446,187.2,16.3,0.913783371,-0.0538889766,0.0682261586
,710008040,-22.914048718010584,-43.156968510800446,187.2,16.3,0.913783371,-0.0538889766,0.0682261586
,710008040,-22.914048718010584,-43.156968510800446,187.2,16.3,0.913783371,-0.0538889766,0.0682261586
,710008040,-22.914048718010584,-43.156968510800446,187.2,16.3,0.913783371,-0.0538889766,0.0682261586
,710008040,-22.914048718010584,-43.156968510800446,187.2,16.3,0.913783371,-0.0538889766,0.0682261586
,710008040,-22.914048718010584,-43.156968510800446,187.2,16.3,0.913783371,-0.0538889766,0.0682261586
,710008040,-22.914123944787487,-43.156977737637995,187.2,16.3,0.913783371,-0.0538889766,0.0682261586
,710008040,-22.914123944787487,-43.156977737637995,187.2,16.3,0.913783371,-0.0538889766,0.0682261586
,710008040,-22.914123944787487,-43.156977737637995,187.2,16.3,0.913783371,-0.0538889766,0.0682261586
,710008040,-22.914123944787487,-43.156977737637995,187.2,16.3,0.913783371,-0.0538889766,0.0682261586
,710008040,-22.914123944787487,-43.156977737637995,187.2,16.3,0.913783371,-0.0538889766,0.0682261586
,710008040,-22.914123944787487,-43.156977737637995,187.2,16.3,0.913783371,-0.0538889766,0.0682261586
,710008040,-22.914123944787487,-43.156977737637995,187.2,16.3,0.913783371,-0.0538889766,0.0682261586
,710008040,-22.914123944787487,-43.156977737637995,187.2,16.3,0.913783371,-0.0538889766,0.0682261586
,710008040,-22.914123944787487,-43.156977737637995,187.2,16.3,0.913783371,-0.0538889766,0.0682261586
,710008040,-22.914123944787487,-43.156977737637995,187.2,16.3,0.913783371,-0.0538889766,0.0682261586
,710008040,-22.914123944787487,-43.156977737637995,187.2,16.3,0.913783371,-0.0538889766,0.0682261586
,710008040,-22.914123944787487,-43.156977737637995,187.2,16.3,0.913783371,-0.0538889766,0.0682261586
,710008040,-22.914123944787487,-43.156977737637995,187.2,16.3,0.913783371,-0.0538889766,0.0682261586
,710008040,-22.914123944787487,-43.156977737637995,187.2,16.3,0.913783371,-0.0538889766,0.0682261586
,710008040,-22.914123944787487,-43.156977737637995,187.2,16.3,0.913783371,-0.0538889766,0.0682261586
,710008040,-22.914123944787487,-43.156977737637995,187.2,16.3,0.913783371,-0.0538889766,0.0682261586
,710008040,-22.914123944787487,-43.156977737637995,187.2,16.3,0.913783371,-0.0538889766,0.0682261586
,710008040,-22.914123944787487,-43.156977737637995,187.2,16.3,0.913783371,-0.0538889766,0.0682261586
,710008040,-22.914123944787487,-43.156977737637995,187.2,16.3,0.913783371,-0.0538889766,0.0682261586
,710008040,-22.914123944787487,-43.156977737637995,187.2,16.3,0.913783371,-0.0538889766,0.0682261586
,710008040,-22.913856291028797,-43.15695155754493,187.2,16.3,0.913783371,-0.0538889766,0.0682261586
,710008040,-22.913856291028797,-43.15695155754493,187.2,16.3,0.913783371,-0.0538889766,0.0682261586
,710008040,-22.913856291028797,-43.15695155754493,187.2,16.3,0.913783371,-0.0538889766,0.0682261586
,710008040,-22.913856291028797,-43.15695155754493,187.2,16.3,0.913783371,-0.0538889766,0.0682261586
,710008040,-22.913856291028797,-43.15695155754493,187.2,16.3,0.913783371,-0.0538889766,0.0682261586
,710008040,-22.913856291028797,-43.15695155754493,187.2,16.3,0.913783371,-0.0538889766,0.0682261586
,710008040,-22.913856291028797,-43.15695155754493,187.2,16.3,0.913783371,-0.0538889766,0.0682261586
,710008040,-22.913856291028797,-43.15695155754493,187.2,16.3,0.913783371,-0.0538889766,0.0682261586
,710008040,-22.913856291028797,-43.15695155754493,187.2,16.3,0.913783371,-0.0538889766,0.0682261586
,710008040,-22.913856291028797,-43.15695155754493,187.2,16.3,0.913783371,-0.0538889766,0.0682261586
,710008040,-22.913856291028797,-43.15695155754493,187.2,16.3,0.913783371,-0.0538889766,0.0682261586
,710008040,-22.913856291028797,-43.15695155754493,187.2,16.3,0.913783371,-0.0538889766,0.0682261586
,710008040,-22.913856291028797,-43.15695155754493,187.2,16.3,0.913783371,-0.0538889766,0.0682261586
,710008040,-22.913856291028797,-43.15695155754493,187.2,16.3,0.913783371,-0.0538889766,0.0682261586
,710008040,-22.913856291028797,-43.15695155754493,187.2,16.3,0.913783371,-0.0538889766,0.0682261586
,710008040,-22.913856291028797,-43.15695155754493,187.2,16.3,0.913783371,-0.0538889766,0.0682261586
,710008040,-22.913856291028797,-43.15695155754493,187.2,16.3,0.913783371,-0.0538889766,0.0682261586
,710008040,-22.913856291028797,-43.15695155754493,187.2,16.3,0.913783371,-0.0538889766,0.0682261586
,710008040,-22.913856291028797,-43.15695155754493,187.2,16.3,0.913783371,-0.0538889766,0.0682261586
,710008040,-22.913856291028797,-43.15695155754493,187.2,16.3,0.913783371,-0.0538889766,0.0682261586
,710008040,-22.913856291028797,-43.15695155754493,187.2,16.3,0.913783371,-0.0538889766,0.0682261586
,710008040,-22.913856291028797,-43.15695155754493,187.2,16.3,0.913783371,-0.0538889766,0.0682261586
,710008040,-22.913856291028797,-43.15695155754493,187.2,16.3,0.913783371,-0.0538889766,0.0682261586
,710008040,-22.913856291028797,-43.15695155754493,187.2,16.3,0.913783371,-0.0538889766,0.0682261586
,710008040,-22.913856291028797,-43.15695155754493,187.2,16.3,0.913783371,-0.0538889766,0.0682261586
,710008040,-22.913856291028797,-43.15695155754493,187.2,16.3,0.913783371,-0.0538889766,0.0682261586
,710008040,-22.913856291028797,-43.15695155754493,187.2,16.3,0.913783371,-0.0538889766,0.0682261586
,710008040,-22.913856291028797,-43.15695155754493,187.2,16.3,0.913783371,-0.0538889766,0.0682261586
,710008040,-22.913856291028797,-43.15695155754493,187.2,16.3,0.913783371,-0.0538889766,0.0682261586
,710008040,-22.913856291028797,-43.15695155754493,187.2,16.3,0.913783371,-0.0538889766,0.0682261586
,710008040,-22.913856291028797,-43.15695155754493,187.2,16.3,0.913783371,-0.0538889766,0.0682261586
,710008040,-22.913856291028797,-43.15695155754493,187.2,16.3,0.913783371,-0.0538889766,0.0682261586
,710008040,-22.913931517806947,-43.15696078436808,187.2,16.3,0.913783371,-0.0538889766,0.0682261586
,710008040,-22.913931517806947,-43.15696078436808,187.2,16.3,0.913783371,-0.0538889766,0.0682261586
,710008040,-22.913931517806947,-43.15696078436808,187.2,16.3,0.913783371,-0.0538889766,0.0682261586
,710008040,-22.913931517806947,-43.15696078436808,187.2,16.3,0.913783371,-0.0538889766,0.0682261586
,710008040,-22.913931517806947,-43.15696078436808,187.2,16.3,0.913783371,-0.0538889766,0.0682261586
,710008040,-22.913931517806947,-43.15696078436808,187.2,16.3,0.913783371,-0.0538889766,0.0682261586
,710008040,-22.913931517806947,-43.15696078436808,187.2,16.3,0.913783371,-0.0538889766,0.0682261586
,710008040,-22.913931517806947,-43.15696078436808,187.2,16.3,0.913783371,-0.0538889766,0.0682261586
,710008040,-22.913931517806947,-43.15696078436808,187.2,16.3,0.909627795,-0.0554779172,0.0665529072
,710008040,-22.913931517806947,-43.15696078436808,187.2,16.3,0.909627795,-0.0554779172,0.0665529072
,710008040,-22.913931517806947,-43.15696078436808,187.2,16.3,0.909627795,-0.0554779172,0.0665529072
,710008040,-22.913931517806947,-43.15696078436808,187.2,16.3,0.909627795,-0.0554779172,0.0665529072
,710008040,-22.913931517806947,-43.15696078436808,187.2,16.3,0.909627795,-0.0554779172,0.0663732961
,710008040,-22.913931517806947,-43.15696078436808,187.2,16.3,0.909627795,-0.0554779172,0.0663732961
,710008040,-22.913931517806947,-43.15696078436808,187.2,16.3,0.909627795,-0.0554779172,0.0663732961
,710008040,-22.913931517806947,-43.15696078436808,187.2,16.3,0.909627795,-0.0554779172,0.0663732961
,710008040,-22.913931517806947,-43.15696078436808,187.2,16.3,0.909627795,-0.0554779172,0.0663732961
,710008040,-22.913931517806947,-43.15696078436808,187.2,16.3,0.909627795,-0.0554779172,0.0663732961
,710008040,-22.913931517806947,-43.15696078436808,187.2,16.3,0.909627795,-0.0554779172,0.0663732961
,710008040,-22.913931517806947,-43.15696078436808,187.2,16.3,0.909627795,-0.0554779172,0.0663732961
,710008040,-22.913931517806947,-43.15696078436808,187.2,16.3,0.909627795,-0.0554779172,0.0663732961
,710008040,-22.913931517806947,-43.15696078436808,187.2,16.3,0.909627795,-0.0554779172,0.0663732961
,710008040,-22.913931517806947,-43.15696078436808,187.2,16.3,0.909627795,-0.0554779172,0.0663732961
,710008040,-22.913931517806947,-43.15696078436808,187.2,16.3,0.909627795,-0.0554779172,0.0663732961
,710008040,-22.913931517806947,-43.15696078436808,187.2,16.3,0.909627795,-0.0554779172,0.0663732961
,710008040,-22.913931517806947,-43.15696078436808,187.2,16.3,0.909627795,-0.0554779172,0.0663732961
,710008040,-22.91400674458456,-43.15697001119831,187.2,16.3,0.909627795,-0.0554779172,0.0663732961
,710008040,-22.91400674458456,-43.15697001119831,187.2,16.3,0.909627795,-0.0554779172,0.0663732961
,710008040,-22.91400674458456,-43.15697001119831,187.2,16.3,0.909627795,-0.0554779172,0.0663732961
,710008040,-22.91400674458456,-43.15697001119831,187.2,16.3,0.909627795,-0.0554779172,0.0663732961
,710008040,-22.91400674458456,-43.15697001119831,187.2,16.3,0.909627795,-0.0554779172,0.0663732961
,710008040,-22.91400674458456,-43.15697001119831,187.2,16.3,0.909627795,-0.0554779172,0.0663732961
,710008040,-22.91400674458456,-43.15697001119831,187.2,16.3,0.909627795,-0.0554779172,0.0663732961
,710008040,-22.91400674458456,-43.15697001119831,187.2,16.3,0.909627795,-0.0554779172,0.0663732961
,710008040,-22.91400674458456,-43.15697001119831,187.2,16.3,0.909627795,-0.0554779172,0.0663732961
,710008040,-22.91400674458456,-43.15697001119831,187.2,16.3,0.909627795,-0.0554779172,0.0663732961
,710008040,-22.91400674458456,-43.15697001119831,187.2,16.3,0.909627795,-0.0554779172,0.0663732961
,710008040,-22.91400674458456,-43.15697001119831,187.2,16.3,0.909627795,-0.0554779172,0.0663732961
,710008040,-22.91400674458456,-43.15697001119831,187.2,16.3,0.909627795,-0.0554779172,0.0663732961
,710008040,-22.91400674458456,-43.15697001119831,187.2,16.3,0.909627795,-0.0554779172,0.0663732961
,710008040,-22.91400674458456,-43.15697001119831,187.2,16.3,0.909627795,-0.0554779172,0.0663732961
,710008040,-22.91400674458456,-43.15697001119831,187.2,16.3,0.909627795,-0.0554779172,0.0663732961
,710008040,-22.91400674458456,-43.15697001119831,187.2,16.3,0.909627795,-0.0554779172,0.0663732961
,710008040,-22.91400674458456,-43.15697001119831,187.2,16.3,0.909627795,-0.0554779172,0.0663732961
,710008040,-22.91400674458456,-43.15697001119831,187.2,16.3,0.909627795,-0.0554779172,0.0663732961
,710008040,-22.91400674458456,-43.15697001119831,187.2,16.3,0.909627795,-0.0554779172,0.0663732961
,710008040,-22.91400674458456,-43.15697001119831,187.2,16.3,0.909627795,-0.0554779172,0.0663732961
,710008040,-22.91400674458456,-43.15697001119831,187.2,16.3,0.909627795,-0.0554779172,0.0663732961
,710008040,-22.91400674458456,-43.15697001119831,187.2,16.3,0.909627795,-0.0554779172,0.0663732961
,710008040,-22.91400674458456,-43.15697001119831,187.2,16.3,0.909627795,-0.0554779172,0.0663732961
,710008040,-22.91400674458456,-43.15697001119831,187.2,16.3,0.909627795,-0.0554779172,0.0663732961
,710008040,-22.91400674458456,-43.15697001119831,187.2,16.3,0.909627795,-0.0554779172,0.0663732961
,710008040,-22.91400674458456,-43.15697001119831,187.2,16.3,0.909627795,-0.0554779172,0.0663732961
,710008040,-22.91400674458456,-43.15697001119831,187.2,16.3,0.909627795,-0.0554779172,0.0663732961
,710008040,-22.91400674458456,-43.15697001119831,187.2,16.3,0.909627795,-0.0554779172,0.0663732961
,710008040,-22.91400674458456,-43.15697001119831,187.2,16.3,0.909627795,-0.0554779172,0.0663732961
,710008040,-22.91400674458456,-43.15697001119831,187.2,16.3,0.909627795,-0.0554779172,0.0663732961
,710008040,-22.91400674458456,-43.15697001119831,187.2,16.3,0.909627795,-0.0554779172,0.0663732961
,710008040,-22.91400674458456,-43.15697001119831,187.2,16.3,0.909627795,-0.0554779172,0.0663732961
,710008040,-22.91400674458456,-43.15697001119831,187.2,16.3,0.909627795,-0.0554779172,0.0663732961
,710008040,-22.91400674458456,-43.15697001119831,187.2,16.3,0.909627795,-0.0554779172,0.0663732961
,710008040,-22.91400674458456,-43.15697001119831,187.2,16.3,0.909627795,-0.0554779172,0.0663732961
,710008040,-22.91400674458456,-43.15697001119831,187.2,16.3,0.909627795,-0.0554779172,0.0663732961
,710008040,-22.91400674458456,-43.15697001119831,187.2,16.3,0.909627795,-0.0554779172,0.0663732961
,710008040,-22.91400674458456,-43.15697001119831,187.2,16.3,0.909627795,-0.0554779172,0.0663732961
,710008040,-22.91400674458456,-43.15697001119831,187.2,16.3,0.909627795,-0.0554779172,0.0663732961
,710008040,-22.91400674458456,-43.15697001119831,187.2,16.3,0.909627795,-0.0554779172,0.0663732961
,710008040,-22.91400674458456,-43.15697001119831,187.2,16.3,0.909627795,-0.0554779172,0.0663732961
,710008040,-22.91400674458456,-43.15697001119831,187.2,16.3,0.909627795,-0.0554779172,0.0663732961
,710008040,-22.91400674458456,-43.15697001119831,187.2,16.3,0.909627795,-0.0554779172,0.0663732961
,710008040,-22.91400674458456,-43.15697001119831,187.2,16.3,0.909627795,-0.0554779172,0.0663732961
,710008040,-22.91400674458456,-43.15697001119831,187.2,16.3,0.909627795,-0.0554779172,0.0663732961
,710008040,-22.91400674458456,-43.15697001119831,187.2,16.3,0.909627795,-0.0554779172,0.0663732961
,710008040,-22.91408197136162,-43.15697923803561,187.2,16.3,0.909627795,-0.0554779172,0.0663732961
,710008040,-22.91408197136162,-43.15697923803561,187.2,16.3,0.909627795,-0.0554779172,0.0663732961
,710008040,-22.91408197136162,-43.15697923803561,187.2,16.3,0.909627795,-0.0554779172,0.0663732961
,710008040,-22.91408197136162,-43.15697923803561,187.2,16.3,0.909627795,-0.0554779172,0.0663732961
,710008040,-22.91408197136162,-43.15697923803561,187.2,16.3,0.909627795,-0.0554779172,0.0663732961
,710008040,-22.91408197136162,-43.15697923803561,187.2,16.3,0.909627795,-0.0554779172,0.0663732961
,710008040,-22.91408197136162,-43.15697923803561,187.2,16.3,0.909627795,-0.0554779172,0.0663732961
,710008040,-22.91408197136162,-43.15697923803561,187.2,16.3,0.909627795,-0.0554779172,0.0663732961
,710008040,-22.91408197136162,-43.15697923803561,187.2,16.3,0.909627795,-0.0554779172,0.0663732961
,710008040,-22.91408197136162,-43.15697923803561,187.2,16.3,0.909627795,-0.0554779172,0.0663732961
,710008040,-22.91408197136162,-43.15697923803561,187.2,16.3,0.909627795,-0.0554779172,0.0663732961
,710008040,-22.91408197136162,-43.15697923803561,187.2,16.3,0.909627795,-0.0554779172,0.0663732961
,710008040,-22.91408197136162,-43.15697923803561,187.2,16.3,0.909627795,-0.0554779172,0.0663732961
,710008040,-22.91408197136162,-43.15697923803561,187.2,16.3,0.909627795,-0.0554779172,0.0663732961
,710008040,-22.91408197136162,-43.15697923803561,187.2,16.3,0.909627795,-0.0554779172,0.0663732961
,710008040,-22.91408197136162,-43.15697923803561,187.2,16.3,0.909627795,-0.0554779172,0.0663732961
,710008040,-22.91408197136162,-43.15697923803561,187.2,16.3,0.909627795,-0.0554779172,0.0663732961
,710008040,-22.91408197136162,-43.15697923803561,187.2,16.3,0.909627795,-0.0554779172,0.0663732961
,710008040,-22.91408197136162,-43.15697923803561,187.2,16.3,0.909627795,-0.0554779172,0.0663732961
,710008040,-22.91408197136162,-43.15697923803561,187.2,16.3,0.909627795,-0.0554779172,0.0663732961
,710008040,-22.91408197136162,-43.15697923803561,187.2,16.3,0.909627795,-0.0554779172,0.0663732961
,710008040,-22.91408197136162,-43.15697923803561,187.2,16.3,0.909627795,-0.0554779172,0.0663732961
,710008040,-22.91408197136162,-43.15697923803561,187.2,16.3,0.909627795,-0.0554779172,0.0663732961
,710008040,-22.91408197136162,-43.15697923803561,187.2,16.3,0.909627795,-0.0554779172,0.0663732961
,710008040,-22.91408197136162,-43.15697923803561,187.2,16.3,0.909627795,-0.0554779172,0.0663732961
,710008040,-22.91408197136162,-43.15697923803561,187.2,16.3,0.909627795,-0.0554779172,0.0663732961
,710008040,-22.91408197136162,-43.15697923803561,187.2,16.3,0.909627795,-0.0554779172,0.0663732961
,710008040,-22.91408197136162,-43.15697923803561,187.2,16.3,0.909627795,-0.0554779172,0.0663732961
,710008040,-22.91408197136162,-43.15697923803561,187.2,16.3,0.909627795,-0.0554779172,0.0663732961
,710008040,-22.91408197136162,-43.15697923803561,187.2,16.3,0.909627795,-0.0554779172,0.0663732961
,710008040,-22.91408197136162,-43.15697923803561,187.2,16.3,0.909627795,-0.0554779172,0.0663732961
,710008040,-22.91408197136162,-43.15697923803561,187.2,16.3,0.909627795,-0.0554779172,0.0663732961
,710008040,-22.91408197136162,-43.15697923803561,187.2,16.3,0.909627795,-0.0554779172,0.0663732961
,710008040,-22.91408197136162,-43.15697923803561,187.2,16.3,0.909627795,-0.0554779172,0.0663732961
,710008040,-22.91415719813813,-43.15698846487999,187.2,16.3,0.909627795,-0.0554779172,0.0663732961
,710008040,-22.91415719813813,-43.15698846487999,187.2,16.3,0.909627795,-0.0554779172,0.0663732961
,710008040,-22.91415719813813,-43.15698846487999,187.2,16.3,0.909627795,-0.0554779172,0.0663732961
,710008040,-22.91415719813813,-43.15698846487999,187.2,16.3,0.909627795,-0.0554779172,0.0663732961
,710008040,-22.91415719813813,-43.15698846487999,187.2,16.3,0.909627795,-0.0554779172,0.0663732961
,710008040,-22.91415719813813,-43.15698846487999,187.2,16.3,0.909627795,-0.0554779172,0.0663732961
,710008040,-22.91415719813813,-43.15698846487999,187.2,16.3,0.909627795,-0.0554779172,0.0663732961
,710008040,-22.91415719813813,-43.15698846487999,187.2,16.3,0.909627795,-0.0554779172,0.0663732961
,710008040,-22.91415719813813,-43.15698846487999,187.2,16.3,0.909627795,-0.0554779172,0.0663732961
,710008040,-22.91415719813813,-43.15698846487999,187.2,16.3,0.909627795,-0.0554779172,0.0663732961
,710008040,-22.91415719813813,-43.15698846487999,187.2,16.3,0.909627795,-0.0554779172,0.0663732961
,710008040,-22.91415719813813,-43.15698846487999,187.2,16.3,0.909627795,-0.0554779172,0.0663732961
,710008040,-22.91415719813813,-43.15698846487999,187.2,16.3,0.909627795,-0.0554779172,0.0663732961
,710008040,-22.91415719813813,-43.15698846487999,187.2,16.3,0.909627795,-0.0554779172,0.0663732961
,710008040,-22.91415719813813,-43.15698846487999,187.2,16.3,0.909627795,-0.0554779172,0.0663732961
,710008040,-22.91415719813813,-43.15698846487999,187.2,16.3,0.909627795,-0.0554779172,0.0663732961
,710008040,-22.91415719813813,-43.15698846487999,187.2,16.3,0.909627795,-0.0554779172,0.0663732961
,710008040,-22.91415719813813,-43.15698846487999,187.2,16.3,0.909627795,-0.0554779172,0.0663732961
,710008040,-22.91415719813813,-43.15698846487999,187.2,16.3,0.909627795,-0.0554779172,0.0663732961
,710008040,-22.91415719813813,-43.15698846487999,187.2,16.3,0.909627795,-0.0554779172,0.0663732961
,710008040,-22.91415719813813,-43.15698846487999,187.2,16.3,0.934594452,-0.0481445193,0.0755216405
,710008040,-22.91415719813813,-43.15698846487999,187.2,16.3,0.934594452,-0.0481445193,0.0755216405
,710008040,-22.91415719813813,-43.15698846487999,187.2,16.3,0.934594452,-0.0481445193,0.0755216405
,710008040,-22.91415719813813,-43.15698846487999,187.2,16.3,0.934594452,-0.0481445193,0.0752296373
,710008040,-22.91415719813813,-43.15698846487999,187.2,16.3,0.934594452,-0.0481445193,0.0752296373
,710008040,-22.91415719813813,-43.15698846487999,187.2,16.3,0.934594452,-0.0481445193,0.0752296373
,710008040,-22.91415719813813,-43.15698846487999,187.2,16.3,0.934594452,-0.0481445193,0.0752296373
,710008040,-22.91415719813813,-43.15698846487999,187.2,16.3,0.934594452,-0.0481445193,0.0752296373
,710008040,-22.91415719813813,-43.15698846487999,187.2,16.3,0.934594452,-0.0481445193,0.0752296373
,710008040,-22.91415719813813,-43.15698846487999,187.2,16.3,0.934594452,-0.0481445193,0.0752296373
,710008040,-22.91415719813813,-43.15698846487999,187.2,16.3,0.934594452,-0.0481445193,0.0752296373
,710008040,-22.91415719813813,-43.15698846487999,187.2,16.3,0.934594452,-0.0481445193,0.0752296373
,710008040,-22.91415719813813,-43.15698846487999,187.2,16.3,0.934594452,-0.0481445193,0.0752296373
,710008040,-22.91415719813813,-43.15698846487999,187.2,16.3,0.934594452,-0.0481445193,0.0752296373
,710008040,-22.91415719813813,-43.15698846487999,187.2,16.3,0.934594452,-0.0481445193,0.0752296373
,710008040,-22.91415719813813,-43.15698846487999,187.2,16.3,0.934594452,-0.0481445193,0.0752296373
,710008040,-22.91415719813813,-43.15698846487999,187.2,16.3,0.934594452,-0.0481445193,0.0752296373
,710008040,-22.91415719813813,-43.15698846487999,187.2,16.3,0.934594452,-0.0481445193,0.0752296373
,710008040,-22.91415719813813,-43.15698846487999,187.2,16.3,0.934594452,-0.0481445193,0.0752296373
,710008040,-22.91415719813813,-43.15698846487999,187.2,16.3,0.934594452,-0.0481445193,0.0752296373
,710008040,-22.91415719813813,-43.15698846487999,187.2,16.3,0.934594452,-0.0481445193,0.0752296373
,710008040,-22.91415719813813,-43.15698846487999,187.2,16.3,0.934594452,-0.0481445193,0.0752296373
,710008040,-22.91415719813813,-43.15698846487999,187.2,16.3,0.934594452,-0.0481445193,0.0752296373
,710008040,-22.91415719813813,-43.15698846487999,187.2,16.3,0.934594452,-0.0481445193,0.0752296373
,710008040,-22.91415719813813,-43.15698846487999,187.2,16.3,0.934594452,-0.0481445193,0.0752296373
,710008040,-22.91415719813813,-43.15698846487999,187.2,16.3,0.934594452,-0.0481445193,0.0752296373
,710008040,-22.91415719813813,-43.15698846487999,187.2,16.3,0.934594452,-0.0481445193,0.0752296373
,710008040,-22.91415719813813,-43.15698846487999,187.2,16.3,0.934594452,-0.0481445193,0.0752296373
,710008040,-22.91415719813813,-43.15698846487999,187.2,16.3,0.934594452,-0.0481445193,0.0752296373
,710008040,-22.91415719813813,-43.15698846487999,187.2,16.3,0.934594452,-0.0481445193,0.0752296373
,710008040,-22.914232424914104,-43.156997691731426,187.2,16.3,0.934594452,-0.0481445193,0.0752296373
,710008040,-22.914232424914104,-43.156997691731426,187.2,16.3,0.934594452,-0.0481445193,0.0752296373
,710008040,-22.914232424914104,-43.156997691731426,187.2,16.3,0.934594452,-0.0481445193,0.0752296373
,710008040,-22.914232424914104,-43.156997691731426,187.2,16.3,0.934594452,-0.0481445193,0.0752296373
,710008040,-22.914232424914104,-43.156997691731426,187.2,16.3,0.934594452,-0.0481445193,0.0752296373
,710008040,-22.914232424914104,-43.156997691731426,187.2,16.3,0.934594452,-0.0481445193,0.0752296373
,710008040,-22.914232424914104,-43.156997691731426,187.2,16.3,0.934594452,-0.0481445193,0.0752296373
,710008040,-22.914232424914104,-43.156997691731426,187.2,16.3,0.934594452,-0.0481445193,0.0752296373
,710008040,-22.914232424914104,-43.156997691731426,187.2,16.3,0.934594452,-0.0481445193,0.0752296373
,710008040,-22.914232424914104,-43.156997691731426,187.2,16.3,0.934594452,-0.0481445193,0.0752296373
,710008040,-22.914232424914104,-43.156997691731426,187.2,16.3,0.934594452,-0.0481445193,0.0752296373
,710008040,-22.914232424914104,-43.156997691731426,187.2,16.3,0.934594452,-0.0481445193,0.0752296373
,710008040,-22.914232424914104,-43.156997691731426,187.2,16.3,0.934594452,-0.0481445193,0.0752296373
,710008040,-22.914232424914104,-43.156997691731426,187.2,16.3,0.934594452,-0.0481445193,0.0752296373
,710008040,-22.914232424914104,-43.156997691731426,187.2,16.3,0.934594452,-0.0481445193,0.0752296373
,710008040,-22.914232424914104,-43.156997691731426,187.2,16.3,0.934594452,-0.0481445193,0.0752296373
,710008040,-22.914232424914104,-43.156997691731426,187.2,16.3,0.934594452,-0.0481445193,0.0752296373
,710008040,-22.914232424914104,-43.156997691731426,187.2,16.3,0.934594452,-0.0481445193,0.0752296373
,710008040,-22.914232424914104,-43.156997691731426,187.2,16.3,0.934594452,-0.0481445193,0.0752296373
,710008040,-22.914232424914104,-43.156997691731426,187.2,16.3,0.934594452,-0.0481445193,0.0752296373
,710008040,-22.914232424914104,-43.156997691731426,187.2,16.3,0.934594452,-0.0481445193,0.0752296373
,710008040,-22.914232424914104,-43.156997691731426,187.2,16.3,0.934594452,-0.0481445193,0.0752296373
,710008040,-22.914232424914104,-43.156997691731426,187.2,16.3,0.934594452,-0.0481445193,0.0752296373
,710008040,-22.914232424914104,-43.156997691731426,187.2,16.3,0.934594452,-0.0481445193,0.0752296373
,710008040,-22.914232424914104,-43.156997691731426,187.2,16.3,0.934594452,-0.0481445193,0.0752296373
,710008040,-22.914232424914104,-43.156997691731426,187.2,16.3,0.934594452,-0.0481445193,0.0752296373
,710008040,-22.914232424914104,-43.156997691731426,187.2,16.3,0.934594452,-0.0481445193,0.0752296373
,710008040,-22.914232424914104,-43.156997691731426,187.2,16.3,0.934594452,-0.0481445193,0.0752296373
,710008040,-22.914232424914104,-43.156997691731426,187.2,16.3,0.934594452,-0.0481445193,0.0752296373
,710008040,-22.914232424914104,-43.156997691731426,187.2,16.3,0.934594452,-0.0481445193,0.0752296373
,710008040,-22.914232424914104,-43.156997691731426,187.2,16.3,0.934594452,-0.0481445193,0.0752296373
,710008040,-22.914232424914104,-43.156997691731426,187.2,16.3,0.934594452,-0.0481445193,0.0752296373
,710008040,-22.914232424914104,-43.156997691731426,187.2,16.3,0.934594452,-0.0481445193,0.0752296373
,710008040,-22.914232424914104,-43.156997691731426,187.2,16.3,0.934594452,-0.0481445193,0.0752296373
,710008040,-22.914232424914104,-43.156997691731426,187.2,16.3,0.934594452,-0.0481445193,0.0752296373
,710008040,-22.914232424914104,-43.156997691731426,187.2,16.3,0.934594452,-0.0481445193,0.0752296373
,710008040,-22.914232424914104,-43.156997691731426,187.2,16.3,0.934594452,-0.0481445193,0.0752296373
,710008040,-22.914232424914104,-43.156997691731426,187.2,16.3,0.934594452,-0.0481445193,0.0752296373
,710008040,-22.914232424914104,-43.156997691731426,187.2,16.3,0.934594452,-0.0481445193,0.0752296373
,710008040,-22.914232424914104,-43.156997691731426,187.2,16.3,0.934594452,-0.0481445193,0.0752296373
,710008040,-22.914232424914104,-43.156997691731426,187.2,16.3,0.934594452,-0.0481445193,0.0752296373
,710008040,-22.914232424914104,-43.156997691731426,187.2,16.3,0.934594452,-0.0481445193,0.0752296373
,710008040,-22.914232424914104,-43.156997691731426,187.2,16.3,0.934594452,-0.0481445193,0.0752296373
,710008040,-22.91445810523873,-43.157025372328214,187.2,16.3,0.934594452,-0.0481445193,0.0752296373
,710008040,-22.91445810523873,-43.157025372328214,187.2,16.3,0.934594452,-0.0481445193,0.0752296373
,710008040,-22.91445810523873,-43.157025372328214,187.2,16.3,0.934594452,-0.0481445193,0.0752296373
,710008040,-22.91445810523873,-43.157025372328214,187.2,16.3,0.934594452,-0.0481445193,0.0752296373
,710008040,-22.91445810523873,-43.157025372328214,187.2,16.3,0.934594452,-0.0481445193,0.0752296373
,710008040,-22.91445810523873,-43.157025372328214,187.2,16.3,0.934594452,-0.0481445193,0.0752296373
,710008040,-22.91445810523873,-43.157025372328214,187.2,16.3,0.934594452,-0.0481445193,0.0752296373
,710008040,-22.91445810523873,-43.157025372328214,187.2,16.3,0.934594452,-0.0481445193,0.0752296373
,710008040,-22.91445810523873,-43.157025372328214,187.2,16.3,0.934594452,-0.0481445193,0.0752296373
,710008040,-22.91445810523873,-43.157025372328214,187.2,16.3,0.934594452,-0.0481445193,0.0752296373
,710008040,-22.91445810523873,-43.157025372328214,187.2,16.3,0.934594452,-0.0481445193,0.0752296373
,710008040,-22.91445810523873,-43.157025372328214,187.2,16.3,0.934594452,-0.0481445193,0.0752296373
,710008040,-22.91445810523873,-43.157025372328214,187.2,16.3,0.934594452,-0.0481445193,0.0752296373
,710008040,-22.91445810523873,-43.157025372328214,187.2,16.3,0.934594452,-0.0481445193,0.0752296373
,710008040,-22.91445810523873,-43.157025372328214,187.2,16.3,0.934594452,-0.0481445193,0.0752296373
,710008040,-22.91445810523873,-43.157025372328214,187.2,16.3,0.934594452,-0.0481445193,0.0752296373
,710008040,-22.91445810523873,-43.157025372328214,187.2,16.3,0.934594452,-0.0481445193,0.0752296373
,710008040,-22.91445810523873,-43.157025372328214,187.2,16.3,0.934594452,-0.0481445193,0.0752296373
,710008040,-22.91445810523873,-43.157025372328214,187.2,16.3,0.934594452,-0.0481445193,0.0752296373
,710008040,-22.91445810523873,-43.157025372328214,187.2,16.3,0.934594452,-0.0481445193,0.0752296373
,710008040,-22.91445810523873,-43.157025372328214,187.2,16.3,0.934594452,-0.0481445193,0.0752296373
,710008040,-22.91445810523873,-43.157025372328214,187.2,16.3,0.934594452,-0.0481445193,0.0752296373
,710008040,-22.91445810523873,-43.157025372328214,187.2,16.3,0.934594452,-0.0481445193,0.0752296373
,710008040,-22.91445810523873,-43.157025372328214,187.2,16.3,0.934594452,-0.0481445193,0.0752296373
,710008040,-22.91445810523873,-43.157025372328214,187.2,16.3,0.934594452,-0.0481445193,0.0752296373
,710008040,-22.91445810523873,-43.157025372328214,187.2,16.3,0.934594452,-0.0481445193,0.0752296373
,710008040,-22.91445810523873,-43.157025372328214,187.2,16.3,0.934594452,-0.0481445193,0.0752296373
,710008040,-22.91445810523873,-43.157025372328214,187.2,16.3,0.934594452,-0.0481445193,0.0752296373
,710008040,-22.914756283873206,-43.157074292335324,187.2,16.3,0.934594452,-0.0481445193,0.0752296373
,710008040,-22.914756283873206,-43.157074292335324,187.2,16.3,0.934594452,-0.0481445193,0.0752296373
,710008040,-22.914756283873206,-43.157074292335324,187.2,16.3,0.934594452,-0.0481445193,0.0752296373
,710008040,-22.914756283873206,-43.157074292335324,187.2,16.3,0.934594452,-0.0481445193,0.0752296373
,710008040,-22.914756283873206,-43.157074292335324,187.2,16.3,0.973605514,-0.0356445312,0.0952868536
,710008040,-22.914756283873206,-43.157074292335324,187.2,16.3,0.973605514,-0.0356445312,0.0952868536
,710008040,-22.914756283873206,-43.157074292335324,187.2,16.3,0.973605514,-0.0356445312,0.0952868536
,710008040,-22.914756283873206,-43.157074292335324,187.2,16.3,0.973605514,-0.0356445312,0.0952868536
,710008040,-22.914756283873206,-43.157074292335324,187.2,16.3,0.973605514,-0.0356445312,0.0952868536
,710008040,-22.914756283873206,-43.157074292335324,187.2,16.3,0.973605514,-0.0356445312,0.0952868536
,710008040,-22.914756283873206,-43.157074292335324,187.2,16.3,0.973605514,-0.0356445312,0.0952868536
,710008040,-22.914756283873206,-43.157074292335324,187.2,16.3,0.973605514,-0.0356445312,0.0952868536
,710008040,-22.914756283873206,-43.157074292335324,187.2,16.3,0.973605514,-0.0356445312,0.0952868536
,710008040,-22.914756283873206,-43.157074292335324,187.2,16.3,0.973605514,-0.0356445312,0.0952868536
,710008040,-22.914756283873206,-43.157074292335324,187.2,16.3,0.973605514,-0.0356445312,0.0952868536
,710008040,-22.914756283873206,-43.157074292335324,187.2,16.3,0.973605514,-0.0356445312,0.0952868536
,710008040,-22.914756283873206,-43.157074292335324,187.2,16.3,0.973605514,-0.0356445312,0.0952868536
,710008040,-22.914756283873206,-43.157074292335324,187.2,16.3,0.973605514,-0.0356445312,0.0952868536
,710008040,-22.914756283873206,-43.157074292335324,187.2,16.3,0.973605514,-0.0356445312,0.0952868536
,710008040,-22.914756283873206,-43.157074292335324,187.2,16.3,0.973605514,-0.0356445312,0.0952868536
,710008040,-22.914756283873206,-43.157074292335324,187.2,16.3,0.973605514,-0.0356445312,0.0952868536
,710008040,-22.914756283873206,-43.157074292335324,187.2,16.3,0.973605514,-0.0356445312,0.0952868536
,710008040,-22.914756283873206,-43.157074292335324,187.2,16.3,0.973605514,-0.0356445312,0.0952868536
,710008040,-22.914756283873206,-43.157074292335324,187.2,16.3,0.973605514,-0.0356445312,0.0952868536
,710008040,-22.91483151064455,-43.15708351924998,187.2,16.3,0.973605514,-0.0356445312,0.0952868536
,710008040,-22.91483151064455,-43.15708351924998,187.2,16.3,0.973605514,-0.0356445312,0.0952868536
,710008040,-22.91483151064455,-43.15708351924998,187.2,16.3,0.973605514,-0.0356445312,0.0952868536
,710008040,-22.91483151064455,-43.15708351924998,187.2,16.3,0.973605514,-0.0356445312,0.0952868536
,710008040,-22.91483151064455,-43.15708351924998,187.2,16.3,0.973605514,-0.0356445312,0.0952868536
,710008040,-22.91483151064455,-43.15708351924998,187.2,16.3,0.973605514,-0.0356445312,0.0952868536
,710008040,-22.91483151064455,-43.15708351924998,187.2,16.3,0.973605514,-0.0356445312,0.0952868536
,710008040,-22.91483151064455,-43.15708351924998,187.2,16.3,0.973605514,-0.0356445312,0.0952868536
,710008040,-22.91483151064455,-43.15708351924998,187.2,16.3,0.973605514,-0.0356445312,0.0952868536
,710008040,-22.91483151064455,-43.15708351924998,187.2,16.3,0.973605514,-0.0356445312,0.0952868536
,710008040,-22.91483151064455,-43.15708351924998,187.2,16.3,0.973605514,-0.0356445312,0.0952868536
,710008040,-22.91483151064455,-43.15708351924998,187.2,16.3,0.973605514,-0.0356445312,0.0952868536
,710008040,-22.91483151064455,-43.15708351924998,187.2,16.3,0.973605514,-0.0356445312,0.0952868536
,710008040,-22.91483151064455,-43.15708351924998,187.2,16.3,0.973605514,-0.0356445312,0.0952868536
,710008040,-22.91483151064455,-43.15708351924998,187.2,16.3,0.973605514,-0.0356445312,0.0952868536
,710008040,-22.91483151064455,-43.15708351924998,187.2,16.3,0.973605514,-0.0356445312,0.0952868536
,710008040,-22.91483151064455,-43.15708351924998,187.2,16.3,0.973605514,-0.0356445312,0.0952868536
,710008040,-22.91483151064455,-43.15708351924998,187.2,16.3,0.973605514,-0.0356445312,0.0952868536
,710008040,-22.91483151064455,-43.15708351924998,187.2,16.3,0.973605514,-0.0356445312,0.0952868536
,710008040,-22.91483151064455,-43.15708351924998,187.2,16.3,0.973605514,-0.0356445312,0.0952868536
,710008040,-22.91483151064455,-43.15708351924998,187.2,16.3,0.973605514,-0.0356445312,0.0952868536
,710008040,-22.91483151064455,-43.15708351924998,187.2,16.3,0.973605514,-0.0356445312,0.0952868536
,710008040,-22.91483151064455,-43.15708351924998,187.2,16.3,0.973605514,-0.0356445312,0.0952868536
,710008040,-22.91483151064455,-43.15708351924998,187.2,16.3,0.973605514,-0.0356445312,0.0952868536
,710008040,-22.91483151064455,-43.15708351924998,187.2,16.3,0.973605514,-0.0356445312,0.0952868536
,710008040,-22.91483151064455,-43.15708351924998,187.2,16.3,0.973605514,-0.0356445312,0.0952868536
,710008040,-22.91483151064455,-43.15708351924998,187.2,16.3,0.973605514,-0.0356445312,0.0952868536
,710008040,-22.91483151064455,-43.15708351924998,187.2,16.3,0.973605514,-0.0356445312,0.0952868536
,710008040,-22.91483151064455,-43.15708351924998,187.2,16.3,0.973605514,-0.0356445312,0.0952868536
,710008040,-22.91483151064455,-43.15708351924998,187.2,16.3,0.973605514,-0.0356445312,0.0952868536
,710008040,-22.91483151064455,-43.15708351924998,187.2,16.3,0.973605514,-0.0356445312,0.0952868536
,710008040,-22.91483151064455,-43.15708351924998,187.2,16.3,0.973605514,-0.0356445312,0.0952868536
,710008040,-22.91483151064455,-43.15708351924998,187.2,16.3,0.973605514,-0.0356445312,0.0952868536
,710008040,-22.91483151064455,-43.15708351924998,187.2,16.3,0.973605514,-0.0356445312,0.0952868536
,710008040,-22.91483151064455,-43.15708351924998,187.2,16.3,0.973605514,-0.0356445312,0.0952868536
,710008040,-22.91483151064455,-43.15708351924998,187.2,16.3,0.973605514,-0.0356445312,0.0952868536
,710008040,-22.91483151064455,-43.15708351924998,187.2,16.3,0.973605514,-0.0356445312,0.0952868536
,710008040,-22.91483151064455,-43.15708351924998,187.2,16.3,0.973605514,-0.0356445312,0.0952868536
,710008040,-22.91483151064455,-43.15708351924998,187.2,16.3,0.973605514,-0.0356445312,0.0952868536
,710008040,-22.91483151064455,-43.15708351924998,187.2,16.3,0.973605514,-0.0356445312,0.0952868536
,710008040,-22.91483151064455,-43.15708351924998,187.2,16.3,0.973605514,-0.0356445312,0.0952868536
,710008040,-22.91483151064455,-43.15708351924998,187.2,16.3,0.973605514,-0.0356445312,0.0952868536
,710008040,-22.91483151064455,-43.15708351924998,187.2,16.3,0.973605514,-0.0356445312,0.0952868536
,710008040,-22.91483151064455,-43.15708351924998,187.2,16.3,0.973605514,-0.0356445312,0.0952868536
,710008040,-22.91483151064455,-43.15708351924998,187.2,16.3,0.973605514,-0.0356445312,0.0952868536
,710008040,-22.91483151064455,-43.15708351924998,187.2,16.3,0.973605514,-0.0356445312,0.0952868536
,710008040,-22.91483151064455,-43.15708351924998,187.2,16.3,0.973605514,-0.0356445312,0.0952868536
,710008040,-22.91483151064455,-43.15708351924998,187.2,16.3,0.973605514,-0.0356445312,0.0952868536
,710008040,-22.91483151064455,-43.15708351924998,187.2,16.3,0.973605514,-0.0356445312,0.0952868536
,710008040,-22.91483151064455,-43.15708351924998,187.2,16.3,0.973605514,-0.0356445312,0.0952868536
,710008040,-22.91483151064455,-43.15708351924998,187.2,16.3,0.973605514,-0.0356445312,0.0952868536
,710008040,-22.91483151064455,-43.15708351924998,187.2,16.3,0.973605514,-0.0356445312,0.0952868536
,710008040,-22.91483151064455,-43.15708351924998,187.2,16.3,0.973605514,-0.0356445312,0.0952868536
,710008040,-22.91483151064455,-43.15708351924998,187.2,16.3,0.973605514,-0.0356445312,0.0952868536
,710008040,-22.91483151064455,-43.15708351924998,187.2,16.3,0.973605514,-0.0356445312,0.0952868536
,710008040,-22.91483151064455,-43.15708351924998,187.2,16.3,0.973605514,-0.0356445312,0.0952868536
,710008040,-22.91483151064455,-43.15708351924998,187.2,16.3,0.973605514,-0.0356445312,0.0952868536
,710008040,-22.91483151064455,-43.15708351924998,187.2,16.3,0.973605514,-0.0356445312,0.0952868536
,710008040,-22.91483151064455,-43.15708351924998,187.2,16.3,0.973605514,-0.0356445312,0.0952868536
,710008040,-22.91483151064455,-43.15708351924998,187.2,16.3,0.973605514,-0.0356445312,0.0952868536
,710008040,-22.914906737415347,-43.15709274617171,187.2,16.3,0.973605514,-0.0356445312,0.0952868536
,710008040,-22.914906737415347,-43.15709274617171,187.2,16.3,0.973605514,-0.0356445312,0.0952868536
,710008040,-22.914906737415347,-43.15709274617171,187.2,16.3,0.973605514,-0.0356445312,0.0952868536
,710008040,-22.914906737415347,-43.15709274617171,187.2,16.3,0.973605514,-0.0356445312,0.0952868536
,710008040,-22.914906737415347,-43.15709274617171,187.2,16.3,0.973605514,-0.0356445312,0.0952868536
,710008040,-22.914906737415347,-43.15709274617171,187.2,16.3,0.973605514,-0.0356445312,0.0952868536
,710008040,-22.914906737415347,-43.15709274617171,187.2,16.3,0.973605514,-0.0356445312,0.0952868536
,710008040,-22.914906737415347,-43.15709274617171,187.2,16.3,0.973605514,-0.0356445312,0.0952868536
,710008040,-22.914906737415347,-43.15709274617171,187.2,16.3,0.973605514,-0.0356445312,0.0952868536
,710008040,-22.914906737415347,-43.15709274617171,187.2,16.3,0.973605514,-0.0356445312,0.0952868536
,710008040,-22.914906737415347,-43.15709274617171,187.2,16.3,0.973605514,-0.0356445312,0.0952868536
,710008040,-22.914906737415347,-43.15709274617171,187.2,16.3,0.973605514,-0.0356445312,0.0952868536
,710008040,-22.914906737415347,-43.15709274617171,187.2,16.3,0.973605514,-0.0356445312,0.0952868536
,710008040,-22.914906737415347,-43.15709274617171,187.2,16.3,0.973605514,-0.0356445312,0.0952868536
,710008040,-22.914906737415347,-43.15709274617171,187.2,16.3,0.973605514,-0.0356445312,0.0952868536
,710008040,-22.914906737415347,-43.15709274617171,187.2,16.3,0.973605514,-0.0356445312,0.0952868536
,710008040,-22.914906737415347,-43.15709274617171,187.2,16.3,0.973605514,-0.0356445312,0.0952868536
,710008040,-22.914906737415347,-43.15709274617171,187.2,16.3,0.973605514,-0.0356445312,0.0952868536
,710008040,-22.914906737415347,-43.15709274617171,187.2,16.3,0.973605514,-0.0356445312,0.0952868536
,710008040,-22.914906737415347,-43.15709274617171,187.2,16.3,0.973605514,-0.0356445312,0.0952868536
,710008040,-22.914906737415347,-43.15709274617171,187.2,16.3,0.973605514,-0.0356445312,0.0952868536
,710008040,-22.914906737415347,-43.15709274617171,187.2,16.3,0.973605514,-0.0356445312,0.0952868536
,710008040,-22.914906737415347,-43.15709274617171,187.2,16.3,0.973605514,-0.0356445312,0.0952868536
,710008040,-22.914906737415347,-43.15709274617171,187.2,16.3,0.973605514,-0.0356445312,0.0952868536
,710008040,-22.914906737415347,-43.15709274617171,187.2,16.3,0.973605514,-0.0356445312,0.0952868536
,710008040,-22.914906737415347,-43.15709274617171,187.2,16.3,0.973605514,-0.0356445312,0.0952868536
,710008040,-22.914906737415347,-43.15709274617171,187.2,16.3,0.973605514,-0.0356445312,0.0952868536
,710008040,-22.914906737415347,-43.15709274617171,187.2,16.3,0.973605514,-0.0356445312,0.0952868536
,710008040,-22.914906737415347,-43.15709274617171,187.2,16.3,0.973605514,-0.0356445312,0.0952868536
,710008040,-22.914906737415347,-43.15709274617171,187.2,16.3,0.973605514,-0.0356445312,0.0952868536
,710008040,-22.914906737415347,-43.15709274617171,187.2,16.3,0.973605514,-0.0356445312,0.0952868536
,710008040,-22.914906737415347,-43.15709274617171,187.2,16.3,0.973605514,-0.0356445312,0.0952868536
,710008040,-22.914906737415347,-43.15709274617171,187.2,16.3,0.973605514,-0.0356445312,0.0952868536
,710008040,-22.914906737415347,-43.15709274617171,187.2,16.3,0.973605514,-0.0356445312,0.0952868536
,710008040,-22.9149819641856,-43.15710197310052,187.2,16.3,0.998983324,-0.0274220705,0.11160548
,710008040,-22.9149819641856,-43.15710197310052,187.2,16.3,0.998983324,-0.0274220705,0.11160548
,710008040,-22.9149819641856,-43.15710197310052,187.2,16.3,0.998983324,-0.0274220705,0.11160548
,710008040,-22.9149819641856,-43.15710197310052,187.2,16.3,0.998983324,-0.0274220705,0.11160548
,710008040,-22.9149819641856,-43.15710197310052,187.2,16.3,0.998983324,-0.0274220705,0.11160548
,710008040,-22.9149819641856,-43.15710197310052,187.2,16.3,0.998983324,-0.0274220705,0.11160548
,710008040,-22.9149819641856,-43.15710197310052,187.2,16.3,0.998983324,-0.0274220705,0.11160548
,710008040,-22.9149819641856,-43.15710197310052,187.2,16.3,0.998983324,-0.0274220705,0.11160548
,710008040,-22.9149819641856,-43.15710197310052,187.2,16.3,0.998983324,-0.0274220705,0.11160548
,710008040,-22.9149819641856,-43.15710197310052,187.2,16.3,0.998983324,-0.0274220705,0.11160548
,710008040,-22.9149819641856,-43.15710197310052,187.2,16.3,0.998983324,-0.0274220705,0.11160548
,710008040,-22.9149819641856,-43.15710197310052,187.2,16.3,0.998983324,-0.0274220705,0.11160548
,710008040,-22.9149819641856,-43.15710197310052,187.2,16.3,0.998983324,-0.0274220705,0.11160548
,710008040,-22.9149819641856,-43.15710197310052,187.2,16.3,0.998983324,-0.0274220705,0.11160548
,710008040,-22.9149819641856,-43.15710197310052,187.2,16.3,0.998983324,-0.0274220705,0.11160548
,710008040,-22.9149819641856,-43.15710197310052,187.2,16.3,0.998983324,-0.0274220705,0.11160548
,710008040,-22.9149819641856,-43.15710197310052,187.2,16.3,0.998983324,-0.0274220705,0.11160548
,710008040,-22.9149819641856,-43.15710197310052,187.2,16.3,0.998983324,-0.0274220705,0.11160548
,710008040,-22.9149819641856,-43.15710197310052,187.2,16.3,0.998983324,-0.0274220705,0.11160548
,710008040,-22.9149819641856,-43.15710197310052,187.2,16.3,0.998983324,-0.0274220705,0.11160548
,710008040,-22.9149819641856,-43.15710197310052,187.2,16.3,0.998983324,-0.0274220705,0.11160548
,710008040,-22.9149819641856,-43.15710197310052,187.2,16.3,0.998983324,-0.0274220705,0.11160548
,710008040,-22.9149819641856,-43.15710197310052,187.2,16.3,0.998983324,-0.0274220705,0.11160548
,710008040,-22.9149819641856,-43.15710197310052,187.2,16.3,0.998983324,-0.0274220705,0.11160548
,710008040,-22.9149819641856,-43.15710197310052,187.2,16.3,0.998983324,-0.0274220705,0.11160548
,710008040,-22.9149819641856,-43.15710197310052,187.2,16.3,0.998983324,-0.0274220705,0.11160548
,710008040,-22.9149819641856,-43.15710197310052,187.2,16.3,0.998983324,-0.0274220705,0.11160548
,710008040,-22.9149819641856,-43.15710197310052,187.2,16.3,0.998983324,-0.0274220705,0.11160548
,710008040,-22.9149819641856,-43.15710197310052,187.2,16.3,0.998983324,-0.0274220705,0.11160548
,710008040,-22.9149819641856,-43.15710197310052,187.2,16.3,0.998983324,-0.0274220705,0.11160548
,710008040,-22.9149819641856,-43.15710197310052,187.2,16.3,0.998983324,-0.0274220705,0.11160548
,710008040,-22.9149819641856,-43.15710197310052,187.2,16.3,0.998983324,-0.0274220705,0.11160548
,710008040,-22.9149819641856,-43.15710197310052,187.2,16.3,0.998983324,-0.0274220705,0.11160548
,710008040,-22.915057190955306,-43.157111200036404,187.2,16.3,0.998983324,-0.0274220705,0.11160548
,710008040,-22.915057190955306,-43.157111200036404,187.2,16.3,0.998983324,-0.0274220705,0.11160548
,710008040,-22.915057190955306,-43.157111200036404,187.2,16.3,0.998983324,-0.0274220705,0.11160548
,710008040,-22.915057190955306,-43.157111200036404,187.2,16.3,0.998983324,-0.0274220705,0.11160548
,710008040,-22.915057190955306,-43.157111200036404,187.2,16.3,0.998983324,-0.0274220705,0.11160548
,710008040,-22.915057190955306,-43.157111200036404,187.2,16.3,0.998983324,-0.0274220705,0.11160548
,710008040,-22.915057190955306,-43.157111200036404,187.2,16.3,0.998983324,-0.0274220705,0.11160548
,710008040,-22.915057190955306,-43.157111200036404,187.2,16.3,0.998983324,-0.0274220705,0.11160548
,710008040,-22.915057190955306,-43.157111200036404,187.2,16.3,0.998983324,-0.0274220705,0.11160548
,710008040,-22.915057190955306,-43.157111200036404,187.2,16.3,0.998983324,-0.0274220705,0.11160548
,710008040,-22.915057190955306,-43.157111200036404,187.2,16.3,0.998983324,-0.0274220705,0.11160548
,710008040,-22.915057190955306,-43.157111200036404,187.2,16.3,0.998983324,-0.0274220705,0.11160548
,710008040,-22.915057190955306,-43.157111200036404,187.2,16.3,0.998983324,-0.0274220705,0.11160548
,710008040,-22.915057190955306,-43.157111200036404,187.2,16.3,0.998983324,-0.0274220705,0.11160548
,710008040,-22.915057190955306,-43.157111200036404,187.2,16.3,0.998983324,-0.0274220705,0.11160548
,710008040,-22.915057190955306,-43.157111200036404,187.2,16.3,0.998983324,-0.0274220705,0.11160548
,710008040,-22.915057190955306,-43.157111200036404,187.2,16.3,0.998983324,-0.0274220705,0.11160548
,710008040,-22.915057190955306,-43.157111200036404,187.2,16.3,0.998983324,-0.0274220705,0.11160548
,710008040,-22.915057190955306,-43.157111200036404,187.2,16.3,0.998983324,-0.0274220705,0.11160548
,710008040,-22.915057190955306,-43.157111200036404,187.2,16.3,0.998983324,-0.0274220705,0.11160548
,710008040,-22.915057190955306,-43.157111200036404,187.2,16.3,0.998983324,-0.0274220705,0.11160548
,710008040,-22.915057190955306,-43.157111200036404,187.2,16.3,0.998983324,-0.0274220705,0.11160548
,710008040,-22.915057190955306,-43.157111200036404,187.2,16.3,0.998983324,-0.0274220705,0.11160548
,710008040,-22.915057190955306,-43.157111200036404,187.2,16.3,0.998983324,-0.0274220705,0.11160548
,710008040,-22.915057190955306,-43.157111200036404,187.2,16.3,0.998983324,-0.0274220705,0.11160548
,710008040,-22.915057190955306,-43.157111200036404,187.2,16.3,0.998983324,-0.0274220705,0.11160548
,710008040,-22.915057190955306,-43.157111200036404,187.2,16.3,0.998983324,-0.0274220705,0.11160548
,710008040,-22.915057190955306,-43.157111200036404,187.2,16.3,0.998983324,-0.0274220705,0.11160548
,710008040,-22.915057190955306,-43.157111200036404,187.2,16.3,0.998983324,-0.0274220705,0.11160548
,710008040,-22.915057190955306,-43.157111200036404,187.2,16.3,0.998983324,-0.0274220705,0.11160548
,710008040,-22.915057190955306,-43.157111200036404,187.2,16.3,0.998983324,-0.0274220705,0.11160548
,710008040,-22.915057190955306,-43.157111200036404,187.2,16.3,0.998983324,-0.0274220705,0.11160548
,710008040,-22.915057190955306,-43.157111200036404,187.2,16.3,0.998983324,-0.0274220705,0.11160548
,710008040,-22.915057190955306,-43.157111200036404,187.2,16.3,0.998983324,-0.0274220705,0.11160548
,710008040,-22.915057190955306,-43.157111200036404,187.2,16.3,0.998983324,-0.0274220705,0.11160548
,710008040,-22.915057190955306,-43.157111200036404,187.2,16.3,0.998983324,-0.0274220705,0.11160548
,710008040,-22.915057190955306,-43.157111200036404,187.2,16.3,0.998983324,-0.0274220705,0.11160548
,710008040,-22.915057190955306,-43.157111200036404,187.2,16.3,0.998983324,-0.0274220705,0.11160548
,710008040,-22.915057190955306,-43.157111200036404,187.2,16.3,0.998983324,-0.0274220705,0.11160548
,710008040,-22.915057190955306,-43.157111200036404,187.2,16.3,0.998983324,-0.0274220705,0.11160548
,710008040,-22.915057190955306,-43.157111200036404,187.2,16.3,0.998983324,-0.0274220705,0.11160548
,710008040,-22.915057190955306,-43.157111200036404,187.2,16.3,0.998983324,-0.0274220705,0.11160548
,710008040,-22.915057190955306,-43.157111200036404,187.2,16.3,0.998983324,-0.0274220705,0.11160548
,710008040,-22.915057190955306,-43.157111200036404,187.2,16.3,0.998983324,-0.0274220705,0.11160548
,710008040,-22.915057190955306,-43.157111200036404,187.2,16.3,0.998983324,-0.0274220705,0.11160548
,710008040,-22.91513241772446,-43.157120426979354,187.2,16.3,0.998983324,-0.0274220705,0.11160548
,710008040,-22.91513241772446,-43.157120426979354,187.2,16.3,0.998983324,-0.0274220705,0.11160548
,710008040,-22.91513241772446,-43.157120426979354,187.2,16.3,0.998983324,-0.0274220705,0.11160548
,710008040,-22.91513241772446,-43.157120426979354,187.2,16.3,0.998983324,-0.0274220705,0.11160548
,710008040,-22.91513241772446,-43.157120426979354,187.2,16.3,0.998983324,-0.0274220705,0.11160548
,710008040,-22.91513241772446,-43.157120426979354,187.2,16.3,0.998983324,-0.0274220705,0.11160548
,710008040,-22.91513241772446,-43.157120426979354,187.2,16.3,0.998983324,-0.0274220705,0.11160548
,710008040,-22.91513241772446,-43.157120426979354,187.2,16.3,0.998983324,-0.0274220705,0.11160548
,710008040,-22.91513241772446,-43.157120426979354,187.2,16.3,0.998983324,-0.0274220705,0.11160548
,710008040,-22.91513241772446,-43.157120426979354,187.2,16.3,0.998983324,-0.0274220705,0.11160548
,710008040,-22.91513241772446,-43.157120426979354,187.2,16.3,0.998983324,-0.0274220705,0.11160548
,710008040,-22.91513241772446,-43.157120426979354,187.2,16.3,0.998983324,-0.0274220705,0.11160548
,710008040,-22.91513241772446,-43.157120426979354,187.2,16.3,-0.996661127,-0.0274220705,0.11160548
,710008040,-22.91513241772446,-43.157120426979354,187.2,16.3,-0.996661127,-0.0274220705,0.11160548
,710008040,-22.91513241772446,-43.157120426979354,187.2,16.3,-0.996661127,-0.0274220705,0.11160548
,710008040,-22.91513241772446,-43.157120426979354,187.2,16.3,-0.992877781,-0.0249999762,0.11160548
,710008040,-22.91513241772446,-43.157120426979354,187.2,16.3,-0.992877781,-0.0249999762,0.11160548
,710008040,-22.91513241772446,-43.157120426979354,187.2,16.3,-0.992877781,-0.0249999762,0.11160548
,710008040,-22.91513241772446,-43.157120426979354,187.2,16.3,-0.992877781,-0.0249999762,0.11160548
,710008040,-22.91513241772446,-43.157120426979354,187.2,16.3,-0.992877781,-0.0249999762,0.11160548
,710008040,-22.91513241772446,-43.157120426979354,187.2,16.3,-0.992877781,-0.0249999762,0.11160548
,710008040,-22.91513241772446,-43.157120426979354,187.2,16.3,-0.992877781,-0.0249999762,0.11160548
,710008040,-22.91513241772446,-43.157120426979354,187.2,16.3,-0.992877781,-0.0249999762,0.11160548
,710008040,-22.91513241772446,-43.157120426979354,187.2,16.3,-0.992877781,-0.0249999762,0.11160548
,710008040,-22.91513241772446,-43.157120426979354,187.2,16.3,-0.992877781,-0.0249999762,0.11160548
,710008040,-22.91513241772446,-43.157120426979354,187.2,16.3,-0.992877781,-0.0249999762,0.11160548
,710008040,-22.91513241772446,-43.157120426979354,187.2,16.3,-0.992877781,-0.0249999762,0.11160548
,710008040,-22.915282871261144,-43.157138880886485,187.2,16.3,-0.992877781,-0.0249999762,0.11160548
,710008040,-22.915282871261144,-43.157138880886485,187.2,16.3,-0.992877781,-0.0249999762,0.11160548
,710008040,-22.915282871261144,-43.157138880886485,187.2,16.3,-0.992877781,-0.0249999762,0.11160548
,710008040,-22.915282871261144,-43.157138880886485,187.2,16.3,-0.992877781,-0.0245110393,0.118868463
,710008040,-22.915282871261144,-43.157138880886485,187.2,16.3,-0.992877781,-0.0245110393,0.118868463
,710008040,-22.915282871261144,-43.157138880886485,187.2,16.3,-0.992877781,-0.0245110393,0.118868463
,710008040,-22.915282871261144,-43.157138880886485,187.2,16.3,-0.992877781,-0.0245110393,0.118868463
,710008040,-22.915282871261144,-43.157138880886485,187.2,16.3,-0.992877781,-0.0245110393,0.118868463
,710008040,-22.915282871261144,-43.157138880886485,187.2,16.3,-0.992877781,-0.0245110393,0.118868463
,710008040,-22.915282871261144,-43.157138880886485,187.2,16.3,-0.992877781,-0.0245110393,0.118868463
,710008040,-22.915282871261144,-43.157138880886485,187.2,16.3,-0.992877781,-0.0245110393,0.118868463
,710008040,-22.915282871261144,-43.157138880886485,187.2,16.3,-0.992877781,-0.0245110393,0.118868463
,710008040,-22.915282871261144,-43.157138880886485,187.2,16.3,-0.992877781,-0.0245110393,0.118868463
,710008040,-22.915282871261144,-43.157138880886485,187.2,16.3,-0.992877781,-0.0245110393,0.118868463
,710008040,-22.915282871261144,-43.157138880886485,187.2,16.3,-0.992877781,-0.0245110393,0.118868463
,710008040,-22.915358098028662,-43.157148107850674,187.2,16.3,-0.992877781,-0.0245110393,0.118868463
,710008040,-22.915358098028662,-43.157148107850674,187.2,16.3,-0.982016683,-0.0205444098,0.130174011
,710008040,-22.915358098028662,-43.157148107850674,187.2,16.3,-0.982016683,-0.0205444098,0.129773825
,710008040,-22.915358098028662,-43.157148107850674,187.2,16.3,-0.982016683,-0.0205444098,0.129773825
,710008040,-22.915433324795632,-43.157157334821925,187.2,16.3,-0.982016683,-0.0205444098,0.129773825
,710008040,-22.915433324795632,-43.157157334821925,187.2,16.3,-0.982016683,-0.0205444098,0.129773825
,710008040,-22.915433324795632,-43.157157334821925,187.2,16.3,-0.982016683,-0.0205444098,0.129773825
,710008040,-22.915433324795632,-43.157157334821925,187.2,16.3,-0.982016683,-0.0205444098,0.129773825
,710008040,-22.915433324795632,-43.157157334821925,187.2,16.3,-0.982016683,-0.0205444098,0.129773825
,710008040,-22.915379352301933,-43.15715926257485,187.2,16.3,-0.982016683,-0.0205444098,0.129773825
,710008040,-22.915379352301933,-43.15715926257485,187.2,16.3,-0.982016683,-0.0205444098,0.129773825
,710008040,-22.915379352301933,-43.15715926257485,187.2,16.3,-0.982016683,-0.0205444098,0.129773825
,710008040,-22.915379352301933,-43.15715926257485,187.2,16.3,-0.982016683,-0.0205444098,0.129773825
,710008040,-22.915379352301933,-43.15715926257485,187.2,16.3,-0.982016683,-0.0205444098,0.129773825
,710008040,-22.915379352301933,-43.15715926257485,187.2,16.3,-0.982016683,-0.0205444098,0.129773825
,710008040,-22.915379352301933,-43.15715926257485,187.2,16.3,-0.982016683,-0.0205444098,0.129773825
,710008040,-22.915379352301933,-43.15715926257485,187.2,16.3,-0.982016683,-0.0205444098,0.129773825
,710008040,-22.915379352301933,-43.15715926257485,187.2,16.3,-0.982016683,-0.0205444098,0.129773825
,710008040,-22.915379352301933,-43.15715926257485,187.2,16.3,-0.982016683,-0.0205444098,0.129773825
,710008040,-22.915379352301933,-43.15715926257485,187.2,16.3,-0.982016683,-0.0205444098,0.129773825
,710008040,-22.915379352301933,-43.15715926257485,187.2,16.3,-0.982016683,-0.0205444098,0.129773825
,710008040,-22.915379352301933,-43.15715926257485,187.2,16.3,-0.982016683,-0.0205444098,0.129773825
,710008040,-22.915379352301933,-43.15715926257485,187.2,16.3,-0.982016683,-0.0205444098,0.129773825
,710008040,-22.915379352301933,-43.15715926257485,187.2,16.3,-0.982016683,-0.0205444098,0.129773825
,710008040,-22.915454579068562,-43.157168489552866,187.2,16.3,-0.982016683,-0.0205444098,0.129773825
,710008040,-22.915454579068562,-43.157168489552866,187.2,16.3,-0.982016683,-0.0205444098,0.129773825
,710008040,-22.915454579068562,-43.157168489552866,187.2,16.3,-0.982016683,-0.0205444098,0.129773825
,710008040,-22.915454579068562,-43.157168489552866,187.2,16.3,-0.982016683,-0.0205444098,0.129773825
,710008040,-22.915454579068562,-43.157168489552866,187.2,16.3,-0.982016683,-0.0205444098,0.129773825
,710008040,-22.915454579068562,-43.157168489552866,187.2,16.3,-0.982016683,-0.0205444098,0.129773825
,710008040,-22.915454579068562,-43.157168489552866,187.2,16.3,-0.982016683,-0.0205444098,0.129773825
,710008040,-22.915454579068562,-43.157168489552866,187.2,16.3,-0.982016683,-0.0205444098,0.129773825
,710008040,-22.915454579068562,-43.157168489552866,187.2,16.3,-0.982016683,-0.0205444098,0.129773825
,710008040,-22.915454579068562,-43.157168489552866,187.2,16.3,-0.982016683,-0.0205444098,0.129773825
,710008040,-22.915454579068562,-43.157168489552866,187.2,16.3,-0.982016683,-0.0205444098,0.129773825
,710008040,-22.915454579068562,-43.157168489552866,187.2,16.3,-0.982016683,-0.0205444098,0.129773825
,710008040,-22.915454579068562,-43.157168489552866,187.2,16.3,-0.982016683,-0.0205444098,0.129773825
,710008040,-22.915454579068562,-43.157168489552866,187.2,16.3,-0.982016683,-0.0205444098,0.129773825
,710008040,-22.915454579068562,-43.157168489552866,187.2,16.3,-0.982016683,-0.0205444098,0.129773825
,710008040,-22.91552980583464,-43.15717771653795,187.2,16.3,-0.982016683,-0.0205444098,0.129773825
,710008040,-22.91552980583464,-43.15717771653795,187.2,16.3,-0.982016683,-0.0205444098,0.129773825
,710008040,-22.91552980583464,-43.15717771653795,187.2,16.3,-0.982016683,-0.0205444098,0.129773825
,710008040,-22.91552980583464,-43.15717771653795,187.2,16.3,-0.982016683,-0.0205444098,0.129773825
,710008040,-22.91552980583464,-43.15717771653795,187.2,16.3,-0.982016683,-0.0205444098,0.129773825
,710008040,-22.91552980583464,-43.15717771653795,187.2,16.3,-0.982016683,-0.0205444098,0.129773825
,710008040,-22.91552980583464,-43.15717771653795,187.2,16.3,-0.982016683,-0.0205444098,0.129773825
,710008040,-22.91552980583464,-43.15717771653795,187.2,16.3,-0.973933339,-0.0178666711,0.138470992
,710008040,-22.91552980583464,-43.15717771653795,187.2,16.3,-0.973933339,-0.0178666711,0.137931034
,710008040,-22.91552980583464,-43.15717771653795,187.2,16.3,-0.973933339,-0.0178666711,0.137931034
,710008040,-22.91552980583464,-43.15717771653795,187.2,16.3,-0.973933339,-0.0178666711,0.137931034
,710008040,-22.91552980583464,-43.15717771653795,187.2,16.3,-0.973933339,-0.0178666711,0.137931034
,710008040,-22.915605032600187,-43.157186943530114,187.2,16.3,-0.973933339,-0.0178666711,0.137931034
,710008040,-22.915605032600187,-43.157186943530114,187.2,16.3,-0.973933339,-0.0178666711,0.137931034
,710008040,-22.915605032600187,-43.157186943530114,187.2,16.3,-0.973933339,-0.0178666711,0.137931034
,710008040,-22.915605032600187,-43.157186943530114,187.2,16.3,-0.973933339,-0.0178666711,0.137931034
,710008040,-22.915605032600187,-43.157186943530114,187.2,16.3,-0.973933339,-0.0178666711,0.137931034
,710008040,-22.915605032600187,-43.157186943530114,187.2,16.3,-0.973933339,-0.0178666711,0.137931034
,710008040,-22.915605032600187,-43.157186943530114,187.2,16.3,-0.973933339,-0.0178666711,0.137931034
,710008040,-22.91568025936517,-43.15719617052935,187.2,16.3,-0.973933339,-0.0178666711,0.137931034
,710008040,-22.91568025936517,-43.15719617052935,187.2,16.3,-0.973933339,-0.0178666711,0.137931034
,710008040,-22.91568025936517,-43.15719617052935,187.2,16.3,-0.973933339,-0.0178666711,0.137931034
,710008040,-22.91568025936517,-43.15719617052935,187.2,16.3,-0.973933339,-0.0178666711,0.137931034
,710008040,-22.91568025936517,-43.15719617052935,187.2,16.3,-0.973933339,-0.0178666711,0.137931034
,710008040,-22.91568025936517,-43.15719617052935,187.2,16.3,-0.973933339,-0.0178666711,0.137931034
,710008040,-22.91568025936517,-43.15719617052935,187.2,16.3,-0.973933339,-0.0178666711,0.137931034
,710008040,-22.91568025936517,-43.15719617052935,187.2,16.3,-0.973933339,-0.0178666711,0.137931034
,710008040,-22.91568025936517,-43.15719617052935,187.2,16.3,-0.973933339,-0.0178666711,0.137931034
,710008040,-22.91568025936517,-43.15719617052935,187.2,16.3,-0.973933339,-0.0178666711,0.137931034
,710008040,-22.91568025936517,-43.15719617052935,187.2,16.3,-0.973933339,-0.0178666711,0.137931034
,710008040,-22.91568025936517,-43.15719617052935,187.2,16.3,-0.973933339,-0.0178666711,0.137931034
,710008040,-22.915755486129616,-43.15720539753566,187.2,16.3,-0.973933339,-0.0178666711,0.137931034
,710008040,-22.915755486129616,-43.15720539753566,187.2,16.3,-0.973933339,-0.0178666711,0.137931034
,710008040,-22.915755486129616,-43.15720539753566,187.2,16.3,-0.965355575,-0.0146223307,0.149680957
,710008040,-22.915755486129616,-43.15720539753566,187.2,16.3,-0.965355575,-0.0146223307,0.149680957
,710008040,-22.915755486129616,-43.15720539753566,187.2,16.3,-0.965355575,-0.0146223307,0.149680957
,710008040,-22.915755486129616,-43.15720539753566,187.2,16.3,-0.965355575,-0.0146223307,0.149680957
,710008040,-22.915755486129616,-43.15720539753566,187.2,16.3,-0.965355575,-0.0146223307,0.149834439
,710008040,-22.915755486129616,-43.15720539753566,187.2,16.3,-0.965355575,-0.0146223307,0.149834439
,710008040,-22.915755486129616,-43.15720539753566,187.2,16.3,-0.965355575,-0.0146223307,0.149834439
,710008040,-22.915755486129616,-43.15720539753566,187.2,16.3,-0.965355575,-0.0146223307,0.149834439
,710008040,-22.915755486129616,-43.15720539753566,187.2,16.3,-0.965355575,-0.0146223307,0.149834439
,710008040,-22.915755486129616,-43.15720539753566,187.2,16.3,-0.965355575,-0.0146223307,0.149834439
,710008040,-22.915755486129616,-43.15720539753566,187.2,16.3,-0.965355575,-0.0146223307,0.149834439
,710008040,-22.915755486129616,-43.15720539753566,187.2,16.3,-0.965355575,-0.0146223307,0.149834439
,710008040,-22.915755486129616,-43.15720539753566,187.2,16.3,-0.965355575,-0.0146223307,0.149834439
,710008040,-22.915755486129616,-43.15720539753566,187.2,16.3,-0.965355575,-0.0146223307,0.149834439
,710008040,-22.915755486129616,-43.15720539753566,187.2,16.3,-0.965355575,-0.0146223307,0.149834439
,710008040,-22.915755486129616,-43.15720539753566,187.2,16.3,-0.965355575,-0.0146223307,0.149834439
,710008040,-22.91583071289351,-43.15721462454905,187.2,16.3,-0.965355575,-0.0146223307,0.149834439
,710008040,-22.91583071289351,-43.15721462454905,187.2,16.3,-0.965355575,-0.0146223307,0.149834439
,710008040,-22.91583071289351,-43.15721462454905,187.2,16.3,-0.965355575,-0.0146223307,0.149834439
,710008040,-22.91583071289351,-43.15721462454905,187.2,16.3,-0.965355575,-0.0146223307,0.149834439
,710008040,-22.91583071289351,-43.15721462454905,187.2,16.3,-0.965355575,-0.0146223307,0.149834439
,710008040,-22.91583071289351,-43.15721462454905,187.2,16.3,-0.965355575,-0.0146223307,0.149834439
,710008040,-22.91583071289351,-43.15721462454905,187.2,16.3,-0.965355575,-0.0146223307,0.149834439
,710008040,-22.91583071289351,-43.15721462454905,187.2,16.3,-0.965355575,-0.0146223307,0.149834439
,710008040,-22.91583071289351,-43.15721462454905,187.2,16.3,-0.965355575,-0.0146223307,0.149834439
,710008040,-22.91583071289351,-43.15721462454905,187.2,16.3,-0.965355575,-0.0146223307,0.149834439
,710008040,-22.91583071289351,-43.15721462454905,187.2,16.3,-0.965355575,-0.0146223307,0.149834439
,710008040,-22.91583071289351,-43.15721462454905,187.2,16.3,-0.965355575,-0.0146223307,0.149834439
,710008040,-22.91583071289351,-43.15721462454905,187.2,16.3,-0.965355575,-0.0146223307,0.149834439
,710008040,-22.91583071289351,-43.15721462454905,187.2,16.3,-0.965355575,-0.0146223307,0.149834439
,710008040,-22.91583071289351,-43.15721462454905,187.2,16.3,-0.965355575,-0.0146223307,0.149834439
,710008040,-22.91583071289351,-43.15721462454905,187.2,16.3,-0.965355575,-0.0146223307,0.149834439
,710008040,-22.91583071289351,-43.15721462454905,187.2,16.3,-0.965355575,-0.0146223307,0.149834439
,710008040,-22.91583071289351,-43.15721462454905,187.2,16.3,-0.965355575,-0.0146223307,0.149834439
,710008040,-22.91583071289351,-43.15721462454905,187.2,16.3,-0.965355575,-0.0146223307,0.149834439
,710008040,-22.91583071289351,-43.15721462454905,187.2,16.3,-0.965355575,-0.0146223307,0.149834439
,710008040,-22.91583071289351,-43.15721462454905,187.2,16.3,-0.965355575,-0.0146223307,0.149834439
,710008040,-22.91583071289351,-43.15721462454905,187.2,16.3,-0.965355575,-0.0146223307,0.149834439
,710008040,-22.91583071289351,-43.15721462454905,187.2,16.3,-0.965355575,-0.0146223307,0.149834439
,710008040,-22.91583071289351,-43.15721462454905,187.2,16.3,-0.965355575,-0.0146223307,0.149834439
,710008040,-22.91583071289351,-43.15721462454905,187.2,16.3,-0.965355575,-0.0146223307,0.149834439
,710008040,-22.91583071289351,-43.15721462454905,187.2,16.3,-0.965355575,-0.0146223307,0.149834439
,710008040,-22.91583071289351,-43.15721462454905,187.2,16.3,-0.965355575,-0.0146223307,0.149834439
,710008040,-22.91583071289351,-43.15721462454905,187.2,16.3,-0.965355575,-0.0146223307,0.149834439
,710008040,-22.91583071289351,-43.15721462454905,187.2,16.3,-0.965355575,-0.0146223307,0.149834439
,710008040,-22.91583071289351,-43.15721462454905,187.2,16.3,-0.965355575,-0.0146223307,0.149834439
,710008040,-22.91590593965687,-43.15722385156951,187.2,16.3,-0.965355575,-0.0146223307,0.149834439
,710008040,-22.91590593965687,-43.15722385156951,187.2,16.3,-0.965355575,-0.0146223307,0.149834439
,710008040,-22.91590593965687,-43.15722385156951,187.2,16.3,-0.965355575,-0.0146223307,0.149834439
,710008040,-22.91590593965687,-43.15722385156951,187.2,16.3,-0.965355575,-0.0146223307,0.149834439
,710008040,-22.91590593965687,-43.15722385156951,187.2,16.3,-0.965355575,-0.0146223307,0.149834439
,710008040,-22.91590593965687,-43.15722385156951,187.2,16.3,-0.965355575,-0.0146223307,0.149834439
,710008040,-22.91590593965687,-43.15722385156951,187.2,16.3,-0.965355575,-0.0146223307,0.149834439
,710008040,-22.91590593965687,-43.15722385156951,187.2,16.3,-0.965355575,-0.0146223307,0.149834439
,710008040,-22.91590593965687,-43.15722385156951,187.2,16.3,-0.965355575,-0.0146223307,0.149834439
,710008040,-22.91590593965687,-43.15722385156951,187.2,16.3,-0.965355575,-0.0146223307,0.149834439
,710008040,-22.91590593965687,-43.15722385156951,187.2,16.3,-0.965355575,-0.0146223307,0.149834439
,710008040,-22.91590593965687,-43.15722385156951,187.2,16.3,-0.965355575,-0.0146223307,0.149834439
,710008040,-22.91590593965687,-43.15722385156951,187.2,16.3,-0.965355575,-0.0146223307,0.149834439
,710008040,-22.91590593965687,-43.15722385156951,187.2,16.3,-0.965355575,-0.0146223307,0.149834439
,710008040,-22.91590593965687,-43.15722385156951,187.2,16.3,-0.965355575,-0.0146223307,0.149834439
,710008040,-22.91590593965687,-43.15722385156951,187.2,16.3,-0.965355575,-0.0146223307,0.149834439
,710008040,-22.91590593965687,-43.15722385156951,187.2,16.3,-0.965355575,-0.0146223307,0.149834439
,710008040,-22.91590593965687,-43.15722385156951,187.2,16.3,-0.965355575,-0.0146223307,0.149834439
,710008040,-22.91590593965687,-43.15722385156951,187.2,16.3,-0.965355575,-0.0146223307,0.149834439
,710008040,-22.91590593965687,-43.15722385156951,187.2,16.3,-0.965355575,-0.0146223307,0.149834439
,710008040,-22.91590593965687,-43.15722385156951,187.2,16.3,-0.965355575,-0.0146223307,0.149834439
,710008040,-22.91590593965687,-43.15722385156951,187.2,16.3,-0.965355575,-0.0146223307,0.149834439
,710008040,-22.91590593965687,-43.15722385156951,187.2,16.3,-0.965355575,-0.0146223307,0.149834439
,710008040,-22.91590593965687,-43.15722385156951,187.2,16.3,-0.965355575,-0.0146223307,0.149834439
,710008040,-22.91590593965687,-43.15722385156951,187.2,16.3,-0.965355575,-0.0146223307,0.149834439
,710008040,-22.91590593965687,-43.15722385156951,187.2,16.3,-0.965355575,-0.0146223307,0.149834439
,710008040,-22.91590593965687,-43.15722385156951,187.2,16.3,-0.965355575,-0.0146223307,0.149834439
,710008040,-22.91590593965687,-43.15722385156951,187.2,16.3,-0.965355575,-0.0146223307,0.149834439
,710008040,-22.91590593965687,-43.15722385156951,187.2,16.3,-0.965355575,-0.0146223307,0.149834439
,710008040,-22.91590593965687,-43.15722385156951,187.2,16.3,-0.965355575,-0.0146223307,0.149834439
,710008040,-22.915981166419673,-43.15723307859705,187.2,16.3,-0.965355575,-0.0146223307,0.149834439
,710008040,-22.915981166419673,-43.15723307859705,187.2,16.3,-0.965355575,-0.0146223307,0.149834439
,710008040,-22.915981166419673,-43.15723307859705,187.2,16.3,-0.965355575,-0.0146223307,0.149834439
,710008040,-22.915981166419673,-43.15723307859705,187.2,16.3,-0.965355575,-0.0146223307,0.149834439
,710008040,-22.915981166419673,-43.15723307859705,187.2,16.3,-0.965355575,-0.0146223307,0.149834439
,710008040,-22.915981166419673,-43.15723307859705,187.2,16.3,-0.965355575,-0.0146223307,0.149834439
,710008040,-22.915981166419673,-43.15723307859705,187.2,16.3,-0.965355575,-0.0146223307,0.149834439
,710008040,-22.915981166419673,-43.15723307859705,187.2,16.3,-0.965355575,-0.0146223307,0.149834439
,710008040,-22.915981166419673,-43.15723307859705,187.2,16.3,-0.965355575,-0.0146223307,0.149834439
,710008040,-22.915981166419673,-43.15723307859705,187.2,16.3,-0.965355575,-0.0146223307,0.149834439
,710008040,-22.915981166419673,-43.15723307859705,187.2,16.3,-0.965355575,-0.0146223307,0.149834439
,710008040,-22.915981166419673,-43.15723307859705,187.2,16.3,-0.965355575,-0.0146223307,0.149834439
,710008040,-22.915981166419673,-43.15723307859705,187.2,16.3,-0.965355575,-0.0146223307,0.149834439
,710008040,-22.915981166419673,-43.15723307859705,187.2,16.3,-0.965355575,-0.0146223307,0.149834439
,710008040,-22.915981166419673,-43.15723307859705,187.2,16.3,-0.965355575,-0.0146223307,0.149834439
,710008040,-22.915981166419673,-43.15723307859705,187.2,16.3,-0.965355575,-0.0146223307,0.149834439
,710008040,-22.915981166419673,-43.15723307859705,187.2,16.3,-0.957766652,-0.0117333531,0.161009327
,710008040,-22.915981166419673,-43.15723307859705,187.2,16.3,-0.957766652,-0.0117333531,0.161009327
,710008040,-22.915981166419673,-43.15723307859705,187.2,16.3,-0.957766652,-0.0117333531,0.160510391
,710008040,-22.915981166419673,-43.15723307859705,187.2,16.3,-0.957766652,-0.0117333531,0.160510391
,710008040,-22.915981166419673,-43.15723307859705,187.2,16.3,-0.957766652,-0.0117333531,0.160510391
,710008040,-22.915981166419673,-43.15723307859705,187.2,16.3,-0.957766652,-0.0117333531,0.160510391
,710008040,-22.915981166419673,-43.15723307859705,187.2,16.3,-0.957766652,-0.0117333531,0.160510391
,710008040,-22.915981166419673,-43.15723307859705,187.2,16.3,-0.957766652,-0.0117333531,0.160510391
,710008040,-22.915981166419673,-43.15723307859705,187.2,16.3,-0.957766652,-0.0117333531,0.160510391
,710008040,-22.915981166419673,-43.15723307859705,187.2,16.3,-0.957766652,-0.0117333531,0.160510391
,710008040,-22.915981166419673,-43.15723307859705,187.2,16.3,-0.957766652,-0.0117333531,0.160510391
,710008040,-22.915981166419673,-43.15723307859705,187.2,16.3,-0.957766652,-0.0117333531,0.160510391
,710008040,-22.915981166419673,-43.15723307859705,187.2,16.3,-0.957766652,-0.0117333531,0.160510391
,710008040,-22.915981166419673,-43.15723307859705,187.2,16.3,-0.957766652,-0.0117333531,0.160510391
,710008040,-22.91605639318193,-43.15724230563166,187.2,16.3,-0.957766652,-0.0117333531,0.160510391
,710008040,-22.91605639318193,-43.15724230563166,187.2,16.3,-0.957766652,-0.0117333531,0.160510391
,710008040,-22.91605639318193,-43.15724230563166,187.2,16.3,-0.957766652,-0.0117333531,0.160510391
,710008040,-22.91605639318193,-43.15724230563166,187.2,16.3,-0.957766652,-0.0117333531,0.160510391
,710008040,-22.91605639318193,-43.15724230563166,187.2,16.3,-0.957766652,-0.0117333531,0.160510391
,710008040,-22.91605639318193,-43.15724230563166,187.2,16.3,-0.957766652,-0.0117333531,0.160510391
,710008040,-22.91605639318193,-43.15724230563166,187.2,16.3,-0.957766652,-0.0117333531,0.160510391
,710008040,-22.91605639318193,-43.15724230563166,187.2,16.3,-0.957766652,-0.0117333531,0.160510391
,710008040,-22.91605639318193,-43.15724230563166,187.2,16.3,-0.957766652,-0.0117333531,0.160510391
,710008040,-22.91605639318193,-43.15724230563166,187.2,16.3,-0.957766652,-0.0117333531,0.160510391
,710008040,-22.91605639318193,-43.15724230563166,187.2,16.3,-0.957766652,-0.0117333531,0.160510391
,710008040,-22.91605639318193,-43.15724230563166,187.2,16.3,-0.957766652,-0.0117333531,0.160510391
,710008040,-22.91605639318193,-43.15724230563166,187.2,16.3,-0.957766652,-0.0117333531,0.160510391
,710008040,-22.91605639318193,-43.15724230563166,187.2,16.3,-0.957766652,-0.0117333531,0.160510391
,710008040,-22.91605639318193,-43.15724230563166,187.2,16.3,-0.957766652,-0.0117333531,0.160510391
,710008040,-22.91605639318193,-43.15724230563166,187.2,16.3,-0.957766652,-0.0117333531,0.160510391
,710008040,-22.91605639318193,-43.15724230563166,187.2,16.3,-0.957766652,-0.0117333531,0.160510391
,710008040,-22.91605639318193,-43.15724230563166,187.2,16.3,-0.957766652,-0.0117333531,0.160510391
,710008040,-22.91605639318193,-43.15724230563166,187.2,16.3,-0.957766652,-0.0117333531,0.160510391
,710008040,-22.91605639318193,-43.15724230563166,187.2,16.3,-0.957766652,-0.0117333531,0.160510391
,710008040,-22.91605639318193,-43.15724230563166,187.2,16.3,-0.957766652,-0.0117333531,0.160510391
,710008040,-22.91605639318193,-43.15724230563166,187.2,16.3,-0.957766652,-0.0117333531,0.160510391
,710008040,-22.91605639318193,-43.15724230563166,187.2,16.3,-0.957766652,-0.0117333531,0.160510391
,710008040,-22.91605639318193,-43.15724230563166,187.2,16.3,-0.957766652,-0.0117333531,0.160510391
,710008040,-22.91605639318193,-43.15724230563166,187.2,16.3,-0.957766652,-0.0117333531,0.160510391
,710008040,-22.91605639318193,-43.15724230563166,187.2,16.3,-0.957766652,-0.0117333531,0.160510391
,710008040,-22.91605639318193,-43.15724230563166,187.2,16.3,-0.957766652,-0.0117333531,0.160510391
,710008040,-22.91605639318193,-43.15724230563166,187.2,16.3,-0.957766652,-0.0117333531,0.160510391
,710008040,-22.91605639318193,-43.15724230563166,187.2,16.3,-0.957766652,-0.0117333531,0.160510391
,710008040,-22.91605639318193,-43.15724230563166,187.2,16.3,-0.957766652,-0.0117333531,0.160510391
,710008040,-22.916131619943638,-43.15725153267335,187.2,16.3,-0.957766652,-0.0117333531,0.160510391
,710008040,-22.916131619943638,-43.15725153267335,187.2,16.3,-0.957766652,-0.0117333531,0.160510391
,710008040,-22.916131619943638,-43.15725153267335,187.2,16.3,-0.957766652,-0.0117333531,0.160510391
,710008040,-22.916131619943638,-43.15725153267335,187.2,16.3,-0.957766652,-0.0117333531,0.160510391
,710008040,-22.916131619943638,-43.15725153267335,187.2,16.3,-0.957766652,-0.0117333531,0.160510391
,710008040,-22.916131619943638,-43.15725153267335,187.2,16.3,-0.957766652,-0.0117333531,0.160510391
,710008040,-22.916131619943638,-43.15725153267335,187.2,16.3,-0.957766652,-0.0117333531,0.160510391
,710008040,-22.916131619943638,-43.15725153267335,187.2,16.3,-0.957766652,-0.0117333531,0.160510391
,710008040,-22.916131619943638,-43.15725153267335,187.2,16.3,-0.957766652,-0.0117333531,0.160510391
,710008040,-22.916131619943638,-43.15725153267335,187.2,16.3,-0.957766652,-0.0117333531,0.160510391
,710008040,-22.916131619943638,-43.15725153267335,187.2,16.3,-0.957766652,-0.0117333531,0.160510391
,710008040,-22.916131619943638,-43.15725153267335,187.2,16.3,-0.957766652,-0.0117333531,0.160510391
,710008040,-22.916131619943638,-43.15725153267335,187.2,16.3,-0.957766652,-0.0117333531,0.160510391
,710008040,-22.916131619943638,-43.15725153267335,187.2,16.3,-0.957766652,-0.0117333531,0.160510391
,710008040,-22.916131619943638,-43.15725153267335,187.2,16.3,-0.957766652,-0.0117333531,0.160510391
,710008040,-22.916131619943638,-43.15725153267335,187.2,16.3,-0.957766652,-0.0117333531,0.160510391
,710008040,-22.916131619943638,-43.15725153267335,187.2,16.3,-0.957766652,-0.0117333531,0.160510391
,710008040,-22.916131619943638,-43.15725153267335,187.2,16.3,-0.957766652,-0.0117333531,0.160510391
,710008040,-22.916131619943638,-43.15725153267335,187.2,16.3,-0.957766652,-0.0117333531,0.160510391
,710008040,-22.916131619943638,-43.15725153267335,187.2,16.3,-0.957766652,-0.0117333531,0.160510391
,710008040,-22.916131619943638,-43.15725153267335,187.2,16.3,-0.957766652,-0.0117333531,0.160510391
,710008040,-22.916131619943638,-43.15725153267335,187.2,16.3,-0.957766652,-0.0117333531,0.160510391
,710008040,-22.916131619943638,-43.15725153267335,187.2,16.3,-0.957766652,-0.0117333531,0.160510391
,710008040,-22.916131619943638,-43.15725153267335,187.2,16.3,-0.957766652,-0.0117333531,0.160510391
,710008040,-22.916131619943638,-43.15725153267335,187.2,16.3,-0.957766652,-0.0117333531,0.160510391
,710008040,-22.916131619943638,-43.15725153267335,187.2,16.3,-0.957766652,-0.0117333531,0.160510391
,710008040,-22.916131619943638,-43.15725153267335,187.2,16.3,-0.957766652,-0.0117333531,0.160510391
,710008040,-22.916131619943638,-43.15725153267335,187.2,16.3,-0.957766652,-0.0117333531,0.160510391
,710008040,-22.916563663002638,-43.15734576063069,190.5,17.2,-0.957766652,-0.0117333531,0.160510391
,710008040,-22.916563663002638,-43.15734576063069,190.5,17.2,-0.957766652,-0.0117333531,0.160510391
,710008040,-22.916563663002638,-43.15734576063069,190.5,17.2,-0.957766652,-0.0117333531,0.160510391
,710008040,-22.916563663002638,-43.15734576063069,190.5,17.2,-0.957766652,-0.0117333531,0.160510391
,710008040,-22.916563663002638,-43.15734576063069,190.5,17.2,-0.957766652,-0.0117333531,0.160510391
,710008040,-22.916563663002638,-43.15734576063069,190.5,17.2,-0.957766652,-0.0117333531,0.160510391
,710008040,-22.916563663002638,-43.15734576063069,190.5,17.2,-0.957766652,-0.0117333531,0.160510391
,710008040,-22.916563663002638,-43.15734576063069,190.5,17.2,-0.957766652,-0.0117333531,0.160510391
,710008040,-22.916563663002638,-43.15734576063069,190.5,17.2,-0.957766652,-0.0117333531,0.160510391
,710008040,-22.916563663002638,-43.15734576063069,190.5,17.2,-0.957766652,-0.0117333531,0.160510391
,710008040,-22.916563663002638,-43.15734576063069,190.5,17.2,-0.957766652,-0.0117333531,0.160510391
,710008040,-22.916563663002638,-43.15734576063069,190.5,17.2,-0.957766652,-0.0117333531,0.160510391
,710008040,-22.916563663002638,-43.15734576063069,190.5,17.2,-0.951011121,-0.00912237167,0.172413796
,710008040,-22.916563663002638,-43.15734576063069,190.5,17.2,-0.951011121,-0.00912237167,0.172413796
,710008040,-22.916563663002638,-43.15734576063069,190.5,17.2,-0.951011121,-0.00912237167,0.172413796
,710008040,-22.916563663002638,-43.15734576063069,190.5,17.2,-0.951011121,-0.00912237167,0.172413796
,710008040,-22.916563663002638,-43.15734576063069,190.5,17.2,-0.951011121,-0.00912237167,0.172413796
,710008040,-22.916563663002638,-43.15734576063069,190.5,17.2,-0.951011121,-0.00912237167,0.172413796
,710008040,-22.916642392565294,-43.15736041388254,190.5,17.2,-0.951011121,-0.00912237167,0.172413796
,710008040,-22.916642392565294,-43.15736041388254,190.5,17.2,-0.951011121,-0.00912237167,0.172413796
,710008040,-22.916642392565294,-43.15736041388254,190.5,17.2,-0.951011121,-0.00912237167,0.172413796
,710008040,-22.916642392565294,-43.15736041388254,190.5,17.2,-0.951011121,-0.00912237167,0.172413796
,710008040,-22.916642392565294,-43.15736041388254,190.5,17.2,-0.951011121,-0.00912237167,0.172413796
,710008040,-22.916642392565294,-43.15736041388254,190.5,17.2,-0.951011121,-0.00912237167,0.172413796
,710008040,-22.916642392565294,-43.15736041388254,190.5,17.2,-0.951011121,-0.00912237167,0.172413796
,710008040,-22.916642392565294,-43.15736041388254,190.5,17.2,-0.951011121,-0.00912237167,0.172413796
,710008040,-22.916642392565294,-43.15736041388254,190.5,17.2,-0.951011121,-0.00912237167,0.172413796
,710008040,-22.916642392565294,-43.15736041388254,190.5,17.2,-0.951011121,-0.00912237167,0.172413796
,710008040,-22.916642392565294,-43.15736041388254,190.5,17.2,-0.951011121,-0.00912237167,0.172413796
,710008040,-22.916642392565294,-43.15736041388254,190.5,17.2,-0.951011121,-0.00912237167,0.172413796
,710008040,-22.916642392565294,-43.15736041388254,190.5,17.2,-0.951011121,-0.00912237167,0.172413796
,710008040,-22.916642392565294,-43.15736041388254,190.5,17.2,-0.951011121,-0.00912237167,0.172413796
,710008040,-22.916642392565294,-43.15736041388254,190.5,17.2,-0.951011121,-0.00912237167,0.172413796
,710008040,-22.916642392565294,-43.15736041388254,190.5,17.2,-0.951011121,-0.00912237167,0.172413796
,710008040,-22.916721122126948,-43.157375067147974,190.5,17.2,-0.951011121,-0.00912237167,0.172413796
,710008040,-22.916721122126948,-43.157375067147974,190.5,17.2,-0.951011121,-0.00912237167,0.172413796
,710008040,-22.916721122126948,-43.157375067147974,190.5,17.2,-0.951011121,-0.00912237167,0.172413796
,710008040,-22.916721122126948,-43.157375067147974,190.5,17.2,-0.951011121,-0.00912237167,0.172413796
,710008040,-22.916721122126948,-43.157375067147974,190.5,17.2,-0.951011121,-0.00912237167,0.172413796
,710008040,-22.916721122126948,-43.157375067147974,190.5,17.2,-0.951011121,-0.00912237167,0.172413796
,710008040,-22.916721122126948,-43.157375067147974,190.5,17.2,-0.951011121,-0.00912237167,0.172413796
,710008040,-22.916721122126948,-43.157375067147974,190.5,17.2,-0.951011121,-0.00912237167,0.172413796
,710008040,-22.916721122126948,-43.157375067147974,190.5,17.2,-0.951011121,-0.00912237167,0.172413796
,710008040,-22.916721122126948,-43.157375067147974,190.5,17.2,-0.951011121,-0.00912237167,0.172413796
,710008040,-22.916721122126948,-43.157375067147974,190.5,17.2,-0.951011121,-0.00912237167,0.172413796
,710008040,-22.916721122126948,-43.157375067147974,190.5,17.2,-0.951011121,-0.00912237167,0.172413796
,710008040,-22.916721122126948,-43.157375067147974,190.5,17.2,-0.951011121,-0.00912237167,0.172413796
,710008040,-22.916721122126948,-43.157375067147974,190.5,17.2,-0.951011121,-0.00912237167,0.172413796
,710008040,-22.916721122126948,-43.157375067147974,190.5,17.2,-0.951011121,-0.00912237167,0.172413796
,710008040,-22.916799851687625,-43.15738972042699,190.5,17.2,-0.951011121,-0.00912237167,0.172413796
,710008040,-22.916799851687625,-43.15738972042699,190.5,17.2,-0.951011121,-0.00912237167,0.172413796
,710008040,-22.916799851687625,-43.15738972042699,190.5,17.2,-0.951011121,-0.00912237167,0.172413796
,710008040,-22.916799851687625,-43.15738972042699,190.5,17.2,-0.951011121,-0.00912237167,0.172413796
,710008040,-22.916799851687625,-43.15738972042699,190.5,17.2,-0.951011121,-0.00912237167,0.172413796
,710008040,-22.916799851687625,-43.15738972042699,190.5,17.2,-0.951011121,-0.00912237167,0.172413796
,710008040,-22.916799851687625,-43.15738972042699,190.5,17.2,-0.951011121,-0.00912237167,0.172413796
,710008040,-22.916799851687625,-43.15738972042699,190.5,17.2,-0.951011121,-0.00912237167,0.172413796
,710008040,-22.916799851687625,-43.15738972042699,190.5,17.2,-0.951011121,-0.00912237167,0.172413796
,710008040,-22.916799851687625,-43.15738972042699,190.5,17.2,-0.951011121,-0.00912237167,0.172413796
,710008040,-22.916799851687625,-43.15738972042699,190.5,17.2,-0.931088865,-0.00341117382,0.202877387
,710008040,-22.916799851687625,-43.15738972042699,190.5,17.2,-0.931088865,-0.00341117382,0.202877387
,710008040,-22.916799851687625,-43.15738972042699,190.5,17.2,-0.931088865,-0.00341117382,0.202185795
,710008040,-22.916799851687625,-43.15738972042699,190.5,17.2,-0.931088865,-0.00341117382,0.202185795
,710008040,-22.916799851687625,-43.15738972042699,190.5,17.2,-0.931088865,-0.00341117382,0.202185795
,710008040,-22.916878581247307,-43.157404373719594,190.5,17.2,-0.931088865,-0.00341117382,0.202185795
,710008040,-22.916878581247307,-43.157404373719594,190.5,17.2,-0.931088865,-0.00341117382,0.202185795
,710008040,-22.916878581247307,-43.157404373719594,190.5,17.2,-0.931088865,-0.00341117382,0.202185795
,710008040,-22.916878581247307,-43.157404373719594,190.5,17.2,-0.931088865,-0.00341117382,0.202185795
,710008040,-22.916878581247307,-43.157404373719594,190.5,17.2,-0.931088865,-0.00341117382,0.202185795
,710008040,-22.916878581247307,-43.157404373719594,190.5,17.2,-0.931088865,-0.00341117382,0.202185795
,710008040,-22.916878581247307,-43.157404373719594,190.5,17.2,-0.931088865,-0.00341117382,0.202185795
,710008040,-22.916878581247307,-43.157404373719594,190.5,17.2,-0.931088865,-0.00341117382,0.202185795
,710008040,-22.916878581247307,-43.157404373719594,190.5,17.2,-0.931088865,-0.00341117382,0.202185795
,710008040,-22.916878581247307,-43.157404373719594,190.5,17.2,-0.931088865,-0.00341117382,0.202185795
,710008040,-22.916878581247307,-43.157404373719594,190.5,17.2,-0.931088865,-0.00341117382,0.202185795
,710008040,-22.916878581247307,-43.157404373719594,190.5,17.2,-0.931088865,-0.00341117382,0.202185795
,710008040,-22.916878581247307,-43.157404373719594,190.5,17.2,-0.931088865,-0.00341117382,0.202185795
,710008040,-22.916878581247307,-43.157404373719594,190.5,17.2,-0.931088865,-0.00341117382,0.202185795
,710008040,-22.916878581247307,-43.157404373719594,190.5,17.2,-0.931088865,-0.00341117382,0.202185795
,710008040,-22.91695731080601,-43.15741902702578,190.5,17.2,-0.931088865,-0.00341117382,0.202185795
,710008040,-22.91695731080601,-43.15741902702578,190.5,17.2,-0.931088865,-0.00341117382,0.202185795
,710008040,-22.91695731080601,-43.15741902702578,190.5,17.2,-0.931088865,-0.00341117382,0.202185795
,710008040,-22.917036040363715,-43.157433680345555,190.5,17.2,-0.931088865,-0.00341117382,0.202185795
,710008040,-22.917036040363715,-43.157433680345555,190.5,17.2,-0.931088865,-0.00341117382,0.202185795
,710008040,-22.917036040363715,-43.157433680345555,190.5,17.2,-0.931088865,-0.00341117382,0.202185795
,710008040,-22.917036040363715,-43.157433680345555,190.5,17.2,-0.931088865,-0.00341117382,0.202185795
,710008040,-22.917036040363715,-43.157433680345555,190.5,17.2,-0.931088865,-0.00341117382,0.202185795
,710008040,-22.91711476992044,-43.157448333678914,190.5,17.2,-0.931088865,-0.00341117382,0.202185795
,710008040,-22.91711476992044,-43.157448333678914,190.5,17.2,-0.931088865,-0.00341117382,0.202185795
,710008040,-22.91711476992044,-43.157448333678914,190.5,17.2,-0.931088865,-0.00341117382,0.202185795
,710008040,-22.91711476992044,-43.157448333678914,190.5,17.2,-0.931088865,-0.00341117382,0.202185795
,710008040,-22.91711476992044,-43.157448333678914,190.5,17.2,-0.931088865,-0.00341117382,0.202185795
,710008040,-22.91711476992044,-43.157448333678914,190.5,17.2,-0.931088865,-0.00341117382,0.202185795
,710008040,-22.91711476992044,-43.157448333678914,190.5,17.2,-0.931088865,-0.00341117382,0.202185795
,710008040,-22.91711476992044,-43.157448333678914,190.5,17.2,-0.931088865,-0.00341117382,0.202185795
,710008040,-22.91711476992044,-43.157448333678914,190.5,17.2,-0.931088865,-0.00341117382,0.202185795
,710008040,-22.91711476992044,-43.157448333678914,190.5,17.2,-0.931088865,-0.00341117382,0.202185795
,710008040,-22.91711476992044,-43.157448333678914,190.5,17.2,-0.923861086,-0.000922322273,0.219111294
,710008040,-22.91711476992044,-43.157448333678914,190.5,17.2,-0.923861086,-0.000922322273,0.218984142
,710008040,-22.91711476992044,-43.157448333678914,190.5,17.2,-0.923861086,-0.000922322273,0.218984142
,710008040,-22.917193499476177,-43.157462987025866,190.5,17.2,-0.923861086,-0.000922322273,0.218984142
,710008040,-22.917193499476177,-43.157462987025866,190.5,17.2,-0.923861086,-0.000922322273,0.218984142
,710008040,-22.917287652742576,-43.15749061522542,190.5,17.2,-0.923861086,-0.000922322273,0.218984142
,710008040,-22.917287652742576,-43.15749061522542,190.5,17.2,-0.920583367,0.000211119652,0.227594495
,710008040,-22.917366382295597,-43.15750526860812,190.5,17.2,-0.920583367,0.000211119652,0.227594495
,710008040,-22.917366382295597,-43.15750526860812,190.5,17.2,-0.920583367,0.000211119652,0.227594495
,710008040,-22.917366382295597,-43.15750526860812,190.5,17.2,-0.920583367,0.000211119652,0.227594495
,710008040,-22.917366382295597,-43.15750526860812,190.5,17.2,-0.920583367,0.000211119652,0.227594495
,710008040,-22.917366382295597,-43.15750526860812,190.5,17.2,-0.920583367,0.000211119652,0.227594495
,710008040,-22.917366382295597,-43.15750526860812,190.5,17.2,-0.920583367,0.000211119652,0.227594495
,710008040,-22.917366382295597,-43.15750526860812,190.5,17.2,-0.920583367,0.000211119652,0.227594495
,710008040,-22.917366382295597,-43.15750526860812,190.5,17.2,-0.920583367,0.000211119652,0.227594495
,710008040,-22.917366382295597,-43.15750526860812,190.5,17.2,-0.920583367,0.000211119652,0.227594495
,710008040,-22.917366382295597,-43.15750526860812,190.5,17.2,-0.920583367,0.000211119652,0.227594495
,710008040,-22.917366382295597,-43.15750526860812,190.5,17.2,-0.920583367,0.000211119652,0.227594495
,710008040,-22.917366382295597,-43.15750526860812,190.5,17.2,-0.920583367,0.000211119652,0.227594495
,710008040,-22.917366382295597,-43.15750526860812,190.5,17.2,-0.920583367,0.000211119652,0.227594495
,710008040,-22.917366382295597,-43.15750526860812,190.5,17.2,-0.920583367,0.000211119652,0.227594495
,710008040,-22.917366382295597,-43.15750526860812,190.5,17.2,-0.920583367,0.000211119652,0.227594495
,710008040,-22.917366382295597,-43.15750526860812,190.5,17.2,-0.920583367,0.000211119652,0.227594495
,710008040,-22.91744511184762,-43.1575199220044,190.5,17.2,-0.920583367,0.000211119652,0.227594495
,710008040,-22.91744511184762,-43.1575199220044,190.5,17.2,-0.920583367,0.000211119652,0.227594495
,710008040,-22.91744511184762,-43.1575199220044,190.5,17.2,-0.920583367,0.000211119652,0.227594495
,710008040,-22.91744511184762,-43.1575199220044,190.5,17.2,-0.920583367,0.000211119652,0.227594495
,710008040,-22.91744511184762,-43.1575199220044,190.5,17.2,-0.920583367,0.000211119652,0.227594495
,710008040,-22.91744511184762,-43.1575199220044,190.5,17.2,-0.920583367,0.000211119652,0.227594495
,710008040,-22.91744511184762,-43.1575199220044,190.5,17.2,-0.920583367,0.000211119652,0.227594495
,710008040,-22.91752384139866,-43.15753457541427,190.5,17.2,-0.920583367,0.000211119652,0.227594495
,710008040,-22.91752384139866,-43.15753457541427,190.5,17.2,-0.915177763,0.00188887119,0.239640683
,710008040,-22.91752384139866,-43.15753457541427,190.5,17.2,-0.915177763,0.00188887119,0.239640683
,710008040,-22.91752384139866,-43.15753457541427,190.5,17.2,-0.915177763,0.00188887119,0.239640683
,710008040,-22.91752384139866,-43.15753457541427,190.5,17.2,-0.915177763,0.00188887119,0.239640683
,710008040,-22.91752384139866,-43.15753457541427,190.5,17.2,-0.915177763,0.00188887119,0.239640683
,710008040,-22.91752384139866,-43.15753457541427,190.5,17.2,-0.915177763,0.00188887119,0.239640683
,710008040,-22.91752384139866,-43.15753457541427,190.5,17.2,-0.915177763,0.00188887119,0.239640683
,710008040,-22.91752384139866,-43.15753457541427,190.5,17.2,-0.915177763,0.00188887119,0.239640683
,710008040,-22.91752384139866,-43.15753457541427,190.5,17.2,-0.915177763,0.00188887119,0.239640683
,710008040,-22.91752384139866,-43.15753457541427,190.5,17.2,-0.915177763,0.00188887119,0.239640683
,710008040,-22.91752384139866,-43.15753457541427,190.5,17.2,-0.915177763,0.00188887119,0.239640683
,710008040,-22.91752384139866,-43.15753457541427,190.5,17.2,-0.915177763,0.00188887119,0.239640683
,710008040,-22.91760257094872,-43.157549228837716,190.5,17.2,-0.915177763,0.00188887119,0.239640683
,710008040,-22.91760257094872,-43.157549228837716,190.5,17.2,-0.915177763,0.00188887119,0.239640683
,710008040,-22.91760257094872,-43.157549228837716,190.5,17.2,-0.915177763,0.00188887119,0.239640683
,710008040,-22.91760257094872,-43.157549228837716,190.5,17.2,-0.915177763,0.00188887119,0.239640683
,710008040,-22.91760257094872,-43.157549228837716,190.5,17.2,-0.915177763,0.00188887119,0.239640683
,710008040,-22.91760257094872,-43.157549228837716,190.5,17.2,-0.915177763,0.00188887119,0.239640683
,710008040,-22.91760257094872,-43.157549228837716,190.5,17.2,-0.915177763,0.00188887119,0.239640683
,710008040,-22.91760257094872,-43.157549228837716,190.5,17.2,-0.915177763,0.00188887119,0.239640683
,710008040,-22.91760257094872,-43.157549228837716,190.5,17.2,-0.915177763,0.00188887119,0.239640683
,710008040,-22.91760257094872,-43.157549228837716,190.5,17.2,-0.915177763,0.00188887119,0.239640683
,710008040,-22.91760257094872,-43.157549228837716,190.5,17.2,-0.915177763,0.00188887119,0.239640683
,710008040,-22.91760257094872,-43.157549228837716,190.5,17.2,-0.915177763,0.00188887119,0.239640683
,710008040,-22.91760257094872,-43.157549228837716,190.5,17.2,-0.915177763,0.00188887119,0.239640683
,710008040,-22.91760257094872,-43.157549228837716,190.5,17.2,-0.915177763,0.00188887119,0.239640683
,710008040,-22.91760257094872,-43.157549228837716,190.5,17.2,-0.915177763,0.00188887119,0.239640683
,710008040,-22.91760257094872,-43.157549228837716,190.5,17.2,-0.915177763,0.00188887119,0.239640683
,710008040,-22.917681300497783,-43.157563882274765,190.5,17.2,-0.915177763,0.00188887119,0.239640683
,710008040,-22.917681300497783,-43.157563882274765,190.5,17.2,-0.915177763,0.00188887119,0.239640683
,710008040,-22.917681300497783,-43.157563882274765,190.5,17.2,-0.915177763,0.00188887119,0.239640683
,710008040,-22.917681300497783,-43.157563882274765,190.5,17.2,-0.915177763,0.00188887119,0.239640683
,710008040,-22.917681300497783,-43.157563882274765,190.5,17.2,-0.915177763,0.00188887119,0.239640683
,710008040,-22.917681300497783,-43.157563882274765,190.5,17.2,-0.915177763,0.00188887119,0.239640683
,710008040,-22.917681300497783,-43.157563882274765,190.5,17.2,-0.915177763,0.00188887119,0.239640683
,710008040,-22.917681300497783,-43.157563882274765,190.5,17.2,-0.915177763,0.00188887119,0.239640683
,710008040,-22.917681300497783,-43.157563882274765,190.5,17.2,-0.915177763,0.00188887119,0.239640683
,710008040,-22.917681300497783,-43.157563882274765,190.5,17.2,-0.915177763,0.00188887119,0.239640683
,710008040,-22.917681300497783,-43.157563882274765,190.5,17.2,-0.915177763,0.00188887119,0.239640683
,710008040,-22.917681300497783,-43.157563882274765,190.5,17.2,-0.915177763,0.00188887119,0.239640683
,710008040,-22.917681300497783,-43.157563882274765,190.5,17.2,-0.915177763,0.00188887119,0.239640683
,710008040,-22.917681300497783,-43.157563882274765,190.5,17.2,-0.915177763,0.00188887119,0.239640683
,710008040,-22.917681300497783,-43.157563882274765,190.5,17.2,-0.915177763,0.00188887119,0.239640683
,710008040,-22.917760030045862,-43.15757853572539,190.5,17.2,-0.915177763,0.00188887119,0.239640683
,710008040,-22.917760030045862,-43.15757853572539,190.5,17.2,-0.911072195,0.00333333015,0.253555417
,710008040,-22.917760030045862,-43.15757853572539,190.5,17.2,-0.911072195,0.00333333015,0.253555417
,710008040,-22.917760030045862,-43.15757853572539,190.5,17.2,-0.911072195,0.00333333015,0.253555417
,710008040,-22.917760030045862,-43.15757853572539,190.5,17.2,-0.911072195,0.00333333015,0.253555417
,710008040,-22.917760030045862,-43.15757853572539,190.5,17.2,-0.911072195,0.00333333015,0.253555417
,710008040,-22.917760030045862,-43.15757853572539,190.5,17.2,-0.911072195,0.00333333015,0.253555417
,710008040,-22.917760030045862,-43.15757853572539,190.5,17.2,-0.911072195,0.00333333015,0.253555417
,710008040,-22.917760030045862,-43.15757853572539,190.5,17.2,-0.911072195,0.00333333015,0.253555417
,710008040,-22.917760030045862,-43.15757853572539,190.5,17.2,-0.911072195,0.00333333015,0.253555417
,710008040,-22.917760030045862,-43.15757853572539,190.5,17.2,-0.911072195,0.00333333015,0.253555417
,710008040,-22.917760030045862,-43.15757853572539,190.5,17.2,-0.911072195,0.00333333015,0.253555417
,710008040,-22.917838759592957,-43.157593189189605,190.5,17.2,-0.911072195,0.00333333015,0.253555417
,710008040,-22.917838759592957,-43.157593189189605,190.5,17.2,-0.911072195,0.00333333015,0.253555417
,710008040,-22.917838759592957,-43.157593189189605,190.5,17.2,-0.911072195,0.00333333015,0.253555417
,710008040,-22.917838759592957,-43.157593189189605,190.5,17.2,-0.911072195,0.00333333015,0.253555417
,710008040,-22.917838759592957,-43.157593189189605,190.5,17.2,-0.911072195,0.00333333015,0.253555417
,710008040,-22.917838759592957,-43.157593189189605,190.5,17.2,-0.911072195,0.00333333015,0.253555417
,710008040,-22.917838759592957,-43.157593189189605,190.5,17.2,-0.911072195,0.00333333015,0.253555417
,710008040,-22.917838759592957,-43.157593189189605,190.5,17.2,-0.911072195,0.00333333015,0.253555417
,710008040,-22.917838759592957,-43.157593189189605,190.5,17.2,-0.911072195,0.00333333015,0.253555417
,710008040,-22.917838759592957,-43.157593189189605,190.5,17.2,-0.911072195,0.00333333015,0.253555417
,710008040,-22.917838759592957,-43.157593189189605,190.5,17.2,-0.911072195,0.00333333015,0.253555417
,710008040,-22.917838759592957,-43.157593189189605,190.5,17.2,-0.911072195,0.00333333015,0.253555417
,710008040,-22.917838759592957,-43.157593189189605,190.5,17.2,-0.911072195,0.00333333015,0.253555417
,710008040,-22.917917489139064,-43.15760784266741,190.5,17.2,-0.911072195,0.00333333015,0.253555417
,710008040,-22.917917489139064,-43.15760784266741,190.5,17.2,-0.911072195,0.00333333015,0.253555417
,710008040,-22.917917489139064,-43.15760784266741,190.5,17.2,-0.911072195,0.00333333015,0.253555417
,710008040,-22.917917489139064,-43.15760784266741,190.5,17.2,-0.911072195,0.00333333015,0.253555417
,710008040,-22.917917489139064,-43.15760784266741,190.5,17.2,-0.911072195,0.00333333015,0.253555417
,710008040,-22.917917489139064,-43.15760784266741,190.5,17.2,-0.911072195,0.00333333015,0.253555417
,710008040,-22.917917489139064,-43.15760784266741,190.5,17.2,-0.911072195,0.00333333015,0.253555417
,710008040,-22.917917489139064,-43.15760784266741,190.5,17.2,-0.911072195,0.00333333015,0.253555417
,710008040,-22.917917489139064,-43.15760784266741,190.5,17.2,-0.911072195,0.00333333015,0.253555417
,710008040,-22.917917489139064,-43.15760784266741,190.5,17.2,-0.911072195,0.00333333015,0.253555417
,710008040,-22.917917489139064,-43.15760784266741,190.5,17.2,-0.911072195,0.00333333015,0.253555417
,710008040,-22.917917489139064,-43.15760784266741,190.5,17.2,-0.911072195,0.00333333015,0.253555417
,710008040,-22.917917489139064,-43.15760784266741,190.5,17.2,-0.911072195,0.00333333015,0.253555417
,710008040,-22.917917489139064,-43.15760784266741,190.5,17.2,-0.911072195,0.00333333015,0.253555417
,710008040,-22.917917489139064,-43.15760784266741,190.5,17.2,-0.911072195,0.00333333015,0.253555417
,710008040,-22.917996218684177,-43.1576224961588,190.5,17.2,-0.911072195,0.00333333015,0.253555417
,710008040,-22.917996218684177,-43.1576224961588,190.5,17.2,-0.907299995,0.00466668606,0.265051663
,710008040,-22.917996218684177,-43.1576224961588,190.5,17.2,-0.907299995,0.00466668606,0.265682846
,710008040,-22.917996218684177,-43.1576224961588,190.5,17.2,-0.907299995,0.00466668606,0.265682846
,710008040,-22.917996218684177,-43.1576224961588,190.5,17.2,-0.907299995,0.00466668606,0.265682846
,710008040,-22.917996218684177,-43.1576224961588,190.5,17.2,-0.907299995,0.00466668606,0.265682846
,710008040,-22.917996218684177,-43.1576224961588,190.5,17.2,-0.907299995,0.00466668606,0.265682846
,710008040,-22.917996218684177,-43.1576224961588,190.5,17.2,-0.907299995,0.00466668606,0.265682846
,710008040,-22.917996218684177,-43.1576224961588,190.5,17.2,-0.907299995,0.00466668606,0.265682846
,710008040,-22.917996218684177,-43.1576224961588,190.5,17.2,-0.907299995,0.00466668606,0.265682846
,710008040,-22.917996218684177,-43.1576224961588,190.5,17.2,-0.907299995,0.00466668606,0.265682846
,710008040,-22.917996218684177,-43.1576224961588,190.5,17.2,-0.907299995,0.00466668606,0.265682846
,710008040,-22.917996218684177,-43.1576224961588,190.5,17.2,-0.907299995,0.00466668606,0.265682846
,710008040,-22.917996218684177,-43.1576224961588,190.5,17.2,-0.907299995,0.00466668606,0.265682846
,710008040,-22.917996218684177,-43.1576224961588,190.5,17.2,-0.907299995,0.00466668606,0.265682846
,710008040,-22.918074948228313,-43.157637149663785,190.5,17.2,-0.907299995,0.00466668606,0.265682846
,710008040,-22.918074948228313,-43.157637149663785,190.5,17.2,-0.907299995,0.00466668606,0.265682846
,710008040,-22.918074948228313,-43.157637149663785,190.5,17.2,-0.907299995,0.00466668606,0.265682846
,710008040,-22.918074948228313,-43.157637149663785,190.5,17.2,-0.907299995,0.00466668606,0.265682846
,710008040,-22.918074948228313,-43.157637149663785,190.5,17.2,-0.907299995,0.00466668606,0.265682846
,710008040,-22.918074948228313,-43.157637149663785,190.5,17.2,-0.907299995,0.00466668606,0.265682846
,710008040,-22.918074948228313,-43.157637149663785,190.5,17.2,-0.907299995,0.00466668606,0.265682846
,710008040,-22.918074948228313,-43.157637149663785,190.5,17.2,-0.907299995,0.00466668606,0.265682846
,710008040,-22.918074948228313,-43.157637149663785,190.5,17.2,-0.907299995,0.00466668606,0.265682846
