id_categoria,id_test,lat,lon,rumo,velocidade,pan,tilt,zoom
,711000999,-22.90264448886239,-43.15885580888784,149.3,8.0,0.108366668,0.0183222294,0.502562344
,711000999,-22.90264448886239,-43.15885580888784,149.3,8.0,0.108366668,0.0183222294,0.502562344
,711000999,-22.90264448886239,-43.15885580888784,149.3,8.0,0.108366668,0.0183222294,0.502562344
,711000999,-22.90264448886239,-43.15885580888784,149.3,8.0,0.108366668,0.0183222294,0.502562344
,711000999,-22.90264448886239,-43.15885580888784,149.3,8.0,0.108366668,0.0183222294,0.502562344
,711000999,-22.90264448886239,-43.15885580888784,149.3,8.0,0.108366668,0.0183222294,0.502562344
,711000999,-22.90264448886239,-43.15885580888784,149.3,8.0,0.108366668,0.0183222294,0.502562344
,711000999,-22.90264448886239,-43.15885580888784,149.3,8.0,0.108366668,0.0183222294,0.502562344
,711000999,-22.90264448886239,-43.15885580888784,149.3,8.0,0.108366668,0.0183222294,0.502562344
,711000999,-22.90264448886239,-43.15885580888784,149.3,8.0,0.108366668,0.0183222294,0.502562344
,711000999,-22.90264448886239,-43.15885580888784,149.3,8.0,0.108366668,0.0183222294,0.502562344
,711000999,-22.90264448886239,-43.15885580888784,149.3,8.0,0.108366668,0.0183222294,0.502562344
,711000999,-22.902707911325738,-43.158813994127165,149.3,8.0,0.108366668,0.0183222294,0.502562344
,711000999,-22.902707911325738,-43.158813994127165,149.3,8.0,0.108366668,0.0183222294,0.502562344
,711000999,-22.902707911325738,-43.158813994127165,149.3,8.0,0.108366668,0.0183222294,0.502562344
,711000999,-22.90250182072121,-43.15895366339702,149.3,8.0,0.10893333,0.0182666779,0.500051737
,711000999,-22.90250182072121,-43.15895366339702,149.3,8.0,0.10893333,0.0182666779,0.500051737
,711000999,-22.90250182072121,-43.15895366339702,149.3,8.0,0.10893333,0.0182666779,0.500051737
,711000999,-22.90250182072121,-43.15895366339702,149.3,8.0,0.10893333,0.0182666779,0.500051737
,711000999,-22.90250182072121,-43.15895366339702,149.3,8.0,0.10893333,0.0182666779,0.500051737
,711000999,-22.90250182072121,-43.15895366339702,149.3,8.0,0.10893333,0.0182666779,0.500051737
,711000999,-22.90250182072121,-43.15895366339702,149.3,8.0,0.10893333,0.0182666779,0.500051737
,711000999,-22.90250182072121,-43.15895366339702,149.3,8.0,0.10893333,0.0182666779,0.500051737
,711000999,-22.90250182072121,-43.15895366339702,149.3,8.0,0.10893333,0.0182666779,0.500051737
,711000999,-22.90250182072121,-43.15895366339702,149.3,8.0,0.10893333,0.0182666779,0.500051737
,711000999,-22.90250182072121,-43.15895366339702,149.3,8.0,0.10893333,0.0182666779,0.500051737
,711000999,-22.90250182072121,-43.15895366339702,149.3,8.0,0.10893333,0.0182666779,0.500051737
,711000999,-22.90250182072121,-43.15895366339702,149.3,8.0,0.10893333,0.0182666779,0.500051737
,711000999,-22.90250182072121,-43.15895366339702,149.3,8.0,0.10893333,0.0182666779,0.500051737
,711000999,-22.90250182072121,-43.15895366339702,149.3,8.0,0.10893333,0.0182666779,0.500051737
,711000999,-22.90250182072121,-43.15895366339702,149.3,8.0,0.10893333,0.0182666779,0.500051737
,711000999,-22.90250182072121,-43.15895366339702,149.3,8.0,0.10893333,0.0182666779,0.500051737
,711000999,-22.90250182072121,-43.15895366339702,149.3,8.0,0.10893333,0.0182666779,0.500051737
,711000999,-22.90250182072121,-43.15895366339702,149.3,8.0,0.10893333,0.0182666779,0.500051737
,711000999,-22.90250182072121,-43.15895366339702,149.3,8.0,0.10893333,0.0182666779,0.500051737
,711000999,-22.90250182072121,-43.15895366339702,149.3,8.0,0.10893333,0.0182666779,0.500051737
,711000999,-22.90250182072121,-43.15895366339702,149.3,8.0,0.10893333,0.0182666779,0.500051737
,711000999,-22.90250182072121,-43.15895366339702,149.3,8.0,0.10893333,0.0182666779,0.500051737
,711000999,-22.90250182072121,-43.15895366339702,149.3,8.0,0.10893333,0.0182666779,0.500051737
,711000999,-22.90250182072121,-43.15895366339702,149.3,8.0,0.10893333,0.0182666779,0.500051737
,711000999,-22.90250182072121,-43.15895366339702,149.3,8.0,0.10893333,0.0182666779,0.500051737
,711000999,-22.90250182072121,-43.15895366339702,149.3,8.0,0.10893333,0.0182666779,0.500051737
,711000999,-22.902596954459984,-43.1588909413795,149.3,8.0,0.10893333,0.0182666779,0.500051737
,711000999,-22.902596954459984,-43.1588909413795,149.3,8.0,0.10893333,0.0182666779,0.500051737
,711000999,-22.902596954459984,-43.1588909413795,149.3,8.0,0.10893333,0.0182666779,0.500051737
,711000999,-22.902596954459984,-43.1588909413795,149.3,8.0,0.106844448,0.0184556246,0.508646548
,711000999,-22.902596954459984,-43.1588909413795,149.3,8.0,0.106844448,0.0184556246,0.508646548
,711000999,-22.902596954459984,-43.1588909413795,149.3,8.0,0.106844448,0.0184556246,0.508646548
,711000999,-22.902596954459984,-43.1588909413795,149.3,8.0,0.106844448,0.0184556246,0.508646548
,711000999,-22.902596954459984,-43.1588909413795,149.3,8.0,0.106844448,0.0184556246,0.508646548
,711000999,-22.902596954459984,-43.1588909413795,149.3,8.0,0.106844448,0.0184556246,0.508646548
,711000999,-22.902596954459984,-43.1588909413795,149.3,8.0,0.106844448,0.0184556246,0.508646548
,711000999,-22.902596954459984,-43.1588909413795,149.3,8.0,0.106844448,0.0184556246,0.508646548
,711000999,-22.902596954459984,-43.1588909413795,149.3,8.0,0.106844448,0.0184556246,0.508646548
,711000999,-22.902596954459984,-43.1588909413795,149.3,8.0,0.106844448,0.0184556246,0.508646548
,711000999,-22.90262866569922,-43.15887003402016,149.3,8.0,0.106844448,0.0184556246,0.508646548
,711000999,-22.90262866569922,-43.15887003402016,149.3,8.0,0.106844448,0.0184556246,0.508646548
,711000999,-22.90262866569922,-43.15887003402016,149.3,8.0,0.106844448,0.0184556246,0.508646548
,711000999,-22.90262866569922,-43.15887003402016,149.3,8.0,0.106844448,0.0184556246,0.508646548
,711000999,-22.90262866569922,-43.15887003402016,149.3,8.0,0.106844448,0.0184556246,0.508646548
,711000999,-22.90262866569922,-43.15887003402016,149.3,8.0,0.106844448,0.0184556246,0.508646548
,711000999,-22.90262866569922,-43.15887003402016,149.3,8.0,0.106844448,0.0184556246,0.508646548
,711000999,-22.90262866569922,-43.15887003402016,149.3,8.0,0.106844448,0.0184556246,0.508646548
,711000999,-22.90262866569922,-43.15887003402016,149.3,8.0,0.106844448,0.0184556246,0.508646548
,711000999,-22.902660376934953,-43.15884912665074,149.3,8.0,0.106844448,0.0184556246,0.508646548
,711000999,-22.902660376934953,-43.15884912665074,149.3,8.0,0.106844448,0.0184556246,0.508646548
,711000999,-22.902660376934953,-43.15884912665074,149.3,8.0,0.106844448,0.0184556246,0.508646548
,711000999,-22.902660376934953,-43.15884912665074,149.3,8.0,0.108538896,0.01828897,0.508646548
,711000999,-22.902660376934953,-43.15884912665074,149.3,8.0,0.108538896,0.01828897,0.508646548
,711000999,-22.902660376934953,-43.15884912665074,149.3,8.0,0.108538896,0.01828897,0.508646548
,711000999,-22.902660376934953,-43.15884912665074,149.3,8.0,0.108538896,0.01828897,0.508646548
,711000999,-22.902660376934953,-43.15884912665074,149.3,8.0,0.108538896,0.01828897,0.508646548
,711000999,-22.902660376934953,-43.15884912665074,149.3,8.0,0.108538896,0.01828897,0.508646548
,711000999,-22.902660376934953,-43.15884912665074,149.3,8.0,0.108538896,0.01828897,0.508646548
,711000999,-22.902660376934953,-43.15884912665074,149.3,8.0,0.108538896,0.01828897,0.508646548
,711000999,-22.902660376934953,-43.15884912665074,149.3,8.0,0.108538896,0.01828897,0.508646548
,711000999,-22.902660376934953,-43.15884912665074,149.3,8.0,0.108538896,0.01828897,0.508646548
,711000999,-22.902660376934953,-43.15884912665074,149.3,8.0,0.108538896,0.01828897,0.501694322
,711000999,-22.902660376934953,-43.15884912665074,149.3,8.0,0.108538896,0.01828897,0.501694322
,711000999,-22.902660376934953,-43.15884912665074,149.3,8.0,0.108538896,0.01828897,0.500051737
,711000999,-22.90269208816718,-43.15882821927124,149.3,8.0,0.108538896,0.01828897,0.500051737
,711000999,-22.90269208816718,-43.15882821927124,149.3,8.0,0.108538896,0.01828897,0.500051737
,711000999,-22.90269208816718,-43.15882821927124,149.3,8.0,0.108538896,0.01828897,0.500051737
,711000999,-22.90269208816718,-43.15882821927124,149.3,8.0,0.108538896,0.01828897,0.500051737
,711000999,-22.90269208816718,-43.15882821927124,149.3,8.0,0.108538896,0.01828897,0.500051737
,711000999,-22.90269208816718,-43.15882821927124,149.3,8.0,0.108538896,0.01828897,0.500051737
,711000999,-22.90269208816718,-43.15882821927124,149.3,8.0,0.108538896,0.01828897,0.500051737
,711000999,-22.90269208816718,-43.15882821927124,149.3,8.0,0.108538896,0.01828897,0.500051737
,711000999,-22.90269208816718,-43.15882821927124,149.3,8.0,0.108538896,0.01828897,0.500051737
,711000999,-22.90269208816718,-43.15882821927124,149.3,8.0,0.108538896,0.01828897,0.500051737
,711000999,-22.90269208816718,-43.15882821927124,149.3,8.0,0.108538896,0.01828897,0.500051737
,711000999,-22.90269208816718,-43.15882821927124,149.3,8.0,0.108538896,0.01828897,0.500051737
,711000999,-22.90269208816718,-43.15882821927124,149.3,8.0,0.108538896,0.01828897,0.500051737
,711000999,-22.90269208816718,-43.15882821927124,149.3,8.0,0.108538896,0.01828897,0.500051737
,711000999,-22.90269208816718,-43.15882821927124,149.3,8.0,0.108538896,0.01828897,0.500051737
,711000999,-22.90283427439964,-43.15868581791271,144.1,8.1,0.108538896,0.01828897,0.500051737
,711000999,-22.90283427439964,-43.15868581791271,144.1,8.1,0.108538896,0.01828897,0.500051737
,711000999,-22.90283427439964,-43.15868581791271,144.1,8.1,0.108538896,0.01828897,0.500051737
,711000999,-22.90283427439964,-43.15868581791271,144.1,8.1,0.108538896,0.01828897,0.500051737
,711000999,-22.90283427439964,-43.15868581791271,144.1,8.1,0.108538896,0.01828897,0.500051737
,711000999,-22.90283427439964,-43.15868581791271,144.1,8.1,0.108538896,0.01828897,0.500051737
,711000999,-22.90283427439964,-43.15868581791271,144.1,8.1,0.108538896,0.01828897,0.500051737
,711000999,-22.90283427439964,-43.15868581791271,144.1,8.1,0.108538896,0.01828897,0.500051737
,711000999,-22.90283427439964,-43.15868581791271,144.1,8.1,0.108538896,0.01828897,0.500051737
,711000999,-22.90283427439964,-43.15868581791271,144.1,8.1,0.108538896,0.01828897,0.500051737
,711000999,-22.90283427439964,-43.15868581791271,144.1,8.1,0.108538896,0.01828897,0.500051737
,711000999,-22.90283427439964,-43.15868581791271,144.1,8.1,0.108538896,0.01828897,0.500051737
,711000999,-22.90283427439964,-43.15868581791271,144.1,8.1,0.108538896,0.01828897,0.500051737
,711000999,-22.90283427439964,-43.15868581791271,144.1,8.1,0.108538896,0.01828897,0.500051737
,711000999,-22.90283427439964,-43.15868581791271,144.1,8.1,0.108538896,0.01828897,0.500051737
,711000999,-22.902864472413697,-43.15866159517585,144.1,8.1,0.108538896,0.01828897,0.500051737
,711000999,-22.902864472413697,-43.15866159517585,144.1,8.1,0.114283331,0.0179333687,0.490688294
,711000999,-22.902864472413697,-43.15866159517585,144.1,8.1,0.114283331,0.0179333687,0.491353422
,711000999,-22.902864472413697,-43.15866159517585,144.1,8.1,0.114283331,0.0179333687,0.491353422
,711000999,-22.902864472413697,-43.15866159517585,144.1,8.1,0.114283331,0.0179333687,0.491353422
,711000999,-22.902864472413697,-43.15866159517585,144.1,8.1,0.114283331,0.0179333687,0.491353422
,711000999,-22.902864472413697,-43.15866159517585,144.1,8.1,0.114283331,0.0179333687,0.491353422
,711000999,-22.902864472413697,-43.15866159517585,144.1,8.1,0.114283331,0.0179333687,0.491353422
,711000999,-22.902864472413697,-43.15866159517585,144.1,8.1,0.114283331,0.0179333687,0.491353422
,711000999,-22.902864472413697,-43.15866159517585,144.1,8.1,0.114283331,0.0179333687,0.491353422
,711000999,-22.902864472413697,-43.15866159517585,144.1,8.1,0.114283331,0.0179333687,0.491353422
,711000999,-22.902864472413697,-43.15866159517585,144.1,8.1,0.114283331,0.0179333687,0.491353422
,711000999,-22.902894670423258,-43.158637372428025,144.1,8.1,0.114283331,0.0179333687,0.491353422
,711000999,-22.902894670423258,-43.158637372428025,144.1,8.1,0.114283331,0.0179333687,0.491353422
,711000999,-22.902894670423258,-43.158637372428025,144.1,8.1,0.114283331,0.0179333687,0.491353422
,711000999,-22.902894670423258,-43.158637372428025,144.1,8.1,0.114283331,0.0179333687,0.491353422
,711000999,-22.902894670423258,-43.158637372428025,144.1,8.1,0.114283331,0.0179333687,0.491353422
,711000999,-22.902894670423258,-43.158637372428025,144.1,8.1,0.114283331,0.0179333687,0.491353422
,711000999,-22.902894670423258,-43.158637372428025,144.1,8.1,0.114283331,0.0179333687,0.491353422
,711000999,-22.902894670423258,-43.158637372428025,144.1,8.1,0.114283331,0.0179333687,0.491353422
,711000999,-22.902894670423258,-43.158637372428025,144.1,8.1,0.114283331,0.0179333687,0.491353422
,711000999,-22.902894670423258,-43.158637372428025,144.1,8.1,0.114283331,0.0179333687,0.491353422
,711000999,-22.902894670423258,-43.158637372428025,144.1,8.1,0.114283331,0.0179333687,0.491353422
,711000999,-22.902894670423258,-43.158637372428025,144.1,8.1,0.114283331,0.0179333687,0.491353422
,711000999,-22.902894670423258,-43.158637372428025,144.1,8.1,0.114283331,0.0179333687,0.491353422
,711000999,-22.902894670423258,-43.158637372428025,144.1,8.1,0.114283331,0.0179333687,0.491353422
,711000999,-22.902894670423258,-43.158637372428025,144.1,8.1,0.114283331,0.0179333687,0.491353422
,711000999,-22.902894670423258,-43.158637372428025,144.1,8.1,0.114283331,0.0179333687,0.491353422
,711000999,-22.902894670423258,-43.158637372428025,144.1,8.1,0.114283331,0.0179333687,0.491353422
,711000999,-22.902894670423258,-43.158637372428025,144.1,8.1,0.114283331,0.0179333687,0.491353422
,711000999,-22.902894670423258,-43.158637372428025,144.1,8.1,0.114283331,0.0179333687,0.491353422
,711000999,-22.902894670423258,-43.158637372428025,144.1,8.1,0.114283331,0.0179333687,0.491353422
,711000999,-22.902894670423258,-43.158637372428025,144.1,8.1,0.114283331,0.0179333687,0.491353422
,711000999,-22.902924868428304,-43.15861314966924,144.1,8.1,0.114283331,0.0179333687,0.491353422
,711000999,-22.902924868428304,-43.15861314966924,144.1,8.1,0.114283331,0.0179333687,0.491353422
,711000999,-22.902924868428304,-43.15861314966924,144.1,8.1,0.114283331,0.0179333687,0.491353422
,711000999,-22.902924868428304,-43.15861314966924,144.1,8.1,0.114283331,0.0179333687,0.491353422
,711000999,-22.902924868428304,-43.15861314966924,144.1,8.1,0.114283331,0.0179333687,0.491353422
,711000999,-22.902924868428304,-43.15861314966924,144.1,8.1,0.114283331,0.0179333687,0.491353422
,711000999,-22.902924868428304,-43.15861314966924,144.1,8.1,0.114283331,0.0179333687,0.491353422
,711000999,-22.902924868428304,-43.15861314966924,144.1,8.1,0.114283331,0.0179333687,0.491353422
,711000999,-22.902924868428304,-43.15861314966924,144.1,8.1,0.114283331,0.0179333687,0.491353422
,711000999,-22.902924868428304,-43.15861314966924,144.1,8.1,0.114283331,0.0179333687,0.491353422
,711000999,-22.902924868428304,-43.15861314966924,144.1,8.1,0.114283331,0.0179333687,0.491353422
,711000999,-22.902924868428304,-43.15861314966924,144.1,8.1,0.114283331,0.0179333687,0.491353422
,711000999,-22.902924868428304,-43.15861314966924,144.1,8.1,0.114283331,0.0179333687,0.491353422
,711000999,-22.902924868428304,-43.15861314966924,144.1,8.1,0.114283331,0.0179333687,0.491353422
,711000999,-22.902924868428304,-43.15861314966924,144.1,8.1,0.114283331,0.0179333687,0.491353422
,711000999,-22.902924868428304,-43.15861314966924,144.1,8.1,0.114283331,0.0179333687,0.491353422
,711000999,-22.902924868428304,-43.15861314966924,144.1,8.1,0.114283331,0.0179333687,0.491353422
,711000999,-22.902924868428304,-43.15861314966924,144.1,8.1,0.114283331,0.0179333687,0.491353422
,711000999,-22.902924868428304,-43.15861314966924,144.1,8.1,0.114283331,0.0179333687,0.491353422
,711000999,-22.902924868428304,-43.15861314966924,144.1,8.1,0.114283331,0.0179333687,0.491353422
,711000999,-22.902924868428304,-43.15861314966924,144.1,8.1,0.114283331,0.0179333687,0.491353422
,711000999,-22.902924868428304,-43.15861314966924,144.1,8.1,0.114283331,0.0179333687,0.491353422
,711000999,-22.902924868428304,-43.15861314966924,144.1,8.1,0.114283331,0.0179333687,0.491353422
,711000999,-22.902924868428304,-43.15861314966924,144.1,8.1,0.114283331,0.0179333687,0.491353422
,711000999,-22.902924868428304,-43.15861314966924,144.1,8.1,0.114283331,0.0179333687,0.491353422
,711000999,-22.902924868428304,-43.15861314966924,144.1,8.1,0.114283331,0.0179333687,0.491353422
,711000999,-22.902924868428304,-43.15861314966924,144.1,8.1,0.114283331,0.0179333687,0.491353422
,711000999,-22.902924868428304,-43.15861314966924,144.1,8.1,0.114283331,0.0179333687,0.491353422
,711000999,-22.902924868428304,-43.15861314966924,144.1,8.1,0.114283331,0.0179333687,0.491353422
,711000999,-22.902924868428304,-43.15861314966924,144.1,8.1,0.114283331,0.0179333687,0.491353422
,711000999,-22.902955066428852,-43.1585889268995,144.1,8.1,0.114283331,0.0179333687,0.491353422
,711000999,-22.902955066428852,-43.1585889268995,144.1,8.1,0.114283331,0.0179333687,0.491353422
,711000999,-22.902955066428852,-43.1585889268995,144.1,8.1,0.114283331,0.0179333687,0.491353422
,711000999,-22.902955066428852,-43.1585889268995,144.1,8.1,0.114283331,0.0179333687,0.491353422
,711000999,-22.902955066428852,-43.1585889268995,144.1,8.1,0.116411112,0.0177667141,0.485732615
,711000999,-22.902955066428852,-43.1585889268995,144.1,8.1,0.116411112,0.0177667141,0.485732615
,711000999,-22.902955066428852,-43.1585889268995,144.1,8.1,0.116411112,0.0177667141,0.485732615
,711000999,-22.902955066428852,-43.1585889268995,144.1,8.1,0.116411112,0.0177667141,0.485732615
,711000999,-22.902955066428852,-43.1585889268995,144.1,8.1,0.116411112,0.0177667141,0.487107813
,711000999,-22.902955066428852,-43.1585889268995,144.1,8.1,0.116411112,0.0177667141,0.487107813
,711000999,-22.902955066428852,-43.1585889268995,144.1,8.1,0.116411112,0.0177667141,0.487107813
,711000999,-22.902955066428852,-43.1585889268995,144.1,8.1,0.116411112,0.0177667141,0.487107813
,711000999,-22.902955066428852,-43.1585889268995,144.1,8.1,0.116411112,0.0177667141,0.487107813
,711000999,-22.902955066428852,-43.1585889268995,144.1,8.1,0.116411112,0.0177667141,0.487107813
,711000999,-22.902955066428852,-43.1585889268995,144.1,8.1,0.116411112,0.0177667141,0.487107813
,711000999,-22.902955066428852,-43.1585889268995,144.1,8.1,0.116411112,0.0177667141,0.487107813
,711000999,-22.902955066428852,-43.1585889268995,144.1,8.1,0.116411112,0.0177667141,0.487107813
,711000999,-22.902955066428852,-43.1585889268995,144.1,8.1,0.116411112,0.0177667141,0.487107813
,711000999,-22.902955066428852,-43.1585889268995,144.1,8.1,0.116411112,0.0177667141,0.487107813
,711000999,-22.902955066428852,-43.1585889268995,144.1,8.1,0.116411112,0.0177667141,0.487107813
,711000999,-22.902955066428852,-43.1585889268995,144.1,8.1,0.116411112,0.0177667141,0.487107813
,711000999,-22.902955066428852,-43.1585889268995,144.1,8.1,0.116411112,0.0177667141,0.487107813
,711000999,-22.902955066428852,-43.1585889268995,144.1,8.1,0.116411112,0.0177667141,0.487107813
,711000999,-22.902955066428852,-43.1585889268995,144.1,8.1,0.116411112,0.0177667141,0.487107813
,711000999,-22.902955066428852,-43.1585889268995,144.1,8.1,0.116411112,0.0177667141,0.487107813
,711000999,-22.902955066428852,-43.1585889268995,144.1,8.1,0.116411112,0.0177667141,0.487107813
,711000999,-22.902955066428852,-43.1585889268995,144.1,8.1,0.116411112,0.0177667141,0.487107813
,711000999,-22.902955066428852,-43.1585889268995,144.1,8.1,0.116411112,0.0177667141,0.487107813
,711000999,-22.902955066428852,-43.1585889268995,144.1,8.1,0.116411112,0.0177667141,0.487107813
,711000999,-22.902955066428852,-43.1585889268995,144.1,8.1,0.116411112,0.0177667141,0.487107813
,711000999,-22.90298526442489,-43.15856470411879,144.1,8.1,0.116411112,0.0177667141,0.487107813
,711000999,-22.90298526442489,-43.15856470411879,144.1,8.1,0.116411112,0.0177667141,0.487107813
,711000999,-22.90298526442489,-43.15856470411879,144.1,8.1,0.116411112,0.0177667141,0.487107813
,711000999,-22.90298526442489,-43.15856470411879,144.1,8.1,0.116411112,0.0177667141,0.487107813
,711000999,-22.90298526442489,-43.15856470411879,144.1,8.1,0.116411112,0.0177667141,0.487107813
,711000999,-22.90298526442489,-43.15856470411879,144.1,8.1,0.116411112,0.0177667141,0.487107813
,711000999,-22.90298526442489,-43.15856470411879,144.1,8.1,0.116411112,0.0177667141,0.487107813
,711000999,-22.90298526442489,-43.15856470411879,144.1,8.1,0.116411112,0.0177667141,0.487107813
,711000999,-22.90298526442489,-43.15856470411879,144.1,8.1,0.116411112,0.0177667141,0.487107813
,711000999,-22.90298526442489,-43.15856470411879,144.1,8.1,0.116411112,0.0177667141,0.487107813
,711000999,-22.90298526442489,-43.15856470411879,144.1,8.1,0.116411112,0.0177667141,0.487107813
,711000999,-22.90298526442489,-43.15856470411879,144.1,8.1,0.116411112,0.0177667141,0.487107813
,711000999,-22.90298526442489,-43.15856470411879,144.1,8.1,0.116411112,0.0177667141,0.487107813
,711000999,-22.90298526442489,-43.15856470411879,144.1,8.1,0.116411112,0.0177667141,0.487107813
,711000999,-22.90298526442489,-43.15856470411879,144.1,8.1,0.116411112,0.0177667141,0.487107813
,711000999,-22.90298526442489,-43.15856470411879,144.1,8.1,0.116411112,0.0177667141,0.487107813
,711000999,-22.90298526442489,-43.15856470411879,144.1,8.1,0.116411112,0.0177667141,0.487107813
,711000999,-22.90298526442489,-43.15856470411879,144.1,8.1,0.116411112,0.0177667141,0.487107813
,711000999,-22.90298526442489,-43.15856470411879,144.1,8.1,0.116411112,0.0177667141,0.487107813
,711000999,-22.90298526442489,-43.15856470411879,144.1,8.1,0.116411112,0.0177667141,0.487107813
,711000999,-22.903015462416427,-43.15854048132711,144.1,8.1,0.116411112,0.0177667141,0.487107813
,711000999,-22.903015462416427,-43.15854048132711,144.1,8.1,0.116411112,0.0177667141,0.487107813
,711000999,-22.903015462416427,-43.15854048132711,144.1,8.1,0.116411112,0.0177667141,0.487107813
,711000999,-22.903015462416427,-43.15854048132711,144.1,8.1,0.116411112,0.0177667141,0.487107813
,711000999,-22.903015462416427,-43.15854048132711,144.1,8.1,0.116411112,0.0177667141,0.487107813
,711000999,-22.903015462416427,-43.15854048132711,144.1,8.1,0.116411112,0.0177667141,0.487107813
,711000999,-22.903015462416427,-43.15854048132711,144.1,8.1,0.116411112,0.0177667141,0.487107813
,711000999,-22.903015462416427,-43.15854048132711,144.1,8.1,0.116411112,0.0177667141,0.487107813
,711000999,-22.903015462416427,-43.15854048132711,144.1,8.1,0.116411112,0.0177667141,0.487107813
,711000999,-22.903015462416427,-43.15854048132711,144.1,8.1,0.116411112,0.0177667141,0.487107813
,711000999,-22.903015462416427,-43.15854048132711,144.1,8.1,0.116411112,0.0177667141,0.487107813
,711000999,-22.903015462416427,-43.15854048132711,144.1,8.1,0.116411112,0.0177667141,0.487107813
,711000999,-22.903015462416427,-43.15854048132711,144.1,8.1,0.116411112,0.0177667141,0.487107813
,711000999,-22.903015462416427,-43.15854048132711,144.1,8.1,0.116411112,0.0177667141,0.487107813
,711000999,-22.903015462416427,-43.15854048132711,144.1,8.1,0.116411112,0.0177667141,0.487107813
,711000999,-22.903015462416427,-43.15854048132711,144.1,8.1,0.116411112,0.0177667141,0.487107813
,711000999,-22.903015462416427,-43.15854048132711,144.1,8.1,0.116411112,0.0177667141,0.487107813
,711000999,-22.903015462416427,-43.15854048132711,144.1,8.1,0.116411112,0.0177667141,0.487107813
,711000999,-22.903015462416427,-43.15854048132711,144.1,8.1,0.116411112,0.0177667141,0.487107813
,711000999,-22.903015462416427,-43.15854048132711,144.1,8.1,0.116411112,0.0177667141,0.487107813
,711000999,-22.903015462416427,-43.15854048132711,144.1,8.1,0.116411112,0.0177667141,0.487107813
,711000999,-22.903015462416427,-43.15854048132711,144.1,8.1,0.116411112,0.0177667141,0.487107813
,711000999,-22.903015462416427,-43.15854048132711,144.1,8.1,0.116411112,0.0177667141,0.487107813
,711000999,-22.903015462416427,-43.15854048132711,144.1,8.1,0.116411112,0.0177667141,0.487107813
,711000999,-22.903015462416427,-43.15854048132711,144.1,8.1,0.116411112,0.0177667141,0.487107813
,711000999,-22.903015462416427,-43.15854048132711,144.1,8.1,0.116411112,0.0177667141,0.487107813
,711000999,-22.903015462416427,-43.15854048132711,144.1,8.1,0.116411112,0.0177667141,0.487107813
,711000999,-22.903015462416427,-43.15854048132711,144.1,8.1,0.116411112,0.0177667141,0.487107813
,711000999,-22.903015462416427,-43.15854048132711,144.1,8.1,0.116411112,0.0177667141,0.487107813
,711000999,-22.903015462416427,-43.15854048132711,144.1,8.1,0.116411112,0.0177667141,0.487107813
,711000999,-22.903045660403457,-43.15851625852447,144.1,8.1,0.116411112,0.0177667141,0.487107813
,711000999,-22.903045660403457,-43.15851625852447,144.1,8.1,0.116411112,0.0177667141,0.487107813
,711000999,-22.903045660403457,-43.15851625852447,144.1,8.1,0.118577778,0.0175999403,0.480800569
,711000999,-22.903045660403457,-43.15851625852447,144.1,8.1,0.118577778,0.0175999403,0.480800569
,711000999,-22.903045660403457,-43.15851625852447,144.1,8.1,0.118577778,0.0175999403,0.478978425
,711000999,-22.903045660403457,-43.15851625852447,144.1,8.1,0.118577778,0.0175999403,0.478978425
,711000999,-22.903045660403457,-43.15851625852447,144.1,8.1,0.118577778,0.0175999403,0.478978425
,711000999,-22.903045660403457,-43.15851625852447,144.1,8.1,0.118577778,0.0175999403,0.478978425
,711000999,-22.903045660403457,-43.15851625852447,144.1,8.1,0.118577778,0.0175999403,0.478978425
,711000999,-22.903045660403457,-43.15851625852447,144.1,8.1,0.118577778,0.0175999403,0.478978425
,711000999,-22.903045660403457,-43.15851625852447,144.1,8.1,0.118577778,0.0175999403,0.478978425
,711000999,-22.903045660403457,-43.15851625852447,144.1,8.1,0.118577778,0.0175999403,0.478978425
,711000999,-22.903045660403457,-43.15851625852447,144.1,8.1,0.118577778,0.0175999403,0.478978425
,711000999,-22.903045660403457,-43.15851625852447,144.1,8.1,0.118577778,0.0175999403,0.478978425
,711000999,-22.903045660403457,-43.15851625852447,144.1,8.1,0.118577778,0.0175999403,0.478978425
,711000999,-22.903045660403457,-43.15851625852447,144.1,8.1,0.118577778,0.0175999403,0.478978425
,711000999,-22.903045660403457,-43.15851625852447,144.1,8.1,0.118577778,0.0175999403,0.478978425
,711000999,-22.903045660403457,-43.15851625852447,144.1,8.1,0.118577778,0.0175999403,0.478978425
,711000999,-22.903045660403457,-43.15851625852447,144.1,8.1,0.118577778,0.0175999403,0.478978425
,711000999,-22.903045660403457,-43.15851625852447,144.1,8.1,0.118577778,0.0175999403,0.478978425
,711000999,-22.903045660403457,-43.15851625852447,144.1,8.1,0.118577778,0.0175999403,0.478978425
,711000999,-22.903045660403457,-43.15851625852447,144.1,8.1,0.118577778,0.0175999403,0.478978425
,711000999,-22.903045660403457,-43.15851625852447,144.1,8.1,0.118577778,0.0175999403,0.478978425
,711000999,-22.903045660403457,-43.15851625852447,144.1,8.1,0.118577778,0.0175999403,0.478978425
,711000999,-22.903045660403457,-43.15851625852447,144.1,8.1,0.118577778,0.0175999403,0.478978425
,711000999,-22.903045660403457,-43.15851625852447,144.1,8.1,0.118577778,0.0175999403,0.478978425
,711000999,-22.903045660403457,-43.15851625852447,144.1,8.1,0.118577778,0.0175999403,0.478978425
,711000999,-22.903045660403457,-43.15851625852447,144.1,8.1,0.118577778,0.0175999403,0.478978425
,711000999,-22.903045660403457,-43.15851625852447,144.1,8.1,0.118577778,0.0175999403,0.478978425
,711000999,-22.903045660403457,-43.15851625852447,144.1,8.1,0.118577778,0.0175999403,0.478978425
,711000999,-22.903075858385982,-43.158492035710864,144.1,8.1,0.118577778,0.0175999403,0.478978425
,711000999,-22.903075858385982,-43.158492035710864,144.1,8.1,0.118577778,0.0175999403,0.478978425
,711000999,-22.903075858385982,-43.158492035710864,144.1,8.1,0.118577778,0.0175999403,0.478978425
,711000999,-22.903075858385982,-43.158492035710864,144.1,8.1,0.118577778,0.0175999403,0.478978425
,711000999,-22.903075858385982,-43.158492035710864,144.1,8.1,0.118577778,0.0175999403,0.478978425
,711000999,-22.903075858385982,-43.158492035710864,144.1,8.1,0.118577778,0.0175999403,0.478978425
,711000999,-22.903075858385982,-43.158492035710864,144.1,8.1,0.118577778,0.0175999403,0.478978425
,711000999,-22.903075858385982,-43.158492035710864,144.1,8.1,0.118577778,0.0175999403,0.478978425
,711000999,-22.903075858385982,-43.158492035710864,144.1,8.1,0.118577778,0.0175999403,0.478978425
,711000999,-22.903075858385982,-43.158492035710864,144.1,8.1,0.118577778,0.0175999403,0.478978425
,711000999,-22.903075858385982,-43.158492035710864,144.1,8.1,0.118577778,0.0175999403,0.478978425
,711000999,-22.903075858385982,-43.158492035710864,144.1,8.1,0.118577778,0.0175999403,0.478978425
,711000999,-22.903075858385982,-43.158492035710864,144.1,8.1,0.118577778,0.0175999403,0.478978425
,711000999,-22.903075858385982,-43.158492035710864,144.1,8.1,0.118577778,0.0175999403,0.478978425
,711000999,-22.903075858385982,-43.158492035710864,144.1,8.1,0.118577778,0.0175999403,0.478978425
,711000999,-22.903075858385982,-43.158492035710864,144.1,8.1,0.118577778,0.0175999403,0.478978425
,711000999,-22.903075858385982,-43.158492035710864,144.1,8.1,0.118577778,0.0175999403,0.478978425
,711000999,-22.903075858385982,-43.158492035710864,144.1,8.1,0.118577778,0.0175999403,0.478978425
,711000999,-22.903075858385982,-43.158492035710864,144.1,8.1,0.118577778,0.0175999403,0.478978425
,711000999,-22.903075858385982,-43.158492035710864,144.1,8.1,0.118577778,0.0175999403,0.478978425
,711000999,-22.903075858385982,-43.158492035710864,144.1,8.1,0.118577778,0.0175999403,0.478978425
,711000999,-22.903075858385982,-43.158492035710864,144.1,8.1,0.118577778,0.0175999403,0.478978425
,711000999,-22.903075858385982,-43.158492035710864,144.1,8.1,0.118577778,0.0175999403,0.478978425
,711000999,-22.903075858385982,-43.158492035710864,144.1,8.1,0.118577778,0.0175999403,0.478978425
,711000999,-22.903075858385982,-43.158492035710864,144.1,8.1,0.118577778,0.0175999403,0.478978425
,711000999,-22.903075858385982,-43.158492035710864,144.1,8.1,0.118577778,0.0175999403,0.478978425
,711000999,-22.903106056364006,-43.1584678128863,144.1,8.1,0.118577778,0.0175999403,0.478978425
,711000999,-22.903106056364006,-43.1584678128863,144.1,8.1,0.118577778,0.0175999403,0.478978425
,711000999,-22.903106056364006,-43.1584678128863,144.1,8.1,0.118577778,0.0175999403,0.478978425
,711000999,-22.903106056364006,-43.1584678128863,144.1,8.1,0.118577778,0.0175999403,0.478978425
,711000999,-22.903106056364006,-43.1584678128863,144.1,8.1,0.118577778,0.0175999403,0.478978425
,711000999,-22.903106056364006,-43.1584678128863,144.1,8.1,0.118577778,0.0175999403,0.478978425
,711000999,-22.903106056364006,-43.1584678128863,144.1,8.1,0.118577778,0.0175999403,0.478978425
,711000999,-22.903106056364006,-43.1584678128863,144.1,8.1,0.118577778,0.0175999403,0.478978425
,711000999,-22.903106056364006,-43.1584678128863,144.1,8.1,0.118577778,0.0175999403,0.478978425
,711000999,-22.903106056364006,-43.1584678128863,144.1,8.1,0.118577778,0.0175999403,0.478978425
,711000999,-22.903106056364006,-43.1584678128863,144.1,8.1,0.118577778,0.0175999403,0.478978425
,711000999,-22.903106056364006,-43.1584678128863,144.1,8.1,0.118577778,0.0175999403,0.478978425
,711000999,-22.903106056364006,-43.1584678128863,144.1,8.1,0.118577778,0.0175999403,0.478978425
,711000999,-22.903106056364006,-43.1584678128863,144.1,8.1,0.118577778,0.0175999403,0.478978425
,711000999,-22.903106056364006,-43.1584678128863,144.1,8.1,0.118577778,0.0175999403,0.478978425
,711000999,-22.903106056364006,-43.1584678128863,144.1,8.1,0.118577778,0.0175999403,0.478978425
,711000999,-22.903106056364006,-43.1584678128863,144.1,8.1,0.118577778,0.0175999403,0.478978425
,711000999,-22.903106056364006,-43.1584678128863,144.1,8.1,0.118577778,0.0175999403,0.478978425
,711000999,-22.903106056364006,-43.1584678128863,144.1,8.1,0.118577778,0.0175999403,0.478978425
,711000999,-22.903106056364006,-43.1584678128863,144.1,8.1,0.118577778,0.0175999403,0.478978425
,711000999,-22.903106056364006,-43.1584678128863,144.1,8.1,0.118577778,0.0175999403,0.478978425
,711000999,-22.903106056364006,-43.1584678128863,144.1,8.1,0.118577778,0.0175999403,0.478978425
,711000999,-22.903106056364006,-43.1584678128863,144.1,8.1,0.118577778,0.0175999403,0.478978425
,711000999,-22.903106056364006,-43.1584678128863,144.1,8.1,0.118577778,0.0175999403,0.478978425
,711000999,-22.903106056364006,-43.1584678128863,144.1,8.1,0.118577778,0.0175999403,0.478978425
,711000999,-22.903106056364006,-43.1584678128863,144.1,8.1,0.118577778,0.0175999403,0.478978425
,711000999,-22.903136254337525,-43.158443590050766,144.1,8.1,0.118577778,0.0175999403,0.478978425
,711000999,-22.903136254337525,-43.158443590050766,144.1,8.1,0.118577778,0.0175999403,0.478978425
,711000999,-22.903136254337525,-43.158443590050766,144.1,8.1,0.120788895,0.0174221992,0.475106031
,711000999,-22.903136254337525,-43.158443590050766,144.1,8.1,0.120788895,0.0174221992,0.475106031
,711000999,-22.903136254337525,-43.158443590050766,144.1,8.1,0.120788895,0.0174221992,0.475106031
,711000999,-22.903136254337525,-43.158443590050766,144.1,8.1,0.120788895,0.0174221992,0.475106031
,711000999,-22.903136254337525,-43.158443590050766,144.1,8.1,0.120788895,0.0174221992,0.475106031
,711000999,-22.903136254337525,-43.158443590050766,144.1,8.1,0.120788895,0.0174221992,0.475106031
,711000999,-22.903136254337525,-43.158443590050766,144.1,8.1,0.120788895,0.0174221992,0.475106031
,711000999,-22.903136254337525,-43.158443590050766,144.1,8.1,0.120788895,0.0174221992,0.475106031
,711000999,-22.903136254337525,-43.158443590050766,144.1,8.1,0.120788895,0.0174221992,0.475106031
,711000999,-22.903136254337525,-43.158443590050766,144.1,8.1,0.120788895,0.0174221992,0.475106031
,711000999,-22.903136254337525,-43.158443590050766,144.1,8.1,0.120788895,0.0174221992,0.475106031
,711000999,-22.903136254337525,-43.158443590050766,144.1,8.1,0.120788895,0.0174221992,0.475106031
,711000999,-22.903136254337525,-43.158443590050766,144.1,8.1,0.120788895,0.0174221992,0.475106031
,711000999,-22.903136254337525,-43.158443590050766,144.1,8.1,0.120788895,0.0174221992,0.475106031
,711000999,-22.903136254337525,-43.158443590050766,144.1,8.1,0.120788895,0.0174221992,0.475106031
,711000999,-22.903136254337525,-43.158443590050766,144.1,8.1,0.120788895,0.0174221992,0.475106031
,711000999,-22.903136254337525,-43.158443590050766,144.1,8.1,0.120788895,0.0174221992,0.475106031
,711000999,-22.903136254337525,-43.158443590050766,144.1,8.1,0.120788895,0.0174221992,0.475106031
,711000999,-22.903136254337525,-43.158443590050766,144.1,8.1,0.120788895,0.0174221992,0.475106031
,711000999,-22.903136254337525,-43.158443590050766,144.1,8.1,0.120788895,0.0174221992,0.475106031
,711000999,-22.903166452306536,-43.158419367204274,144.1,8.1,0.120788895,0.0174221992,0.475106031
,711000999,-22.903166452306536,-43.158419367204274,144.1,8.1,0.120788895,0.0174221992,0.475106031
,711000999,-22.903166452306536,-43.158419367204274,144.1,8.1,0.120788895,0.0174221992,0.475106031
,711000999,-22.903166452306536,-43.158419367204274,144.1,8.1,0.120788895,0.0174221992,0.475106031
,711000999,-22.903166452306536,-43.158419367204274,144.1,8.1,0.120788895,0.0174221992,0.475106031
,711000999,-22.903166452306536,-43.158419367204274,144.1,8.1,0.120788895,0.0174221992,0.475106031
,711000999,-22.903166452306536,-43.158419367204274,144.1,8.1,0.120788895,0.0174221992,0.475106031
,711000999,-22.903166452306536,-43.158419367204274,144.1,8.1,0.120788895,0.0174221992,0.475106031
,711000999,-22.903166452306536,-43.158419367204274,144.1,8.1,0.120788895,0.0174221992,0.475106031
,711000999,-22.903166452306536,-43.158419367204274,144.1,8.1,0.120788895,0.0174221992,0.475106031
,711000999,-22.903166452306536,-43.158419367204274,144.1,8.1,0.120788895,0.0174221992,0.475106031
,711000999,-22.903166452306536,-43.158419367204274,144.1,8.1,0.120788895,0.0174221992,0.475106031
,711000999,-22.903166452306536,-43.158419367204274,144.1,8.1,0.120788895,0.0174221992,0.475106031
,711000999,-22.903166452306536,-43.158419367204274,144.1,8.1,0.120788895,0.0174221992,0.475106031
,711000999,-22.903166452306536,-43.158419367204274,144.1,8.1,0.120788895,0.0174221992,0.475106031
,711000999,-22.903166452306536,-43.158419367204274,144.1,8.1,0.120788895,0.0174221992,0.475106031
,711000999,-22.903166452306536,-43.158419367204274,144.1,8.1,0.120788895,0.0174221992,0.475106031
,711000999,-22.903166452306536,-43.158419367204274,144.1,8.1,0.120788895,0.0174221992,0.475106031
,711000999,-22.903166452306536,-43.158419367204274,144.1,8.1,0.120788895,0.0174221992,0.475106031
,711000999,-22.903166452306536,-43.158419367204274,144.1,8.1,0.120788895,0.0174221992,0.475106031
,711000999,-22.903196650271045,-43.15839514434683,144.1,8.1,0.120788895,0.0174221992,0.475106031
,711000999,-22.903196650271045,-43.15839514434683,144.1,8.1,0.120788895,0.0174221992,0.475106031
,711000999,-22.903196650271045,-43.15839514434683,144.1,8.1,0.120788895,0.0174221992,0.475106031
,711000999,-22.903196650271045,-43.15839514434683,144.1,8.1,0.120788895,0.0174221992,0.475106031
,711000999,-22.903196650271045,-43.15839514434683,144.1,8.1,0.120788895,0.0174221992,0.475106031
,711000999,-22.903196650271045,-43.15839514434683,144.1,8.1,0.120788895,0.0174221992,0.475106031
,711000999,-22.903257046186543,-43.15834669859902,144.1,8.1,0.123038888,0.0172444582,0.471233636
,711000999,-22.903257046186543,-43.15834669859902,144.1,8.1,0.123038888,0.0172444582,0.471233636
,711000999,-22.903257046186543,-43.15834669859902,144.1,8.1,0.123038888,0.0172444582,0.471233636
,711000999,-22.903257046186543,-43.15834669859902,144.1,8.1,0.123038888,0.0172444582,0.471233636
,711000999,-22.903257046186543,-43.15834669859902,144.1,8.1,0.123038888,0.0172444582,0.471233636
,711000999,-22.903257046186543,-43.15834669859902,144.1,8.1,0.123038888,0.0172444582,0.471233636
,711000999,-22.903287244137537,-43.15832247570867,144.1,8.1,0.123038888,0.0172444582,0.471233636
,711000999,-22.903287244137537,-43.15832247570867,144.1,8.1,0.123038888,0.0172444582,0.471233636
,711000999,-22.903287244137537,-43.15832247570867,144.1,8.1,0.123038888,0.0172444582,0.471233636
,711000999,-22.903287244137537,-43.15832247570867,144.1,8.1,0.123038888,0.0172444582,0.471233636
,711000999,-22.903287244137537,-43.15832247570867,144.1,8.1,0.123038888,0.0172444582,0.471233636
,711000999,-22.903287244137537,-43.15832247570867,144.1,8.1,0.123038888,0.0172444582,0.471233636
,711000999,-22.903287244137537,-43.15832247570867,144.1,8.1,0.123038888,0.0172444582,0.471233636
,711000999,-22.903287244137537,-43.15832247570867,144.1,8.1,0.123038888,0.0172444582,0.471233636
,711000999,-22.903287244137537,-43.15832247570867,144.1,8.1,0.123038888,0.0172444582,0.471233636
,711000999,-22.903287244137537,-43.15832247570867,144.1,8.1,0.123038888,0.0172444582,0.471233636
,711000999,-22.903287244137537,-43.15832247570867,144.1,8.1,0.123038888,0.0172444582,0.471233636
,711000999,-22.903287244137537,-43.15832247570867,144.1,8.1,0.123038888,0.0172444582,0.471233636
,711000999,-22.903287244137537,-43.15832247570867,144.1,8.1,0.123038888,0.0172444582,0.471233636
,711000999,-22.903287244137537,-43.15832247570867,144.1,8.1,0.123038888,0.0172444582,0.471233636
,711000999,-22.903287244137537,-43.15832247570867,144.1,8.1,0.123038888,0.0172444582,0.471233636
,711000999,-22.90331744208402,-43.15829825280736,144.1,8.1,0.123038888,0.0172444582,0.471233636
,711000999,-22.90331744208402,-43.15829825280736,144.1,8.1,0.125333324,0.0170667171,0.466153353
,711000999,-22.90331744208402,-43.15829825280736,144.1,8.1,0.125333324,0.0170667171,0.466153353
,711000999,-22.90331744208402,-43.15829825280736,144.1,8.1,0.125333324,0.0170667171,0.466153353
,711000999,-22.90331744208402,-43.15829825280736,144.1,8.1,0.125333324,0.0170667171,0.46745342
,711000999,-22.90331744208402,-43.15829825280736,144.1,8.1,0.125333324,0.0170667171,0.46745342
,711000999,-22.90331744208402,-43.15829825280736,144.1,8.1,0.125333324,0.0170667171,0.46745342
,711000999,-22.90331744208402,-43.15829825280736,144.1,8.1,0.125333324,0.0170667171,0.46745342
,711000999,-22.90331744208402,-43.15829825280736,144.1,8.1,0.125333324,0.0170667171,0.46745342
,711000999,-22.90331744208402,-43.15829825280736,144.1,8.1,0.125333324,0.0170667171,0.46745342
,711000999,-22.90331744208402,-43.15829825280736,144.1,8.1,0.125333324,0.0170667171,0.46745342
,711000999,-22.90331744208402,-43.15829825280736,144.1,8.1,0.125333324,0.0170667171,0.46745342
,711000999,-22.90331744208402,-43.15829825280736,144.1,8.1,0.125333324,0.0170667171,0.46745342
,711000999,-22.90331744208402,-43.15829825280736,144.1,8.1,0.125333324,0.0170667171,0.46745342
,711000999,-22.90331744208402,-43.15829825280736,144.1,8.1,0.125333324,0.0170667171,0.46745342
,711000999,-22.903347640026013,-43.15827402989509,144.1,8.1,0.125333324,0.0170667171,0.46745342
,711000999,-22.903347640026013,-43.15827402989509,144.1,8.1,0.125333324,0.0170667171,0.46745342
,711000999,-22.903347640026013,-43.15827402989509,144.1,8.1,0.125333324,0.0170667171,0.46745342
,711000999,-22.903347640026013,-43.15827402989509,144.1,8.1,0.125333324,0.0170667171,0.46745342
,711000999,-22.903347640026013,-43.15827402989509,144.1,8.1,0.125333324,0.0170667171,0.46745342
,711000999,-22.903347640026013,-43.15827402989509,144.1,8.1,0.125333324,0.0170667171,0.46745342
,711000999,-22.903347640026013,-43.15827402989509,144.1,8.1,0.125333324,0.0170667171,0.46745342
,711000999,-22.903347640026013,-43.15827402989509,144.1,8.1,0.125333324,0.0170667171,0.46745342
,711000999,-22.903347640026013,-43.15827402989509,144.1,8.1,0.125333324,0.0170667171,0.46745342
,711000999,-22.903377837963486,-43.15824980697185,144.1,8.1,0.125333324,0.0170667171,0.46745342
,711000999,-22.903377837963486,-43.15824980697185,144.1,8.1,0.125333324,0.0170667171,0.46745342
,711000999,-22.903377837963486,-43.15824980697185,144.1,8.1,0.125333324,0.0170667171,0.46745342
,711000999,-22.90340803589646,-43.15822558403765,144.1,8.1,0.125333324,0.0170667171,0.46745342
,711000999,-22.90340803589646,-43.15822558403765,144.1,8.1,0.125333324,0.0170667171,0.46745342
,711000999,-22.90340803589646,-43.15822558403765,144.1,8.1,0.125333324,0.0170667171,0.46745342
,711000999,-22.90340803589646,-43.15822558403765,144.1,8.1,0.125333324,0.0170667171,0.46745342
,711000999,-22.90343823382493,-43.15820136109249,144.1,8.1,0.125333324,0.0170667171,0.46745342
,711000999,-22.90343823382493,-43.15820136109249,144.1,8.1,0.125333324,0.0170667171,0.46745342
,711000999,-22.90343823382493,-43.15820136109249,144.1,8.1,0.125333324,0.0170667171,0.46745342
,711000999,-22.90343823382493,-43.15820136109249,144.1,8.1,0.125333324,0.0170667171,0.46745342
,711000999,-22.90343823382493,-43.15820136109249,144.1,8.1,0.125333324,0.0170667171,0.46745342
,711000999,-22.90343823382493,-43.15820136109249,144.1,8.1,0.125333324,0.0170667171,0.46745342
,711000999,-22.90343823382493,-43.15820136109249,144.1,8.1,0.125333324,0.0170667171,0.46745342
,711000999,-22.90343823382493,-43.15820136109249,144.1,8.1,0.125333324,0.0170667171,0.46745342
,711000999,-22.90343823382493,-43.15820136109249,144.1,8.1,0.125333324,0.0170667171,0.46745342
,711000999,-22.90343823382493,-43.15820136109249,144.1,8.1,0.125333324,0.0170667171,0.46745342
,711000999,-22.90343823382493,-43.15820136109249,144.1,8.1,0.128461108,0.0168222189,0.459708631
,711000999,-22.90343823382493,-43.15820136109249,144.1,8.1,0.128461108,0.0168222189,0.459708631
,711000999,-22.90343823382493,-43.15820136109249,144.1,8.1,0.128461108,0.0168222189,0.459708631
,711000999,-22.90343823382493,-43.15820136109249,144.1,8.1,0.128461108,0.0168222189,0.459708631
,711000999,-22.903468431748887,-43.15817713813635,144.1,8.1,0.128461108,0.0168222189,0.459708631
,711000999,-22.903468431748887,-43.15817713813635,144.1,8.1,0.128461108,0.0168222189,0.459708631
,711000999,-22.903468431748887,-43.15817713813635,144.1,8.1,0.128461108,0.0168222189,0.459708631
,711000999,-22.903468431748887,-43.15817713813635,144.1,8.1,0.128461108,0.0168222189,0.459708631
,711000999,-22.903468431748887,-43.15817713813635,144.1,8.1,0.128461108,0.0168222189,0.459708631
,711000999,-22.903468431748887,-43.15817713813635,144.1,8.1,0.128461108,0.0168222189,0.459708631
,711000999,-22.903468431748887,-43.15817713813635,144.1,8.1,0.128461108,0.0168222189,0.459708631
,711000999,-22.903468431748887,-43.15817713813635,144.1,8.1,0.128461108,0.0168222189,0.459708631
,711000999,-22.903468431748887,-43.15817713813635,144.1,8.1,0.128461108,0.0168222189,0.459708631
,711000999,-22.903468431748887,-43.15817713813635,144.1,8.1,0.128461108,0.0168222189,0.459708631
,711000999,-22.903468431748887,-43.15817713813635,144.1,8.1,0.128461108,0.0168222189,0.459708631
,711000999,-22.903468431748887,-43.15817713813635,144.1,8.1,0.128461108,0.0168222189,0.459708631
,711000999,-22.903468431748887,-43.15817713813635,144.1,8.1,0.128461108,0.0168222189,0.459708631
,711000999,-22.903468431748887,-43.15817713813635,144.1,8.1,0.128461108,0.0168222189,0.459708631
,711000999,-22.903468431748887,-43.15817713813635,144.1,8.1,0.128461108,0.0168222189,0.459708631
,711000999,-22.90349862966835,-43.15815291516926,144.1,8.1,0.130061105,0.0167111158,0.455928445
,711000999,-22.90349862966835,-43.15815291516926,144.1,8.1,0.130061105,0.0167111158,0.455928445
,711000999,-22.90349862966835,-43.15815291516926,144.1,8.1,0.130061105,0.0167111158,0.455928445
,711000999,-22.90349862966835,-43.15815291516926,144.1,8.1,0.130061105,0.0167111158,0.455928445
,711000999,-22.90349862966835,-43.15815291516926,144.1,8.1,0.130061105,0.0167111158,0.455928445
,711000999,-22.90349862966835,-43.15815291516926,144.1,8.1,0.130061105,0.0167111158,0.455928445
,711000999,-22.90349862966835,-43.15815291516926,144.1,8.1,0.130061105,0.0167111158,0.455928445
,711000999,-22.90349862966835,-43.15815291516926,144.1,8.1,0.130061105,0.0167111158,0.455928445
,711000999,-22.90349862966835,-43.15815291516926,144.1,8.1,0.130061105,0.0167111158,0.455928445
,711000999,-22.90349862966835,-43.15815291516926,144.1,8.1,0.130061105,0.0167111158,0.455928445
,711000999,-22.9035288275833,-43.15812869219121,144.1,8.1,0.130061105,0.0167111158,0.455928445
,711000999,-22.9035288275833,-43.15812869219121,144.1,8.1,0.130061105,0.0167111158,0.455928445
,711000999,-22.9035288275833,-43.15812869219121,144.1,8.1,0.130061105,0.0167111158,0.455928445
,711000999,-22.9035288275833,-43.15812869219121,144.1,8.1,0.130061105,0.0167111158,0.455928445
,711000999,-22.9035288275833,-43.15812869219121,144.1,8.1,0.130061105,0.0167111158,0.455928445
,711000999,-22.9035288275833,-43.15812869219121,144.1,8.1,0.130061105,0.0167111158,0.455928445
,711000999,-22.9035288275833,-43.15812869219121,144.1,8.1,0.130061105,0.0167111158,0.455928445
,711000999,-22.9035288275833,-43.15812869219121,144.1,8.1,0.130061105,0.0167111158,0.455928445
,711000999,-22.9035288275833,-43.15812869219121,144.1,8.1,0.130061105,0.0167111158,0.455928445
,711000999,-22.9035288275833,-43.15812869219121,144.1,8.1,0.130061105,0.0167111158,0.455928445
,711000999,-22.9035288275833,-43.15812869219121,144.1,8.1,0.130061105,0.0167111158,0.455928445
,711000999,-22.9035288275833,-43.15812869219121,144.1,8.1,0.130061105,0.0167111158,0.455928445
,711000999,-22.9035288275833,-43.15812869219121,144.1,8.1,0.130061105,0.0167111158,0.455928445
,711000999,-22.903559025493756,-43.15810446920219,144.1,8.1,0.130061105,0.0167111158,0.455928445
,711000999,-22.903559025493756,-43.15810446920219,144.1,8.1,0.130061105,0.0167111158,0.455928445
,711000999,-22.903559025493756,-43.15810446920219,144.1,8.1,0.130061105,0.0167111158,0.455928445
,711000999,-22.903559025493756,-43.15810446920219,144.1,8.1,0.130061105,0.0167111158,0.455928445
,711000999,-22.903559025493756,-43.15810446920219,144.1,8.1,0.130061105,0.0167111158,0.455928445
,711000999,-22.903559025493756,-43.15810446920219,144.1,8.1,0.130061105,0.0167111158,0.455928445
,711000999,-22.903559025493756,-43.15810446920219,144.1,8.1,0.130061105,0.0167111158,0.455928445
,711000999,-22.903559025493756,-43.15810446920219,144.1,8.1,0.130061105,0.0167111158,0.455928445
,711000999,-22.903559025493756,-43.15810446920219,144.1,8.1,0.130061105,0.0167111158,0.455928445
,711000999,-22.903559025493756,-43.15810446920219,144.1,8.1,0.130061105,0.0167111158,0.455928445
,711000999,-22.903559025493756,-43.15810446920219,144.1,8.1,0.130061105,0.0167111158,0.455928445
,711000999,-22.903559025493756,-43.15810446920219,144.1,8.1,0.130061105,0.0167111158,0.455928445
,711000999,-22.903559025493756,-43.15810446920219,144.1,8.1,0.130061105,0.0167111158,0.455928445
,711000999,-22.903559025493756,-43.15810446920219,144.1,8.1,0.130061105,0.0167111158,0.455928445
,711000999,-22.903559025493756,-43.15810446920219,144.1,8.1,0.130061105,0.0167111158,0.455928445
,711000999,-22.9035892233997,-43.1580802462022,144.1,8.1,0.130061105,0.0167111158,0.455928445
,711000999,-22.9035892233997,-43.1580802462022,144.1,8.1,0.13249445,0.0165221691,0.451745093
,711000999,-22.9035892233997,-43.1580802462022,144.1,8.1,0.13249445,0.0165221691,0.45205605
,711000999,-22.9035892233997,-43.1580802462022,144.1,8.1,0.13249445,0.0165221691,0.45205605
,711000999,-22.9035892233997,-43.1580802462022,144.1,8.1,0.13249445,0.0165221691,0.45205605
,711000999,-22.9035892233997,-43.1580802462022,144.1,8.1,0.13249445,0.0165221691,0.45205605
,711000999,-22.9035892233997,-43.1580802462022,144.1,8.1,0.13249445,0.0165221691,0.45205605
,711000999,-22.9035892233997,-43.1580802462022,144.1,8.1,0.13249445,0.0165221691,0.45205605
,711000999,-22.9035892233997,-43.1580802462022,144.1,8.1,0.13249445,0.0165221691,0.45205605
,711000999,-22.9035892233997,-43.1580802462022,144.1,8.1,0.13249445,0.0165221691,0.45205605
,711000999,-22.9035892233997,-43.1580802462022,144.1,8.1,0.13249445,0.0165221691,0.45205605
,711000999,-22.9035892233997,-43.1580802462022,144.1,8.1,0.13249445,0.0165221691,0.45205605
,711000999,-22.9035892233997,-43.1580802462022,144.1,8.1,0.13249445,0.0165221691,0.45205605
,711000999,-22.9035892233997,-43.1580802462022,144.1,8.1,0.13249445,0.0165221691,0.45205605
,711000999,-22.9035892233997,-43.1580802462022,144.1,8.1,0.13249445,0.0165221691,0.45205605
,711000999,-22.903619421301137,-43.15805602319126,144.1,8.1,0.13249445,0.0165221691,0.45205605
,711000999,-22.903619421301137,-43.15805602319126,144.1,8.1,0.13249445,0.0165221691,0.45205605
,711000999,-22.903619421301137,-43.15805602319126,144.1,8.1,0.13249445,0.0165221691,0.45205605
,711000999,-22.903619421301137,-43.15805602319126,144.1,8.1,0.13249445,0.0165221691,0.45205605
,711000999,-22.90308709728325,-43.15848827165086,144.1,8.1,0.13249445,0.0165221691,0.45205605
,711000999,-22.90342419371985,-43.15822487663505,144.1,8.1,0.13249445,0.0165221691,0.45205605
,711000999,-22.90342419371985,-43.15822487663505,144.1,8.1,0.13249445,0.0165221691,0.45205605
,711000999,-22.90342419371985,-43.15822487663505,144.1,8.1,0.13249445,0.0165221691,0.45205605
,711000999,-22.90342419371985,-43.15822487663505,144.1,8.1,0.13249445,0.0165221691,0.45205605
,711000999,-22.90342419371985,-43.15822487663505,144.1,8.1,0.13249445,0.0165221691,0.45205605
,711000999,-22.90342419371985,-43.15822487663505,144.1,8.1,0.13249445,0.0165221691,0.45205605
,711000999,-22.90345439164795,-43.1582006536866,144.1,8.1,0.13249445,0.0165221691,0.45205605
,711000999,-22.90345439164795,-43.1582006536866,144.1,8.1,0.13249445,0.0165221691,0.45205605
,711000999,-22.90345439164795,-43.1582006536866,144.1,8.1,0.13249445,0.0165221691,0.45205605
,711000999,-22.90345439164795,-43.1582006536866,144.1,8.1,0.13249445,0.0165221691,0.45205605
,711000999,-22.90345439164795,-43.1582006536866,144.1,8.1,0.13249445,0.0165221691,0.45205605
,711000999,-22.90345439164795,-43.1582006536866,144.1,8.1,0.13249445,0.0165221691,0.45205605
,711000999,-22.90345439164795,-43.1582006536866,144.1,8.1,0.13249445,0.0165221691,0.45205605
,711000999,-22.90345439164795,-43.1582006536866,144.1,8.1,0.13249445,0.0165221691,0.45205605
,711000999,-22.90345439164795,-43.1582006536866,144.1,8.1,0.13249445,0.0165221691,0.45205605
,711000999,-22.90345439164795,-43.1582006536866,144.1,8.1,0.13249445,0.0165221691,0.45205605
,711000999,-22.90345439164795,-43.1582006536866,144.1,8.1,0.13249445,0.0165221691,0.45205605
,711000999,-22.90345439164795,-43.1582006536866,144.1,8.1,0.13249445,0.0165221691,0.45205605
,711000999,-22.90345439164795,-43.1582006536866,144.1,8.1,0.13249445,0.0165221691,0.45205605
,711000999,-22.90345439164795,-43.1582006536866,144.1,8.1,0.128494442,0.0167889595,0.458851814
,711000999,-22.90345439164795,-43.1582006536866,144.1,8.1,0.128494442,0.0167889595,0.458851814
,711000999,-22.90345439164795,-43.1582006536866,144.1,8.1,0.128494442,0.0167889595,0.459708631
,711000999,-22.903484589571555,-43.158176430727174,144.1,8.1,0.128494442,0.0167889595,0.459708631
,711000999,-22.903484589571555,-43.158176430727174,144.1,8.1,0.128494442,0.0167889595,0.459708631
,711000999,-22.903484589571555,-43.158176430727174,144.1,8.1,0.128494442,0.0167889595,0.459708631
,711000999,-22.903484589571555,-43.158176430727174,144.1,8.1,0.128494442,0.0167889595,0.459708631
,711000999,-22.903484589571555,-43.158176430727174,144.1,8.1,0.128494442,0.0167889595,0.459708631
,711000999,-22.903484589571555,-43.158176430727174,144.1,8.1,0.128494442,0.0167889595,0.459708631
,711000999,-22.903484589571555,-43.158176430727174,144.1,8.1,0.128494442,0.0167889595,0.459708631
,711000999,-22.903484589571555,-43.158176430727174,144.1,8.1,0.128494442,0.0167889595,0.459708631
,711000999,-22.903484589571555,-43.158176430727174,144.1,8.1,0.128494442,0.0167889595,0.459708631
,711000999,-22.903484589571555,-43.158176430727174,144.1,8.1,0.128494442,0.0167889595,0.459708631
,711000999,-22.903484589571555,-43.158176430727174,144.1,8.1,0.128494442,0.0167889595,0.459708631
,711000999,-22.903484589571555,-43.158176430727174,144.1,8.1,0.128494442,0.0167889595,0.459708631
,711000999,-22.903484589571555,-43.158176430727174,144.1,8.1,0.128494442,0.0167889595,0.459708631
,711000999,-22.903484589571555,-43.158176430727174,144.1,8.1,0.128494442,0.0167889595,0.459708631
,711000999,-22.903484589571555,-43.158176430727174,144.1,8.1,0.128494442,0.0167889595,0.459708631
,711000999,-22.90351478749065,-43.15815220775679,144.1,8.1,0.128494442,0.0167889595,0.459708631
,711000999,-22.90351478749065,-43.15815220775679,144.1,8.1,0.128494442,0.0167889595,0.459708631
,711000999,-22.90351478749065,-43.15815220775679,144.1,8.1,0.128494442,0.0167889595,0.459708631
,711000999,-22.90351478749065,-43.15815220775679,144.1,8.1,0.128494442,0.0167889595,0.459708631
,711000999,-22.90351478749065,-43.15815220775679,144.1,8.1,0.128494442,0.0167889595,0.459708631
,711000999,-22.90351478749065,-43.15815220775679,144.1,8.1,0.128494442,0.0167889595,0.459708631
,711000999,-22.90351478749065,-43.15815220775679,144.1,8.1,0.128494442,0.0167889595,0.459708631
,711000999,-22.90351478749065,-43.15815220775679,144.1,8.1,0.128494442,0.0167889595,0.459708631
,711000999,-22.90351478749065,-43.15815220775679,144.1,8.1,0.128494442,0.0167889595,0.459708631
,711000999,-22.90351478749065,-43.15815220775679,144.1,8.1,0.128494442,0.0167889595,0.459708631
,711000999,-22.90351478749065,-43.15815220775679,144.1,8.1,0.128494442,0.0167889595,0.459708631
,711000999,-22.90351478749065,-43.15815220775679,144.1,8.1,0.128494442,0.0167889595,0.459708631
,711000999,-22.90351478749065,-43.15815220775679,144.1,8.1,0.128494442,0.0167889595,0.459708631
,711000999,-22.90351478749065,-43.15815220775679,144.1,8.1,0.128494442,0.0167889595,0.459708631
,711000999,-22.90351478749065,-43.15815220775679,144.1,8.1,0.128494442,0.0167889595,0.459708631
,711000999,-22.90351478749065,-43.15815220775679,144.1,8.1,0.128494442,0.0167889595,0.459708631
,711000999,-22.903544985405244,-43.15812798477545,144.1,8.1,0.128494442,0.0167889595,0.459708631
,711000999,-22.903544985405244,-43.15812798477545,144.1,8.1,0.128494442,0.0167889595,0.459708631
,711000999,-22.903544985405244,-43.15812798477545,144.1,8.1,0.128494442,0.0167889595,0.459708631
,711000999,-22.903544985405244,-43.15812798477545,144.1,8.1,0.128494442,0.0167889595,0.459708631
,711000999,-22.903544985405244,-43.15812798477545,144.1,8.1,0.128494442,0.0167889595,0.459708631
,711000999,-22.903544985405244,-43.15812798477545,144.1,8.1,0.128494442,0.0167889595,0.459708631
,711000999,-22.903544985405244,-43.15812798477545,144.1,8.1,0.128494442,0.0167889595,0.459708631
,711000999,-22.903544985405244,-43.15812798477545,144.1,8.1,0.128494442,0.0167889595,0.459708631
,711000999,-22.903544985405244,-43.15812798477545,144.1,8.1,0.128494442,0.0167889595,0.459708631
,711000999,-22.903544985405244,-43.15812798477545,144.1,8.1,0.128494442,0.0167889595,0.459708631
,711000999,-22.903544985405244,-43.15812798477545,144.1,8.1,0.128494442,0.0167889595,0.459708631
,711000999,-22.903544985405244,-43.15812798477545,144.1,8.1,0.128494442,0.0167889595,0.459708631
,711000999,-22.903544985405244,-43.15812798477545,144.1,8.1,0.128494442,0.0167889595,0.459708631
,711000999,-22.903544985405244,-43.15812798477545,144.1,8.1,0.128494442,0.0167889595,0.459708631
,711000999,-22.903544985405244,-43.15812798477545,144.1,8.1,0.128494442,0.0167889595,0.459708631
,711000999,-22.903544985405244,-43.15812798477545,144.1,8.1,0.128494442,0.0167889595,0.459708631
,711000999,-22.903544985405244,-43.15812798477545,144.1,8.1,0.128494442,0.0167889595,0.459708631
,711000999,-22.903544985405244,-43.15812798477545,144.1,8.1,0.128494442,0.0167889595,0.459708631
,711000999,-22.903544985405244,-43.15812798477545,144.1,8.1,0.128494442,0.0167889595,0.459708631
,711000999,-22.903544985405244,-43.15812798477545,144.1,8.1,0.128494442,0.0167889595,0.459708631
,711000999,-22.903544985405244,-43.15812798477545,144.1,8.1,0.128494442,0.0167889595,0.459708631
,711000999,-22.903544985405244,-43.15812798477545,144.1,8.1,0.128494442,0.0167889595,0.459708631
,711000999,-22.903544985405244,-43.15812798477545,144.1,8.1,0.128494442,0.0167889595,0.459708631
,711000999,-22.903544985405244,-43.15812798477545,144.1,8.1,0.128494442,0.0167889595,0.459708631
,711000999,-22.903544985405244,-43.15812798477545,144.1,8.1,0.128494442,0.0167889595,0.459708631
,711000999,-22.903544985405244,-43.15812798477545,144.1,8.1,0.128494442,0.0167889595,0.459708631
,711000999,-22.903544985405244,-43.15812798477545,144.1,8.1,0.128494442,0.0167889595,0.459708631
,711000999,-22.903544985405244,-43.15812798477545,144.1,8.1,0.128494442,0.0167889595,0.459708631
,711000999,-22.903544985405244,-43.15812798477545,144.1,8.1,0.130899996,0.0166110992,0.454058468
,711000999,-22.903544985405244,-43.15812798477545,144.1,8.1,0.130899996,0.0166110992,0.454058468
,711000999,-22.903544985405244,-43.15812798477545,144.1,8.1,0.130899996,0.0166110992,0.45205605
,711000999,-22.903544985405244,-43.15812798477545,144.1,8.1,0.130899996,0.0166110992,0.45205605
,711000999,-22.903575183315326,-43.15810376178313,144.1,8.1,0.130899996,0.0166110992,0.45205605
,711000999,-22.903575183315326,-43.15810376178313,144.1,8.1,0.130899996,0.0166110992,0.45205605
,711000999,-22.903575183315326,-43.15810376178313,144.1,8.1,0.130899996,0.0166110992,0.45205605
,711000999,-22.903575183315326,-43.15810376178313,144.1,8.1,0.130899996,0.0166110992,0.45205605
,711000999,-22.903575183315326,-43.15810376178313,144.1,8.1,0.130899996,0.0166110992,0.45205605
,711000999,-22.903575183315326,-43.15810376178313,144.1,8.1,0.130899996,0.0166110992,0.45205605
,711000999,-22.903575183315326,-43.15810376178313,144.1,8.1,0.130899996,0.0166110992,0.45205605
,711000999,-22.903575183315326,-43.15810376178313,144.1,8.1,0.130899996,0.0166110992,0.45205605
,711000999,-22.903575183315326,-43.15810376178313,144.1,8.1,0.130899996,0.0166110992,0.45205605
,711000999,-22.903575183315326,-43.15810376178313,144.1,8.1,0.130899996,0.0166110992,0.45205605
,711000999,-22.903575183315326,-43.15810376178313,144.1,8.1,0.130899996,0.0166110992,0.45205605
,711000999,-22.903575183315326,-43.15810376178313,144.1,8.1,0.130899996,0.0166110992,0.45205605
,711000999,-22.903575183315326,-43.15810376178313,144.1,8.1,0.130899996,0.0166110992,0.45205605
,711000999,-22.903575183315326,-43.15810376178313,144.1,8.1,0.130899996,0.0166110992,0.45205605
,711000999,-22.903575183315326,-43.15810376178313,144.1,8.1,0.130899996,0.0166110992,0.45205605
,711000999,-22.903575183315326,-43.15810376178313,144.1,8.1,0.130899996,0.0166110992,0.45205605
,711000999,-22.903575183315326,-43.15810376178313,144.1,8.1,0.130899996,0.0166110992,0.45205605
,711000999,-22.903575183315326,-43.15810376178313,144.1,8.1,0.130899996,0.0166110992,0.45205605
,711000999,-22.903575183315326,-43.15810376178313,144.1,8.1,0.130899996,0.0166110992,0.45205605
,711000999,-22.903575183315326,-43.15810376178313,144.1,8.1,0.130899996,0.0166110992,0.45205605
,711000999,-22.903737526561926,-43.157862908005384,140.6,7.6,0.130899996,0.0166110992,0.45205605
,711000999,-22.903737526561926,-43.157862908005384,140.6,7.6,0.130899996,0.0166110992,0.45205605
,711000999,-22.903737526561926,-43.157862908005384,140.6,7.6,0.130899996,0.0166110992,0.45205605
,711000999,-22.903737526561926,-43.157862908005384,140.6,7.6,0.130899996,0.0166110992,0.45205605
,711000999,-22.903737526561926,-43.157862908005384,140.6,7.6,0.130899996,0.0166110992,0.45205605
,711000999,-22.903737526561926,-43.157862908005384,140.6,7.6,0.130899996,0.0166110992,0.45205605
,711000999,-22.903737526561926,-43.157862908005384,140.6,7.6,0.130899996,0.0166110992,0.45205605
,711000999,-22.903737526561926,-43.157862908005384,140.6,7.6,0.130899996,0.0166110992,0.45205605
,711000999,-22.903737526561926,-43.157862908005384,140.6,7.6,0.130899996,0.0166110992,0.45205605
,711000999,-22.903737526561926,-43.157862908005384,140.6,7.6,0.130899996,0.0166110992,0.45205605
,711000999,-22.903737526561926,-43.157862908005384,140.6,7.6,0.130899996,0.0166110992,0.45205605
,711000999,-22.903737526561926,-43.157862908005384,140.6,7.6,0.130899996,0.0166110992,0.45205605
,711000999,-22.903737526561926,-43.157862908005384,140.6,7.6,0.130899996,0.0166110992,0.45205605
,711000999,-22.903737526561926,-43.157862908005384,140.6,7.6,0.130899996,0.0166110992,0.45205605
,711000999,-22.903737526561926,-43.157862908005384,140.6,7.6,0.130899996,0.0166110992,0.45205605
,711000999,-22.903737526561926,-43.157862908005384,140.6,7.6,0.130899996,0.0166110992,0.45205605
,711000999,-22.903737526561926,-43.157862908005384,140.6,7.6,0.130899996,0.0166110992,0.45205605
,711000999,-22.903737526561926,-43.157862908005384,140.6,7.6,0.130899996,0.0166110992,0.45205605
,711000999,-22.903737526561926,-43.157862908005384,140.6,7.6,0.130899996,0.0166110992,0.45205605
,711000999,-22.903737526561926,-43.157862908005384,140.6,7.6,0.130899996,0.0166110992,0.45205605
,711000999,-22.903737526561926,-43.157862908005384,140.6,7.6,0.130899996,0.0166110992,0.45205605
,711000999,-22.903737526561926,-43.157862908005384,140.6,7.6,0.130899996,0.0166110992,0.45205605
,711000999,-22.903737526561926,-43.157862908005384,140.6,7.6,0.130899996,0.0166110992,0.45205605
,711000999,-22.903737526561926,-43.157862908005384,140.6,7.6,0.130899996,0.0166110992,0.45205605
,711000999,-22.903737526561926,-43.157862908005384,140.6,7.6,0.130899996,0.0166110992,0.45205605
,711000999,-22.903737526561926,-43.157862908005384,140.6,7.6,0.130899996,0.0166110992,0.45205605
,711000999,-22.903737526561926,-43.157862908005384,140.6,7.6,0.130899996,0.0166110992,0.45205605
,711000999,-22.903737526561926,-43.157862908005384,140.6,7.6,0.130899996,0.0166110992,0.45205605
,711000999,-22.903737526561926,-43.157862908005384,140.6,7.6,0.130899996,0.0166110992,0.45205605
,711000999,-22.903737526561926,-43.157862908005384,140.6,7.6,0.130899996,0.0166110992,0.45205605
,711000999,-22.903737526561926,-43.157862908005384,140.6,7.6,0.130899996,0.0166110992,0.45205605
,711000999,-22.903737526561926,-43.157862908005384,140.6,7.6,0.130899996,0.0166110992,0.45205605
,711000999,-22.903764522091482,-43.15783835546043,140.6,7.6,0.130899996,0.0166110992,0.45205605
,711000999,-22.903764522091482,-43.15783835546043,140.6,7.6,0.130899996,0.0166110992,0.45205605
,711000999,-22.903764522091482,-43.15783835546043,140.6,7.6,0.130899996,0.0166110992,0.45205605
,711000999,-22.903764522091482,-43.15783835546043,140.6,7.6,0.130899996,0.0166110992,0.45205605
,711000999,-22.903764522091482,-43.15783835546043,140.6,7.6,0.130899996,0.0166110992,0.45205605
,711000999,-22.903764522091482,-43.15783835546043,140.6,7.6,0.130899996,0.0166110992,0.45205605
,711000999,-22.903764522091482,-43.15783835546043,140.6,7.6,0.130899996,0.0166110992,0.45205605
,711000999,-22.903764522091482,-43.15783835546043,140.6,7.6,0.130899996,0.0166110992,0.45205605
,711000999,-22.903764522091482,-43.15783835546043,140.6,7.6,0.130899996,0.0166110992,0.45205605
,711000999,-22.903764522091482,-43.15783835546043,140.6,7.6,0.130899996,0.0166110992,0.45205605
,711000999,-22.903764522091482,-43.15783835546043,140.6,7.6,0.130899996,0.0166110992,0.45205605
,711000999,-22.903764522091482,-43.15783835546043,140.6,7.6,0.130899996,0.0166110992,0.45205605
,711000999,-22.903764522091482,-43.15783835546043,140.6,7.6,0.130899996,0.0166110992,0.45205605
,711000999,-22.903764522091482,-43.15783835546043,140.6,7.6,0.130899996,0.0166110992,0.45205605
,711000999,-22.903764522091482,-43.15783835546043,140.6,7.6,0.130899996,0.0166110992,0.45205605
,711000999,-22.903764522091482,-43.15783835546043,140.6,7.6,0.130899996,0.0166110992,0.45205605
,711000999,-22.903764522091482,-43.15783835546043,140.6,7.6,0.130899996,0.0166110992,0.45205605
,711000999,-22.903764522091482,-43.15783835546043,140.6,7.6,0.130899996,0.0166110992,0.45205605
,711000999,-22.903764522091482,-43.15783835546043,140.6,7.6,0.130899996,0.0166110992,0.45205605
,711000999,-22.903764522091482,-43.15783835546043,140.6,7.6,0.130899996,0.0166110992,0.45205605
,711000999,-22.903764522091482,-43.15783835546043,140.6,7.6,0.130899996,0.0166110992,0.45205605
,711000999,-22.903764522091482,-43.15783835546043,140.6,7.6,0.130899996,0.0166110992,0.45205605
,711000999,-22.903764522091482,-43.15783835546043,140.6,7.6,0.130899996,0.0166110992,0.45205605
,711000999,-22.903764522091482,-43.15783835546043,140.6,7.6,0.130899996,0.0166110992,0.45205605
,711000999,-22.903764522091482,-43.15783835546043,140.6,7.6,0.130899996,0.0166110992,0.45205605
,711000999,-22.903764522091482,-43.15783835546043,140.6,7.6,0.130899996,0.0166110992,0.45205605
,711000999,-22.903764522091482,-43.15783835546043,140.6,7.6,0.130899996,0.0166110992,0.45205605
,711000999,-22.903764522091482,-43.15783835546043,140.6,7.6,0.130899996,0.0166110992,0.45205605
,711000999,-22.90379151761653,-43.15781380290562,140.6,7.6,0.130899996,0.0166110992,0.45205605
,711000999,-22.90379151761653,-43.15781380290562,140.6,7.6,0.130899996,0.0166110992,0.45205605
,711000999,-22.90379151761653,-43.15781380290562,140.6,7.6,0.130899996,0.0166110992,0.45205605
,711000999,-22.90379151761653,-43.15781380290562,140.6,7.6,0.130899996,0.0166110992,0.45205605
,711000999,-22.90379151761653,-43.15781380290562,140.6,7.6,0.130899996,0.0166110992,0.45205605
,711000999,-22.90379151761653,-43.15781380290562,140.6,7.6,0.130899996,0.0166110992,0.45205605
,711000999,-22.90379151761653,-43.15781380290562,140.6,7.6,0.14157778,0.0161334276,0.441951513
,711000999,-22.90379151761653,-43.15781380290562,140.6,7.6,0.14157778,0.0161334276,0.441951513
,711000999,-22.90379151761653,-43.15781380290562,140.6,7.6,0.14157778,0.0161334276,0.441951513
,711000999,-22.90379151761653,-43.15781380290562,140.6,7.6,0.14157778,0.0161334276,0.441951513
,711000999,-22.90379151761653,-43.15781380290562,140.6,7.6,0.14157778,0.0161334276,0.441951513
,711000999,-22.90379151761653,-43.15781380290562,140.6,7.6,0.14157778,0.0161334276,0.441951513
,711000999,-22.90379151761653,-43.15781380290562,140.6,7.6,0.14157778,0.0161334276,0.441951513
,711000999,-22.90379151761653,-43.15781380290562,140.6,7.6,0.14157778,0.0161334276,0.441951513
,711000999,-22.90379151761653,-43.15781380290562,140.6,7.6,0.14157778,0.0161334276,0.441951513
,711000999,-22.90379151761653,-43.15781380290562,140.6,7.6,0.14157778,0.0161334276,0.441951513
,711000999,-22.90379151761653,-43.15781380290562,140.6,7.6,0.14157778,0.0161334276,0.441951513
,711000999,-22.90379151761653,-43.15781380290562,140.6,7.6,0.14157778,0.0161334276,0.441951513
,711000999,-22.90379151761653,-43.15781380290562,140.6,7.6,0.14157778,0.0161334276,0.441951513
,711000999,-22.90379151761653,-43.15781380290562,140.6,7.6,0.14157778,0.0161334276,0.441951513
,711000999,-22.90379151761653,-43.15781380290562,140.6,7.6,0.14157778,0.0161334276,0.441951513
,711000999,-22.90379151761653,-43.15781380290562,140.6,7.6,0.14157778,0.0161334276,0.441951513
,711000999,-22.90379151761653,-43.15781380290562,140.6,7.6,0.14157778,0.0161334276,0.441951513
,711000999,-22.90379151761653,-43.15781380290562,140.6,7.6,0.14157778,0.0161334276,0.441951513
,711000999,-22.90379151761653,-43.15781380290562,140.6,7.6,0.14157778,0.0161334276,0.441951513
,711000999,-22.90379151761653,-43.15781380290562,140.6,7.6,0.14157778,0.0161334276,0.441951513
,711000999,-22.90379151761653,-43.15781380290562,140.6,7.6,0.14157778,0.0161334276,0.441951513
,711000999,-22.90379151761653,-43.15781380290562,140.6,7.6,0.14157778,0.0161334276,0.441951513
,711000999,-22.903818513137047,-43.157789250340976,140.6,7.6,0.14157778,0.0161334276,0.441951513
,711000999,-22.903818513137047,-43.157789250340976,140.6,7.6,0.14157778,0.0161334276,0.441951513
,711000999,-22.903818513137047,-43.157789250340976,140.6,7.6,0.14157778,0.0161334276,0.441951513
,711000999,-22.903818513137047,-43.157789250340976,140.6,7.6,0.14157778,0.0161334276,0.441951513
,711000999,-22.903818513137047,-43.157789250340976,140.6,7.6,0.14157778,0.0161334276,0.441951513
,711000999,-22.903818513137047,-43.157789250340976,140.6,7.6,0.14157778,0.0161334276,0.441951513
,711000999,-22.903818513137047,-43.157789250340976,140.6,7.6,0.14157778,0.0161334276,0.441951513
,711000999,-22.903818513137047,-43.157789250340976,140.6,7.6,0.14157778,0.0161334276,0.441951513
,711000999,-22.903818513137047,-43.157789250340976,140.6,7.6,0.14157778,0.0161334276,0.441951513
,711000999,-22.903818513137047,-43.157789250340976,140.6,7.6,0.14157778,0.0161334276,0.441951513
,711000999,-22.903818513137047,-43.157789250340976,140.6,7.6,0.14157778,0.0161334276,0.441951513
,711000999,-22.903818513137047,-43.157789250340976,140.6,7.6,0.14157778,0.0161334276,0.441951513
,711000999,-22.903818513137047,-43.157789250340976,140.6,7.6,0.14157778,0.0161334276,0.441951513
,711000999,-22.903818513137047,-43.157789250340976,140.6,7.6,0.14157778,0.0161334276,0.441951513
,711000999,-22.903818513137047,-43.157789250340976,140.6,7.6,0.14157778,0.0161334276,0.441951513
,711000999,-22.903818513137047,-43.157789250340976,140.6,7.6,0.14157778,0.0161334276,0.441951513
,711000999,-22.903818513137047,-43.157789250340976,140.6,7.6,0.14157778,0.0161334276,0.441951513
,711000999,-22.903818513137047,-43.157789250340976,140.6,7.6,0.14157778,0.0161334276,0.441951513
,711000999,-22.903818513137047,-43.157789250340976,140.6,7.6,0.14157778,0.0161334276,0.441951513
,711000999,-22.903818513137047,-43.157789250340976,140.6,7.6,0.14157778,0.0161334276,0.441951513
,711000999,-22.903818513137047,-43.157789250340976,140.6,7.6,0.14157778,0.0161334276,0.441951513
,711000999,-22.903818513137047,-43.157789250340976,140.6,7.6,0.14157778,0.0161334276,0.441951513
,711000999,-22.903818513137047,-43.157789250340976,140.6,7.6,0.14157778,0.0161334276,0.441951513
,711000999,-22.903818513137047,-43.157789250340976,140.6,7.6,0.14157778,0.0161334276,0.441951513
,711000999,-22.903818513137047,-43.157789250340976,140.6,7.6,0.14157778,0.0161334276,0.441951513
,711000999,-22.903818513137047,-43.157789250340976,140.6,7.6,0.14157778,0.0161334276,0.441951513
,711000999,-22.903818513137047,-43.157789250340976,140.6,7.6,0.14157778,0.0161334276,0.441951513
,711000999,-22.903818513137047,-43.157789250340976,140.6,7.6,0.14157778,0.0161334276,0.441951513
,711000999,-22.903818513137047,-43.157789250340976,140.6,7.6,0.14157778,0.0161334276,0.441951513
,711000999,-22.903818513137047,-43.157789250340976,140.6,7.6,0.14157778,0.0161334276,0.441951513
,711000999,-22.903818513137047,-43.157789250340976,140.6,7.6,0.14157778,0.0161334276,0.441951513
,711000999,-22.903818513137047,-43.157789250340976,140.6,7.6,0.14157778,0.0161334276,0.441951513
,711000999,-22.903818513137047,-43.157789250340976,140.6,7.6,0.14157778,0.0161334276,0.441951513
,711000999,-22.903818513137047,-43.157789250340976,140.6,7.6,0.14157778,0.0161334276,0.441951513
,711000999,-22.903818513137047,-43.157789250340976,140.6,7.6,0.14157778,0.0161334276,0.441951513
,711000999,-22.903818513137047,-43.157789250340976,140.6,7.6,0.14157778,0.0161334276,0.441951513
,711000999,-22.903818513137047,-43.157789250340976,140.6,7.6,0.14157778,0.0161334276,0.441951513
,711000999,-22.903818513137047,-43.157789250340976,140.6,7.6,0.14157778,0.0161334276,0.441951513
,711000999,-22.903818513137047,-43.157789250340976,140.6,7.6,0.14157778,0.0161334276,0.441951513
,711000999,-22.903818513137047,-43.157789250340976,140.6,7.6,0.14157778,0.0161334276,0.441951513
,711000999,-22.903845508653053,-43.157764697766474,140.6,7.6,0.14157778,0.0161334276,0.441951513
,711000999,-22.903845508653053,-43.157764697766474,140.6,7.6,0.14157778,0.0161334276,0.441951513
,711000999,-22.903845508653053,-43.157764697766474,140.6,7.6,0.14157778,0.0161334276,0.441951513
,711000999,-22.903845508653053,-43.157764697766474,140.6,7.6,0.14157778,0.0161334276,0.441951513
,711000999,-22.903845508653053,-43.157764697766474,140.6,7.6,0.14157778,0.0161334276,0.441951513
,711000999,-22.903845508653053,-43.157764697766474,140.6,7.6,0.14157778,0.0161334276,0.441951513
,711000999,-22.903953490671885,-43.15766648737003,140.6,7.6,0.14157778,0.0161334276,0.441951513
,711000999,-22.903953490671885,-43.15766648737003,140.6,7.6,0.14157778,0.0161334276,0.441951513
,711000999,-22.903953490671885,-43.15766648737003,140.6,7.6,0.14157778,0.0161334276,0.441951513
,711000999,-22.903953490671885,-43.15766648737003,140.6,7.6,0.14157778,0.0161334276,0.441951513
,711000999,-22.903953490671885,-43.15766648737003,140.6,7.6,0.14157778,0.0161334276,0.441951513
,711000999,-22.903953490671885,-43.15766648737003,140.6,7.6,0.14157778,0.0161334276,0.441951513
,711000999,-22.903953490671885,-43.15766648737003,140.6,7.6,0.14157778,0.0161334276,0.441951513
,711000999,-22.903953490671885,-43.15766648737003,140.6,7.6,0.14157778,0.0161334276,0.441951513
,711000999,-22.903953490671885,-43.15766648737003,140.6,7.6,0.14157778,0.0161334276,0.441951513
,711000999,-22.903953490671885,-43.15766648737003,140.6,7.6,0.14157778,0.0161334276,0.441951513
,711000999,-22.903953490671885,-43.15766648737003,140.6,7.6,0.14157778,0.0161334276,0.441951513
,711000999,-22.903953490671885,-43.15766648737003,140.6,7.6,0.14157778,0.0161334276,0.441951513
,711000999,-22.903953490671885,-43.15766648737003,140.6,7.6,0.14157778,0.0161334276,0.441951513
,711000999,-22.903953490671885,-43.15766648737003,140.6,7.6,0.14157778,0.0161334276,0.441951513
,711000999,-22.903953490671885,-43.15766648737003,140.6,7.6,0.14157778,0.0161334276,0.441951513
,711000999,-22.903953490671885,-43.15766648737003,140.6,7.6,0.14157778,0.0161334276,0.441951513
,711000999,-22.903953490671885,-43.15766648737003,140.6,7.6,0.14157778,0.0161334276,0.441951513
,711000999,-22.903953490671885,-43.15766648737003,140.6,7.6,0.14157778,0.0161334276,0.441951513
,711000999,-22.903980486165292,-43.157641934746295,140.6,7.6,0.14157778,0.0161334276,0.441951513
,711000999,-22.903980486165292,-43.157641934746295,140.6,7.6,0.14157778,0.0161334276,0.441951513
,711000999,-22.903980486165292,-43.157641934746295,140.6,7.6,0.14157778,0.0161334276,0.441951513
,711000999,-22.903980486165292,-43.157641934746295,140.6,7.6,0.147788882,0.0157444477,0.432590157
,711000999,-22.903980486165292,-43.157641934746295,140.6,7.6,0.147788882,0.0157444477,0.432590157
,711000999,-22.903980486165292,-43.157641934746295,140.6,7.6,0.147788882,0.0157444477,0.432590157
,711000999,-22.903980486165292,-43.157641934746295,140.6,7.6,0.147788882,0.0157444477,0.432540268
,711000999,-22.903980486165292,-43.157641934746295,140.6,7.6,0.147788882,0.0157444477,0.432540268
,711000999,-22.903980486165292,-43.157641934746295,140.6,7.6,0.147788882,0.0157444477,0.432540268
,711000999,-22.903980486165292,-43.157641934746295,140.6,7.6,0.147788882,0.0157444477,0.432540268
,711000999,-22.903980486165292,-43.157641934746295,140.6,7.6,0.147788882,0.0157444477,0.432540268
,711000999,-22.903980486165292,-43.157641934746295,140.6,7.6,0.147788882,0.0157444477,0.432540268
,711000999,-22.903980486165292,-43.157641934746295,140.6,7.6,0.147788882,0.0157444477,0.432540268
,711000999,-22.903980486165292,-43.157641934746295,140.6,7.6,0.147788882,0.0157444477,0.432540268
,711000999,-22.903980486165292,-43.157641934746295,140.6,7.6,0.147788882,0.0157444477,0.432540268
,711000999,-22.903980486165292,-43.157641934746295,140.6,7.6,0.147788882,0.0157444477,0.432540268
,711000999,-22.903980486165292,-43.157641934746295,140.6,7.6,0.147788882,0.0157444477,0.432540268
,711000999,-22.903980486165292,-43.157641934746295,140.6,7.6,0.147788882,0.0157444477,0.432540268
,711000999,-22.903980486165292,-43.157641934746295,140.6,7.6,0.147788882,0.0157444477,0.432540268
,711000999,-22.903980486165292,-43.157641934746295,140.6,7.6,0.147788882,0.0157444477,0.432540268
,711000999,-22.903980486165292,-43.157641934746295,140.6,7.6,0.147788882,0.0157444477,0.432540268
,711000999,-22.903980486165292,-43.157641934746295,140.6,7.6,0.147788882,0.0157444477,0.432540268
,711000999,-22.903980486165292,-43.157641934746295,140.6,7.6,0.147788882,0.0157444477,0.432540268
,711000999,-22.903980486165292,-43.157641934746295,140.6,7.6,0.147788882,0.0157444477,0.432540268
,711000999,-22.903980486165292,-43.157641934746295,140.6,7.6,0.147788882,0.0157444477,0.432540268
,711000999,-22.903980486165292,-43.157641934746295,140.6,7.6,0.147788882,0.0157444477,0.432540268
,711000999,-22.903980486165292,-43.157641934746295,140.6,7.6,0.147788882,0.0157444477,0.432540268
,711000999,-22.903980486165292,-43.157641934746295,140.6,7.6,0.147788882,0.0157444477,0.432540268
,711000999,-22.903980486165292,-43.157641934746295,140.6,7.6,0.147788882,0.0157444477,0.432540268
,711000999,-22.903980486165292,-43.157641934746295,140.6,7.6,0.147788882,0.0157444477,0.432540268
,711000999,-22.903980486165292,-43.157641934746295,140.6,7.6,0.147788882,0.0157444477,0.432540268
,711000999,-22.903980486165292,-43.157641934746295,140.6,7.6,0.147788882,0.0157444477,0.432540268
,711000999,-22.903980486165292,-43.157641934746295,140.6,7.6,0.147788882,0.0157444477,0.432540268
,711000999,-22.903980486165292,-43.157641934746295,140.6,7.6,0.147788882,0.0157444477,0.432540268
,711000999,-22.903980486165292,-43.157641934746295,140.6,7.6,0.147788882,0.0157444477,0.432540268
,711000999,-22.903980486165292,-43.157641934746295,140.6,7.6,0.147788882,0.0157444477,0.432540268
,711000999,-22.904007481654187,-43.15761738211272,140.6,7.6,0.147788882,0.0157444477,0.432540268
,711000999,-22.904007481654187,-43.15761738211272,140.6,7.6,0.147788882,0.0157444477,0.432540268
,711000999,-22.904007481654187,-43.15761738211272,140.6,7.6,0.147788882,0.0157444477,0.432540268
,711000999,-22.904007481654187,-43.15761738211272,140.6,7.6,0.147788882,0.0157444477,0.432540268
,711000999,-22.904007481654187,-43.15761738211272,140.6,7.6,0.147788882,0.0157444477,0.432540268
,711000999,-22.904007481654187,-43.15761738211272,140.6,7.6,0.147788882,0.0157444477,0.432540268
,711000999,-22.904007481654187,-43.15761738211272,140.6,7.6,0.147788882,0.0157444477,0.432540268
,711000999,-22.904007481654187,-43.15761738211272,140.6,7.6,0.147788882,0.0157444477,0.432540268
,711000999,-22.904007481654187,-43.15761738211272,140.6,7.6,0.147788882,0.0157444477,0.432540268
,711000999,-22.904007481654187,-43.15761738211272,140.6,7.6,0.147788882,0.0157444477,0.432540268
,711000999,-22.904007481654187,-43.15761738211272,140.6,7.6,0.147788882,0.0157444477,0.432540268
,711000999,-22.904007481654187,-43.15761738211272,140.6,7.6,0.147788882,0.0157444477,0.432540268
,711000999,-22.904007481654187,-43.15761738211272,140.6,7.6,0.147788882,0.0157444477,0.432540268
,711000999,-22.904007481654187,-43.15761738211272,140.6,7.6,0.147788882,0.0157444477,0.432540268
,711000999,-22.904007481654187,-43.15761738211272,140.6,7.6,0.147788882,0.0157444477,0.432540268
,711000999,-22.904007481654187,-43.15761738211272,140.6,7.6,0.147788882,0.0157444477,0.432540268
,711000999,-22.904007481654187,-43.15761738211272,140.6,7.6,0.147788882,0.0157444477,0.432540268
,711000999,-22.904007481654187,-43.15761738211272,140.6,7.6,0.147788882,0.0157444477,0.432540268
,711000999,-22.904007481654187,-43.15761738211272,140.6,7.6,0.147788882,0.0157444477,0.432540268
,711000999,-22.904007481654187,-43.15761738211272,140.6,7.6,0.147788882,0.0157444477,0.432540268
,711000999,-22.904007481654187,-43.15761738211272,140.6,7.6,0.147788882,0.0157444477,0.432540268
,711000999,-22.904007481654187,-43.15761738211272,140.6,7.6,0.147788882,0.0157444477,0.432540268
,711000999,-22.904007481654187,-43.15761738211272,140.6,7.6,0.147788882,0.0157444477,0.432540268
,711000999,-22.904007481654187,-43.15761738211272,140.6,7.6,0.147788882,0.0157444477,0.432540268
,711000999,-22.904007481654187,-43.15761738211272,140.6,7.6,0.147788882,0.0157444477,0.432540268
,711000999,-22.904007481654187,-43.15761738211272,140.6,7.6,0.147788882,0.0157444477,0.432540268
,711000999,-22.904007481654187,-43.15761738211272,140.6,7.6,0.147788882,0.0157444477,0.432540268
,711000999,-22.904007481654187,-43.15761738211272,140.6,7.6,0.147788882,0.0157444477,0.432540268
,711000999,-22.90398895934344,-43.15763997690327,140.6,7.6,0.147788882,0.0157444477,0.432540268
,711000999,-22.90398895934344,-43.15763997690327,140.6,7.6,0.147788882,0.0157444477,0.432540268
,711000999,-22.90398895934344,-43.15763997690327,140.6,7.6,0.147788882,0.0157444477,0.432540268
,711000999,-22.90398895934344,-43.15763997690327,140.6,7.6,0.147788882,0.0157444477,0.432540268
,711000999,-22.90398895934344,-43.15763997690327,140.6,7.6,0.147788882,0.0157444477,0.432540268
,711000999,-22.90398895934344,-43.15763997690327,140.6,7.6,0.147788882,0.0157444477,0.432540268
,711000999,-22.90398895934344,-43.15763997690327,140.6,7.6,0.147788882,0.0157444477,0.432540268
,711000999,-22.90398895934344,-43.15763997690327,140.6,7.6,0.147788882,0.0157444477,0.432540268
,711000999,-22.90398895934344,-43.15763997690327,140.6,7.6,0.147788882,0.0157444477,0.432540268
,711000999,-22.90398895934344,-43.15763997690327,140.6,7.6,0.147788882,0.0157444477,0.432540268
,711000999,-22.90398895934344,-43.15763997690327,140.6,7.6,0.147788882,0.0157444477,0.432540268
,711000999,-22.90398895934344,-43.15763997690327,140.6,7.6,0.147788882,0.0157444477,0.432540268
,711000999,-22.90398895934344,-43.15763997690327,140.6,7.6,0.147788882,0.0157444477,0.432540268
,711000999,-22.90398895934344,-43.15763997690327,140.6,7.6,0.147788882,0.0157444477,0.432540268
,711000999,-22.90398895934344,-43.15763997690327,140.6,7.6,0.147788882,0.0157444477,0.432540268
,711000999,-22.90398895934344,-43.15763997690327,140.6,7.6,0.147788882,0.0157444477,0.432540268
,711000999,-22.90398895934344,-43.15763997690327,140.6,7.6,0.147788882,0.0157444477,0.432540268
,711000999,-22.90398895934344,-43.15763997690327,140.6,7.6,0.147788882,0.0157444477,0.432540268
,711000999,-22.90398895934344,-43.15763997690327,140.6,7.6,0.147788882,0.0157444477,0.432540268
,711000999,-22.90398895934344,-43.15763997690327,140.6,7.6,0.147788882,0.0157444477,0.432540268
,711000999,-22.90398895934344,-43.15763997690327,140.6,7.6,0.147788882,0.0157444477,0.432540268
,711000999,-22.90398895934344,-43.15763997690327,140.6,7.6,0.147788882,0.0157444477,0.432540268
,711000999,-22.90398895934344,-43.15763997690327,140.6,7.6,0.147788882,0.0157444477,0.432540268
,711000999,-22.90398895934344,-43.15763997690327,140.6,7.6,0.147788882,0.0157444477,0.432540268
,711000999,-22.90398895934344,-43.15763997690327,140.6,7.6,0.147788882,0.0157444477,0.432540268
,711000999,-22.90398895934344,-43.15763997690327,140.6,7.6,0.147788882,0.0157444477,0.432540268
,711000999,-22.90398895934344,-43.15763997690327,140.6,7.6,0.147788882,0.0157444477,0.432540268
,711000999,-22.90398895934344,-43.15763997690327,140.6,7.6,0.147788882,0.0157444477,0.432540268
,711000999,-22.90398895934344,-43.15763997690327,140.6,7.6,0.147788882,0.0157444477,0.432540268
,711000999,-22.90398895934344,-43.15763997690327,140.6,7.6,0.147788882,0.0157444477,0.432540268
,711000999,-22.90398895934344,-43.15763997690327,140.6,7.6,0.147788882,0.0157444477,0.432540268
,711000999,-22.90398895934344,-43.15763997690327,140.6,7.6,0.147788882,0.0157444477,0.432540268
,711000999,-22.90398895934344,-43.15763997690327,140.6,7.6,0.147788882,0.0157444477,0.432540268
,711000999,-22.90398895934344,-43.15763997690327,140.6,7.6,0.147788882,0.0157444477,0.432540268
,711000999,-22.90398895934344,-43.15763997690327,140.6,7.6,0.147788882,0.0157444477,0.432540268
,711000999,-22.90398895934344,-43.15763997690327,140.6,7.6,0.147788882,0.0157444477,0.432540268
,711000999,-22.90398895934344,-43.15763997690327,140.6,7.6,0.147788882,0.0157444477,0.432540268
,711000999,-22.90398895934344,-43.15763997690327,140.6,7.6,0.147788882,0.0157444477,0.432540268
,711000999,-22.90398895934344,-43.15763997690327,140.6,7.6,0.147788882,0.0157444477,0.432540268
,711000999,-22.90398895934344,-43.15763997690327,140.6,7.6,0.147788882,0.0157444477,0.432540268
,711000999,-22.90398895934344,-43.15763997690327,140.6,7.6,0.149616659,0.0156222582,0.429893404
,711000999,-22.90398895934344,-43.15763997690327,140.6,7.6,0.149616659,0.0156222582,0.429893404
,711000999,-22.90398895934344,-43.15763997690327,140.6,7.6,0.149616659,0.0156222582,0.429893404
,711000999,-22.90398895934344,-43.15763997690327,140.6,7.6,0.149616659,0.0156222582,0.429893404
,711000999,-22.90398895934344,-43.15763997690327,140.6,7.6,0.149616659,0.0156222582,0.429893404
,711000999,-22.90398895934344,-43.15763997690327,140.6,7.6,0.149616659,0.0156222582,0.429893404
,711000999,-22.90398895934344,-43.15763997690327,140.6,7.6,0.149616659,0.0156222582,0.429893404
,711000999,-22.90398895934344,-43.15763997690327,140.6,7.6,0.149616659,0.0156222582,0.429893404
,711000999,-22.90398895934344,-43.15763997690327,140.6,7.6,0.149616659,0.0156222582,0.429453403
,711000999,-22.90398895934344,-43.15763997690327,140.6,7.6,0.149616659,0.0156222582,0.429453403
,711000999,-22.90398895934344,-43.15763997690327,140.6,7.6,0.149616659,0.0156222582,0.429453403
,711000999,-22.90398895934344,-43.15763997690327,140.6,7.6,0.149616659,0.0156222582,0.429453403
,711000999,-22.90398895934344,-43.15763997690327,140.6,7.6,0.149616659,0.0156222582,0.429453403
,711000999,-22.90398895934344,-43.15763997690327,140.6,7.6,0.149616659,0.0156222582,0.429453403
,711000999,-22.90398895934344,-43.15763997690327,140.6,7.6,0.149616659,0.0156222582,0.429453403
,711000999,-22.90398895934344,-43.15763997690327,140.6,7.6,0.149616659,0.0156222582,0.429453403
,711000999,-22.904015954831877,-43.157615424267675,140.6,7.6,0.149616659,0.0156222582,0.429453403
,711000999,-22.904015954831877,-43.157615424267675,140.6,7.6,0.149616659,0.0156222582,0.429453403
,711000999,-22.904015954831877,-43.157615424267675,140.6,7.6,0.149616659,0.0156222582,0.429453403
,711000999,-22.904015954831877,-43.157615424267675,140.6,7.6,0.149616659,0.0156222582,0.429453403
,711000999,-22.904015954831877,-43.157615424267675,140.6,7.6,0.149616659,0.0156222582,0.429453403
,711000999,-22.904015954831877,-43.157615424267675,140.6,7.6,0.149616659,0.0156222582,0.429453403
,711000999,-22.904015954831877,-43.157615424267675,140.6,7.6,0.149616659,0.0156222582,0.429453403
,711000999,-22.904015954831877,-43.157615424267675,140.6,7.6,0.149616659,0.0156222582,0.429453403
,711000999,-22.904015954831877,-43.157615424267675,140.6,7.6,0.149616659,0.0156222582,0.429453403
,711000999,-22.904015954831877,-43.157615424267675,140.6,7.6,0.149616659,0.0156222582,0.429453403
,711000999,-22.904015954831877,-43.157615424267675,140.6,7.6,0.149616659,0.0156222582,0.429453403
,711000999,-22.904015954831877,-43.157615424267675,140.6,7.6,0.149616659,0.0156222582,0.429453403
,711000999,-22.904015954831877,-43.157615424267675,140.6,7.6,0.149616659,0.0156222582,0.429453403
,711000999,-22.904015954831877,-43.157615424267675,140.6,7.6,0.149616659,0.0156222582,0.429453403
,711000999,-22.904015954831877,-43.157615424267675,140.6,7.6,0.149616659,0.0156222582,0.429453403
,711000999,-22.904015954831877,-43.157615424267675,140.6,7.6,0.149616659,0.0156222582,0.429453403
,711000999,-22.904015954831877,-43.157615424267675,140.6,7.6,0.149616659,0.0156222582,0.429453403
,711000999,-22.904015954831877,-43.157615424267675,140.6,7.6,0.149616659,0.0156222582,0.429453403
,711000999,-22.904015954831877,-43.157615424267675,140.6,7.6,0.149616659,0.0156222582,0.429453403
,711000999,-22.904015954831877,-43.157615424267675,140.6,7.6,0.149616659,0.0156222582,0.429453403
,711000999,-22.904015954831877,-43.157615424267675,140.6,7.6,0.149616659,0.0156222582,0.429453403
,711000999,-22.904015954831877,-43.157615424267675,140.6,7.6,0.149616659,0.0156222582,0.429453403
,711000999,-22.904015954831877,-43.157615424267675,140.6,7.6,0.149616659,0.0156222582,0.429453403
,711000999,-22.904015954831877,-43.157615424267675,140.6,7.6,0.149616659,0.0156222582,0.429453403
,711000999,-22.904015954831877,-43.157615424267675,140.6,7.6,0.149616659,0.0156222582,0.429453403
,711000999,-22.904015954831877,-43.157615424267675,140.6,7.6,0.149616659,0.0156222582,0.429453403
,711000999,-22.904015954831877,-43.157615424267675,140.6,7.6,0.149616659,0.0156222582,0.429453403
,711000999,-22.904015954831877,-43.157615424267675,140.6,7.6,0.149616659,0.0156222582,0.429453403
,711000999,-22.904015954831877,-43.157615424267675,140.6,7.6,0.149616659,0.0156222582,0.429453403
,711000999,-22.904015954831877,-43.157615424267675,140.6,7.6,0.149616659,0.0156222582,0.429453403
,711000999,-22.904015954831877,-43.157615424267675,140.6,7.6,0.149616659,0.0156222582,0.429453403
,711000999,-22.904015954831877,-43.157615424267675,140.6,7.6,0.149616659,0.0156222582,0.429453403
,711000999,-22.904015954831877,-43.157615424267675,140.6,7.6,0.149616659,0.0156222582,0.429453403
,711000999,-22.904015954831877,-43.157615424267675,140.6,7.6,0.149616659,0.0156222582,0.429453403
,711000999,-22.904015954831877,-43.157615424267675,140.6,7.6,0.149616659,0.0156222582,0.429453403
,711000999,-22.904015954831877,-43.157615424267675,140.6,7.6,0.149616659,0.0156222582,0.429453403
,711000999,-22.904015954831877,-43.157615424267675,140.6,7.6,0.149616659,0.0156222582,0.429453403
,711000999,-22.904015954831877,-43.157615424267675,140.6,7.6,0.149616659,0.0156222582,0.429453403
,711000999,-22.904015954831877,-43.157615424267675,140.6,7.6,0.149616659,0.0156222582,0.429453403
,711000999,-22.904015954831877,-43.157615424267675,140.6,7.6,0.149616659,0.0156222582,0.429453403
,711000999,-22.904015954831877,-43.157615424267675,140.6,7.6,0.149616659,0.0156222582,0.429453403
,711000999,-22.904015954831877,-43.157615424267675,140.6,7.6,0.149616659,0.0156222582,0.429453403
,711000999,-22.904015954831877,-43.157615424267675,140.6,7.6,0.149616659,0.0156222582,0.429453403
,711000999,-22.904015954831877,-43.157615424267675,140.6,7.6,0.149616659,0.0156222582,0.429453403
,711000999,-22.904015954831877,-43.157615424267675,140.6,7.6,0.149616659,0.0156222582,0.429453403
,711000999,-22.904015954831877,-43.157615424267675,140.6,7.6,0.149616659,0.0156222582,0.429453403
,711000999,-22.904015954831877,-43.157615424267675,140.6,7.6,0.149616659,0.0156222582,0.429453403
,711000999,-22.904015954831877,-43.157615424267675,140.6,7.6,0.149616659,0.0156222582,0.429453403
,711000999,-22.904015954831877,-43.157615424267675,140.6,7.6,0.149616659,0.0156222582,0.429453403
,711000999,-22.904015954831877,-43.157615424267675,140.6,7.6,0.149616659,0.0156222582,0.429453403
,711000999,-22.904015954831877,-43.157615424267675,140.6,7.6,0.149616659,0.0156222582,0.429453403
,711000999,-22.904015954831877,-43.157615424267675,140.6,7.6,0.149616659,0.0156222582,0.429453403
,711000999,-22.904015954831877,-43.157615424267675,140.6,7.6,0.149616659,0.0156222582,0.429453403
,711000999,-22.904015954831877,-43.157615424267675,140.6,7.6,0.149616659,0.0156222582,0.429453403
,711000999,-22.904015954831877,-43.157615424267675,140.6,7.6,0.149616659,0.0156222582,0.429453403
,711000999,-22.904015954831877,-43.157615424267675,140.6,7.6,0.149616659,0.0156222582,0.429453403
,711000999,-22.904015954831877,-43.157615424267675,140.6,7.6,0.149616659,0.0156222582,0.429453403
,711000999,-22.904015954831877,-43.157615424267675,140.6,7.6,0.149616659,0.0156222582,0.429453403
,711000999,-22.904015954831877,-43.157615424267675,140.6,7.6,0.149616659,0.0156222582,0.429453403
,711000999,-22.904015954831877,-43.157615424267675,140.6,7.6,0.149616659,0.0156222582,0.429453403
,711000999,-22.904015954831877,-43.157615424267675,140.6,7.6,0.149616659,0.0156222582,0.429453403
,711000999,-22.904015954831877,-43.157615424267675,140.6,7.6,0.149616659,0.0156222582,0.429453403
,711000999,-22.904015954831877,-43.157615424267675,140.6,7.6,0.149616659,0.0156222582,0.429453403
,711000999,-22.904015954831877,-43.157615424267675,140.6,7.6,0.149616659,0.0156222582,0.429453403
,711000999,-22.90404295031579,-43.15759087162224,140.6,7.6,0.149616659,0.0156222582,0.429453403
,711000999,-22.90404295031579,-43.15759087162224,140.6,7.6,0.149616659,0.0156222582,0.429453403
,711000999,-22.90404295031579,-43.15759087162224,140.6,7.6,0.149616659,0.0156222582,0.429453403
,711000999,-22.90404295031579,-43.15759087162224,140.6,7.6,0.149616659,0.0156222582,0.429453403
,711000999,-22.90404295031579,-43.15759087162224,140.6,7.6,0.149616659,0.0156222582,0.429453403
,711000999,-22.90404295031579,-43.15759087162224,140.6,7.6,0.149616659,0.0156222582,0.429453403
,711000999,-22.90404295031579,-43.15759087162224,140.6,7.6,0.149616659,0.0156222582,0.429453403
,711000999,-22.90404295031579,-43.15759087162224,140.6,7.6,0.149616659,0.0156222582,0.429453403
,711000999,-22.90404295031579,-43.15759087162224,140.6,7.6,0.149616659,0.0156222582,0.429453403
,711000999,-22.90404295031579,-43.15759087162224,140.6,7.6,0.149616659,0.0156222582,0.429453403
,711000999,-22.90404295031579,-43.15759087162224,140.6,7.6,0.149616659,0.0156222582,0.429453403
,711000999,-22.90404295031579,-43.15759087162224,140.6,7.6,0.149616659,0.0156222582,0.429453403
,711000999,-22.90404295031579,-43.15759087162224,140.6,7.6,0.149616659,0.0156222582,0.429453403
,711000999,-22.90404295031579,-43.15759087162224,140.6,7.6,0.149616659,0.0156222582,0.429453403
,711000999,-22.90404295031579,-43.15759087162224,140.6,7.6,0.149616659,0.0156222582,0.429453403
,711000999,-22.90404295031579,-43.15759087162224,140.6,7.6,0.149616659,0.0156222582,0.429453403
,711000999,-22.90404295031579,-43.15759087162224,140.6,7.6,0.149616659,0.0156222582,0.429453403
,711000999,-22.90404295031579,-43.15759087162224,140.6,7.6,0.149616659,0.0156222582,0.429453403
,711000999,-22.90404295031579,-43.15759087162224,140.6,7.6,0.149616659,0.0156222582,0.429453403
,711000999,-22.90404295031579,-43.15759087162224,140.6,7.6,0.149616659,0.0156222582,0.429453403
,711000999,-22.90404295031579,-43.15759087162224,140.6,7.6,0.149616659,0.0156222582,0.429453403
,711000999,-22.90404295031579,-43.15759087162224,140.6,7.6,0.149616659,0.0156222582,0.429453403
,711000999,-22.90404295031579,-43.15759087162224,140.6,7.6,0.149616659,0.0156222582,0.429453403
,711000999,-22.90404295031579,-43.15759087162224,140.6,7.6,0.149616659,0.0156222582,0.429453403
,711000999,-22.90404295031579,-43.15759087162224,140.6,7.6,0.149616659,0.0156222582,0.429453403
,711000999,-22.90404295031579,-43.15759087162224,140.6,7.6,0.149616659,0.0156222582,0.429453403
,711000999,-22.90404295031579,-43.15759087162224,140.6,7.6,0.149616659,0.0156222582,0.429453403
,711000999,-22.90404295031579,-43.15759087162224,140.6,7.6,0.149616659,0.0156222582,0.429453403
,711000999,-22.90404295031579,-43.15759087162224,140.6,7.6,0.149616659,0.0156222582,0.429453403
,711000999,-22.90404295031579,-43.15759087162224,140.6,7.6,0.149616659,0.0156222582,0.429453403
,711000999,-22.90404295031579,-43.15759087162224,140.6,7.6,0.149616659,0.0156222582,0.429453403
,711000999,-22.90404295031579,-43.15759087162224,140.6,7.6,0.149616659,0.0156222582,0.429453403
,711000999,-22.90404295031579,-43.15759087162224,140.6,7.6,0.149616659,0.0156222582,0.429453403
,711000999,-22.90404295031579,-43.15759087162224,140.6,7.6,0.149616659,0.0156222582,0.429453403
,711000999,-22.90404295031579,-43.15759087162224,140.6,7.6,0.149616659,0.0156222582,0.429453403
,711000999,-22.90404295031579,-43.15759087162224,140.6,7.6,0.149616659,0.0156222582,0.429453403
,711000999,-22.90404295031579,-43.15759087162224,140.6,7.6,0.149616659,0.0156222582,0.429453403
,711000999,-22.90404295031579,-43.15759087162224,140.6,7.6,0.149616659,0.0156222582,0.429453403
,711000999,-22.90404295031579,-43.15759087162224,140.6,7.6,0.149616659,0.0156222582,0.429453403
,711000999,-22.90404295031579,-43.15759087162224,140.6,7.6,0.149616659,0.0156222582,0.429453403
,711000999,-22.90404295031579,-43.15759087162224,140.6,7.6,0.149616659,0.0156222582,0.429453403
,711000999,-22.90404295031579,-43.15759087162224,140.6,7.6,0.149616659,0.0156222582,0.429453403
,711000999,-22.90404295031579,-43.15759087162224,140.6,7.6,0.149616659,0.0156222582,0.429453403
,711000999,-22.90404295031579,-43.15759087162224,140.6,7.6,0.149616659,0.0156222582,0.429453403
,711000999,-22.90404295031579,-43.15759087162224,140.6,7.6,0.149616659,0.0156222582,0.429453403
,711000999,-22.90404295031579,-43.15759087162224,140.6,7.6,0.149616659,0.0156222582,0.429453403
,711000999,-22.90404295031579,-43.15759087162224,140.6,7.6,0.149616659,0.0156222582,0.429453403
,711000999,-22.90404295031579,-43.15759087162224,140.6,7.6,0.149616659,0.0156222582,0.429453403
,711000999,-22.90404295031579,-43.15759087162224,140.6,7.6,0.149616659,0.0156222582,0.429453403
,711000999,-22.90404295031579,-43.15759087162224,140.6,7.6,0.149616659,0.0156222582,0.429453403
,711000999,-22.90404295031579,-43.15759087162224,140.6,7.6,0.149616659,0.0156222582,0.429453403
,711000999,-22.90404295031579,-43.15759087162224,140.6,7.6,0.149616659,0.0156222582,0.429453403
,711000999,-22.90404295031579,-43.15759087162224,140.6,7.6,0.149616659,0.0156222582,0.429453403
,711000999,-22.90404295031579,-43.15759087162224,140.6,7.6,0.149616659,0.0156222582,0.429453403
,711000999,-22.90404295031579,-43.15759087162224,140.6,7.6,0.149616659,0.0156222582,0.429453403
,711000999,-22.90404295031579,-43.15759087162224,140.6,7.6,0.149616659,0.0156222582,0.429453403
,711000999,-22.90404295031579,-43.15759087162224,140.6,7.6,0.149616659,0.0156222582,0.429453403
,711000999,-22.90404295031579,-43.15759087162224,140.6,7.6,0.149616659,0.0156222582,0.429453403
,711000999,-22.90404295031579,-43.15759087162224,140.6,7.6,0.149616659,0.0156222582,0.429453403
,711000999,-22.90404295031579,-43.15759087162224,140.6,7.6,0.149616659,0.0156222582,0.429453403
,711000999,-22.90406994579519,-43.15756631896695,140.6,7.6,0.149616659,0.0156222582,0.429453403
,711000999,-22.90406994579519,-43.15756631896695,140.6,7.6,0.149616659,0.0156222582,0.429453403
,711000999,-22.90406994579519,-43.15756631896695,140.6,7.6,0.149616659,0.0156222582,0.429453403
,711000999,-22.90406994579519,-43.15756631896695,140.6,7.6,0.149616659,0.0156222582,0.429453403
,711000999,-22.90406994579519,-43.15756631896695,140.6,7.6,0.149616659,0.0156222582,0.429453403
,711000999,-22.90406994579519,-43.15756631896695,140.6,7.6,0.149616659,0.0156222582,0.429453403
,711000999,-22.90406994579519,-43.15756631896695,140.6,7.6,0.149616659,0.0156222582,0.429453403
,711000999,-22.90406994579519,-43.15756631896695,140.6,7.6,0.149616659,0.0156222582,0.429453403
,711000999,-22.90406994579519,-43.15756631896695,140.6,7.6,0.149616659,0.0156222582,0.429453403
,711000999,-22.90406994579519,-43.15756631896695,140.6,7.6,0.149616659,0.0156222582,0.429453403
,711000999,-22.90406994579519,-43.15756631896695,140.6,7.6,0.149616659,0.0156222582,0.429453403
,711000999,-22.90406994579519,-43.15756631896695,140.6,7.6,0.149616659,0.0156222582,0.429453403
,711000999,-22.90406994579519,-43.15756631896695,140.6,7.6,0.149616659,0.0156222582,0.429453403
,711000999,-22.90406994579519,-43.15756631896695,140.6,7.6,0.149616659,0.0156222582,0.429453403
,711000999,-22.90406994579519,-43.15756631896695,140.6,7.6,0.149616659,0.0156222582,0.429453403
,711000999,-22.90406994579519,-43.15756631896695,140.6,7.6,0.149616659,0.0156222582,0.429453403
,711000999,-22.90406994579519,-43.15756631896695,140.6,7.6,0.149616659,0.0156222582,0.429453403
,711000999,-22.90406994579519,-43.15756631896695,140.6,7.6,0.149616659,0.0156222582,0.429453403
,711000999,-22.90406994579519,-43.15756631896695,140.6,7.6,0.149616659,0.0156222582,0.429453403
,711000999,-22.90406994579519,-43.15756631896695,140.6,7.6,0.149616659,0.0156222582,0.429453403
,711000999,-22.90406994579519,-43.15756631896695,140.6,7.6,0.149616659,0.0156222582,0.429453403
,711000999,-22.90406994579519,-43.15756631896695,140.6,7.6,0.149616659,0.0156222582,0.429453403
,711000999,-22.90406994579519,-43.15756631896695,140.6,7.6,0.149616659,0.0156222582,0.429453403
,711000999,-22.90406994579519,-43.15756631896695,140.6,7.6,0.149616659,0.0156222582,0.429453403
,711000999,-22.90406994579519,-43.15756631896695,140.6,7.6,0.149616659,0.0156222582,0.429453403
,711000999,-22.90406994579519,-43.15756631896695,140.6,7.6,0.149616659,0.0156222582,0.429453403
,711000999,-22.90406994579519,-43.15756631896695,140.6,7.6,0.149616659,0.0156222582,0.429453403
,711000999,-22.90406994579519,-43.15756631896695,140.6,7.6,0.149616659,0.0156222582,0.429453403
,711000999,-22.90406994579519,-43.15756631896695,140.6,7.6,0.150627777,0.0155444145,0.428105682
,711000999,-22.90406994579519,-43.15756631896695,140.6,7.6,0.150627777,0.0155444145,0.428105682
,711000999,-22.90406994579519,-43.15756631896695,140.6,7.6,0.150627777,0.0155444145,0.428105682
,711000999,-22.90406994579519,-43.15756631896695,140.6,7.6,0.150627777,0.0155444145,0.428105682
,711000999,-22.90406994579519,-43.15756631896695,140.6,7.6,0.150627777,0.0155444145,0.428105682
,711000999,-22.90406994579519,-43.15756631896695,140.6,7.6,0.150627777,0.0155444145,0.428105682
,711000999,-22.90406994579519,-43.15756631896695,140.6,7.6,0.150627777,0.0155444145,0.428105682
,711000999,-22.90406994579519,-43.15756631896695,140.6,7.6,0.150627777,0.0155444145,0.428105682
,711000999,-22.90406994579519,-43.15756631896695,140.6,7.6,0.150627777,0.0155444145,0.428105682
,711000999,-22.90406994579519,-43.15756631896695,140.6,7.6,0.150627777,0.0155444145,0.428105682
,711000999,-22.90406994579519,-43.15756631896695,140.6,7.6,0.150627777,0.0155444145,0.428105682
,711000999,-22.90406994579519,-43.15756631896695,140.6,7.6,0.150627777,0.0155444145,0.428105682
,711000999,-22.90406994579519,-43.15756631896695,140.6,7.6,0.150627777,0.0155444145,0.429453403
,711000999,-22.90406994579519,-43.15756631896695,140.6,7.6,0.150627777,0.0155444145,0.429453403
,711000999,-22.90406994579519,-43.15756631896695,140.6,7.6,0.150627777,0.0155444145,0.429453403
,711000999,-22.90406994579519,-43.15756631896695,140.6,7.6,0.150627777,0.0155444145,0.429453403
,711000999,-22.90406994579519,-43.15756631896695,140.6,7.6,0.150627777,0.0155444145,0.429453403
,711000999,-22.90406994579519,-43.15756631896695,140.6,7.6,0.150627777,0.0155444145,0.429453403
,711000999,-22.90406994579519,-43.15756631896695,140.6,7.6,0.150627777,0.0155444145,0.429453403
,711000999,-22.90406994579519,-43.15756631896695,140.6,7.6,0.150627777,0.0155444145,0.429453403
,711000999,-22.90406994579519,-43.15756631896695,140.6,7.6,0.150627777,0.0155444145,0.429453403
,711000999,-22.90406994579519,-43.15756631896695,140.6,7.6,0.150627777,0.0155444145,0.429453403
,711000999,-22.90406994579519,-43.15756631896695,140.6,7.6,0.150627777,0.0155444145,0.429453403
,711000999,-22.90406994579519,-43.15756631896695,140.6,7.6,0.150627777,0.0155444145,0.429453403
,711000999,-22.90406994579519,-43.15756631896695,140.6,7.6,0.150627777,0.0155444145,0.429453403
,711000999,-22.90406994579519,-43.15756631896695,140.6,7.6,0.150627777,0.0155444145,0.429453403
,711000999,-22.90406994579519,-43.15756631896695,140.6,7.6,0.150627777,0.0155444145,0.429453403
,711000999,-22.90406994579519,-43.15756631896695,140.6,7.6,0.150627777,0.0155444145,0.429453403
,711000999,-22.90406994579519,-43.15756631896695,140.6,7.6,0.150627777,0.0155444145,0.429453403
,711000999,-22.90406994579519,-43.15756631896695,140.6,7.6,0.150627777,0.0155444145,0.429453403
,711000999,-22.90406994579519,-43.15756631896695,140.6,7.6,0.150627777,0.0155444145,0.429453403
,711000999,-22.90406994579519,-43.15756631896695,140.6,7.6,0.150627777,0.0155444145,0.429453403
,711000999,-22.90409694127007,-43.15754176630182,140.6,7.6,0.150627777,0.0155444145,0.429453403
,711000999,-22.90409694127007,-43.15754176630182,140.6,7.6,0.150627777,0.0155444145,0.429453403
,711000999,-22.90409694127007,-43.15754176630182,140.6,7.6,0.150627777,0.0155444145,0.429453403
,711000999,-22.90409694127007,-43.15754176630182,140.6,7.6,0.150627777,0.0155444145,0.429453403
,711000999,-22.90409694127007,-43.15754176630182,140.6,7.6,0.150627777,0.0155444145,0.429453403
,711000999,-22.90409694127007,-43.15754176630182,140.6,7.6,0.150627777,0.0155444145,0.429453403
,711000999,-22.90409694127007,-43.15754176630182,140.6,7.6,0.150627777,0.0155444145,0.429453403
,711000999,-22.90409694127007,-43.15754176630182,140.6,7.6,0.150627777,0.0155444145,0.429453403
,711000999,-22.90409694127007,-43.15754176630182,140.6,7.6,0.150627777,0.0155444145,0.429453403
,711000999,-22.90409694127007,-43.15754176630182,140.6,7.6,0.150627777,0.0155444145,0.429453403
,711000999,-22.90409694127007,-43.15754176630182,140.6,7.6,0.150627777,0.0155444145,0.429453403
,711000999,-22.90409694127007,-43.15754176630182,140.6,7.6,0.150627777,0.0155444145,0.429453403
,711000999,-22.90409694127007,-43.15754176630182,140.6,7.6,0.150627777,0.0155444145,0.429453403
,711000999,-22.90409694127007,-43.15754176630182,140.6,7.6,0.150627777,0.0155444145,0.429453403
,711000999,-22.90409694127007,-43.15754176630182,140.6,7.6,0.150627777,0.0155444145,0.429453403
,711000999,-22.90409694127007,-43.15754176630182,140.6,7.6,0.150627777,0.0155444145,0.429453403
,711000999,-22.90409694127007,-43.15754176630182,140.6,7.6,0.150627777,0.0155444145,0.429453403
,711000999,-22.90409694127007,-43.15754176630182,140.6,7.6,0.150627777,0.0155444145,0.429453403
,711000999,-22.90409694127007,-43.15754176630182,140.6,7.6,0.150627777,0.0155444145,0.429453403
,711000999,-22.90409694127007,-43.15754176630182,140.6,7.6,0.150627777,0.0155444145,0.429453403
,711000999,-22.90409694127007,-43.15754176630182,140.6,7.6,0.150627777,0.0155444145,0.429453403
,711000999,-22.90409694127007,-43.15754176630182,140.6,7.6,0.150627777,0.0155444145,0.429453403
,711000999,-22.90409694127007,-43.15754176630182,140.6,7.6,0.150627777,0.0155444145,0.429453403
,711000999,-22.90409694127007,-43.15754176630182,140.6,7.6,0.150627777,0.0155444145,0.429453403
,711000999,-22.90409694127007,-43.15754176630182,140.6,7.6,0.150627777,0.0155444145,0.429453403
,711000999,-22.90409694127007,-43.15754176630182,140.6,7.6,0.150627777,0.0155444145,0.429453403
,711000999,-22.90409694127007,-43.15754176630182,140.6,7.6,0.150627777,0.0155444145,0.429453403
,711000999,-22.90409694127007,-43.15754176630182,140.6,7.6,0.150627777,0.0155444145,0.429453403
,711000999,-22.90409694127007,-43.15754176630182,140.6,7.6,0.150627777,0.0155444145,0.429453403
,711000999,-22.90409694127007,-43.15754176630182,140.6,7.6,0.150627777,0.0155444145,0.429453403
,711000999,-22.90409694127007,-43.15754176630182,140.6,7.6,0.150627777,0.0155444145,0.429453403
,711000999,-22.90409694127007,-43.15754176630182,140.6,7.6,0.150627777,0.0155444145,0.429453403
,711000999,-22.90409694127007,-43.15754176630182,140.6,7.6,0.150627777,0.0155444145,0.429453403
,711000999,-22.90409694127007,-43.15754176630182,140.6,7.6,0.150627777,0.0155444145,0.429453403
,711000999,-22.90409694127007,-43.15754176630182,140.6,7.6,0.150627777,0.0155444145,0.429453403
,711000999,-22.90409694127007,-43.15754176630182,140.6,7.6,0.150627777,0.0155444145,0.429453403
,711000999,-22.90409694127007,-43.15754176630182,140.6,7.6,0.150627777,0.0155444145,0.429453403
,711000999,-22.90409694127007,-43.15754176630182,140.6,7.6,0.150627777,0.0155444145,0.429453403
,711000999,-22.90409694127007,-43.15754176630182,140.6,7.6,0.150627777,0.0155444145,0.429453403
,711000999,-22.90409694127007,-43.15754176630182,140.6,7.6,0.150627777,0.0155444145,0.429453403
,711000999,-22.90409694127007,-43.15754176630182,140.6,7.6,0.150627777,0.0155444145,0.429453403
,711000999,-22.90409694127007,-43.15754176630182,140.6,7.6,0.150627777,0.0155444145,0.429453403
,711000999,-22.90409694127007,-43.15754176630182,140.6,7.6,0.150627777,0.0155444145,0.429453403
,711000999,-22.90409694127007,-43.15754176630182,140.6,7.6,0.150627777,0.0155444145,0.429453403
,711000999,-22.90409694127007,-43.15754176630182,140.6,7.6,0.150627777,0.0155444145,0.429453403
,711000999,-22.90409694127007,-43.15754176630182,140.6,7.6,0.150627777,0.0155444145,0.429453403
,711000999,-22.90409694127007,-43.15754176630182,140.6,7.6,0.150627777,0.0155444145,0.429453403
,711000999,-22.90409694127007,-43.15754176630182,140.6,7.6,0.150627777,0.0155444145,0.429453403
,711000999,-22.90409694127007,-43.15754176630182,140.6,7.6,0.150627777,0.0155444145,0.429453403
,711000999,-22.90409694127007,-43.15754176630182,140.6,7.6,0.150627777,0.0155444145,0.429453403
,711000999,-22.90409694127007,-43.15754176630182,140.6,7.6,0.150627777,0.0155444145,0.429453403
,711000999,-22.90409694127007,-43.15754176630182,140.6,7.6,0.150627777,0.0155444145,0.429453403
,711000999,-22.90409694127007,-43.15754176630182,140.6,7.6,0.150627777,0.0155444145,0.429453403
,711000999,-22.90409694127007,-43.15754176630182,140.6,7.6,0.150627777,0.0155444145,0.429453403
,711000999,-22.90409694127007,-43.15754176630182,140.6,7.6,0.150627777,0.0155444145,0.429453403
,711000999,-22.90409694127007,-43.15754176630182,140.6,7.6,0.150627777,0.0155444145,0.429453403
,711000999,-22.90409694127007,-43.15754176630182,140.6,7.6,0.150627777,0.0155444145,0.429453403
,711000999,-22.90412393674043,-43.157517213626846,140.6,7.6,0.150627777,0.0155444145,0.429453403
,711000999,-22.90412393674043,-43.157517213626846,140.6,7.6,0.150627777,0.0155444145,0.429453403
,711000999,-22.90412393674043,-43.157517213626846,140.6,7.6,0.150627777,0.0155444145,0.429453403
,711000999,-22.90412393674043,-43.157517213626846,140.6,7.6,0.150627777,0.0155444145,0.429453403
,711000999,-22.90412393674043,-43.157517213626846,140.6,7.6,0.150627777,0.0155444145,0.429453403
,711000999,-22.90412393674043,-43.157517213626846,140.6,7.6,0.150627777,0.0155444145,0.429453403
,711000999,-22.90412393674043,-43.157517213626846,140.6,7.6,0.150627777,0.0155444145,0.429453403
,711000999,-22.90412393674043,-43.157517213626846,140.6,7.6,0.150627777,0.0155444145,0.429453403
,711000999,-22.90412393674043,-43.157517213626846,140.6,7.6,0.150627777,0.0155444145,0.429453403
,711000999,-22.90412393674043,-43.157517213626846,140.6,7.6,0.150627777,0.0155444145,0.429453403
,711000999,-22.90412393674043,-43.157517213626846,140.6,7.6,0.150627777,0.0155444145,0.429453403
,711000999,-22.90412393674043,-43.157517213626846,140.6,7.6,0.150627777,0.0155444145,0.429453403
,711000999,-22.90412393674043,-43.157517213626846,140.6,7.6,0.150627777,0.0155444145,0.429453403
,711000999,-22.90412393674043,-43.157517213626846,140.6,7.6,0.150627777,0.0155444145,0.429453403
,711000999,-22.90412393674043,-43.157517213626846,140.6,7.6,0.150627777,0.0155444145,0.429453403
,711000999,-22.90412393674043,-43.157517213626846,140.6,7.6,0.150627777,0.0155444145,0.429453403
,711000999,-22.90412393674043,-43.157517213626846,140.6,7.6,0.150627777,0.0155444145,0.429453403
,711000999,-22.90412393674043,-43.157517213626846,140.6,7.6,0.150627777,0.0155444145,0.429453403
,711000999,-22.90412393674043,-43.157517213626846,140.6,7.6,0.150627777,0.0155444145,0.429453403
,711000999,-22.90412393674043,-43.157517213626846,140.6,7.6,0.150627777,0.0155444145,0.429453403
,711000999,-22.90412393674043,-43.157517213626846,140.6,7.6,0.150627777,0.0155444145,0.429453403
,711000999,-22.90412393674043,-43.157517213626846,140.6,7.6,0.150627777,0.0155444145,0.429453403
,711000999,-22.90412393674043,-43.157517213626846,140.6,7.6,0.150627777,0.0155444145,0.429453403
,711000999,-22.90412393674043,-43.157517213626846,140.6,7.6,0.150627777,0.0155444145,0.429453403
,711000999,-22.90412393674043,-43.157517213626846,140.6,7.6,0.150627777,0.0155444145,0.429453403
,711000999,-22.90412393674043,-43.157517213626846,140.6,7.6,0.150627777,0.0155444145,0.429453403
,711000999,-22.90412393674043,-43.157517213626846,140.6,7.6,0.150627777,0.0155444145,0.429453403
,711000999,-22.90412393674043,-43.157517213626846,140.6,7.6,0.150627777,0.0155444145,0.429453403
,711000999,-22.90412393674043,-43.157517213626846,140.6,7.6,0.150627777,0.0155444145,0.429453403
,711000999,-22.90412393674043,-43.157517213626846,140.6,7.6,0.150627777,0.0155444145,0.429453403
,711000999,-22.90412393674043,-43.157517213626846,140.6,7.6,0.150627777,0.0155444145,0.429453403
,711000999,-22.90412393674043,-43.157517213626846,140.6,7.6,0.150627777,0.0155444145,0.429453403
,711000999,-22.90412393674043,-43.157517213626846,140.6,7.6,0.150627777,0.0155444145,0.429453403
,711000999,-22.90412393674043,-43.157517213626846,140.6,7.6,0.150627777,0.0155444145,0.429453403
,711000999,-22.90412393674043,-43.157517213626846,140.6,7.6,0.150627777,0.0155444145,0.429453403
,711000999,-22.90412393674043,-43.157517213626846,140.6,7.6,0.150627777,0.0155444145,0.429453403
,711000999,-22.90412393674043,-43.157517213626846,140.6,7.6,0.150627777,0.0155444145,0.429453403
,711000999,-22.90412393674043,-43.157517213626846,140.6,7.6,0.150627777,0.0155444145,0.429453403
,711000999,-22.90412393674043,-43.157517213626846,140.6,7.6,0.150627777,0.0155444145,0.429453403
,711000999,-22.90412393674043,-43.157517213626846,140.6,7.6,0.150627777,0.0155444145,0.429453403
,711000999,-22.90412393674043,-43.157517213626846,140.6,7.6,0.150627777,0.0155444145,0.429453403
,711000999,-22.90412393674043,-43.157517213626846,140.6,7.6,0.150627777,0.0155444145,0.429453403
,711000999,-22.90412393674043,-43.157517213626846,140.6,7.6,0.150627777,0.0155444145,0.429453403
,711000999,-22.90412393674043,-43.157517213626846,140.6,7.6,0.150627777,0.0155444145,0.429453403
,711000999,-22.90412393674043,-43.157517213626846,140.6,7.6,0.150627777,0.0155444145,0.429453403
,711000999,-22.904150932206274,-43.15749266094202,140.6,7.6,0.150627777,0.0155444145,0.429453403
,711000999,-22.904150932206274,-43.15749266094202,140.6,7.6,0.150627777,0.0155444145,0.429453403
,711000999,-22.904150932206274,-43.15749266094202,140.6,7.6,0.150627777,0.0155444145,0.429453403
,711000999,-22.904150932206274,-43.15749266094202,140.6,7.6,0.150627777,0.0155444145,0.429453403
,711000999,-22.904150932206274,-43.15749266094202,140.6,7.6,0.150627777,0.0155444145,0.429453403
,711000999,-22.904150932206274,-43.15749266094202,140.6,7.6,0.150627777,0.0155444145,0.429453403
,711000999,-22.904150932206274,-43.15749266094202,140.6,7.6,0.150627777,0.0155444145,0.429453403
,711000999,-22.904150932206274,-43.15749266094202,140.6,7.6,0.150627777,0.0155444145,0.429453403
,711000999,-22.904150932206274,-43.15749266094202,140.6,7.6,0.150627777,0.0155444145,0.429453403
,711000999,-22.904150932206274,-43.15749266094202,140.6,7.6,0.150627777,0.0155444145,0.429453403
,711000999,-22.904150932206274,-43.15749266094202,140.6,7.6,0.150627777,0.0155444145,0.429453403
,711000999,-22.904150932206274,-43.15749266094202,140.6,7.6,0.150627777,0.0155444145,0.429453403
,711000999,-22.904150932206274,-43.15749266094202,140.6,7.6,0.150627777,0.0155444145,0.429453403
,711000999,-22.904150932206274,-43.15749266094202,140.6,7.6,0.150627777,0.0155444145,0.429453403
,711000999,-22.904150932206274,-43.15749266094202,140.6,7.6,0.150627777,0.0155444145,0.429453403
,711000999,-22.904150932206274,-43.15749266094202,140.6,7.6,0.150627777,0.0155444145,0.429453403
,711000999,-22.904150932206274,-43.15749266094202,140.6,7.6,0.150627777,0.0155444145,0.429453403
,711000999,-22.904150932206274,-43.15749266094202,140.6,7.6,0.150627777,0.0155444145,0.429453403
,711000999,-22.904150932206274,-43.15749266094202,140.6,7.6,0.150627777,0.0155444145,0.429453403
,711000999,-22.904150932206274,-43.15749266094202,140.6,7.6,0.150627777,0.0155444145,0.429453403
,711000999,-22.904150932206274,-43.15749266094202,140.6,7.6,0.150627777,0.0155444145,0.429453403
,711000999,-22.904150932206274,-43.15749266094202,140.6,7.6,0.150627777,0.0155444145,0.429453403
,711000999,-22.904150932206274,-43.15749266094202,140.6,7.6,0.150627777,0.0155444145,0.429453403
,711000999,-22.904150932206274,-43.15749266094202,140.6,7.6,0.150627777,0.0155444145,0.429453403
,711000999,-22.904150932206274,-43.15749266094202,140.6,7.6,0.150627777,0.0155444145,0.429453403
,711000999,-22.904150932206274,-43.15749266094202,140.6,7.6,0.150627777,0.0155444145,0.429453403
,711000999,-22.904150932206274,-43.15749266094202,140.6,7.6,0.150627777,0.0155444145,0.429453403
,711000999,-22.904150932206274,-43.15749266094202,140.6,7.6,0.150627777,0.0155444145,0.429453403
,711000999,-22.904150932206274,-43.15749266094202,140.6,7.6,0.150627777,0.0155444145,0.429453403
,711000999,-22.904150932206274,-43.15749266094202,140.6,7.6,0.150627777,0.0155444145,0.429453403
,711000999,-22.904150932206274,-43.15749266094202,140.6,7.6,0.153422222,0.0153777599,0.424102455
,711000999,-22.904150932206274,-43.15749266094202,140.6,7.6,0.153422222,0.0153777599,0.424102455
,711000999,-22.904150932206274,-43.15749266094202,140.6,7.6,0.153422222,0.0153777599,0.424102455
,711000999,-22.904150932206274,-43.15749266094202,140.6,7.6,0.153422222,0.0153777599,0.423204333
,711000999,-22.904150932206274,-43.15749266094202,140.6,7.6,0.153422222,0.0153777599,0.423204333
,711000999,-22.904150932206274,-43.15749266094202,140.6,7.6,0.153422222,0.0153777599,0.423204333
,711000999,-22.904150932206274,-43.15749266094202,140.6,7.6,0.153422222,0.0153777599,0.423204333
,711000999,-22.904150932206274,-43.15749266094202,140.6,7.6,0.153422222,0.0153777599,0.423204333
,711000999,-22.904150932206274,-43.15749266094202,140.6,7.6,0.153422222,0.0153777599,0.423204333
,711000999,-22.904150932206274,-43.15749266094202,140.6,7.6,0.153422222,0.0153777599,0.423204333
,711000999,-22.904150932206274,-43.15749266094202,140.6,7.6,0.153422222,0.0153777599,0.423204333
,711000999,-22.904150932206274,-43.15749266094202,140.6,7.6,0.153422222,0.0153777599,0.423204333
,711000999,-22.904150932206274,-43.15749266094202,140.6,7.6,0.153422222,0.0153777599,0.423204333
,711000999,-22.904150932206274,-43.15749266094202,140.6,7.6,0.153422222,0.0153777599,0.423204333
,711000999,-22.904150932206274,-43.15749266094202,140.6,7.6,0.153422222,0.0153777599,0.423204333
,711000999,-22.904177927667597,-43.15746810824735,140.6,7.6,0.153422222,0.0153777599,0.423204333
,711000999,-22.904177927667597,-43.15746810824735,140.6,7.6,0.153422222,0.0153777599,0.423204333
,711000999,-22.904177927667597,-43.15746810824735,140.6,7.6,0.153422222,0.0153777599,0.423204333
,711000999,-22.904240391653506,-43.15741704580113,140.6,7.6,0.153422222,0.0153777599,0.423204333
,711000999,-22.904240391653506,-43.15741704580113,140.6,7.6,0.153422222,0.0153777599,0.423204333
,711000999,-22.904240391653506,-43.15741704580113,140.6,7.6,0.153422222,0.0153777599,0.423204333
,711000999,-22.904240391653506,-43.15741704580113,140.6,7.6,0.153422222,0.0153777599,0.423204333
,711000999,-22.904240391653506,-43.15741704580113,140.6,7.6,0.153422222,0.0153777599,0.423204333
,711000999,-22.904240391653506,-43.15741704580113,140.6,7.6,0.153422222,0.0153777599,0.423204333
,711000999,-22.904240391653506,-43.15741704580113,140.6,7.6,0.153422222,0.0153777599,0.423204333
,711000999,-22.904240391653506,-43.15741704580113,140.6,7.6,0.153422222,0.0153777599,0.423204333
,711000999,-22.904240391653506,-43.15741704580113,140.6,7.6,0.153422222,0.0153777599,0.423204333
,711000999,-22.904240391653506,-43.15741704580113,140.6,7.6,0.153422222,0.0153777599,0.423204333
,711000999,-22.904240391653506,-43.15741704580113,140.6,7.6,0.153422222,0.0153777599,0.423204333
,711000999,-22.904240391653506,-43.15741704580113,140.6,7.6,0.153422222,0.0153777599,0.423204333
,711000999,-22.904240391653506,-43.15741704580113,140.6,7.6,0.153422222,0.0153777599,0.423204333
,711000999,-22.904240391653506,-43.15741704580113,140.6,7.6,0.153422222,0.0153777599,0.423204333
,711000999,-22.904240391653506,-43.15741704580113,140.6,7.6,0.153422222,0.0153777599,0.423204333
,711000999,-22.904240391653506,-43.15741704580113,140.6,7.6,0.153422222,0.0153777599,0.423204333
,711000999,-22.904240391653506,-43.15741704580113,140.6,7.6,0.153422222,0.0153777599,0.423204333
,711000999,-22.904240391653506,-43.15741704580113,140.6,7.6,0.153422222,0.0153777599,0.423204333
,711000999,-22.904240391653506,-43.15741704580113,140.6,7.6,0.153422222,0.0153777599,0.423204333
,711000999,-22.904240391653506,-43.15741704580113,140.6,7.6,0.153422222,0.0153777599,0.423204333
,711000999,-22.904240391653506,-43.15741704580113,140.6,7.6,0.153422222,0.0153777599,0.423204333
,711000999,-22.904240391653506,-43.15741704580113,140.6,7.6,0.153422222,0.0153777599,0.423204333
,711000999,-22.904240391653506,-43.15741704580113,140.6,7.6,0.153422222,0.0153777599,0.423204333
,711000999,-22.904240391653506,-43.15741704580113,140.6,7.6,0.153422222,0.0153777599,0.423204333
,711000999,-22.904240391653506,-43.15741704580113,140.6,7.6,0.153422222,0.0153777599,0.423204333
,711000999,-22.904240391653506,-43.15741704580113,140.6,7.6,0.153422222,0.0153777599,0.423204333
,711000999,-22.904240391653506,-43.15741704580113,140.6,7.6,0.153422222,0.0153777599,0.423204333
,711000999,-22.904240391653506,-43.15741704580113,140.6,7.6,0.153422222,0.0153777599,0.423204333
,711000999,-22.904240391653506,-43.15741704580113,140.6,7.6,0.153422222,0.0153777599,0.423204333
,711000999,-22.904240391653506,-43.15741704580113,140.6,7.6,0.153422222,0.0153777599,0.423204333
,711000999,-22.904240391653506,-43.15741704580113,140.6,7.6,0.153422222,0.0153777599,0.423204333
,711000999,-22.904240391653506,-43.15741704580113,140.6,7.6,0.153422222,0.0153777599,0.423204333
,711000999,-22.904240391653506,-43.15741704580113,140.6,7.6,0.153422222,0.0153777599,0.423204333
,711000999,-22.904240391653506,-43.15741704580113,140.6,7.6,0.153422222,0.0153777599,0.423204333
,711000999,-22.904240391653506,-43.15741704580113,140.6,7.6,0.153422222,0.0153777599,0.423204333
,711000999,-22.904240391653506,-43.15741704580113,140.6,7.6,0.153422222,0.0153777599,0.423204333
,711000999,-22.904240391653506,-43.15741704580113,140.6,7.6,0.153422222,0.0153777599,0.423204333
,711000999,-22.904240391653506,-43.15741704580113,140.6,7.6,0.153422222,0.0153777599,0.423204333
,711000999,-22.904240391653506,-43.15741704580113,140.6,7.6,0.153422222,0.0153777599,0.423204333
,711000999,-22.904240391653506,-43.15741704580113,140.6,7.6,0.153422222,0.0153777599,0.423204333
,711000999,-22.904240391653506,-43.15741704580113,140.6,7.6,0.153422222,0.0153777599,0.423204333
,711000999,-22.904240391653506,-43.15741704580113,140.6,7.6,0.153422222,0.0153777599,0.423204333
,711000999,-22.904240391653506,-43.15741704580113,140.6,7.6,0.153422222,0.0153777599,0.423204333
,711000999,-22.904240391653506,-43.15741704580113,140.6,7.6,0.153422222,0.0153777599,0.423204333
,711000999,-22.904240391653506,-43.15741704580113,140.6,7.6,0.153422222,0.0153777599,0.423204333
,711000999,-22.90426738710081,-43.1573924930749,140.6,7.6,0.153422222,0.0153777599,0.423204333
,711000999,-22.90426738710081,-43.1573924930749,140.6,7.6,0.153422222,0.0153777599,0.423204333
,711000999,-22.90426738710081,-43.1573924930749,140.6,7.6,0.153422222,0.0153777599,0.423204333
,711000999,-22.90426738710081,-43.1573924930749,140.6,7.6,0.153422222,0.0153777599,0.423204333
,711000999,-22.90426738710081,-43.1573924930749,140.6,7.6,0.153422222,0.0153777599,0.423204333
,711000999,-22.90426738710081,-43.1573924930749,140.6,7.6,0.153422222,0.0153777599,0.423204333
,711000999,-22.90426738710081,-43.1573924930749,140.6,7.6,0.153422222,0.0153777599,0.423204333
,711000999,-22.90426738710081,-43.1573924930749,140.6,7.6,0.153422222,0.0153777599,0.423204333
,711000999,-22.90426738710081,-43.1573924930749,140.6,7.6,0.153422222,0.0153777599,0.423204333
,711000999,-22.90426738710081,-43.1573924930749,140.6,7.6,0.153422222,0.0153777599,0.423204333
,711000999,-22.90426738710081,-43.1573924930749,140.6,7.6,0.153422222,0.0153777599,0.423204333
,711000999,-22.90426738710081,-43.1573924930749,140.6,7.6,0.153422222,0.0153777599,0.423204333
,711000999,-22.90426738710081,-43.1573924930749,140.6,7.6,0.153422222,0.0153777599,0.423204333
,711000999,-22.90426738710081,-43.1573924930749,140.6,7.6,0.153422222,0.0153777599,0.423204333
,711000999,-22.90426738710081,-43.1573924930749,140.6,7.6,0.153422222,0.0153777599,0.423204333
,711000999,-22.90426738710081,-43.1573924930749,140.6,7.6,0.153422222,0.0153777599,0.423204333
,711000999,-22.90426738710081,-43.1573924930749,140.6,7.6,0.153422222,0.0153777599,0.423204333
,711000999,-22.90426738710081,-43.1573924930749,140.6,7.6,0.153422222,0.0153777599,0.423204333
,711000999,-22.90426738710081,-43.1573924930749,140.6,7.6,0.153422222,0.0153777599,0.423204333
,711000999,-22.90426738710081,-43.1573924930749,140.6,7.6,0.153422222,0.0153777599,0.423204333
,711000999,-22.90426738710081,-43.1573924930749,140.6,7.6,0.153422222,0.0153777599,0.423204333
,711000999,-22.90426738710081,-43.1573924930749,140.6,7.6,0.153422222,0.0153777599,0.423204333
,711000999,-22.90426738710081,-43.1573924930749,140.6,7.6,0.153422222,0.0153777599,0.423204333
,711000999,-22.90426738710081,-43.1573924930749,140.6,7.6,0.153422222,0.0153777599,0.423204333
,711000999,-22.90426738710081,-43.1573924930749,140.6,7.6,0.153422222,0.0153777599,0.423204333
,711000999,-22.90426738710081,-43.1573924930749,140.6,7.6,0.153422222,0.0153777599,0.423204333
,711000999,-22.90426738710081,-43.1573924930749,140.6,7.6,0.153422222,0.0153777599,0.423204333
,711000999,-22.90426738710081,-43.1573924930749,140.6,7.6,0.153422222,0.0153777599,0.423204333
,711000999,-22.90426738710081,-43.1573924930749,140.6,7.6,0.153422222,0.0153777599,0.423204333
,711000999,-22.90426738710081,-43.1573924930749,140.6,7.6,0.153422222,0.0153777599,0.423204333
,711000999,-22.90426738710081,-43.1573924930749,140.6,7.6,0.153422222,0.0153777599,0.423204333
,711000999,-22.90426738710081,-43.1573924930749,140.6,7.6,0.153422222,0.0153777599,0.423204333
,711000999,-22.90426738710081,-43.1573924930749,140.6,7.6,0.153422222,0.0153777599,0.423204333
,711000999,-22.90426738710081,-43.1573924930749,140.6,7.6,0.153422222,0.0153777599,0.423204333
,711000999,-22.90426738710081,-43.1573924930749,140.6,7.6,0.153422222,0.0153777599,0.423204333
,711000999,-22.90426738710081,-43.1573924930749,140.6,7.6,0.153422222,0.0153777599,0.423204333
,711000999,-22.90426738710081,-43.1573924930749,140.6,7.6,0.153422222,0.0153777599,0.423204333
,711000999,-22.90426738710081,-43.1573924930749,140.6,7.6,0.153422222,0.0153777599,0.423204333
,711000999,-22.90426738710081,-43.1573924930749,140.6,7.6,0.153422222,0.0153777599,0.423204333
,711000999,-22.90426738710081,-43.1573924930749,140.6,7.6,0.153422222,0.0153777599,0.423204333
,711000999,-22.90426738710081,-43.1573924930749,140.6,7.6,0.153422222,0.0153777599,0.423204333
,711000999,-22.90426738710081,-43.1573924930749,140.6,7.6,0.153422222,0.0153777599,0.423204333
,711000999,-22.90426738710081,-43.1573924930749,140.6,7.6,0.153422222,0.0153777599,0.423204333
,711000999,-22.90426738710081,-43.1573924930749,140.6,7.6,0.153422222,0.0153777599,0.423204333
,711000999,-22.90426738710081,-43.1573924930749,140.6,7.6,0.153422222,0.0153777599,0.423204333
,711000999,-22.904294382543604,-43.15736794033883,140.6,7.6,0.153422222,0.0153777599,0.423204333
,711000999,-22.904294382543604,-43.15736794033883,140.6,7.6,0.153422222,0.0153777599,0.423204333
,711000999,-22.904294382543604,-43.15736794033883,140.6,7.6,0.153422222,0.0153777599,0.423204333
,711000999,-22.904294382543604,-43.15736794033883,140.6,7.6,0.153422222,0.0153777599,0.423204333
,711000999,-22.904294382543604,-43.15736794033883,140.6,7.6,0.153422222,0.0153777599,0.423204333
,711000999,-22.904294382543604,-43.15736794033883,140.6,7.6,0.153422222,0.0153777599,0.423204333
,711000999,-22.904294382543604,-43.15736794033883,140.6,7.6,0.153422222,0.0153777599,0.423204333
,711000999,-22.904294382543604,-43.15736794033883,140.6,7.6,0.153422222,0.0153777599,0.423204333
,711000999,-22.904294382543604,-43.15736794033883,140.6,7.6,0.153422222,0.0153777599,0.423204333
,711000999,-22.904294382543604,-43.15736794033883,140.6,7.6,0.153422222,0.0153777599,0.423204333
,711000999,-22.904294382543604,-43.15736794033883,140.6,7.6,0.153422222,0.0153777599,0.423204333
,711000999,-22.904294382543604,-43.15736794033883,140.6,7.6,0.153422222,0.0153777599,0.423204333
,711000999,-22.904294382543604,-43.15736794033883,140.6,7.6,0.153422222,0.0153777599,0.423204333
,711000999,-22.904294382543604,-43.15736794033883,140.6,7.6,0.153422222,0.0153777599,0.423204333
,711000999,-22.904294382543604,-43.15736794033883,140.6,7.6,0.153422222,0.0153777599,0.423204333
,711000999,-22.904294382543604,-43.15736794033883,140.6,7.6,0.153422222,0.0153777599,0.423204333
,711000999,-22.904294382543604,-43.15736794033883,140.6,7.6,0.153422222,0.0153777599,0.423204333
,711000999,-22.904294382543604,-43.15736794033883,140.6,7.6,0.153422222,0.0153777599,0.423204333
,711000999,-22.904294382543604,-43.15736794033883,140.6,7.6,0.153422222,0.0153777599,0.423204333
,711000999,-22.904294382543604,-43.15736794033883,140.6,7.6,0.153422222,0.0153777599,0.423204333
,711000999,-22.904294382543604,-43.15736794033883,140.6,7.6,0.153422222,0.0153777599,0.423204333
,711000999,-22.904294382543604,-43.15736794033883,140.6,7.6,0.153422222,0.0153777599,0.423204333
,711000999,-22.904294382543604,-43.15736794033883,140.6,7.6,0.153422222,0.0153777599,0.423204333
,711000999,-22.904294382543604,-43.15736794033883,140.6,7.6,0.153422222,0.0153777599,0.423204333
,711000999,-22.904294382543604,-43.15736794033883,140.6,7.6,0.158283323,0.0150555372,0.417068928
,711000999,-22.904294382543604,-43.15736794033883,140.6,7.6,0.158283323,0.0150555372,0.417068928
,711000999,-22.904294382543604,-43.15736794033883,140.6,7.6,0.158283323,0.0150555372,0.417068928
,711000999,-22.904294382543604,-43.15736794033883,140.6,7.6,0.158283323,0.0150555372,0.416879982
,711000999,-22.904294382543604,-43.15736794033883,140.6,7.6,0.158283323,0.0150555372,0.416879982
,711000999,-22.904294382543604,-43.15736794033883,140.6,7.6,0.158283323,0.0150555372,0.416879982
,711000999,-22.904294382543604,-43.15736794033883,140.6,7.6,0.158283323,0.0150555372,0.416879982
,711000999,-22.904294382543604,-43.15736794033883,140.6,7.6,0.158283323,0.0150555372,0.416879982
,711000999,-22.904294382543604,-43.15736794033883,140.6,7.6,0.158283323,0.0150555372,0.416879982
,711000999,-22.904294382543604,-43.15736794033883,140.6,7.6,0.158283323,0.0150555372,0.416879982
,711000999,-22.904294382543604,-43.15736794033883,140.6,7.6,0.158283323,0.0150555372,0.416879982
,711000999,-22.904294382543604,-43.15736794033883,140.6,7.6,0.158283323,0.0150555372,0.416879982
,711000999,-22.90432137798187,-43.15734338759291,140.6,7.6,0.158283323,0.0150555372,0.416879982
,711000999,-22.90432137798187,-43.15734338759291,140.6,7.6,0.158283323,0.0150555372,0.416879982
,711000999,-22.90432137798187,-43.15734338759291,140.6,7.6,0.158283323,0.0150555372,0.416879982
,711000999,-22.90432137798187,-43.15734338759291,140.6,7.6,0.158283323,0.0150555372,0.416879982
,711000999,-22.90432137798187,-43.15734338759291,140.6,7.6,0.158283323,0.0150555372,0.416879982
,711000999,-22.90432137798187,-43.15734338759291,140.6,7.6,0.158283323,0.0150555372,0.416879982
,711000999,-22.90432137798187,-43.15734338759291,140.6,7.6,0.158283323,0.0150555372,0.416879982
,711000999,-22.90432137798187,-43.15734338759291,140.6,7.6,0.158283323,0.0150555372,0.416879982
,711000999,-22.90432137798187,-43.15734338759291,140.6,7.6,0.158283323,0.0150555372,0.416879982
,711000999,-22.90432137798187,-43.15734338759291,140.6,7.6,0.158283323,0.0150555372,0.416879982
,711000999,-22.90432137798187,-43.15734338759291,140.6,7.6,0.158283323,0.0150555372,0.416879982
,711000999,-22.90432137798187,-43.15734338759291,140.6,7.6,0.158283323,0.0150555372,0.416879982
,711000999,-22.90432137798187,-43.15734338759291,140.6,7.6,0.158283323,0.0150555372,0.416879982
,711000999,-22.90432137798187,-43.15734338759291,140.6,7.6,0.158283323,0.0150555372,0.416879982
,711000999,-22.90432137798187,-43.15734338759291,140.6,7.6,0.158283323,0.0150555372,0.416879982
,711000999,-22.90432137798187,-43.15734338759291,140.6,7.6,0.158283323,0.0150555372,0.416879982
,711000999,-22.90432137798187,-43.15734338759291,140.6,7.6,0.158283323,0.0150555372,0.416879982
,711000999,-22.90432137798187,-43.15734338759291,140.6,7.6,0.158283323,0.0150555372,0.416879982
,711000999,-22.90432137798187,-43.15734338759291,140.6,7.6,0.158283323,0.0150555372,0.416879982
,711000999,-22.90432137798187,-43.15734338759291,140.6,7.6,0.158283323,0.0150555372,0.416879982
,711000999,-22.90432137798187,-43.15734338759291,140.6,7.6,0.158283323,0.0150555372,0.416879982
,711000999,-22.90432137798187,-43.15734338759291,140.6,7.6,0.158283323,0.0150555372,0.416879982
,711000999,-22.90432137798187,-43.15734338759291,140.6,7.6,0.158283323,0.0150555372,0.416879982
,711000999,-22.90432137798187,-43.15734338759291,140.6,7.6,0.158283323,0.0150555372,0.416879982
,711000999,-22.90432137798187,-43.15734338759291,140.6,7.6,0.158283323,0.0150555372,0.416879982
,711000999,-22.90432137798187,-43.15734338759291,140.6,7.6,0.158283323,0.0150555372,0.416879982
,711000999,-22.90432137798187,-43.15734338759291,140.6,7.6,0.158283323,0.0150555372,0.416879982
,711000999,-22.90432137798187,-43.15734338759291,140.6,7.6,0.158283323,0.0150555372,0.416879982
,711000999,-22.90432137798187,-43.15734338759291,140.6,7.6,0.158283323,0.0150555372,0.416879982
,711000999,-22.90432137798187,-43.15734338759291,140.6,7.6,0.158283323,0.0150555372,0.416879982
,711000999,-22.90432137798187,-43.15734338759291,140.6,7.6,0.158283323,0.0150555372,0.416879982
,711000999,-22.90432137798187,-43.15734338759291,140.6,7.6,0.158283323,0.0150555372,0.416879982
,711000999,-22.90432137798187,-43.15734338759291,140.6,7.6,0.158283323,0.0150555372,0.416879982
,711000999,-22.90432137798187,-43.15734338759291,140.6,7.6,0.158283323,0.0150555372,0.416879982
,711000999,-22.90432137798187,-43.15734338759291,140.6,7.6,0.158283323,0.0150555372,0.416879982
,711000999,-22.90432137798187,-43.15734338759291,140.6,7.6,0.158283323,0.0150555372,0.416879982
,711000999,-22.90432137798187,-43.15734338759291,140.6,7.6,0.158283323,0.0150555372,0.416879982
,711000999,-22.90432137798187,-43.15734338759291,140.6,7.6,0.158283323,0.0150555372,0.416879982
,711000999,-22.90434837341563,-43.157318834837135,140.6,7.6,0.158283323,0.0150555372,0.416879982
,711000999,-22.90434837341563,-43.157318834837135,140.6,7.6,0.158283323,0.0150555372,0.416879982
,711000999,-22.90434837341563,-43.157318834837135,140.6,7.6,0.158283323,0.0150555372,0.416879982
,711000999,-22.90434837341563,-43.157318834837135,140.6,7.6,0.158283323,0.0150555372,0.416879982
,711000999,-22.90434837341563,-43.157318834837135,140.6,7.6,0.158283323,0.0150555372,0.416879982
,711000999,-22.90434837341563,-43.157318834837135,140.6,7.6,0.158283323,0.0150555372,0.416879982
,711000999,-22.90434837341563,-43.157318834837135,140.6,7.6,0.158283323,0.0150555372,0.416879982
,711000999,-22.90434837341563,-43.157318834837135,140.6,7.6,0.158283323,0.0150555372,0.416879982
,711000999,-22.90434837341563,-43.157318834837135,140.6,7.6,0.158283323,0.0150555372,0.416879982
,711000999,-22.90434837341563,-43.157318834837135,140.6,7.6,0.158283323,0.0150555372,0.416879982
,711000999,-22.90434837341563,-43.157318834837135,140.6,7.6,0.158283323,0.0150555372,0.416879982
,711000999,-22.90434837341563,-43.157318834837135,140.6,7.6,0.158283323,0.0150555372,0.416879982
,711000999,-22.90434837341563,-43.157318834837135,140.6,7.6,0.158283323,0.0150555372,0.416879982
,711000999,-22.90434837341563,-43.157318834837135,140.6,7.6,0.158283323,0.0150555372,0.416879982
,711000999,-22.90434837341563,-43.157318834837135,140.6,7.6,0.158283323,0.0150555372,0.416879982
,711000999,-22.90434837341563,-43.157318834837135,140.6,7.6,0.158283323,0.0150555372,0.416879982
,711000999,-22.90434837341563,-43.157318834837135,140.6,7.6,0.158283323,0.0150555372,0.416879982
,711000999,-22.90434837341563,-43.157318834837135,140.6,7.6,0.158283323,0.0150555372,0.416879982
,711000999,-22.90434837341563,-43.157318834837135,140.6,7.6,0.158283323,0.0150555372,0.416879982
,711000999,-22.90434837341563,-43.157318834837135,140.6,7.6,0.158283323,0.0150555372,0.416879982
,711000999,-22.90434837341563,-43.157318834837135,140.6,7.6,0.158283323,0.0150555372,0.416879982
,711000999,-22.90434837341563,-43.157318834837135,140.6,7.6,0.158283323,0.0150555372,0.416879982
,711000999,-22.90434837341563,-43.157318834837135,140.6,7.6,0.158283323,0.0150555372,0.416879982
,711000999,-22.90434837341563,-43.157318834837135,140.6,7.6,0.158283323,0.0150555372,0.416879982
,711000999,-22.90434837341563,-43.157318834837135,140.6,7.6,0.158283323,0.0150555372,0.416879982
,711000999,-22.90434837341563,-43.157318834837135,140.6,7.6,0.158283323,0.0150555372,0.416879982
,711000999,-22.90434837341563,-43.157318834837135,140.6,7.6,0.158283323,0.0150555372,0.416879982
,711000999,-22.90434837341563,-43.157318834837135,140.6,7.6,0.158283323,0.0150555372,0.416879982
,711000999,-22.90434837341563,-43.157318834837135,140.6,7.6,0.158283323,0.0150555372,0.416879982
,711000999,-22.90434837341563,-43.157318834837135,140.6,7.6,0.158283323,0.0150555372,0.416879982
,711000999,-22.90434837341563,-43.157318834837135,140.6,7.6,0.158283323,0.0150555372,0.416879982
,711000999,-22.90434837341563,-43.157318834837135,140.6,7.6,0.158283323,0.0150555372,0.416879982
,711000999,-22.90434837341563,-43.157318834837135,140.6,7.6,0.158283323,0.0150555372,0.416879982
,711000999,-22.90434837341563,-43.157318834837135,140.6,7.6,0.158283323,0.0150555372,0.416879982
,711000999,-22.90434837341563,-43.157318834837135,140.6,7.6,0.158283323,0.0150555372,0.416879982
,711000999,-22.90434837341563,-43.157318834837135,140.6,7.6,0.158283323,0.0150555372,0.416879982
,711000999,-22.90434837341563,-43.157318834837135,140.6,7.6,0.158283323,0.0150555372,0.416879982
,711000999,-22.90434837341563,-43.157318834837135,140.6,7.6,0.158283323,0.0150555372,0.416879982
,711000999,-22.90434837341563,-43.157318834837135,140.6,7.6,0.158283323,0.0150555372,0.416879982
,711000999,-22.904375368844867,-43.157294282071526,140.6,7.6,0.158283323,0.0150555372,0.416879982
,711000999,-22.904375368844867,-43.157294282071526,140.6,7.6,0.158283323,0.0150555372,0.416879982
,711000999,-22.904375368844867,-43.157294282071526,140.6,7.6,0.158283323,0.0150555372,0.416879982
,711000999,-22.904375368844867,-43.157294282071526,140.6,7.6,0.158283323,0.0150555372,0.416879982
,711000999,-22.904375368844867,-43.157294282071526,140.6,7.6,0.158283323,0.0150555372,0.416879982
,711000999,-22.904375368844867,-43.157294282071526,140.6,7.6,0.158283323,0.0150555372,0.416879982
,711000999,-22.904375368844867,-43.157294282071526,140.6,7.6,0.158283323,0.0150555372,0.416879982
,711000999,-22.904375368844867,-43.157294282071526,140.6,7.6,0.158283323,0.0150555372,0.416879982
,711000999,-22.904375368844867,-43.157294282071526,140.6,7.6,0.158283323,0.0150555372,0.416879982
,711000999,-22.904375368844867,-43.157294282071526,140.6,7.6,0.158283323,0.0150555372,0.416879982
,711000999,-22.904375368844867,-43.157294282071526,140.6,7.6,0.158283323,0.0150555372,0.416879982
,711000999,-22.904375368844867,-43.157294282071526,140.6,7.6,0.158283323,0.0150555372,0.416879982
,711000999,-22.904375368844867,-43.157294282071526,140.6,7.6,0.158283323,0.0150555372,0.416879982
,711000999,-22.904375368844867,-43.157294282071526,140.6,7.6,0.158283323,0.0150555372,0.416879982
,711000999,-22.904375368844867,-43.157294282071526,140.6,7.6,0.158283323,0.0150555372,0.416879982
,711000999,-22.904375368844867,-43.157294282071526,140.6,7.6,0.158283323,0.0150555372,0.416879982
,711000999,-22.904375368844867,-43.157294282071526,140.6,7.6,0.158283323,0.0150555372,0.416879982
,711000999,-22.904375368844867,-43.157294282071526,140.6,7.6,0.158283323,0.0150555372,0.416879982
,711000999,-22.904375368844867,-43.157294282071526,140.6,7.6,0.158283323,0.0150555372,0.416879982
,711000999,-22.904375368844867,-43.157294282071526,140.6,7.6,0.158283323,0.0150555372,0.416879982
,711000999,-22.904375368844867,-43.157294282071526,140.6,7.6,0.158283323,0.0150555372,0.416879982
,711000999,-22.904375368844867,-43.157294282071526,140.6,7.6,0.158283323,0.0150555372,0.416879982
,711000999,-22.904375368844867,-43.157294282071526,140.6,7.6,0.158283323,0.0150555372,0.416879982
,711000999,-22.904375368844867,-43.157294282071526,140.6,7.6,0.158283323,0.0150555372,0.416879982
,711000999,-22.904375368844867,-43.157294282071526,140.6,7.6,0.158283323,0.0150555372,0.416879982
,711000999,-22.904375368844867,-43.157294282071526,140.6,7.6,0.158283323,0.0150555372,0.416879982
,711000999,-22.904375368844867,-43.157294282071526,140.6,7.6,0.158283323,0.0150555372,0.416879982
,711000999,-22.904375368844867,-43.157294282071526,140.6,7.6,0.161216661,0.0148777962,0.413164973
,711000999,-22.904375368844867,-43.157294282071526,140.6,7.6,0.161216661,0.0148777962,0.413164973
,711000999,-22.904375368844867,-43.157294282071526,140.6,7.6,0.161216661,0.0148777962,0.413164973
,711000999,-22.904375368844867,-43.157294282071526,140.6,7.6,0.161216661,0.0148777962,0.413164973
,711000999,-22.904375368844867,-43.157294282071526,140.6,7.6,0.161216661,0.0148777962,0.413164973
,711000999,-22.904375368844867,-43.157294282071526,140.6,7.6,0.161216661,0.0148777962,0.413164973
,711000999,-22.904375368844867,-43.157294282071526,140.6,7.6,0.161216661,0.0148777962,0.413793117
,711000999,-22.904375368844867,-43.157294282071526,140.6,7.6,0.161216661,0.0148777962,0.413793117
,711000999,-22.904375368844867,-43.157294282071526,140.6,7.6,0.161216661,0.0148777962,0.413793117
,711000999,-22.904375368844867,-43.157294282071526,140.6,7.6,0.161216661,0.0148777962,0.413793117
,711000999,-22.904375368844867,-43.157294282071526,140.6,7.6,0.161216661,0.0148777962,0.413793117
,711000999,-22.904375368844867,-43.157294282071526,140.6,7.6,0.161216661,0.0148777962,0.413793117
,711000999,-22.904375368844867,-43.157294282071526,140.6,7.6,0.161216661,0.0148777962,0.413793117
,711000999,-22.904375368844867,-43.157294282071526,140.6,7.6,0.161216661,0.0148777962,0.413793117
,711000999,-22.904375368844867,-43.157294282071526,140.6,7.6,0.161216661,0.0148777962,0.413793117
,711000999,-22.904375368844867,-43.157294282071526,140.6,7.6,0.161216661,0.0148777962,0.413793117
,711000999,-22.904375368844867,-43.157294282071526,140.6,7.6,0.161216661,0.0148777962,0.413793117
,711000999,-22.904375368844867,-43.157294282071526,140.6,7.6,0.161216661,0.0148777962,0.413793117
,711000999,-22.90440236426959,-43.15726972929606,140.6,7.6,0.161216661,0.0148777962,0.413793117
,711000999,-22.90440236426959,-43.15726972929606,140.6,7.6,0.161216661,0.0148777962,0.413793117
,711000999,-22.90440236426959,-43.15726972929606,140.6,7.6,0.161216661,0.0148777962,0.413793117
,711000999,-22.90440236426959,-43.15726972929606,140.6,7.6,0.161216661,0.0148777962,0.413793117
,711000999,-22.90440236426959,-43.15726972929606,140.6,7.6,0.161216661,0.0148777962,0.413793117
,711000999,-22.90440236426959,-43.15726972929606,140.6,7.6,0.161216661,0.0148777962,0.413793117
,711000999,-22.90440236426959,-43.15726972929606,140.6,7.6,0.161216661,0.0148777962,0.413793117
,711000999,-22.90440236426959,-43.15726972929606,140.6,7.6,0.161216661,0.0148777962,0.413793117
,711000999,-22.90440236426959,-43.15726972929606,140.6,7.6,0.161216661,0.0148777962,0.413793117
,711000999,-22.90440236426959,-43.15726972929606,140.6,7.6,0.161216661,0.0148777962,0.413793117
,711000999,-22.90440236426959,-43.15726972929606,140.6,7.6,0.161216661,0.0148777962,0.413793117
,711000999,-22.90440236426959,-43.15726972929606,140.6,7.6,0.161216661,0.0148777962,0.413793117
,711000999,-22.90440236426959,-43.15726972929606,140.6,7.6,0.161216661,0.0148777962,0.413793117
,711000999,-22.90440236426959,-43.15726972929606,140.6,7.6,0.161216661,0.0148777962,0.413793117
,711000999,-22.90440236426959,-43.15726972929606,140.6,7.6,0.161216661,0.0148777962,0.413793117
,711000999,-22.90440236426959,-43.15726972929606,140.6,7.6,0.161216661,0.0148777962,0.413793117
,711000999,-22.90440236426959,-43.15726972929606,140.6,7.6,0.161216661,0.0148777962,0.413793117
,711000999,-22.90440236426959,-43.15726972929606,140.6,7.6,0.161216661,0.0148777962,0.413793117
,711000999,-22.90440236426959,-43.15726972929606,140.6,7.6,0.161216661,0.0148777962,0.413793117
,711000999,-22.90440236426959,-43.15726972929606,140.6,7.6,0.161216661,0.0148777962,0.413793117
,711000999,-22.90440236426959,-43.15726972929606,140.6,7.6,0.161216661,0.0148777962,0.413793117
,711000999,-22.90440236426959,-43.15726972929606,140.6,7.6,0.161216661,0.0148777962,0.413793117
,711000999,-22.90440236426959,-43.15726972929606,140.6,7.6,0.161216661,0.0148777962,0.413793117
,711000999,-22.90440236426959,-43.15726972929606,140.6,7.6,0.161216661,0.0148777962,0.413793117
,711000999,-22.90440236426959,-43.15726972929606,140.6,7.6,0.161216661,0.0148777962,0.413793117
,711000999,-22.90440236426959,-43.15726972929606,140.6,7.6,0.161216661,0.0148777962,0.413793117
,711000999,-22.90440236426959,-43.15726972929606,140.6,7.6,0.161216661,0.0148777962,0.413793117
,711000999,-22.90440236426959,-43.15726972929606,140.6,7.6,0.161216661,0.0148777962,0.413793117
,711000999,-22.90440236426959,-43.15726972929606,140.6,7.6,0.161216661,0.0148777962,0.413793117
,711000999,-22.90440236426959,-43.15726972929606,140.6,7.6,0.161216661,0.0148777962,0.413793117
,711000999,-22.90440236426959,-43.15726972929606,140.6,7.6,0.161216661,0.0148777962,0.413793117
,711000999,-22.90440236426959,-43.15726972929606,140.6,7.6,0.161216661,0.0148777962,0.413793117
,711000999,-22.90440236426959,-43.15726972929606,140.6,7.6,0.161216661,0.0148777962,0.413793117
,711000999,-22.90440236426959,-43.15726972929606,140.6,7.6,0.161216661,0.0148777962,0.413793117
,711000999,-22.90440236426959,-43.15726972929606,140.6,7.6,0.161216661,0.0148777962,0.413793117
,711000999,-22.90440236426959,-43.15726972929606,140.6,7.6,0.161216661,0.0148777962,0.413793117
,711000999,-22.90440236426959,-43.15726972929606,140.6,7.6,0.161216661,0.0148777962,0.413793117
,711000999,-22.90440236426959,-43.15726972929606,140.6,7.6,0.161216661,0.0148777962,0.413793117
,711000999,-22.90440236426959,-43.15726972929606,140.6,7.6,0.161216661,0.0148777962,0.413793117
,711000999,-22.90440236426959,-43.15726972929606,140.6,7.6,0.161216661,0.0148777962,0.413793117
,711000999,-22.90440236426959,-43.15726972929606,140.6,7.6,0.161216661,0.0148777962,0.413793117
,711000999,-22.90440236426959,-43.15726972929606,140.6,7.6,0.161216661,0.0148777962,0.413793117
,711000999,-22.90440236426959,-43.15726972929606,140.6,7.6,0.161216661,0.0148777962,0.413793117
,711000999,-22.90440236426959,-43.15726972929606,140.6,7.6,0.161216661,0.0148777962,0.413793117
,711000999,-22.90440236426959,-43.15726972929606,140.6,7.6,0.161216661,0.0148777962,0.413793117
,711000999,-22.90440236426959,-43.15726972929606,140.6,7.6,0.161216661,0.0148777962,0.413793117
,711000999,-22.90440236426959,-43.15726972929606,140.6,7.6,0.161216661,0.0148777962,0.413793117
,711000999,-22.904429359689782,-43.157245176510756,140.6,7.6,0.161216661,0.0148777962,0.413793117
,711000999,-22.904429359689782,-43.157245176510756,140.6,7.6,0.161216661,0.0148777962,0.413793117
,711000999,-22.904429359689782,-43.157245176510756,140.6,7.6,0.161216661,0.0148777962,0.413793117
,711000999,-22.904429359689782,-43.157245176510756,140.6,7.6,0.161216661,0.0148777962,0.413793117
,711000999,-22.904429359689782,-43.157245176510756,140.6,7.6,0.161216661,0.0148777962,0.413793117
,711000999,-22.904429359689782,-43.157245176510756,140.6,7.6,0.161216661,0.0148777962,0.413793117
,711000999,-22.904429359689782,-43.157245176510756,140.6,7.6,0.161216661,0.0148777962,0.413793117
,711000999,-22.904429359689782,-43.157245176510756,140.6,7.6,0.161216661,0.0148777962,0.413793117
,711000999,-22.904429359689782,-43.157245176510756,140.6,7.6,0.161216661,0.0148777962,0.413793117
,711000999,-22.904429359689782,-43.157245176510756,140.6,7.6,0.161216661,0.0148777962,0.413793117
,711000999,-22.904429359689782,-43.157245176510756,140.6,7.6,0.161216661,0.0148777962,0.413793117
,711000999,-22.904429359689782,-43.157245176510756,140.6,7.6,0.161216661,0.0148777962,0.413793117
,711000999,-22.904429359689782,-43.157245176510756,140.6,7.6,0.161216661,0.0148777962,0.413793117
,711000999,-22.904429359689782,-43.157245176510756,140.6,7.6,0.161216661,0.0148777962,0.413793117
,711000999,-22.904429359689782,-43.157245176510756,140.6,7.6,0.161216661,0.0148777962,0.413793117
,711000999,-22.904429359689782,-43.157245176510756,140.6,7.6,0.161216661,0.0148777962,0.413793117
,711000999,-22.904429359689782,-43.157245176510756,140.6,7.6,0.161216661,0.0148777962,0.413793117
,711000999,-22.904429359689782,-43.157245176510756,140.6,7.6,0.161216661,0.0148777962,0.413793117
,711000999,-22.904429359689782,-43.157245176510756,140.6,7.6,0.161216661,0.0148777962,0.413793117
,711000999,-22.904429359689782,-43.157245176510756,140.6,7.6,0.161216661,0.0148777962,0.413793117
,711000999,-22.904429359689782,-43.157245176510756,140.6,7.6,0.161216661,0.0148777962,0.413793117
,711000999,-22.904429359689782,-43.157245176510756,140.6,7.6,0.161216661,0.0148777962,0.413793117
,711000999,-22.904429359689782,-43.157245176510756,140.6,7.6,0.161216661,0.0148777962,0.413793117
,711000999,-22.904429359689782,-43.157245176510756,140.6,7.6,0.161216661,0.0148777962,0.413793117
,711000999,-22.904429359689782,-43.157245176510756,140.6,7.6,0.161216661,0.0148777962,0.413793117
,711000999,-22.904429359689782,-43.157245176510756,140.6,7.6,0.161216661,0.0148777962,0.413793117
,711000999,-22.904429359689782,-43.157245176510756,140.6,7.6,0.161216661,0.0148777962,0.413793117
,711000999,-22.904429359689782,-43.157245176510756,140.6,7.6,0.161216661,0.0148777962,0.413793117
,711000999,-22.904429359689782,-43.157245176510756,140.6,7.6,0.161216661,0.0148777962,0.413793117
,711000999,-22.904429359689782,-43.157245176510756,140.6,7.6,0.161216661,0.0148777962,0.413793117
,711000999,-22.904429359689782,-43.157245176510756,140.6,7.6,0.161216661,0.0148777962,0.413793117
,711000999,-22.904429359689782,-43.157245176510756,140.6,7.6,0.161216661,0.0148777962,0.413793117
,711000999,-22.904429359689782,-43.157245176510756,140.6,7.6,0.161216661,0.0148777962,0.413793117
,711000999,-22.904429359689782,-43.157245176510756,140.6,7.6,0.161216661,0.0148777962,0.413793117
,711000999,-22.904429359689782,-43.157245176510756,140.6,7.6,0.161216661,0.0148777962,0.413793117
,711000999,-22.904429359689782,-43.157245176510756,140.6,7.6,0.161216661,0.0148777962,0.413793117
,711000999,-22.904429359689782,-43.157245176510756,140.6,7.6,0.161216661,0.0148777962,0.413793117
,711000999,-22.904429359689782,-43.157245176510756,140.6,7.6,0.161216661,0.0148777962,0.413793117
,711000999,-22.904429359689782,-43.157245176510756,140.6,7.6,0.161216661,0.0148777962,0.413793117
,711000999,-22.904429359689782,-43.157245176510756,140.6,7.6,0.161216661,0.0148777962,0.413793117
,711000999,-22.904429359689782,-43.157245176510756,140.6,7.6,0.161216661,0.0148777962,0.413793117
,711000999,-22.904429359689782,-43.157245176510756,140.6,7.6,0.161216661,0.0148777962,0.413793117
,711000999,-22.904429359689782,-43.157245176510756,140.6,7.6,0.161216661,0.0148777962,0.413793117
,711000999,-22.904429359689782,-43.157245176510756,140.6,7.6,0.161216661,0.0148777962,0.413793117
,711000999,-22.904429359689782,-43.157245176510756,140.6,7.6,0.161216661,0.0148777962,0.413793117
,711000999,-22.904429359689782,-43.157245176510756,140.6,7.6,0.161216661,0.0148777962,0.413793117
,711000999,-22.904429359689782,-43.157245176510756,140.6,7.6,0.161216661,0.0148777962,0.413793117
,711000999,-22.904429359689782,-43.157245176510756,140.6,7.6,0.161216661,0.0148777962,0.413793117
,711000999,-22.904429359689782,-43.157245176510756,140.6,7.6,0.161216661,0.0148777962,0.413793117
,711000999,-22.904429359689782,-43.157245176510756,140.6,7.6,0.161216661,0.0148777962,0.413793117
,711000999,-22.904429359689782,-43.157245176510756,140.6,7.6,0.161216661,0.0148777962,0.413793117
,711000999,-22.904429359689782,-43.157245176510756,140.6,7.6,0.161216661,0.0148777962,0.413793117
,711000999,-22.904429359689782,-43.157245176510756,140.6,7.6,0.161216661,0.0148777962,0.413793117
,711000999,-22.904429359689782,-43.157245176510756,140.6,7.6,0.161216661,0.0148777962,0.413793117
,711000999,-22.904429359689782,-43.157245176510756,140.6,7.6,0.161216661,0.0148777962,0.413793117
,711000999,-22.904429359689782,-43.157245176510756,140.6,7.6,0.161216661,0.0148777962,0.413793117
,711000999,-22.90445635510546,-43.15722062371561,140.6,7.6,0.161216661,0.0148777962,0.413793117
,711000999,-22.90445635510546,-43.15722062371561,140.6,7.6,0.161216661,0.0148777962,0.413793117
,711000999,-22.90445635510546,-43.15722062371561,140.6,7.6,0.161216661,0.0148777962,0.413793117
,711000999,-22.90445635510546,-43.15722062371561,140.6,7.6,0.161216661,0.0148777962,0.413793117
,711000999,-22.90445635510546,-43.15722062371561,140.6,7.6,0.161216661,0.0148777962,0.413793117
,711000999,-22.90445635510546,-43.15722062371561,140.6,7.6,0.161216661,0.0148777962,0.413793117
,711000999,-22.90445635510546,-43.15722062371561,140.6,7.6,0.161216661,0.0148777962,0.413793117
,711000999,-22.90445635510546,-43.15722062371561,140.6,7.6,0.161216661,0.0148777962,0.413793117
,711000999,-22.90445635510546,-43.15722062371561,140.6,7.6,0.161216661,0.0148777962,0.413793117
,711000999,-22.90445635510546,-43.15722062371561,140.6,7.6,0.161216661,0.0148777962,0.413793117
,711000999,-22.90445635510546,-43.15722062371561,140.6,7.6,0.161216661,0.0148777962,0.413793117
,711000999,-22.90445635510546,-43.15722062371561,140.6,7.6,0.161216661,0.0148777962,0.413793117
,711000999,-22.90445635510546,-43.15722062371561,140.6,7.6,0.161216661,0.0148777962,0.413793117
,711000999,-22.90445635510546,-43.15722062371561,140.6,7.6,0.161216661,0.0148777962,0.413793117
,711000999,-22.90445635510546,-43.15722062371561,140.6,7.6,0.161216661,0.0148777962,0.413793117
,711000999,-22.90445635510546,-43.15722062371561,140.6,7.6,0.161216661,0.0148777962,0.413793117
,711000999,-22.90445635510546,-43.15722062371561,140.6,7.6,0.161216661,0.0148777962,0.413793117
,711000999,-22.90445635510546,-43.15722062371561,140.6,7.6,0.161216661,0.0148777962,0.413793117
,711000999,-22.90445635510546,-43.15722062371561,140.6,7.6,0.161216661,0.0148777962,0.413793117
,711000999,-22.90445635510546,-43.15722062371561,140.6,7.6,0.161216661,0.0148777962,0.413793117
,711000999,-22.90445635510546,-43.15722062371561,140.6,7.6,0.161216661,0.0148777962,0.413793117
,711000999,-22.90445635510546,-43.15722062371561,140.6,7.6,0.161216661,0.0148777962,0.413793117
,711000999,-22.90445635510546,-43.15722062371561,140.6,7.6,0.161216661,0.0148777962,0.413793117
,711000999,-22.90445635510546,-43.15722062371561,140.6,7.6,0.161216661,0.0148777962,0.413793117
,711000999,-22.90445635510546,-43.15722062371561,140.6,7.6,0.161216661,0.0148777962,0.413793117
,711000999,-22.90445635510546,-43.15722062371561,140.6,7.6,0.161216661,0.0148777962,0.413793117
,711000999,-22.90445635510546,-43.15722062371561,140.6,7.6,0.161216661,0.0148777962,0.413793117
,711000999,-22.90445635510546,-43.15722062371561,140.6,7.6,0.161216661,0.0148777962,0.413793117
,711000999,-22.90445635510546,-43.15722062371561,140.6,7.6,0.161216661,0.0148777962,0.413793117
,711000999,-22.90445635510546,-43.15722062371561,140.6,7.6,0.161216661,0.0148777962,0.413793117
,711000999,-22.90445635510546,-43.15722062371561,140.6,7.6,0.161216661,0.0148777962,0.413793117
,711000999,-22.90445635510546,-43.15722062371561,140.6,7.6,0.161216661,0.0148777962,0.413793117
,711000999,-22.90445635510546,-43.15722062371561,140.6,7.6,0.161216661,0.0148777962,0.413793117
,711000999,-22.90445635510546,-43.15722062371561,140.6,7.6,0.161216661,0.0148777962,0.413793117
,711000999,-22.90445635510546,-43.15722062371561,140.6,7.6,0.161216661,0.0148777962,0.413793117
,711000999,-22.90445635510546,-43.15722062371561,140.6,7.6,0.161216661,0.0148777962,0.413793117
,711000999,-22.90445635510546,-43.15722062371561,140.6,7.6,0.161216661,0.0148777962,0.413793117
,711000999,-22.90445635510546,-43.15722062371561,140.6,7.6,0.161216661,0.0148777962,0.413793117
,711000999,-22.90445635510546,-43.15722062371561,140.6,7.6,0.161216661,0.0148777962,0.413793117
,711000999,-22.90445635510546,-43.15722062371561,140.6,7.6,0.161216661,0.0148777962,0.413793117
,711000999,-22.90445635510546,-43.15722062371561,140.6,7.6,0.161216661,0.0148777962,0.413793117
,711000999,-22.90445635510546,-43.15722062371561,140.6,7.6,0.161216661,0.0148777962,0.413793117
,711000999,-22.90445635510546,-43.15722062371561,140.6,7.6,0.161216661,0.0148777962,0.413793117
,711000999,-22.90445635510546,-43.15722062371561,140.6,7.6,0.161216661,0.0148777962,0.413793117
,711000999,-22.90445635510546,-43.15722062371561,140.6,7.6,0.16419445,0.0146999359,0.409299493
,711000999,-22.90445635510546,-43.15722062371561,140.6,7.6,0.16419445,0.0146999359,0.409299493
,711000999,-22.90445635510546,-43.15722062371561,140.6,7.6,0.16419445,0.0146999359,0.409299493
,711000999,-22.90445635510546,-43.15722062371561,140.6,7.6,0.16419445,0.0146999359,0.409299493
,711000999,-22.90445635510546,-43.15722062371561,140.6,7.6,0.16419445,0.0146999359,0.407999992
,711000999,-22.90445635510546,-43.15722062371561,140.6,7.6,0.16419445,0.0146999359,0.407999992
,711000999,-22.90445635510546,-43.15722062371561,140.6,7.6,0.16419445,0.0146999359,0.407999992
,711000999,-22.90445635510546,-43.15722062371561,140.6,7.6,0.16419445,0.0146999359,0.407999992
,711000999,-22.90445635510546,-43.15722062371561,140.6,7.6,0.16419445,0.0146999359,0.407999992
,711000999,-22.90445635510546,-43.15722062371561,140.6,7.6,0.16419445,0.0146999359,0.407999992
,711000999,-22.90445635510546,-43.15722062371561,140.6,7.6,0.16419445,0.0146999359,0.407999992
,711000999,-22.90445635510546,-43.15722062371561,140.6,7.6,0.16419445,0.0146999359,0.407999992
,711000999,-22.90445635510546,-43.15722062371561,140.6,7.6,0.16419445,0.0146999359,0.407999992
,711000999,-22.90445635510546,-43.15722062371561,140.6,7.6,0.16419445,0.0146999359,0.407999992
,711000999,-22.90445635510546,-43.15722062371561,140.6,7.6,0.16419445,0.0146999359,0.407999992
,711000999,-22.90445635510546,-43.15722062371561,140.6,7.6,0.16419445,0.0146999359,0.407999992
,711000999,-22.90445635510546,-43.15722062371561,140.6,7.6,0.16419445,0.0146999359,0.407999992
,711000999,-22.90445635510546,-43.15722062371561,140.6,7.6,0.16419445,0.0146999359,0.407999992
,711000999,-22.90445635510546,-43.15722062371561,140.6,7.6,0.16419445,0.0146999359,0.407999992
,711000999,-22.90445635510546,-43.15722062371561,140.6,7.6,0.16419445,0.0146999359,0.407999992
,711000999,-22.904483350516617,-43.15719607091061,140.6,7.6,0.16419445,0.0146999359,0.407999992
,711000999,-22.904483350516617,-43.15719607091061,140.6,7.6,0.16419445,0.0146999359,0.407999992
,711000999,-22.904483350516617,-43.15719607091061,140.6,7.6,0.16419445,0.0146999359,0.407999992
,711000999,-22.904483350516617,-43.15719607091061,140.6,7.6,0.16419445,0.0146999359,0.407999992
,711000999,-22.904483350516617,-43.15719607091061,140.6,7.6,0.16419445,0.0146999359,0.407999992
,711000999,-22.904483350516617,-43.15719607091061,140.6,7.6,0.16419445,0.0146999359,0.407999992
,711000999,-22.904483350516617,-43.15719607091061,140.6,7.6,0.16419445,0.0146999359,0.407999992
,711000999,-22.904483350516617,-43.15719607091061,140.6,7.6,0.16419445,0.0146999359,0.407999992
,711000999,-22.904483350516617,-43.15719607091061,140.6,7.6,0.16419445,0.0146999359,0.407999992
,711000999,-22.904483350516617,-43.15719607091061,140.6,7.6,0.16419445,0.0146999359,0.407999992
,711000999,-22.904483350516617,-43.15719607091061,140.6,7.6,0.16419445,0.0146999359,0.407999992
,711000999,-22.904483350516617,-43.15719607091061,140.6,7.6,0.16419445,0.0146999359,0.407999992
,711000999,-22.904483350516617,-43.15719607091061,140.6,7.6,0.16419445,0.0146999359,0.407999992
,711000999,-22.904483350516617,-43.15719607091061,140.6,7.6,0.16419445,0.0146999359,0.407999992
,711000999,-22.904483350516617,-43.15719607091061,140.6,7.6,0.16419445,0.0146999359,0.407999992
,711000999,-22.904483350516617,-43.15719607091061,140.6,7.6,0.16419445,0.0146999359,0.407999992
,711000999,-22.904483350516617,-43.15719607091061,140.6,7.6,0.16419445,0.0146999359,0.407999992
,711000999,-22.904483350516617,-43.15719607091061,140.6,7.6,0.16419445,0.0146999359,0.407999992
,711000999,-22.904483350516617,-43.15719607091061,140.6,7.6,0.16419445,0.0146999359,0.407999992
,711000999,-22.904483350516617,-43.15719607091061,140.6,7.6,0.16419445,0.0146999359,0.407999992
,711000999,-22.904483350516617,-43.15719607091061,140.6,7.6,0.16419445,0.0146999359,0.407999992
,711000999,-22.904483350516617,-43.15719607091061,140.6,7.6,0.16419445,0.0146999359,0.407999992
,711000999,-22.904483350516617,-43.15719607091061,140.6,7.6,0.16419445,0.0146999359,0.407999992
,711000999,-22.904483350516617,-43.15719607091061,140.6,7.6,0.16419445,0.0146999359,0.407999992
,711000999,-22.904483350516617,-43.15719607091061,140.6,7.6,0.16419445,0.0146999359,0.407999992
,711000999,-22.904483350516617,-43.15719607091061,140.6,7.6,0.16419445,0.0146999359,0.407999992
,711000999,-22.904483350516617,-43.15719607091061,140.6,7.6,0.16419445,0.0146999359,0.407999992
,711000999,-22.904483350516617,-43.15719607091061,140.6,7.6,0.16419445,0.0146999359,0.407999992
,711000999,-22.904483350516617,-43.15719607091061,140.6,7.6,0.16419445,0.0146999359,0.407999992
,711000999,-22.904483350516617,-43.15719607091061,140.6,7.6,0.16419445,0.0146999359,0.407999992
,711000999,-22.904483350516617,-43.15719607091061,140.6,7.6,0.16419445,0.0146999359,0.407999992
,711000999,-22.904483350516617,-43.15719607091061,140.6,7.6,0.16419445,0.0146999359,0.407999992
,711000999,-22.904483350516617,-43.15719607091061,140.6,7.6,0.16419445,0.0146999359,0.407999992
,711000999,-22.904483350516617,-43.15719607091061,140.6,7.6,0.16419445,0.0146999359,0.407999992
,711000999,-22.904483350516617,-43.15719607091061,140.6,7.6,0.16419445,0.0146999359,0.407999992
,711000999,-22.904483350516617,-43.15719607091061,140.6,7.6,0.16419445,0.0146999359,0.407999992
,711000999,-22.904483350516617,-43.15719607091061,140.6,7.6,0.16419445,0.0146999359,0.407999992
,711000999,-22.904483350516617,-43.15719607091061,140.6,7.6,0.16419445,0.0146999359,0.407999992
,711000999,-22.904483350516617,-43.15719607091061,140.6,7.6,0.16419445,0.0146999359,0.407999992
,711000999,-22.904483350516617,-43.15719607091061,140.6,7.6,0.16419445,0.0146999359,0.407999992
,711000999,-22.904483350516617,-43.15719607091061,140.6,7.6,0.16419445,0.0146999359,0.407999992
,711000999,-22.904483350516617,-43.15719607091061,140.6,7.6,0.16419445,0.0146999359,0.407999992
,711000999,-22.904483350516617,-43.15719607091061,140.6,7.6,0.16419445,0.0146999359,0.407999992
,711000999,-22.904483350516617,-43.15719607091061,140.6,7.6,0.16419445,0.0146999359,0.407999992
,711000999,-22.904483350516617,-43.15719607091061,140.6,7.6,0.16419445,0.0146999359,0.407999992
,711000999,-22.904483350516617,-43.15719607091061,140.6,7.6,0.16419445,0.0146999359,0.407999992
,711000999,-22.904483350516617,-43.15719607091061,140.6,7.6,0.16419445,0.0146999359,0.407999992
,711000999,-22.904483350516617,-43.15719607091061,140.6,7.6,0.16419445,0.0146999359,0.407999992
,711000999,-22.904483350516617,-43.15719607091061,140.6,7.6,0.16419445,0.0146999359,0.407999992
,711000999,-22.904483350516617,-43.15719607091061,140.6,7.6,0.16419445,0.0146999359,0.407999992
,711000999,-22.904483350516617,-43.15719607091061,140.6,7.6,0.16419445,0.0146999359,0.407999992
,711000999,-22.904483350516617,-43.15719607091061,140.6,7.6,0.16419445,0.0146999359,0.407999992
,711000999,-22.904483350516617,-43.15719607091061,140.6,7.6,0.16419445,0.0146999359,0.407999992
,711000999,-22.904483350516617,-43.15719607091061,140.6,7.6,0.16419445,0.0146999359,0.407999992
,711000999,-22.904483350516617,-43.15719607091061,140.6,7.6,0.16419445,0.0146999359,0.407999992
,711000999,-22.904483350516617,-43.15719607091061,140.6,7.6,0.16419445,0.0146999359,0.407999992
,711000999,-22.904483350516617,-43.15719607091061,140.6,7.6,0.16419445,0.0146999359,0.407999992
,711000999,-22.904483350516617,-43.15719607091061,140.6,7.6,0.16419445,0.0146999359,0.407999992
,711000999,-22.904483350516617,-43.15719607091061,140.6,7.6,0.16419445,0.0146999359,0.407999992
,711000999,-22.904483350516617,-43.15719607091061,140.6,7.6,0.16419445,0.0146999359,0.407999992
,711000999,-22.904483350516617,-43.15719607091061,140.6,7.6,0.16419445,0.0146999359,0.407999992
,711000999,-22.904483350516617,-43.15719607091061,140.6,7.6,0.16419445,0.0146999359,0.407999992
,711000999,-22.90451034592326,-43.15717151809576,140.6,7.6,0.16419445,0.0146999359,0.407999992
,711000999,-22.90451034592326,-43.15717151809576,140.6,7.6,0.16419445,0.0146999359,0.407999992
,711000999,-22.90451034592326,-43.15717151809576,140.6,7.6,0.16419445,0.0146999359,0.407999992
,711000999,-22.90451034592326,-43.15717151809576,140.6,7.6,0.16419445,0.0146999359,0.407999992
,711000999,-22.90451034592326,-43.15717151809576,140.6,7.6,0.16419445,0.0146999359,0.407999992
,711000999,-22.90451034592326,-43.15717151809576,140.6,7.6,0.16419445,0.0146999359,0.407999992
,711000999,-22.90451034592326,-43.15717151809576,140.6,7.6,0.16419445,0.0146999359,0.407999992
,711000999,-22.90451034592326,-43.15717151809576,140.6,7.6,0.16419445,0.0146999359,0.407999992
,711000999,-22.90451034592326,-43.15717151809576,140.6,7.6,0.16419445,0.0146999359,0.407999992
,711000999,-22.90451034592326,-43.15717151809576,140.6,7.6,0.16419445,0.0146999359,0.407999992
,711000999,-22.90451034592326,-43.15717151809576,140.6,7.6,0.16419445,0.0146999359,0.407999992
,711000999,-22.90451034592326,-43.15717151809576,140.6,7.6,0.16419445,0.0146999359,0.407999992
,711000999,-22.90451034592326,-43.15717151809576,140.6,7.6,0.16419445,0.0146999359,0.407999992
,711000999,-22.90451034592326,-43.15717151809576,140.6,7.6,0.16419445,0.0146999359,0.407999992
,711000999,-22.90451034592326,-43.15717151809576,140.6,7.6,0.16419445,0.0146999359,0.407999992
,711000999,-22.90451034592326,-43.15717151809576,140.6,7.6,0.16419445,0.0146999359,0.407999992
,711000999,-22.90451034592326,-43.15717151809576,140.6,7.6,0.16419445,0.0146999359,0.407999992
,711000999,-22.90451034592326,-43.15717151809576,140.6,7.6,0.16419445,0.0146999359,0.407999992
,711000999,-22.90451034592326,-43.15717151809576,140.6,7.6,0.16419445,0.0146999359,0.407999992
,711000999,-22.90451034592326,-43.15717151809576,140.6,7.6,0.16419445,0.0146999359,0.407999992
,711000999,-22.90451034592326,-43.15717151809576,140.6,7.6,0.16419445,0.0146999359,0.407999992
,711000999,-22.90451034592326,-43.15717151809576,140.6,7.6,0.16419445,0.0146999359,0.407999992
,711000999,-22.90451034592326,-43.15717151809576,140.6,7.6,0.16419445,0.0146999359,0.407999992
,711000999,-22.90451034592326,-43.15717151809576,140.6,7.6,0.16419445,0.0146999359,0.407999992
,711000999,-22.90451034592326,-43.15717151809576,140.6,7.6,0.16419445,0.0146999359,0.407999992
,711000999,-22.90451034592326,-43.15717151809576,140.6,7.6,0.16419445,0.0146999359,0.407999992
,711000999,-22.90451034592326,-43.15717151809576,140.6,7.6,0.16419445,0.0146999359,0.407999992
,711000999,-22.90451034592326,-43.15717151809576,140.6,7.6,0.16419445,0.0146999359,0.407999992
,711000999,-22.90451034592326,-43.15717151809576,140.6,7.6,0.16419445,0.0146999359,0.407999992
,711000999,-22.90451034592326,-43.15717151809576,140.6,7.6,0.16419445,0.0146999359,0.407999992
,711000999,-22.90451034592326,-43.15717151809576,140.6,7.6,0.16419445,0.0146999359,0.407999992
,711000999,-22.90451034592326,-43.15717151809576,140.6,7.6,0.16419445,0.0146999359,0.407999992
,711000999,-22.90451034592326,-43.15717151809576,140.6,7.6,0.16419445,0.0146999359,0.407999992
,711000999,-22.90451034592326,-43.15717151809576,140.6,7.6,0.16419445,0.0146999359,0.407999992
,711000999,-22.90451034592326,-43.15717151809576,140.6,7.6,0.16419445,0.0146999359,0.407999992
,711000999,-22.90451034592326,-43.15717151809576,140.6,7.6,0.16419445,0.0146999359,0.407999992
,711000999,-22.90451034592326,-43.15717151809576,140.6,7.6,0.16419445,0.0146999359,0.407999992
,711000999,-22.90451034592326,-43.15717151809576,140.6,7.6,0.16419445,0.0146999359,0.407999992
,711000999,-22.90451034592326,-43.15717151809576,140.6,7.6,0.16419445,0.0146999359,0.407999992
,711000999,-22.90451034592326,-43.15717151809576,140.6,7.6,0.16419445,0.0146999359,0.407999992
,711000999,-22.90451034592326,-43.15717151809576,140.6,7.6,0.16419445,0.0146999359,0.407999992
,711000999,-22.90451034592326,-43.15717151809576,140.6,7.6,0.16419445,0.0146999359,0.407999992
,711000999,-22.90451034592326,-43.15717151809576,140.6,7.6,0.16419445,0.0146999359,0.407999992
,711000999,-22.90451034592326,-43.15717151809576,140.6,7.6,0.16419445,0.0146999359,0.407999992
,711000999,-22.90451034592326,-43.15717151809576,140.6,7.6,0.16419445,0.0146999359,0.407999992
,711000999,-22.90451034592326,-43.15717151809576,140.6,7.6,0.16419445,0.0146999359,0.407999992
,711000999,-22.90451034592326,-43.15717151809576,140.6,7.6,0.16419445,0.0146999359,0.407999992
,711000999,-22.90451034592326,-43.15717151809576,140.6,7.6,0.16419445,0.0146999359,0.407999992
,711000999,-22.90451034592326,-43.15717151809576,140.6,7.6,0.16419445,0.0146999359,0.407999992
,711000999,-22.90451034592326,-43.15717151809576,140.6,7.6,0.16419445,0.0146999359,0.407999992
,711000999,-22.90451034592326,-43.15717151809576,140.6,7.6,0.16419445,0.0146999359,0.407999992
,711000999,-22.90451034592326,-43.15717151809576,140.6,7.6,0.16419445,0.0146999359,0.407999992
,711000999,-22.90451034592326,-43.15717151809576,140.6,7.6,0.16419445,0.0146999359,0.407999992
,711000999,-22.90451034592326,-43.15717151809576,140.6,7.6,0.16419445,0.0146999359,0.407999992
,711000999,-22.90451034592326,-43.15717151809576,140.6,7.6,0.16419445,0.0146999359,0.407999992
,711000999,-22.90451034592326,-43.15717151809576,140.6,7.6,0.16419445,0.0146999359,0.407999992
,711000999,-22.90451034592326,-43.15717151809576,140.6,7.6,0.16419445,0.0146999359,0.407999992
,711000999,-22.90451034592326,-43.15717151809576,140.6,7.6,0.16419445,0.0146999359,0.407999992
,711000999,-22.90451034592326,-43.15717151809576,140.6,7.6,0.16419445,0.0146999359,0.407999992
,711000999,-22.90451034592326,-43.15717151809576,140.6,7.6,0.16419445,0.0146999359,0.407999992
,711000999,-22.90451034592326,-43.15717151809576,140.6,7.6,0.16419445,0.0146999359,0.407999992
,711000999,-22.90451034592326,-43.15717151809576,140.6,7.6,0.16419445,0.0146999359,0.407999992
,711000999,-22.90451034592326,-43.15717151809576,140.6,7.6,0.16419445,0.0146999359,0.407999992
,711000999,-22.90451034592326,-43.15717151809576,140.6,7.6,0.16419445,0.0146999359,0.407999992
,711000999,-22.90451034592326,-43.15717151809576,140.6,7.6,0.16419445,0.0146999359,0.407999992
,711000999,-22.90451034592326,-43.15717151809576,140.6,7.6,0.16419445,0.0146999359,0.407999992
,711000999,-22.90451034592326,-43.15717151809576,140.6,7.6,0.16419445,0.0146999359,0.407999992
,711000999,-22.90451034592326,-43.15717151809576,140.6,7.6,0.16419445,0.0146999359,0.407999992
,711000999,-22.90451034592326,-43.15717151809576,140.6,7.6,0.16419445,0.0146999359,0.407999992
,711000999,-22.90451034592326,-43.15717151809576,140.6,7.6,0.16419445,0.0146999359,0.407999992
,711000999,-22.90451034592326,-43.15717151809576,140.6,7.6,0.16419445,0.0146999359,0.407999992
,711000999,-22.90451034592326,-43.15717151809576,140.6,7.6,0.16419445,0.0146999359,0.407999992
,711000999,-22.90451034592326,-43.15717151809576,140.6,7.6,0.16419445,0.0146999359,0.407999992
,711000999,-22.90451034592326,-43.15717151809576,140.6,7.6,0.16419445,0.0146999359,0.407999992
,711000999,-22.90451034592326,-43.15717151809576,140.6,7.6,0.16419445,0.0146999359,0.407999992
,711000999,-22.90453734132538,-43.15714696527107,140.6,7.6,0.16419445,0.0146999359,0.407999992
,711000999,-22.90453734132538,-43.15714696527107,140.6,7.6,0.16419445,0.0146999359,0.407999992
,711000999,-22.90453734132538,-43.15714696527107,140.6,7.6,0.16419445,0.0146999359,0.407999992
,711000999,-22.90453734132538,-43.15714696527107,140.6,7.6,0.16419445,0.0146999359,0.407999992
,711000999,-22.90453734132538,-43.15714696527107,140.6,7.6,0.16419445,0.0146999359,0.407999992
,711000999,-22.904598533641778,-43.15721270536525,147.8,7.6,0.16419445,0.0146999359,0.407999992
,711000999,-22.904598533641778,-43.15721270536525,147.8,7.6,0.16419445,0.0146999359,0.407999992
,711000999,-22.904598533641778,-43.15721270536525,147.8,7.6,0.16419445,0.0146999359,0.407999992
,711000999,-22.904598533641778,-43.15721270536525,147.8,7.6,0.16419445,0.0146999359,0.407999992
,711000999,-22.904598533641778,-43.15721270536525,147.8,7.6,0.16419445,0.0146999359,0.407999992
,711000999,-22.904598533641778,-43.15721270536525,147.8,7.6,0.16419445,0.0146999359,0.407999992
,711000999,-22.904598533641778,-43.15721270536525,147.8,7.6,0.16419445,0.0146999359,0.407999992
,711000999,-22.904598533641778,-43.15721270536525,147.8,7.6,0.16419445,0.0146999359,0.407999992
,711000999,-22.904598533641778,-43.15721270536525,147.8,7.6,0.16419445,0.0146999359,0.407999992
,711000999,-22.904598533641778,-43.15721270536525,147.8,7.6,0.16419445,0.0146999359,0.407999992
,711000999,-22.904598533641778,-43.15721270536525,147.8,7.6,0.16419445,0.0146999359,0.407999992
,711000999,-22.904598533641778,-43.15721270536525,147.8,7.6,0.16419445,0.0146999359,0.407999992
,711000999,-22.904598533641778,-43.15721270536525,147.8,7.6,0.16419445,0.0146999359,0.407999992
,711000999,-22.904598533641778,-43.15721270536525,147.8,7.6,0.16419445,0.0146999359,0.407999992
,711000999,-22.904598533641778,-43.15721270536525,147.8,7.6,0.16419445,0.0146999359,0.407999992
,711000999,-22.904598533641778,-43.15721270536525,147.8,7.6,0.16419445,0.0146999359,0.407999992
,711000999,-22.904598533641778,-43.15721270536525,147.8,7.6,0.16419445,0.0146999359,0.407999992
,711000999,-22.904598533641778,-43.15721270536525,147.8,7.6,0.16419445,0.0146999359,0.407999992
,711000999,-22.904598533641778,-43.15721270536525,147.8,7.6,0.16419445,0.0146999359,0.407999992
,711000999,-22.904598533641778,-43.15721270536525,147.8,7.6,0.16419445,0.0146999359,0.407999992
,711000999,-22.904598533641778,-43.15721270536525,147.8,7.6,0.16419445,0.0146999359,0.407999992
,711000999,-22.904598533641778,-43.15721270536525,147.8,7.6,0.16419445,0.0146999359,0.407999992
,711000999,-22.904598533641778,-43.15721270536525,147.8,7.6,0.16419445,0.0146999359,0.407999992
,711000999,-22.904598533641778,-43.15721270536525,147.8,7.6,0.16419445,0.0146999359,0.407999992
,711000999,-22.904598533641778,-43.15721270536525,147.8,7.6,0.16419445,0.0146999359,0.407999992
,711000999,-22.904598533641778,-43.15721270536525,147.8,7.6,0.16419445,0.0146999359,0.407999992
,711000999,-22.904598533641778,-43.15721270536525,147.8,7.6,0.16419445,0.0146999359,0.407999992
,711000999,-22.904598533641778,-43.15721270536525,147.8,7.6,0.16419445,0.0146999359,0.407999992
,711000999,-22.904598533641778,-43.15721270536525,147.8,7.6,0.16419445,0.0146999359,0.407999992
,711000999,-22.904598533641778,-43.15721270536525,147.8,7.6,0.16419445,0.0146999359,0.407999992
,711000999,-22.904598533641778,-43.15721270536525,147.8,7.6,0.167227775,0.0145221949,0.40547362
,711000999,-22.904598533641778,-43.15721270536525,147.8,7.6,0.167227775,0.0145221949,0.40547362
,711000999,-22.904598533641778,-43.15721270536525,147.8,7.6,0.167227775,0.0145221949,0.40547362
,711000999,-22.904598533641778,-43.15721270536525,147.8,7.6,0.167227775,0.0145221949,0.40547362
,711000999,-22.904598533641778,-43.15721270536525,147.8,7.6,0.167227775,0.0145221949,0.40547362
,711000999,-22.904598533641778,-43.15721270536525,147.8,7.6,0.167227775,0.0145221949,0.405172408
,711000999,-22.904598533641778,-43.15721270536525,147.8,7.6,0.167227775,0.0145221949,0.405172408
,711000999,-22.904598533641778,-43.15721270536525,147.8,7.6,0.167227775,0.0145221949,0.405172408
,711000999,-22.904598533641778,-43.15721270536525,147.8,7.6,0.167227775,0.0145221949,0.405172408
,711000999,-22.904598533641778,-43.15721270536525,147.8,7.6,0.167227775,0.0145221949,0.405172408
,711000999,-22.904598533641778,-43.15721270536525,147.8,7.6,0.167227775,0.0145221949,0.405172408
,711000999,-22.904598533641778,-43.15721270536525,147.8,7.6,0.167227775,0.0145221949,0.405172408
,711000999,-22.904598533641778,-43.15721270536525,147.8,7.6,0.167227775,0.0145221949,0.405172408
,711000999,-22.904598533641778,-43.15721270536525,147.8,7.6,0.167227775,0.0145221949,0.405172408
,711000999,-22.904598533641778,-43.15721270536525,147.8,7.6,0.167227775,0.0145221949,0.405172408
,711000999,-22.904598533641778,-43.15721270536525,147.8,7.6,0.167227775,0.0145221949,0.405172408
,711000999,-22.904598533641778,-43.15721270536525,147.8,7.6,0.167227775,0.0145221949,0.405172408
,711000999,-22.904598533641778,-43.15721270536525,147.8,7.6,0.167227775,0.0145221949,0.405172408
,711000999,-22.904598533641778,-43.15721270536525,147.8,7.6,0.167227775,0.0145221949,0.405172408
,711000999,-22.904598533641778,-43.15721270536525,147.8,7.6,0.167227775,0.0145221949,0.405172408
,711000999,-22.904598533641778,-43.15721270536525,147.8,7.6,0.167227775,0.0145221949,0.405172408
,711000999,-22.904598533641778,-43.15721270536525,147.8,7.6,0.167227775,0.0145221949,0.405172408
,711000999,-22.904598533641778,-43.15721270536525,147.8,7.6,0.167227775,0.0145221949,0.405172408
,711000999,-22.904598533641778,-43.15721270536525,147.8,7.6,0.167227775,0.0145221949,0.405172408
,711000999,-22.904598533641778,-43.15721270536525,147.8,7.6,0.167227775,0.0145221949,0.405172408
,711000999,-22.904598533641778,-43.15721270536525,147.8,7.6,0.167227775,0.0145221949,0.405172408
,711000999,-22.904598533641778,-43.15721270536525,147.8,7.6,0.167227775,0.0145221949,0.405172408
,711000999,-22.904598533641778,-43.15721270536525,147.8,7.6,0.167227775,0.0145221949,0.405172408
,711000999,-22.904598533641778,-43.15721270536525,147.8,7.6,0.167227775,0.0145221949,0.405172408
,711000999,-22.904598533641778,-43.15721270536525,147.8,7.6,0.167227775,0.0145221949,0.405172408
,711000999,-22.904628167047886,-43.15719199827714,147.8,7.6,0.167227775,0.0145221949,0.405172408
,711000999,-22.904628167047886,-43.15719199827714,147.8,7.6,0.167227775,0.0145221949,0.405172408
,711000999,-22.904628167047886,-43.15719199827714,147.8,7.6,0.167227775,0.0145221949,0.405172408
,711000999,-22.904628167047886,-43.15719199827714,147.8,7.6,0.167227775,0.0145221949,0.405172408
,711000999,-22.904628167047886,-43.15719199827714,147.8,7.6,0.167227775,0.0145221949,0.405172408
,711000999,-22.904628167047886,-43.15719199827714,147.8,7.6,0.167227775,0.0145221949,0.405172408
,711000999,-22.904628167047886,-43.15719199827714,147.8,7.6,0.167227775,0.0145221949,0.405172408
,711000999,-22.904628167047886,-43.15719199827714,147.8,7.6,0.167227775,0.0145221949,0.405172408
,711000999,-22.904628167047886,-43.15719199827714,147.8,7.6,0.167227775,0.0145221949,0.405172408
,711000999,-22.904628167047886,-43.15719199827714,147.8,7.6,0.167227775,0.0145221949,0.405172408
,711000999,-22.904628167047886,-43.15719199827714,147.8,7.6,0.167227775,0.0145221949,0.405172408
,711000999,-22.904628167047886,-43.15719199827714,147.8,7.6,0.167227775,0.0145221949,0.405172408
,711000999,-22.904628167047886,-43.15719199827714,147.8,7.6,0.167227775,0.0145221949,0.405172408
,711000999,-22.904628167047886,-43.15719199827714,147.8,7.6,0.167227775,0.0145221949,0.405172408
,711000999,-22.904628167047886,-43.15719199827714,147.8,7.6,0.167227775,0.0145221949,0.405172408
,711000999,-22.904628167047886,-43.15719199827714,147.8,7.6,0.167227775,0.0145221949,0.405172408
,711000999,-22.904628167047886,-43.15719199827714,147.8,7.6,0.167227775,0.0145221949,0.405172408
,711000999,-22.904628167047886,-43.15719199827714,147.8,7.6,0.167227775,0.0145221949,0.405172408
,711000999,-22.904628167047886,-43.15719199827714,147.8,7.6,0.167227775,0.0145221949,0.405172408
,711000999,-22.904628167047886,-43.15719199827714,147.8,7.6,0.167227775,0.0145221949,0.405172408
,711000999,-22.904628167047886,-43.15719199827714,147.8,7.6,0.167227775,0.0145221949,0.405172408
,711000999,-22.904628167047886,-43.15719199827714,147.8,7.6,0.167227775,0.0145221949,0.405172408
,711000999,-22.904628167047886,-43.15719199827714,147.8,7.6,0.167227775,0.0145221949,0.405172408
,711000999,-22.904628167047886,-43.15719199827714,147.8,7.6,0.167227775,0.0145221949,0.405172408
,711000999,-22.904628167047886,-43.15719199827714,147.8,7.6,0.167227775,0.0145221949,0.405172408
,711000999,-22.904628167047886,-43.15719199827714,147.8,7.6,0.167227775,0.0145221949,0.405172408
,711000999,-22.904628167047886,-43.15719199827714,147.8,7.6,0.167227775,0.0145221949,0.405172408
,711000999,-22.904628167047886,-43.15719199827714,147.8,7.6,0.167227775,0.0145221949,0.405172408
,711000999,-22.904628167047886,-43.15719199827714,147.8,7.6,0.167227775,0.0145221949,0.405172408
,711000999,-22.904628167047886,-43.15719199827714,147.8,7.6,0.167227775,0.0145221949,0.405172408
,711000999,-22.904628167047886,-43.15719199827714,147.8,7.6,0.167227775,0.0145221949,0.405172408
,711000999,-22.904628167047886,-43.15719199827714,147.8,7.6,0.167227775,0.0145221949,0.405172408
,711000999,-22.904628167047886,-43.15719199827714,147.8,7.6,0.167227775,0.0145221949,0.405172408
,711000999,-22.904628167047886,-43.15719199827714,147.8,7.6,0.167227775,0.0145221949,0.405172408
,711000999,-22.904628167047886,-43.15719199827714,147.8,7.6,0.167227775,0.0145221949,0.405172408
,711000999,-22.904628167047886,-43.15719199827714,147.8,7.6,0.167227775,0.0145221949,0.405172408
,711000999,-22.904628167047886,-43.15719199827714,147.8,7.6,0.167227775,0.0145221949,0.405172408
,711000999,-22.904628167047886,-43.15719199827714,147.8,7.6,0.167227775,0.0145221949,0.405172408
,711000999,-22.904628167047886,-43.15719199827714,147.8,7.6,0.167227775,0.0145221949,0.405172408
,711000999,-22.904628167047886,-43.15719199827714,147.8,7.6,0.167227775,0.0145221949,0.405172408
,711000999,-22.904628167047886,-43.15719199827714,147.8,7.6,0.167227775,0.0145221949,0.405172408
,711000999,-22.904628167047886,-43.15719199827714,147.8,7.6,0.167227775,0.0145221949,0.405172408
,711000999,-22.904628167047886,-43.15719199827714,147.8,7.6,0.167227775,0.0145221949,0.405172408
,711000999,-22.904628167047886,-43.15719199827714,147.8,7.6,0.167227775,0.0145221949,0.405172408
,711000999,-22.904628167047886,-43.15719199827714,147.8,7.6,0.167227775,0.0145221949,0.405172408
,711000999,-22.904628167047886,-43.15719199827714,147.8,7.6,0.167227775,0.0145221949,0.405172408
,711000999,-22.904628167047886,-43.15719199827714,147.8,7.6,0.167227775,0.0145221949,0.405172408
,711000999,-22.904628167047886,-43.15719199827714,147.8,7.6,0.167227775,0.0145221949,0.405172408
,711000999,-22.904628167047886,-43.15719199827714,147.8,7.6,0.167227775,0.0145221949,0.405172408
,711000999,-22.904628167047886,-43.15719199827714,147.8,7.6,0.167227775,0.0145221949,0.405172408
,711000999,-22.904628167047886,-43.15719199827714,147.8,7.6,0.167227775,0.0145221949,0.405172408
,711000999,-22.904628167047886,-43.15719199827714,147.8,7.6,0.167227775,0.0145221949,0.405172408
,711000999,-22.904628167047886,-43.15719199827714,147.8,7.6,0.167227775,0.0145221949,0.405172408
,711000999,-22.904628167047886,-43.15719199827714,147.8,7.6,0.167227775,0.0145221949,0.405172408
,711000999,-22.904628167047886,-43.15719199827714,147.8,7.6,0.167227775,0.0145221949,0.405172408
,711000999,-22.904628167047886,-43.15719199827714,147.8,7.6,0.167227775,0.0145221949,0.405172408
,711000999,-22.904628167047886,-43.15719199827714,147.8,7.6,0.167227775,0.0145221949,0.405172408
,711000999,-22.904628167047886,-43.15719199827714,147.8,7.6,0.167227775,0.0145221949,0.405172408
,711000999,-22.904628167047886,-43.15719199827714,147.8,7.6,0.167227775,0.0145221949,0.405172408
,711000999,-22.904628167047886,-43.15719199827714,147.8,7.6,0.167227775,0.0145221949,0.405172408
,711000999,-22.904628167047886,-43.15719199827714,147.8,7.6,0.167227775,0.0145221949,0.405172408
,711000999,-22.904628167047886,-43.15719199827714,147.8,7.6,0.167227775,0.0145221949,0.405172408
,711000999,-22.904628167047886,-43.15719199827714,147.8,7.6,0.167227775,0.0145221949,0.405172408
,711000999,-22.904628167047886,-43.15719199827714,147.8,7.6,0.167227775,0.0145221949,0.405172408
,711000999,-22.904628167047886,-43.15719199827714,147.8,7.6,0.167227775,0.0145221949,0.405172408
,711000999,-22.904628167047886,-43.15719199827714,147.8,7.6,0.167227775,0.0145221949,0.405172408
,711000999,-22.904628167047886,-43.15719199827714,147.8,7.6,0.167227775,0.0145221949,0.405172408
,711000999,-22.904628167047886,-43.15719199827714,147.8,7.6,0.167227775,0.0145221949,0.405172408
,711000999,-22.904628167047886,-43.15719199827714,147.8,7.6,0.167227775,0.0145221949,0.405172408
,711000999,-22.904628167047886,-43.15719199827714,147.8,7.6,0.167227775,0.0145221949,0.405172408
,711000999,-22.904628167047886,-43.15719199827714,147.8,7.6,0.167227775,0.0145221949,0.405172408
,711000999,-22.904628167047886,-43.15719199827714,147.8,7.6,0.167227775,0.0145221949,0.405172408
,711000999,-22.904628167047886,-43.15719199827714,147.8,7.6,0.167227775,0.0145221949,0.405172408
,711000999,-22.904628167047886,-43.15719199827714,147.8,7.6,0.167227775,0.0145221949,0.405172408
,711000999,-22.904628167047886,-43.15719199827714,147.8,7.6,0.167227775,0.0145221949,0.405172408
,711000999,-22.904657800450593,-43.157171291179736,147.8,7.6,0.167227775,0.0145221949,0.405172408
,711000999,-22.904657800450593,-43.157171291179736,147.8,7.6,0.167227775,0.0145221949,0.405172408
,711000999,-22.904657800450593,-43.157171291179736,147.8,7.6,0.167227775,0.0145221949,0.405172408
,711000999,-22.904657800450593,-43.157171291179736,147.8,7.6,0.167227775,0.0145221949,0.405172408
,711000999,-22.904657800450593,-43.157171291179736,147.8,7.6,0.167227775,0.0145221949,0.405172408
,711000999,-22.904657800450593,-43.157171291179736,147.8,7.6,0.167227775,0.0145221949,0.405172408
,711000999,-22.904657800450593,-43.157171291179736,147.8,7.6,0.167227775,0.0145221949,0.405172408
,711000999,-22.904657800450593,-43.157171291179736,147.8,7.6,0.167227775,0.0145221949,0.405172408
,711000999,-22.904657800450593,-43.157171291179736,147.8,7.6,0.167227775,0.0145221949,0.405172408
,711000999,-22.904657800450593,-43.157171291179736,147.8,7.6,0.167227775,0.0145221949,0.405172408
,711000999,-22.904657800450593,-43.157171291179736,147.8,7.6,0.167227775,0.0145221949,0.405172408
,711000999,-22.904657800450593,-43.157171291179736,147.8,7.6,0.167227775,0.0145221949,0.405172408
,711000999,-22.904657800450593,-43.157171291179736,147.8,7.6,0.167227775,0.0145221949,0.405172408
,711000999,-22.904657800450593,-43.157171291179736,147.8,7.6,0.167227775,0.0145221949,0.405172408
,711000999,-22.904657800450593,-43.157171291179736,147.8,7.6,0.167227775,0.0145221949,0.405172408
,711000999,-22.904657800450593,-43.157171291179736,147.8,7.6,0.167227775,0.0145221949,0.405172408
,711000999,-22.904657800450593,-43.157171291179736,147.8,7.6,0.167227775,0.0145221949,0.405172408
,711000999,-22.904657800450593,-43.157171291179736,147.8,7.6,0.167227775,0.0145221949,0.405172408
,711000999,-22.904657800450593,-43.157171291179736,147.8,7.6,0.167227775,0.0145221949,0.405172408
,711000999,-22.904657800450593,-43.157171291179736,147.8,7.6,0.167227775,0.0145221949,0.405172408
,711000999,-22.904657800450593,-43.157171291179736,147.8,7.6,0.167227775,0.0145221949,0.405172408
,711000999,-22.904657800450593,-43.157171291179736,147.8,7.6,0.167227775,0.0145221949,0.405172408
,711000999,-22.904657800450593,-43.157171291179736,147.8,7.6,0.167227775,0.0145221949,0.405172408
,711000999,-22.904657800450593,-43.157171291179736,147.8,7.6,0.167227775,0.0145221949,0.405172408
,711000999,-22.904657800450593,-43.157171291179736,147.8,7.6,0.167227775,0.0145221949,0.405172408
,711000999,-22.904657800450593,-43.157171291179736,147.8,7.6,0.167227775,0.0145221949,0.405172408
,711000999,-22.904657800450593,-43.157171291179736,147.8,7.6,0.167227775,0.0145221949,0.405172408
,711000999,-22.904657800450593,-43.157171291179736,147.8,7.6,0.167227775,0.0145221949,0.405172408
,711000999,-22.904657800450593,-43.157171291179736,147.8,7.6,0.167227775,0.0145221949,0.405172408
,711000999,-22.904657800450593,-43.157171291179736,147.8,7.6,0.167227775,0.0145221949,0.405172408
,711000999,-22.904657800450593,-43.157171291179736,147.8,7.6,0.167227775,0.0145221949,0.405172408
,711000999,-22.904657800450593,-43.157171291179736,147.8,7.6,0.167227775,0.0145221949,0.405172408
,711000999,-22.904657800450593,-43.157171291179736,147.8,7.6,0.167227775,0.0145221949,0.405172408
,711000999,-22.904657800450593,-43.157171291179736,147.8,7.6,0.167227775,0.0145221949,0.405172408
,711000999,-22.904657800450593,-43.157171291179736,147.8,7.6,0.167227775,0.0145221949,0.405172408
,711000999,-22.904657800450593,-43.157171291179736,147.8,7.6,0.167227775,0.0145221949,0.405172408
,711000999,-22.904657800450593,-43.157171291179736,147.8,7.6,0.167227775,0.0145221949,0.405172408
,711000999,-22.904657800450593,-43.157171291179736,147.8,7.6,0.167227775,0.0145221949,0.405172408
,711000999,-22.904657800450593,-43.157171291179736,147.8,7.6,0.167227775,0.0145221949,0.405172408
,711000999,-22.904657800450593,-43.157171291179736,147.8,7.6,0.167227775,0.0145221949,0.405172408
,711000999,-22.904657800450593,-43.157171291179736,147.8,7.6,0.167227775,0.0145221949,0.405172408
,711000999,-22.904657800450593,-43.157171291179736,147.8,7.6,0.167227775,0.0145221949,0.405172408
,711000999,-22.904657800450593,-43.157171291179736,147.8,7.6,0.167227775,0.0145221949,0.405172408
,711000999,-22.904657800450593,-43.157171291179736,147.8,7.6,0.167227775,0.0145221949,0.405172408
,711000999,-22.904657800450593,-43.157171291179736,147.8,7.6,0.167227775,0.0145221949,0.405172408
,711000999,-22.904657800450593,-43.157171291179736,147.8,7.6,0.167227775,0.0145221949,0.405172408
,711000999,-22.904657800450593,-43.157171291179736,147.8,7.6,0.167227775,0.0145221949,0.405172408
,711000999,-22.904657800450593,-43.157171291179736,147.8,7.6,0.167227775,0.0145221949,0.405172408
,711000999,-22.904657800450593,-43.157171291179736,147.8,7.6,0.167227775,0.0145221949,0.405172408
,711000999,-22.904657800450593,-43.157171291179736,147.8,7.6,0.167227775,0.0145221949,0.405172408
,711000999,-22.904657800450593,-43.157171291179736,147.8,7.6,0.167227775,0.0145221949,0.405172408
,711000999,-22.904657800450593,-43.157171291179736,147.8,7.6,0.167227775,0.0145221949,0.405172408
,711000999,-22.904657800450593,-43.157171291179736,147.8,7.6,0.167227775,0.0145221949,0.405172408
,711000999,-22.904657800450593,-43.157171291179736,147.8,7.6,0.167227775,0.0145221949,0.405172408
,711000999,-22.904657800450593,-43.157171291179736,147.8,7.6,0.167227775,0.0145221949,0.405172408
,711000999,-22.904657800450593,-43.157171291179736,147.8,7.6,0.167227775,0.0145221949,0.405172408
,711000999,-22.90468743384991,-43.157150584073044,147.8,7.6,0.167227775,0.0145221949,0.405172408
,711000999,-22.90468743384991,-43.157150584073044,147.8,7.6,0.167227775,0.0145221949,0.405172408
,711000999,-22.90468743384991,-43.157150584073044,147.8,7.6,0.167227775,0.0145221949,0.405172408
,711000999,-22.90468743384991,-43.157150584073044,147.8,7.6,0.167227775,0.0145221949,0.405172408
,711000999,-22.90468743384991,-43.157150584073044,147.8,7.6,0.167227775,0.0145221949,0.405172408
,711000999,-22.90468743384991,-43.157150584073044,147.8,7.6,0.167227775,0.0145221949,0.405172408
,711000999,-22.90468743384991,-43.157150584073044,147.8,7.6,0.167227775,0.0145221949,0.405172408
,711000999,-22.90468743384991,-43.157150584073044,147.8,7.6,0.167227775,0.0145221949,0.405172408
,711000999,-22.90468743384991,-43.157150584073044,147.8,7.6,0.167227775,0.0145221949,0.405172408
,711000999,-22.90468743384991,-43.157150584073044,147.8,7.6,0.167227775,0.0145221949,0.405172408
,711000999,-22.90468743384991,-43.157150584073044,147.8,7.6,0.167227775,0.0145221949,0.405172408
,711000999,-22.90468743384991,-43.157150584073044,147.8,7.6,0.167227775,0.0145221949,0.405172408
,711000999,-22.90468743384991,-43.157150584073044,147.8,7.6,0.167227775,0.0145221949,0.405172408
,711000999,-22.90468743384991,-43.157150584073044,147.8,7.6,0.167227775,0.0145221949,0.405172408
,711000999,-22.90468743384991,-43.157150584073044,147.8,7.6,0.167227775,0.0145221949,0.405172408
,711000999,-22.90468743384991,-43.157150584073044,147.8,7.6,0.167227775,0.0145221949,0.405172408
,711000999,-22.90468743384991,-43.157150584073044,147.8,7.6,0.167227775,0.0145221949,0.405172408
,711000999,-22.90468743384991,-43.157150584073044,147.8,7.6,0.167227775,0.0145221949,0.405172408
,711000999,-22.90468743384991,-43.157150584073044,147.8,7.6,0.167227775,0.0145221949,0.405172408
,711000999,-22.90468743384991,-43.157150584073044,147.8,7.6,0.167227775,0.0145221949,0.405172408
,711000999,-22.90468743384991,-43.157150584073044,147.8,7.6,0.167227775,0.0145221949,0.405172408
,711000999,-22.90468743384991,-43.157150584073044,147.8,7.6,0.167227775,0.0145221949,0.405172408
,711000999,-22.90468743384991,-43.157150584073044,147.8,7.6,0.167227775,0.0145221949,0.405172408
,711000999,-22.90468743384991,-43.157150584073044,147.8,7.6,0.167227775,0.0145221949,0.405172408
,711000999,-22.90468743384991,-43.157150584073044,147.8,7.6,0.167227775,0.0145221949,0.405172408
,711000999,-22.90468743384991,-43.157150584073044,147.8,7.6,0.167227775,0.0145221949,0.405172408
,711000999,-22.90468743384991,-43.157150584073044,147.8,7.6,0.167227775,0.0145221949,0.405172408
,711000999,-22.90468743384991,-43.157150584073044,147.8,7.6,0.167227775,0.0145221949,0.405172408
,711000999,-22.90468743384991,-43.157150584073044,147.8,7.6,0.167227775,0.0145221949,0.405172408
,711000999,-22.90468743384991,-43.157150584073044,147.8,7.6,0.167227775,0.0145221949,0.405172408
,711000999,-22.90468743384991,-43.157150584073044,147.8,7.6,0.167227775,0.0145221949,0.405172408
,711000999,-22.90468743384991,-43.157150584073044,147.8,7.6,0.167227775,0.0145221949,0.405172408
,711000999,-22.90468743384991,-43.157150584073044,147.8,7.6,0.167227775,0.0145221949,0.405172408
,711000999,-22.90468743384991,-43.157150584073044,147.8,7.6,0.167227775,0.0145221949,0.405172408
,711000999,-22.90468743384991,-43.157150584073044,147.8,7.6,0.167227775,0.0145221949,0.405172408
,711000999,-22.90468743384991,-43.157150584073044,147.8,7.6,0.167227775,0.0145221949,0.405172408
,711000999,-22.90468743384991,-43.157150584073044,147.8,7.6,0.167405546,0.0140999556,0.396797955
,711000999,-22.90468743384991,-43.157150584073044,147.8,7.6,0.167405546,0.0140999556,0.396797955
,711000999,-22.90468743384991,-43.157150584073044,147.8,7.6,0.167405546,0.0140999556,0.396797955
,711000999,-22.90468743384991,-43.157150584073044,147.8,7.6,0.167405546,0.0140999556,0.396797955
,711000999,-22.90468743384991,-43.157150584073044,147.8,7.6,0.167405546,0.0140999556,0.396551728
,711000999,-22.90468743384991,-43.157150584073044,147.8,7.6,0.167405546,0.0140999556,0.396551728
,711000999,-22.90468743384991,-43.157150584073044,147.8,7.6,0.167405546,0.0140999556,0.396551728
,711000999,-22.90468743384991,-43.157150584073044,147.8,7.6,0.167405546,0.0140999556,0.396551728
,711000999,-22.90468743384991,-43.157150584073044,147.8,7.6,0.167405546,0.0140999556,0.396551728
,711000999,-22.90468743384991,-43.157150584073044,147.8,7.6,0.167405546,0.0140999556,0.396551728
,711000999,-22.90468743384991,-43.157150584073044,147.8,7.6,0.167405546,0.0140999556,0.396551728
,711000999,-22.90468743384991,-43.157150584073044,147.8,7.6,0.167405546,0.0140999556,0.396551728
,711000999,-22.90468743384991,-43.157150584073044,147.8,7.6,0.167405546,0.0140999556,0.396551728
,711000999,-22.90468743384991,-43.157150584073044,147.8,7.6,0.167405546,0.0140999556,0.396551728
,711000999,-22.90468743384991,-43.157150584073044,147.8,7.6,0.167405546,0.0140999556,0.396551728
,711000999,-22.90468743384991,-43.157150584073044,147.8,7.6,0.167405546,0.0140999556,0.396551728
,711000999,-22.90468743384991,-43.157150584073044,147.8,7.6,0.167405546,0.0140999556,0.396551728
,711000999,-22.90468743384991,-43.157150584073044,147.8,7.6,0.167405546,0.0140999556,0.396551728
,711000999,-22.90468743384991,-43.157150584073044,147.8,7.6,0.167405546,0.0140999556,0.396551728
,711000999,-22.90468743384991,-43.157150584073044,147.8,7.6,0.167405546,0.0140999556,0.396551728
,711000999,-22.90468743384991,-43.157150584073044,147.8,7.6,0.167405546,0.0140999556,0.396551728
,711000999,-22.90468743384991,-43.157150584073044,147.8,7.6,0.167405546,0.0140999556,0.396551728
,711000999,-22.90468743384991,-43.157150584073044,147.8,7.6,0.167405546,0.0140999556,0.396551728
,711000999,-22.90468743384991,-43.157150584073044,147.8,7.6,0.167405546,0.0140999556,0.396551728
,711000999,-22.904717067245837,-43.157129876957065,147.8,7.6,0.167405546,0.0140999556,0.396551728
,711000999,-22.904717067245837,-43.157129876957065,147.8,7.6,0.167405546,0.0140999556,0.396551728
,711000999,-22.904717067245837,-43.157129876957065,147.8,7.6,0.167405546,0.0140999556,0.396551728
,711000999,-22.904717067245837,-43.157129876957065,147.8,7.6,0.167405546,0.0140999556,0.396551728
,711000999,-22.904717067245837,-43.157129876957065,147.8,7.6,0.167405546,0.0140999556,0.396551728
,711000999,-22.904717067245837,-43.157129876957065,147.8,7.6,0.167405546,0.0140999556,0.396551728
,711000999,-22.904717067245837,-43.157129876957065,147.8,7.6,0.167405546,0.0140999556,0.396551728
,711000999,-22.904717067245837,-43.157129876957065,147.8,7.6,0.167405546,0.0140999556,0.396551728
,711000999,-22.904717067245837,-43.157129876957065,147.8,7.6,0.167405546,0.0140999556,0.396551728
,711000999,-22.904717067245837,-43.157129876957065,147.8,7.6,0.167405546,0.0140999556,0.396551728
,711000999,-22.904717067245837,-43.157129876957065,147.8,7.6,0.167405546,0.0140999556,0.396551728
,711000999,-22.904717067245837,-43.157129876957065,147.8,7.6,0.167405546,0.0140999556,0.396551728
,711000999,-22.904717067245837,-43.157129876957065,147.8,7.6,0.167405546,0.0140999556,0.396551728
,711000999,-22.904717067245837,-43.157129876957065,147.8,7.6,0.167405546,0.0140999556,0.396551728
,711000999,-22.904717067245837,-43.157129876957065,147.8,7.6,0.167405546,0.0140999556,0.396551728
,711000999,-22.904717067245837,-43.157129876957065,147.8,7.6,0.167405546,0.0140999556,0.396551728
,711000999,-22.904717067245837,-43.157129876957065,147.8,7.6,0.167405546,0.0140999556,0.396551728
,711000999,-22.904717067245837,-43.157129876957065,147.8,7.6,0.167405546,0.0140999556,0.396551728
,711000999,-22.904717067245837,-43.157129876957065,147.8,7.6,0.167405546,0.0140999556,0.396551728
,711000999,-22.904717067245837,-43.157129876957065,147.8,7.6,0.167405546,0.0140999556,0.396551728
,711000999,-22.904717067245837,-43.157129876957065,147.8,7.6,0.167405546,0.0140999556,0.396551728
,711000999,-22.904717067245837,-43.157129876957065,147.8,7.6,0.167405546,0.0140999556,0.396551728
,711000999,-22.904717067245837,-43.157129876957065,147.8,7.6,0.167405546,0.0140999556,0.396551728
,711000999,-22.904717067245837,-43.157129876957065,147.8,7.6,0.167405546,0.0140999556,0.396551728
,711000999,-22.904717067245837,-43.157129876957065,147.8,7.6,0.167405546,0.0140999556,0.396551728
,711000999,-22.904717067245837,-43.157129876957065,147.8,7.6,0.167405546,0.0140999556,0.396551728
,711000999,-22.904717067245837,-43.157129876957065,147.8,7.6,0.167405546,0.0140999556,0.396551728
,711000999,-22.904717067245837,-43.157129876957065,147.8,7.6,0.167405546,0.0140999556,0.396551728
,711000999,-22.904717067245837,-43.157129876957065,147.8,7.6,0.167405546,0.0140999556,0.396551728
,711000999,-22.904717067245837,-43.157129876957065,147.8,7.6,0.167405546,0.0140999556,0.396551728
,711000999,-22.904717067245837,-43.157129876957065,147.8,7.6,0.167405546,0.0140999556,0.396551728
,711000999,-22.904717067245837,-43.157129876957065,147.8,7.6,0.167405546,0.0140999556,0.396551728
,711000999,-22.904717067245837,-43.157129876957065,147.8,7.6,0.167405546,0.0140999556,0.396551728
,711000999,-22.904717067245837,-43.157129876957065,147.8,7.6,0.167405546,0.0140999556,0.396551728
,711000999,-22.904717067245837,-43.157129876957065,147.8,7.6,0.167405546,0.0140999556,0.396551728
,711000999,-22.904717067245837,-43.157129876957065,147.8,7.6,0.167405546,0.0140999556,0.396551728
,711000999,-22.904717067245837,-43.157129876957065,147.8,7.6,0.167405546,0.0140999556,0.396551728
,711000999,-22.904717067245837,-43.157129876957065,147.8,7.6,0.167405546,0.0140999556,0.396551728
,711000999,-22.904717067245837,-43.157129876957065,147.8,7.6,0.167405546,0.0140999556,0.396551728
,711000999,-22.904717067245837,-43.157129876957065,147.8,7.6,0.167405546,0.0140999556,0.396551728
,711000999,-22.904717067245837,-43.157129876957065,147.8,7.6,0.167405546,0.0140999556,0.396551728
,711000999,-22.904717067245837,-43.157129876957065,147.8,7.6,0.167405546,0.0140999556,0.396551728
,711000999,-22.904717067245837,-43.157129876957065,147.8,7.6,0.167405546,0.0140999556,0.396551728
,711000999,-22.904717067245837,-43.157129876957065,147.8,7.6,0.167405546,0.0140999556,0.396551728
,711000999,-22.904717067245837,-43.157129876957065,147.8,7.6,0.167405546,0.0140999556,0.396551728
,711000999,-22.904717067245837,-43.157129876957065,147.8,7.6,0.167405546,0.0140999556,0.396551728
,711000999,-22.904717067245837,-43.157129876957065,147.8,7.6,0.167405546,0.0140999556,0.396551728
,711000999,-22.904717067245837,-43.157129876957065,147.8,7.6,0.167405546,0.0140999556,0.396551728
,711000999,-22.904717067245837,-43.157129876957065,147.8,7.6,0.167405546,0.0140999556,0.396551728
,711000999,-22.904717067245837,-43.157129876957065,147.8,7.6,0.167405546,0.0140999556,0.396551728
,711000999,-22.904717067245837,-43.157129876957065,147.8,7.6,0.167405546,0.0140999556,0.396551728
,711000999,-22.90474670063837,-43.157109169831784,147.8,7.6,0.167405546,0.0140999556,0.396551728
,711000999,-22.90474670063837,-43.157109169831784,147.8,7.6,0.167405546,0.0140999556,0.396551728
,711000999,-22.90474670063837,-43.157109169831784,147.8,7.6,0.167405546,0.0140999556,0.396551728
,711000999,-22.90474670063837,-43.157109169831784,147.8,7.6,0.167405546,0.0140999556,0.396551728
,711000999,-22.90474670063837,-43.157109169831784,147.8,7.6,0.167405546,0.0140999556,0.396551728
,711000999,-22.90474670063837,-43.157109169831784,147.8,7.6,0.167405546,0.0140999556,0.396551728
,711000999,-22.90474670063837,-43.157109169831784,147.8,7.6,0.167405546,0.0140999556,0.396551728
,711000999,-22.90474670063837,-43.157109169831784,147.8,7.6,0.167405546,0.0140999556,0.396551728
,711000999,-22.90474670063837,-43.157109169831784,147.8,7.6,0.167405546,0.0140999556,0.396551728
,711000999,-22.90474670063837,-43.157109169831784,147.8,7.6,0.167405546,0.0140999556,0.396551728
,711000999,-22.90474670063837,-43.157109169831784,147.8,7.6,0.167405546,0.0140999556,0.396551728
,711000999,-22.90474670063837,-43.157109169831784,147.8,7.6,0.167405546,0.0140999556,0.396551728
,711000999,-22.90474670063837,-43.157109169831784,147.8,7.6,0.167405546,0.0140999556,0.396551728
,711000999,-22.90474670063837,-43.157109169831784,147.8,7.6,0.167405546,0.0140999556,0.396551728
,711000999,-22.90474670063837,-43.157109169831784,147.8,7.6,0.167405546,0.0140999556,0.396551728
,711000999,-22.90474670063837,-43.157109169831784,147.8,7.6,0.167405546,0.0140999556,0.396551728
,711000999,-22.90474670063837,-43.157109169831784,147.8,7.6,0.167405546,0.0140999556,0.396551728
,711000999,-22.90474670063837,-43.157109169831784,147.8,7.6,0.167405546,0.0140999556,0.396551728
,711000999,-22.904835600795607,-43.15704704840021,147.8,7.6,0.167405546,0.0140999556,0.396551728
,711000999,-22.904835600795607,-43.15704704840021,147.8,7.6,0.167405546,0.0140999556,0.396551728
,711000999,-22.904835600795607,-43.15704704840021,147.8,7.6,0.167405546,0.0140999556,0.396551728
,711000999,-22.904835600795607,-43.15704704840021,147.8,7.6,0.167405546,0.0140999556,0.396551728
,711000999,-22.904835600795607,-43.15704704840021,147.8,7.6,0.167405546,0.0140999556,0.396551728
,711000999,-22.904835600795607,-43.15704704840021,147.8,7.6,0.167405546,0.0140999556,0.396551728
,711000999,-22.904835600795607,-43.15704704840021,147.8,7.6,0.167405546,0.0140999556,0.396551728
,711000999,-22.904835600795607,-43.15704704840021,147.8,7.6,0.167405546,0.0140999556,0.396551728
,711000999,-22.904835600795607,-43.15704704840021,147.8,7.6,0.167405546,0.0140999556,0.396551728
,711000999,-22.904835600795607,-43.15704704840021,147.8,7.6,0.167405546,0.0140999556,0.396551728
,711000999,-22.904835600795607,-43.15704704840021,147.8,7.6,0.167405546,0.0140999556,0.396551728
,711000999,-22.904835600795607,-43.15704704840021,147.8,7.6,0.167405546,0.0140999556,0.396551728
,711000999,-22.904835600795607,-43.15704704840021,147.8,7.6,0.167405546,0.0140999556,0.396551728
,711000999,-22.904835600795607,-43.15704704840021,147.8,7.6,0.167405546,0.0140999556,0.396551728
,711000999,-22.904835600795607,-43.15704704840021,147.8,7.6,0.167405546,0.0140999556,0.396551728
,711000999,-22.904835600795607,-43.15704704840021,147.8,7.6,0.167405546,0.0140999556,0.396551728
,711000999,-22.904835600795607,-43.15704704840021,147.8,7.6,0.167405546,0.0140999556,0.396551728
,711000999,-22.904835600795607,-43.15704704840021,147.8,7.6,0.167405546,0.0140999556,0.396551728
,711000999,-22.904835600795607,-43.15704704840021,147.8,7.6,0.167405546,0.0140999556,0.396551728
,711000999,-22.904835600795607,-43.15704704840021,147.8,7.6,0.167405546,0.0140999556,0.396551728
,711000999,-22.904835600795607,-43.15704704840021,147.8,7.6,0.167405546,0.0140999556,0.396551728
,711000999,-22.904835600795607,-43.15704704840021,147.8,7.6,0.167405546,0.0140999556,0.396551728
,711000999,-22.904835600795607,-43.15704704840021,147.8,7.6,0.167405546,0.0140999556,0.396551728
,711000999,-22.904835600795607,-43.15704704840021,147.8,7.6,0.167405546,0.0140999556,0.396551728
,711000999,-22.904835600795607,-43.15704704840021,147.8,7.6,0.167405546,0.0140999556,0.396551728
,711000999,-22.904835600795607,-43.15704704840021,147.8,7.6,0.167405546,0.0140999556,0.396551728
,711000999,-22.904835600795607,-43.15704704840021,147.8,7.6,0.167405546,0.0140999556,0.396551728
,711000999,-22.904835600795607,-43.15704704840021,147.8,7.6,0.167405546,0.0140999556,0.396551728
,711000999,-22.904835600795607,-43.15704704840021,147.8,7.6,0.167405546,0.0140999556,0.396551728
,711000999,-22.905110933944474,-43.156859889993704,147.8,7.6,0.167405546,0.0140999556,0.396551728
,711000999,-22.905110933944474,-43.156859889993704,147.8,7.6,0.167405546,0.0140999556,0.396551728
,711000999,-22.90487386703683,-43.157025547640686,147.8,7.6,0.173005566,0.013666749,0.388256669
,711000999,-22.90487386703683,-43.157025547640686,147.8,7.6,0.173005566,0.013666749,0.388256669
,711000999,-22.90487386703683,-43.157025547640686,147.8,7.6,0.173005566,0.013666749,0.388256669
,711000999,-22.90487386703683,-43.157025547640686,147.8,7.6,0.173005566,0.013666749,0.388256669
,711000999,-22.90487386703683,-43.157025547640686,147.8,7.6,0.173005566,0.013666749,0.388256669
,711000999,-22.90487386703683,-43.157025547640686,147.8,7.6,0.173005566,0.013666749,0.388256669
,711000999,-22.90487386703683,-43.157025547640686,147.8,7.6,0.173005566,0.013666749,0.388256669
,711000999,-22.90487386703683,-43.157025547640686,147.8,7.6,0.173005566,0.013666749,0.388256669
,711000999,-22.90487386703683,-43.157025547640686,147.8,7.6,0.173005566,0.013666749,0.388256669
,711000999,-22.90487386703683,-43.157025547640686,147.8,7.6,0.173005566,0.013666749,0.388256669
,711000999,-22.90487386703683,-43.157025547640686,147.8,7.6,0.173005566,0.013666749,0.388256669
,711000999,-22.90487386703683,-43.157025547640686,147.8,7.6,0.173005566,0.013666749,0.388256669
,711000999,-22.90487386703683,-43.157025547640686,147.8,7.6,0.173005566,0.013666749,0.388256669
,711000999,-22.90487386703683,-43.157025547640686,147.8,7.6,0.173005566,0.013666749,0.388256669
,711000999,-22.90487386703683,-43.157025547640686,147.8,7.6,0.173005566,0.013666749,0.388256669
,711000999,-22.90487386703683,-43.157025547640686,147.8,7.6,0.173005566,0.013666749,0.388256669
,711000999,-22.90487386703683,-43.157025547640686,147.8,7.6,0.173005566,0.013666749,0.388256669
,711000999,-22.90487386703683,-43.157025547640686,147.8,7.6,0.173005566,0.013666749,0.388256669
,711000999,-22.90487386703683,-43.157025547640686,147.8,7.6,0.173005566,0.013666749,0.388256669
,711000999,-22.90487386703683,-43.157025547640686,147.8,7.6,0.173005566,0.013666749,0.388256669
,711000999,-22.90490350041216,-43.15700484046734,147.8,7.6,0.173005566,0.013666749,0.388256669
,711000999,-22.90490350041216,-43.15700484046734,147.8,7.6,0.173005566,0.013666749,0.388256669
,711000999,-22.90490350041216,-43.15700484046734,147.8,7.6,0.173005566,0.013666749,0.387931049
,711000999,-22.90490350041216,-43.15700484046734,147.8,7.6,0.173005566,0.013666749,0.387931049
,711000999,-22.90490350041216,-43.15700484046734,147.8,7.6,0.173005566,0.013666749,0.387931049
,711000999,-22.90490350041216,-43.15700484046734,147.8,7.6,0.173005566,0.013666749,0.387931049
,711000999,-22.90490350041216,-43.15700484046734,147.8,7.6,0.173005566,0.013666749,0.387931049
,711000999,-22.90490350041216,-43.15700484046734,147.8,7.6,0.173005566,0.013666749,0.387931049
,711000999,-22.90490350041216,-43.15700484046734,147.8,7.6,0.173005566,0.013666749,0.387931049
,711000999,-22.90490350041216,-43.15700484046734,147.8,7.6,0.173005566,0.013666749,0.387931049
,711000999,-22.90490350041216,-43.15700484046734,147.8,7.6,0.173005566,0.013666749,0.387931049
,711000999,-22.90490350041216,-43.15700484046734,147.8,7.6,0.173005566,0.013666749,0.387931049
,711000999,-22.90490350041216,-43.15700484046734,147.8,7.6,0.173005566,0.013666749,0.387931049
,711000999,-22.90490350041216,-43.15700484046734,147.8,7.6,0.173005566,0.013666749,0.387931049
,711000999,-22.90490350041216,-43.15700484046734,147.8,7.6,0.173005566,0.013666749,0.387931049
,711000999,-22.90490350041216,-43.15700484046734,147.8,7.6,0.173005566,0.013666749,0.387931049
,711000999,-22.90490350041216,-43.15700484046734,147.8,7.6,0.173005566,0.013666749,0.387931049
,711000999,-22.90490350041216,-43.15700484046734,147.8,7.6,0.173005566,0.013666749,0.387931049
,711000999,-22.90490350041216,-43.15700484046734,147.8,7.6,0.173005566,0.013666749,0.387931049
,711000999,-22.90490350041216,-43.15700484046734,147.8,7.6,0.173005566,0.013666749,0.387931049
,711000999,-22.90490350041216,-43.15700484046734,147.8,7.6,0.173005566,0.013666749,0.387931049
,711000999,-22.90490350041216,-43.15700484046734,147.8,7.6,0.173005566,0.013666749,0.387931049
,711000999,-22.904933133784102,-43.156984133284695,147.8,7.6,0.173005566,0.013666749,0.387931049
,711000999,-22.904933133784102,-43.156984133284695,147.8,7.6,0.173005566,0.013666749,0.387931049
,711000999,-22.904933133784102,-43.156984133284695,147.8,7.6,0.173005566,0.013666749,0.387931049
,711000999,-22.904933133784102,-43.156984133284695,147.8,7.6,0.173005566,0.013666749,0.387931049
,711000999,-22.904933133784102,-43.156984133284695,147.8,7.6,0.173005566,0.013666749,0.387931049
,711000999,-22.904933133784102,-43.156984133284695,147.8,7.6,0.173005566,0.013666749,0.387931049
,711000999,-22.904933133784102,-43.156984133284695,147.8,7.6,0.173005566,0.013666749,0.387931049
,711000999,-22.904933133784102,-43.156984133284695,147.8,7.6,0.173005566,0.013666749,0.387931049
,711000999,-22.904933133784102,-43.156984133284695,147.8,7.6,0.173005566,0.013666749,0.387931049
,711000999,-22.904933133784102,-43.156984133284695,147.8,7.6,0.173005566,0.013666749,0.387931049
,711000999,-22.904933133784102,-43.156984133284695,147.8,7.6,0.173005566,0.013666749,0.387931049
,711000999,-22.904933133784102,-43.156984133284695,147.8,7.6,0.173005566,0.013666749,0.387931049
,711000999,-22.904933133784102,-43.156984133284695,147.8,7.6,0.173005566,0.013666749,0.387931049
,711000999,-22.904933133784102,-43.156984133284695,147.8,7.6,0.173005566,0.013666749,0.387931049
,711000999,-22.904933133784102,-43.156984133284695,147.8,7.6,0.173005566,0.013666749,0.387931049
,711000999,-22.904933133784102,-43.156984133284695,147.8,7.6,0.173005566,0.013666749,0.387931049
,711000999,-22.904933133784102,-43.156984133284695,147.8,7.6,0.173005566,0.013666749,0.387931049
,711000999,-22.904933133784102,-43.156984133284695,147.8,7.6,0.173005566,0.013666749,0.387931049
,711000999,-22.904933133784102,-43.156984133284695,147.8,7.6,0.173005566,0.013666749,0.387931049
,711000999,-22.904933133784102,-43.156984133284695,147.8,7.6,0.173005566,0.013666749,0.387931049
,711000999,-22.904933133784102,-43.156984133284695,147.8,7.6,0.173005566,0.013666749,0.387931049
,711000999,-22.904933133784102,-43.156984133284695,147.8,7.6,0.173005566,0.013666749,0.387931049
,711000999,-22.90496276715265,-43.15696342609276,147.8,7.6,0.173005566,0.013666749,0.387931049
,711000999,-22.90496276715265,-43.15696342609276,147.8,7.6,0.173005566,0.013666749,0.387931049
,711000999,-22.90496276715265,-43.15696342609276,147.8,7.6,0.173005566,0.013666749,0.387931049
,711000999,-22.90496276715265,-43.15696342609276,147.8,7.6,0.173005566,0.013666749,0.387931049
,711000999,-22.90496276715265,-43.15696342609276,147.8,7.6,0.173005566,0.013666749,0.387931049
,711000999,-22.90496276715265,-43.15696342609276,147.8,7.6,0.173005566,0.013666749,0.387931049
,711000999,-22.90496276715265,-43.15696342609276,147.8,7.6,0.173005566,0.013666749,0.387931049
,711000999,-22.90496276715265,-43.15696342609276,147.8,7.6,0.173005566,0.013666749,0.387931049
,711000999,-22.90496276715265,-43.15696342609276,147.8,7.6,0.173005566,0.013666749,0.387931049
,711000999,-22.90496276715265,-43.15696342609276,147.8,7.6,0.173005566,0.013666749,0.387931049
,711000999,-22.90496276715265,-43.15696342609276,147.8,7.6,0.173005566,0.013666749,0.387931049
,711000999,-22.90496276715265,-43.15696342609276,147.8,7.6,0.173005566,0.013666749,0.387931049
,711000999,-22.90496276715265,-43.15696342609276,147.8,7.6,0.173005566,0.013666749,0.387931049
,711000999,-22.90496276715265,-43.15696342609276,147.8,7.6,0.173005566,0.013666749,0.387931049
,711000999,-22.90496276715265,-43.15696342609276,147.8,7.6,0.173005566,0.013666749,0.387931049
,711000999,-22.90496276715265,-43.15696342609276,147.8,7.6,0.173005566,0.013666749,0.387931049
,711000999,-22.90496276715265,-43.15696342609276,147.8,7.6,0.17598334,0.0134111643,0.382206887
,711000999,-22.90496276715265,-43.15696342609276,147.8,7.6,0.17598334,0.0134111643,0.382206887
,711000999,-22.904992400517802,-43.156942718891536,147.8,7.6,0.17598334,0.0134111643,0.382206887
,711000999,-22.904992400517802,-43.156942718891536,147.8,7.6,0.17598334,0.0134111643,0.382206887
,711000999,-22.904992400517802,-43.156942718891536,147.8,7.6,0.17598334,0.0134111643,0.382206887
,711000999,-22.904992400517802,-43.156942718891536,147.8,7.6,0.17598334,0.0134111643,0.382206887
,711000999,-22.904992400517802,-43.156942718891536,147.8,7.6,0.17598334,0.0134111643,0.382206887
,711000999,-22.904992400517802,-43.156942718891536,147.8,7.6,0.17598334,0.0134111643,0.382206887
,711000999,-22.904992400517802,-43.156942718891536,147.8,7.6,0.17598334,0.0134111643,0.382206887
,711000999,-22.904992400517802,-43.156942718891536,147.8,7.6,0.17598334,0.0134111643,0.382206887
,711000999,-22.904992400517802,-43.156942718891536,147.8,7.6,0.17598334,0.0134111643,0.382206887
,711000999,-22.904992400517802,-43.156942718891536,147.8,7.6,0.17598334,0.0134111643,0.382206887
,711000999,-22.904992400517802,-43.156942718891536,147.8,7.6,0.17598334,0.0134111643,0.382206887
,711000999,-22.904992400517802,-43.156942718891536,147.8,7.6,0.17598334,0.0134111643,0.382206887
,711000999,-22.904992400517802,-43.156942718891536,147.8,7.6,0.17598334,0.0134111643,0.382206887
,711000999,-22.904992400517802,-43.156942718891536,147.8,7.6,0.17598334,0.0134111643,0.382206887
,711000999,-22.904992400517802,-43.156942718891536,147.8,7.6,0.17598334,0.0134111643,0.382206887
,711000999,-22.904992400517802,-43.156942718891536,147.8,7.6,0.17598334,0.0134111643,0.382206887
,711000999,-22.904992400517802,-43.156942718891536,147.8,7.6,0.17598334,0.0134111643,0.382206887
,711000999,-22.904992400517802,-43.156942718891536,147.8,7.6,0.17598334,0.0134111643,0.382206887
,711000999,-22.904992400517802,-43.156942718891536,147.8,7.6,0.17598334,0.0134111643,0.382206887
,711000999,-22.904992400517802,-43.156942718891536,147.8,7.6,0.17598334,0.0134111643,0.382206887
,711000999,-22.904992400517802,-43.156942718891536,147.8,7.6,0.17598334,0.0134111643,0.382206887
,711000999,-22.904992400517802,-43.156942718891536,147.8,7.6,0.17598334,0.0134111643,0.382206887
,711000999,-22.904992400517802,-43.156942718891536,147.8,7.6,0.17598334,0.0134111643,0.382206887
,711000999,-22.904992400517802,-43.156942718891536,147.8,7.6,0.17598334,0.0134111643,0.382206887
,711000999,-22.904992400517802,-43.156942718891536,147.8,7.6,0.17598334,0.0134111643,0.382206887
,711000999,-22.904992400517802,-43.156942718891536,147.8,7.6,0.17598334,0.0134111643,0.382206887
,711000999,-22.904992400517802,-43.156942718891536,147.8,7.6,0.17598334,0.0134111643,0.382206887
,711000999,-22.904992400517802,-43.156942718891536,147.8,7.6,0.17598334,0.0134111643,0.382206887
,711000999,-22.904992400517802,-43.156942718891536,147.8,7.6,0.17598334,0.0134111643,0.382206887
,711000999,-22.904992400517802,-43.156942718891536,147.8,7.6,0.17598334,0.0134111643,0.382206887
,711000999,-22.905022033879558,-43.15692201168101,147.8,7.6,0.17598334,0.0134111643,0.382206887
,711000999,-22.905022033879558,-43.15692201168101,147.8,7.6,0.17598334,0.0134111643,0.382206887
,711000999,-22.905022033879558,-43.15692201168101,147.8,7.6,0.17598334,0.0134111643,0.382206887
,711000999,-22.905022033879558,-43.15692201168101,147.8,7.6,0.17598334,0.0134111643,0.382206887
,711000999,-22.905022033879558,-43.15692201168101,147.8,7.6,0.17598334,0.0134111643,0.382206887
,711000999,-22.905022033879558,-43.15692201168101,147.8,7.6,0.17598334,0.0134111643,0.382206887
,711000999,-22.905022033879558,-43.15692201168101,147.8,7.6,0.17598334,0.0134111643,0.382206887
,711000999,-22.905022033879558,-43.15692201168101,147.8,7.6,0.17598334,0.0134111643,0.382206887
,711000999,-22.905022033879558,-43.15692201168101,147.8,7.6,0.17598334,0.0134111643,0.382206887
,711000999,-22.905022033879558,-43.15692201168101,147.8,7.6,0.17598334,0.0134111643,0.382206887
,711000999,-22.905022033879558,-43.15692201168101,147.8,7.6,0.17598334,0.0134111643,0.382206887
,711000999,-22.905022033879558,-43.15692201168101,147.8,7.6,0.17598334,0.0134111643,0.382206887
,711000999,-22.905022033879558,-43.15692201168101,147.8,7.6,0.17598334,0.0134111643,0.382206887
,711000999,-22.905022033879558,-43.15692201168101,147.8,7.6,0.17598334,0.0134111643,0.382206887
,711000999,-22.905022033879558,-43.15692201168101,147.8,7.6,0.17598334,0.0134111643,0.382206887
,711000999,-22.905022033879558,-43.15692201168101,147.8,7.6,0.17598334,0.0134111643,0.382206887
,711000999,-22.905022033879558,-43.15692201168101,147.8,7.6,0.17598334,0.0134111643,0.382206887
,711000999,-22.905022033879558,-43.15692201168101,147.8,7.6,0.17598334,0.0134111643,0.382206887
,711000999,-22.905022033879558,-43.15692201168101,147.8,7.6,0.17598334,0.0134111643,0.382206887
,711000999,-22.905022033879558,-43.15692201168101,147.8,7.6,0.17598334,0.0134111643,0.382206887
,711000999,-22.905022033879558,-43.15692201168101,147.8,7.6,0.17598334,0.0134111643,0.382206887
,711000999,-22.905022033879558,-43.15692201168101,147.8,7.6,0.17598334,0.0134111643,0.382206887
,711000999,-22.905022033879558,-43.15692201168101,147.8,7.6,0.17598334,0.0134111643,0.382206887
,711000999,-22.905022033879558,-43.15692201168101,147.8,7.6,0.17598334,0.0134111643,0.382206887
,711000999,-22.905022033879558,-43.15692201168101,147.8,7.6,0.17598334,0.0134111643,0.382206887
,711000999,-22.905022033879558,-43.15692201168101,147.8,7.6,0.17598334,0.0134111643,0.382206887
,711000999,-22.905022033879558,-43.15692201168101,147.8,7.6,0.17598334,0.0134111643,0.382206887
,711000999,-22.905022033879558,-43.15692201168101,147.8,7.6,0.17598334,0.0134111643,0.382206887
,711000999,-22.905022033879558,-43.15692201168101,147.8,7.6,0.17598334,0.0134111643,0.382206887
,711000999,-22.905022033879558,-43.15692201168101,147.8,7.6,0.17598334,0.0134111643,0.382206887
,711000999,-22.905051667237927,-43.1569013044612,147.8,7.6,0.17598334,0.0134111643,0.382206887
,711000999,-22.905051667237927,-43.1569013044612,147.8,7.6,0.17598334,0.0134111643,0.382206887
,711000999,-22.905051667237927,-43.1569013044612,147.8,7.6,0.17598334,0.0134111643,0.382206887
,711000999,-22.905051667237927,-43.1569013044612,147.8,7.6,0.17598334,0.0134111643,0.382206887
,711000999,-22.905051667237927,-43.1569013044612,147.8,7.6,0.17598334,0.0134111643,0.382206887
,711000999,-22.905051667237927,-43.1569013044612,147.8,7.6,0.17598334,0.0134111643,0.382206887
,711000999,-22.905051667237927,-43.1569013044612,147.8,7.6,0.17598334,0.0134111643,0.382206887
,711000999,-22.905051667237927,-43.1569013044612,147.8,7.6,0.17598334,0.0134111643,0.382206887
,711000999,-22.905051667237927,-43.1569013044612,147.8,7.6,0.17598334,0.0134111643,0.382206887
,711000999,-22.905051667237927,-43.1569013044612,147.8,7.6,0.17598334,0.0134111643,0.382206887
,711000999,-22.905051667237927,-43.1569013044612,147.8,7.6,0.17598334,0.0134111643,0.382206887
,711000999,-22.905051667237927,-43.1569013044612,147.8,7.6,0.17598334,0.0134111643,0.382206887
,711000999,-22.905051667237927,-43.1569013044612,147.8,7.6,0.17598334,0.0134111643,0.382206887
,711000999,-22.905051667237927,-43.1569013044612,147.8,7.6,0.17598334,0.0134111643,0.382206887
,711000999,-22.905051667237927,-43.1569013044612,147.8,7.6,0.17598334,0.0134111643,0.382206887
,711000999,-22.905051667237927,-43.1569013044612,147.8,7.6,0.17598334,0.0134111643,0.382206887
,711000999,-22.905051667237927,-43.1569013044612,147.8,7.6,0.178927779,0.013188839,0.37931034
,711000999,-22.905051667237927,-43.1569013044612,147.8,7.6,0.178927779,0.013188839,0.37931034
,711000999,-22.905051667237927,-43.1569013044612,147.8,7.6,0.178927779,0.013188839,0.37931034
,711000999,-22.905051667237927,-43.1569013044612,147.8,7.6,0.178927779,0.013188839,0.37931034
,711000999,-22.905051667237927,-43.1569013044612,147.8,7.6,0.178927779,0.013188839,0.37931034
,711000999,-22.905051667237927,-43.1569013044612,147.8,7.6,0.178927779,0.013188839,0.37931034
,711000999,-22.905051667237927,-43.1569013044612,147.8,7.6,0.178927779,0.013188839,0.37931034
,711000999,-22.905051667237927,-43.1569013044612,147.8,7.6,0.178927779,0.013188839,0.37931034
,711000999,-22.905051667237927,-43.1569013044612,147.8,7.6,0.178927779,0.013188839,0.37931034
,711000999,-22.905051667237927,-43.1569013044612,147.8,7.6,0.178927779,0.013188839,0.37931034
,711000999,-22.905051667237927,-43.1569013044612,147.8,7.6,0.178927779,0.013188839,0.37931034
,711000999,-22.905051667237927,-43.1569013044612,147.8,7.6,0.178927779,0.013188839,0.37931034
,711000999,-22.905051667237927,-43.1569013044612,147.8,7.6,0.178927779,0.013188839,0.37931034
,711000999,-22.905051667237927,-43.1569013044612,147.8,7.6,0.178927779,0.013188839,0.37931034
,711000999,-22.905081300592897,-43.1568805972321,147.8,7.6,0.178927779,0.013188839,0.37931034
,711000999,-22.905081300592897,-43.1568805972321,147.8,7.6,0.178927779,0.013188839,0.37931034
,711000999,-22.905081300592897,-43.1568805972321,147.8,7.6,0.178927779,0.013188839,0.37931034
,711000999,-22.905081300592897,-43.1568805972321,147.8,7.6,0.178927779,0.013188839,0.37931034
,711000999,-22.905081300592897,-43.1568805972321,147.8,7.6,0.178927779,0.013188839,0.37931034
,711000999,-22.905081300592897,-43.1568805972321,147.8,7.6,0.178927779,0.013188839,0.37931034
,711000999,-22.905081300592897,-43.1568805972321,147.8,7.6,0.178927779,0.013188839,0.37931034
,711000999,-22.905081300592897,-43.1568805972321,147.8,7.6,0.178927779,0.013188839,0.37931034
,711000999,-22.905081300592897,-43.1568805972321,147.8,7.6,0.178927779,0.013188839,0.37931034
,711000999,-22.905081300592897,-43.1568805972321,147.8,7.6,0.178927779,0.013188839,0.37931034
,711000999,-22.905081300592897,-43.1568805972321,147.8,7.6,0.178927779,0.013188839,0.37931034
,711000999,-22.905081300592897,-43.1568805972321,147.8,7.6,0.178927779,0.013188839,0.37931034
,711000999,-22.905081300592897,-43.1568805972321,147.8,7.6,0.178927779,0.013188839,0.37931034
,711000999,-22.905081300592897,-43.1568805972321,147.8,7.6,0.178927779,0.013188839,0.37931034
,711000999,-22.905081300592897,-43.1568805972321,147.8,7.6,0.178927779,0.013188839,0.37931034
,711000999,-22.905081300592897,-43.1568805972321,147.8,7.6,0.178927779,0.013188839,0.37931034
,711000999,-22.905081300592897,-43.1568805972321,147.8,7.6,0.178927779,0.013188839,0.37931034
,711000999,-22.905081300592897,-43.1568805972321,147.8,7.6,0.178927779,0.013188839,0.37931034
,711000999,-22.905081300592897,-43.1568805972321,147.8,7.6,0.178927779,0.013188839,0.37931034
,711000999,-22.905081300592897,-43.1568805972321,147.8,7.6,0.178927779,0.013188839,0.37931034
,711000999,-22.905081300592897,-43.1568805972321,147.8,7.6,0.178927779,0.013188839,0.37931034
,711000999,-22.905081300592897,-43.1568805972321,147.8,7.6,0.178927779,0.013188839,0.37931034
,711000999,-22.905081300592897,-43.1568805972321,147.8,7.6,0.178927779,0.013188839,0.37931034
,711000999,-22.905081300592897,-43.1568805972321,147.8,7.6,0.178927779,0.013188839,0.37931034
,711000999,-22.905081300592897,-43.1568805972321,147.8,7.6,0.178927779,0.013188839,0.37931034
,711000999,-22.905081300592897,-43.1568805972321,147.8,7.6,0.178927779,0.013188839,0.37931034
,711000999,-22.905081300592897,-43.1568805972321,147.8,7.6,0.178927779,0.013188839,0.37931034
,711000999,-22.905081300592897,-43.1568805972321,147.8,7.6,0.178927779,0.013188839,0.37931034
,711000999,-22.905081300592897,-43.1568805972321,147.8,7.6,0.178927779,0.013188839,0.37931034
,711000999,-22.905081300592897,-43.1568805972321,147.8,7.6,0.178927779,0.013188839,0.37931034
,711000999,-22.905110933944474,-43.156859889993704,147.8,7.6,0.178927779,0.013188839,0.37931034
,711000999,-22.905110933944474,-43.156859889993704,147.8,7.6,0.178927779,0.013188839,0.37931034
,711000999,-22.905110933944474,-43.156859889993704,147.8,7.6,0.178927779,0.013188839,0.37931034
,711000999,-22.905110933944474,-43.156859889993704,147.8,7.6,0.178927779,0.013188839,0.37931034
,711000999,-22.905110933944474,-43.156859889993704,147.8,7.6,0.178927779,0.013188839,0.37931034
,711000999,-22.905110933944474,-43.156859889993704,147.8,7.6,0.178927779,0.013188839,0.37931034
,711000999,-22.905110933944474,-43.156859889993704,147.8,7.6,0.178927779,0.013188839,0.37931034
,711000999,-22.905110933944474,-43.156859889993704,147.8,7.6,0.178927779,0.013188839,0.37931034
,711000999,-22.905110933944474,-43.156859889993704,147.8,7.6,0.178927779,0.013188839,0.37931034
,711000999,-22.905110933944474,-43.156859889993704,147.8,7.6,0.178927779,0.013188839,0.37931034
,711000999,-22.905110933944474,-43.156859889993704,147.8,7.6,0.178927779,0.013188839,0.37931034
,711000999,-22.905110933944474,-43.156859889993704,147.8,7.6,0.178927779,0.013188839,0.37931034
,711000999,-22.905110933944474,-43.156859889993704,147.8,7.6,0.178927779,0.013188839,0.37931034
,711000999,-22.905110933944474,-43.156859889993704,147.8,7.6,0.178927779,0.013188839,0.37931034
,711000999,-22.905110933944474,-43.156859889993704,147.8,7.6,0.178927779,0.013188839,0.37931034
,711000999,-22.905110933944474,-43.156859889993704,147.8,7.6,0.178927779,0.013188839,0.37931034
,711000999,-22.905110933944474,-43.156859889993704,147.8,7.6,0.178927779,0.013188839,0.37931034
,711000999,-22.905110933944474,-43.156859889993704,147.8,7.6,0.178927779,0.013188839,0.37931034
,711000999,-22.905110933944474,-43.156859889993704,147.8,7.6,0.178927779,0.013188839,0.37931034
,711000999,-22.905110933944474,-43.156859889993704,147.8,7.6,0.178927779,0.013188839,0.37931034
,711000999,-22.905110933944474,-43.156859889993704,147.8,7.6,0.178927779,0.013188839,0.37931034
,711000999,-22.905110933944474,-43.156859889993704,147.8,7.6,0.178927779,0.013188839,0.37931034
,711000999,-22.905110933944474,-43.156859889993704,147.8,7.6,0.178927779,0.013188839,0.37931034
,711000999,-22.905110933944474,-43.156859889993704,147.8,7.6,0.178927779,0.013188839,0.37931034
,711000999,-22.905110933944474,-43.156859889993704,147.8,7.6,0.178927779,0.013188839,0.37931034
,711000999,-22.905110933944474,-43.156859889993704,147.8,7.6,0.178927779,0.013188839,0.37931034
,711000999,-22.905110933944474,-43.156859889993704,147.8,7.6,0.178927779,0.013188839,0.37931034
,711000999,-22.905110933944474,-43.156859889993704,147.8,7.6,0.178927779,0.013188839,0.37931034
,711000999,-22.905110933944474,-43.156859889993704,147.8,7.6,0.178927779,0.013188839,0.37931034
,711000999,-22.905110933944474,-43.156859889993704,147.8,7.6,0.178927779,0.013188839,0.37931034
,711000999,-22.90514056729265,-43.15683918274602,147.8,7.6,0.178927779,0.013188839,0.37931034
,711000999,-22.90514056729265,-43.15683918274602,147.8,7.6,0.178927779,0.013188839,0.37931034
,711000999,-22.90514056729265,-43.15683918274602,147.8,7.6,0.178927779,0.013188839,0.37931034
,711000999,-22.90514056729265,-43.15683918274602,147.8,7.6,0.178927779,0.013188839,0.37931034
,711000999,-22.90514056729265,-43.15683918274602,147.8,7.6,0.178927779,0.013188839,0.37931034
,711000999,-22.90514056729265,-43.15683918274602,147.8,7.6,0.178927779,0.013188839,0.37931034
,711000999,-22.90514056729265,-43.15683918274602,147.8,7.6,0.178927779,0.013188839,0.37931034
,711000999,-22.90514056729265,-43.15683918274602,147.8,7.6,0.178927779,0.013188839,0.37931034
,711000999,-22.90514056729265,-43.15683918274602,147.8,7.6,0.178927779,0.013188839,0.37931034
,711000999,-22.90514056729265,-43.15683918274602,147.8,7.6,0.178927779,0.013188839,0.37931034
,711000999,-22.90514056729265,-43.15683918274602,147.8,7.6,0.178927779,0.013188839,0.37931034
,711000999,-22.90514056729265,-43.15683918274602,147.8,7.6,0.178927779,0.013188839,0.37931034
,711000999,-22.90514056729265,-43.15683918274602,147.8,7.6,0.178927779,0.013188839,0.37931034
,711000999,-22.90514056729265,-43.15683918274602,147.8,7.6,0.178927779,0.013188839,0.37931034
,711000999,-22.90514056729265,-43.15683918274602,147.8,7.6,0.178927779,0.013188839,0.37931034
,711000999,-22.90514056729265,-43.15683918274602,147.8,7.6,0.178927779,0.013188839,0.37931034
,711000999,-22.90514056729265,-43.15683918274602,147.8,7.6,0.181938887,0.0129666328,0.375254184
,711000999,-22.90514056729265,-43.15683918274602,147.8,7.6,0.181938887,0.0129666328,0.375254184
,711000999,-22.90514056729265,-43.15683918274602,147.8,7.6,0.181938887,0.0129666328,0.37402001
,711000999,-22.90514056729265,-43.15683918274602,147.8,7.6,0.181938887,0.0129666328,0.37402001
,711000999,-22.90514056729265,-43.15683918274602,147.8,7.6,0.181938887,0.0129666328,0.37402001
,711000999,-22.90514056729265,-43.15683918274602,147.8,7.6,0.181938887,0.0129666328,0.37402001
,711000999,-22.90514056729265,-43.15683918274602,147.8,7.6,0.181938887,0.0129666328,0.37402001
,711000999,-22.90514056729265,-43.15683918274602,147.8,7.6,0.181938887,0.0129666328,0.37402001
,711000999,-22.90514056729265,-43.15683918274602,147.8,7.6,0.181938887,0.0129666328,0.37402001
,711000999,-22.90514056729265,-43.15683918274602,147.8,7.6,0.181938887,0.0129666328,0.37402001
,711000999,-22.90514056729265,-43.15683918274602,147.8,7.6,0.181938887,0.0129666328,0.37402001
,711000999,-22.90514056729265,-43.15683918274602,147.8,7.6,0.181938887,0.0129666328,0.37402001
,711000999,-22.90514056729265,-43.15683918274602,147.8,7.6,0.181938887,0.0129666328,0.37402001
,711000999,-22.90514056729265,-43.15683918274602,147.8,7.6,0.181938887,0.0129666328,0.37402001
,711000999,-22.905149199866543,-43.15683838991611,147.8,7.6,0.181938887,0.0129666328,0.37402001
,711000999,-22.905149199866543,-43.15683838991611,147.8,7.6,0.181938887,0.0129666328,0.37402001
,711000999,-22.905149199866543,-43.15683838991611,147.8,7.6,0.181938887,0.0129666328,0.37402001
,711000999,-22.905149199866543,-43.15683838991611,147.8,7.6,0.181938887,0.0129666328,0.37402001
,711000999,-22.905149199866543,-43.15683838991611,147.8,7.6,0.181938887,0.0129666328,0.37402001
,711000999,-22.905149199866543,-43.15683838991611,147.8,7.6,0.181938887,0.0129666328,0.37402001
,711000999,-22.905149199866543,-43.15683838991611,147.8,7.6,0.181938887,0.0129666328,0.37402001
,711000999,-22.905149199866543,-43.15683838991611,147.8,7.6,0.181938887,0.0129666328,0.37402001
,711000999,-22.905149199866543,-43.15683838991611,147.8,7.6,0.181938887,0.0129666328,0.37402001
,711000999,-22.905149199866543,-43.15683838991611,147.8,7.6,0.181938887,0.0129666328,0.37402001
,711000999,-22.905149199866543,-43.15683838991611,147.8,7.6,0.181938887,0.0129666328,0.37402001
,711000999,-22.905149199866543,-43.15683838991611,147.8,7.6,0.181938887,0.0129666328,0.37402001
,711000999,-22.905149199866543,-43.15683838991611,147.8,7.6,0.181938887,0.0129666328,0.37402001
,711000999,-22.905149199866543,-43.15683838991611,147.8,7.6,0.181938887,0.0129666328,0.37402001
,711000999,-22.905149199866543,-43.15683838991611,147.8,7.6,0.181938887,0.0129666328,0.37402001
,711000999,-22.905149199866543,-43.15683838991611,147.8,7.6,0.181938887,0.0129666328,0.37402001
,711000999,-22.905149199866543,-43.15683838991611,147.8,7.6,0.181938887,0.0129666328,0.37402001
,711000999,-22.905149199866543,-43.15683838991611,147.8,7.6,0.181938887,0.0129666328,0.37402001
,711000999,-22.905149199866543,-43.15683838991611,147.8,7.6,0.181938887,0.0129666328,0.37402001
,711000999,-22.905149199866543,-43.15683838991611,147.8,7.6,0.181938887,0.0129666328,0.37402001
,711000999,-22.905149199866543,-43.15683838991611,147.8,7.6,0.181938887,0.0129666328,0.37402001
,711000999,-22.905149199866543,-43.15683838991611,147.8,7.6,0.181938887,0.0129666328,0.37402001
,711000999,-22.905149199866543,-43.15683838991611,147.8,7.6,0.181938887,0.0129666328,0.37402001
,711000999,-22.905149199866543,-43.15683838991611,147.8,7.6,0.181938887,0.0129666328,0.37402001
,711000999,-22.9051788332111,-43.15681768265751,147.8,7.6,0.181938887,0.0129666328,0.37402001
,711000999,-22.9051788332111,-43.15681768265751,147.8,7.6,0.181938887,0.0129666328,0.37402001
,711000999,-22.9051788332111,-43.15681768265751,147.8,7.6,0.181938887,0.0129666328,0.37402001
,711000999,-22.9051788332111,-43.15681768265751,147.8,7.6,0.181938887,0.0129666328,0.37402001
,711000999,-22.9051788332111,-43.15681768265751,147.8,7.6,0.181938887,0.0129666328,0.37402001
,711000999,-22.9051788332111,-43.15681768265751,147.8,7.6,0.181938887,0.0129666328,0.37402001
,711000999,-22.9051788332111,-43.15681768265751,147.8,7.6,0.181938887,0.0129666328,0.37402001
,711000999,-22.9051788332111,-43.15681768265751,147.8,7.6,0.181938887,0.0129666328,0.37402001
,711000999,-22.9051788332111,-43.15681768265751,147.8,7.6,0.181938887,0.0129666328,0.37402001
,711000999,-22.9051788332111,-43.15681768265751,147.8,7.6,0.181938887,0.0129666328,0.37402001
,711000999,-22.9051788332111,-43.15681768265751,147.8,7.6,0.181938887,0.0129666328,0.37402001
,711000999,-22.9051788332111,-43.15681768265751,147.8,7.6,0.181938887,0.0129666328,0.37402001
,711000999,-22.9051788332111,-43.15681768265751,147.8,7.6,0.181938887,0.0129666328,0.37402001
,711000999,-22.9051788332111,-43.15681768265751,147.8,7.6,0.181938887,0.0129666328,0.37402001
,711000999,-22.9051788332111,-43.15681768265751,147.8,7.6,0.181938887,0.0129666328,0.37402001
,711000999,-22.9051788332111,-43.15681768265751,147.8,7.6,0.181938887,0.0129666328,0.37402001
,711000999,-22.9051788332111,-43.15681768265751,147.8,7.6,0.181938887,0.0129666328,0.37402001
,711000999,-22.9051788332111,-43.15681768265751,147.8,7.6,0.181938887,0.0129666328,0.37402001
,711000999,-22.9051788332111,-43.15681768265751,147.8,7.6,0.181938887,0.0129666328,0.37402001
,711000999,-22.9051788332111,-43.15681768265751,147.8,7.6,0.181938887,0.0129666328,0.37402001
,711000999,-22.9051788332111,-43.15681768265751,147.8,7.6,0.181938887,0.0129666328,0.37402001
,711000999,-22.9051788332111,-43.15681768265751,147.8,7.6,0.181938887,0.0129666328,0.37402001
,711000999,-22.9051788332111,-43.15681768265751,147.8,7.6,0.181938887,0.0129666328,0.37402001
,711000999,-22.9051788332111,-43.15681768265751,147.8,7.6,0.181938887,0.0129666328,0.37402001
,711000999,-22.9051788332111,-43.15681768265751,147.8,7.6,0.181938887,0.0129666328,0.37402001
,711000999,-22.9051788332111,-43.15681768265751,147.8,7.6,0.181938887,0.0129666328,0.37402001
,711000999,-22.9051788332111,-43.15681768265751,147.8,7.6,0.181938887,0.0129666328,0.37402001
,711000999,-22.9051788332111,-43.15681768265751,147.8,7.6,0.181938887,0.0129666328,0.37402001
,711000999,-22.9051788332111,-43.15681768265751,147.8,7.6,0.181938887,0.0129666328,0.37402001
,711000999,-22.9051788332111,-43.15681768265751,147.8,7.6,0.181938887,0.0129666328,0.37402001
,711000999,-22.905208466552278,-43.156796975389625,147.8,7.6,0.181938887,0.0129666328,0.37402001
,711000999,-22.905208466552278,-43.156796975389625,147.8,7.6,0.181938887,0.0129666328,0.37402001
,711000999,-22.905208466552278,-43.156796975389625,147.8,7.6,0.181938887,0.0129666328,0.37402001
,711000999,-22.905208466552278,-43.156796975389625,147.8,7.6,0.181938887,0.0129666328,0.37402001
,711000999,-22.905208466552278,-43.156796975389625,147.8,7.6,0.181938887,0.0129666328,0.37402001
,711000999,-22.905208466552278,-43.156796975389625,147.8,7.6,0.181938887,0.0129666328,0.37402001
,711000999,-22.905208466552278,-43.156796975389625,147.8,7.6,0.181938887,0.0129666328,0.37402001
,711000999,-22.905208466552278,-43.156796975389625,147.8,7.6,0.181938887,0.0129666328,0.37402001
,711000999,-22.905208466552278,-43.156796975389625,147.8,7.6,0.181938887,0.0129666328,0.37402001
,711000999,-22.905208466552278,-43.156796975389625,147.8,7.6,0.181938887,0.0129666328,0.37402001
,711000999,-22.905208466552278,-43.156796975389625,147.8,7.6,0.181938887,0.0129666328,0.37402001
,711000999,-22.905208466552278,-43.156796975389625,147.8,7.6,0.181938887,0.0129666328,0.37402001
,711000999,-22.905208466552278,-43.156796975389625,147.8,7.6,0.181938887,0.0129666328,0.37402001
,711000999,-22.905208466552278,-43.156796975389625,147.8,7.6,0.181938887,0.0129666328,0.37402001
,711000999,-22.905208466552278,-43.156796975389625,147.8,7.6,0.181938887,0.0129666328,0.37402001
,711000999,-22.905208466552278,-43.156796975389625,147.8,7.6,0.181938887,0.0129666328,0.37402001
,711000999,-22.905208466552278,-43.156796975389625,147.8,7.6,0.18407777,0.0127888918,0.372061968
,711000999,-22.905208466552278,-43.156796975389625,147.8,7.6,0.18407777,0.0127888918,0.372061968
,711000999,-22.905208466552278,-43.156796975389625,147.8,7.6,0.18407777,0.0127888918,0.372061968
,711000999,-22.905208466552278,-43.156796975389625,147.8,7.6,0.18407777,0.0127888918,0.372061968
,711000999,-22.905208466552278,-43.156796975389625,147.8,7.6,0.18407777,0.0127888918,0.372061968
,711000999,-22.905208466552278,-43.156796975389625,147.8,7.6,0.18407777,0.0127888918,0.372061968
,711000999,-22.905208466552278,-43.156796975389625,147.8,7.6,0.18407777,0.0127888918,0.371342987
,711000999,-22.905208466552278,-43.156796975389625,147.8,7.6,0.18407777,0.0127888918,0.371342987
,711000999,-22.905208466552278,-43.156796975389625,147.8,7.6,0.18407777,0.0127888918,0.371342987
,711000999,-22.905208466552278,-43.156796975389625,147.8,7.6,0.18407777,0.0127888918,0.371342987
,711000999,-22.905208466552278,-43.156796975389625,147.8,7.6,0.18407777,0.0127888918,0.371342987
,711000999,-22.905238099890042,-43.156776268112445,147.8,7.6,0.18407777,0.0127888918,0.371342987
,711000999,-22.905238099890042,-43.156776268112445,147.8,7.6,0.18407777,0.0127888918,0.371342987
,711000999,-22.905238099890042,-43.156776268112445,147.8,7.6,0.18407777,0.0127888918,0.371342987
,711000999,-22.905238099890042,-43.156776268112445,147.8,7.6,0.18407777,0.0127888918,0.371342987
,711000999,-22.905238099890042,-43.156776268112445,147.8,7.6,0.18407777,0.0127888918,0.371342987
,711000999,-22.905238099890042,-43.156776268112445,147.8,7.6,0.18407777,0.0127888918,0.371342987
,711000999,-22.90526773322442,-43.15675556082597,147.8,7.6,0.18407777,0.0127888918,0.371342987
,711000999,-22.905297366555406,-43.15673485353021,147.8,7.6,0.18407777,0.0127888918,0.371342987
,711000999,-22.905297366555406,-43.15673485353021,147.8,7.6,0.18407777,0.0127888918,0.371342987
,711000999,-22.905297366555406,-43.15673485353021,147.8,7.6,0.18407777,0.0127888918,0.371342987
,711000999,-22.905297366555406,-43.15673485353021,147.8,7.6,0.18407777,0.0127888918,0.371342987
,711000999,-22.905297366555406,-43.15673485353021,147.8,7.6,0.18407777,0.0127888918,0.371342987
,711000999,-22.905297366555406,-43.15673485353021,147.8,7.6,0.18407777,0.0127888918,0.371342987
,711000999,-22.905297366555406,-43.15673485353021,147.8,7.6,0.18407777,0.0127888918,0.371342987
,711000999,-22.905297366555406,-43.15673485353021,147.8,7.6,0.18407777,0.0127888918,0.371342987
,711000999,-22.905297366555406,-43.15673485353021,147.8,7.6,0.18407777,0.0127888918,0.371342987
,711000999,-22.905297366555406,-43.15673485353021,147.8,7.6,0.187188894,0.01255548,0.367978454
,711000999,-22.905297366555406,-43.15673485353021,147.8,7.6,0.187188894,0.01255548,0.368729681
,711000999,-22.905297366555406,-43.15673485353021,147.8,7.6,0.187188894,0.01255548,0.368729681
,711000999,-22.905297366555406,-43.15673485353021,147.8,7.6,0.187188894,0.01255548,0.368729681
,711000999,-22.905326999883,-43.156714146225156,147.8,7.6,0.187188894,0.01255548,0.368729681
,711000999,-22.905326999883,-43.156714146225156,147.8,7.6,0.187188894,0.01255548,0.368729681
,711000999,-22.905326999883,-43.156714146225156,147.8,7.6,0.187188894,0.01255548,0.368729681
,711000999,-22.905326999883,-43.156714146225156,147.8,7.6,0.187188894,0.01255548,0.368729681
,711000999,-22.905326999883,-43.156714146225156,147.8,7.6,0.187188894,0.01255548,0.368729681
,711000999,-22.905326999883,-43.156714146225156,147.8,7.6,0.187188894,0.01255548,0.368729681
,711000999,-22.905326999883,-43.156714146225156,147.8,7.6,0.187188894,0.01255548,0.368729681
,711000999,-22.905326999883,-43.156714146225156,147.8,7.6,0.187188894,0.01255548,0.368729681
,711000999,-22.905326999883,-43.156714146225156,147.8,7.6,0.187188894,0.01255548,0.368729681
,711000999,-22.905326999883,-43.156714146225156,147.8,7.6,0.187188894,0.01255548,0.368729681
,711000999,-22.905326999883,-43.156714146225156,147.8,7.6,0.187188894,0.01255548,0.368729681
,711000999,-22.905326999883,-43.156714146225156,147.8,7.6,0.187188894,0.01255548,0.368729681
,711000999,-22.905326999883,-43.156714146225156,147.8,7.6,0.187188894,0.01255548,0.368729681
,711000999,-22.905326999883,-43.156714146225156,147.8,7.6,0.187188894,0.01255548,0.368729681
,711000999,-22.905356633207195,-43.156693438910814,147.8,7.6,0.187188894,0.01255548,0.368729681
,711000999,-22.905356633207195,-43.156693438910814,147.8,7.6,0.187188894,0.01255548,0.368729681
,711000999,-22.905356633207195,-43.156693438910814,147.8,7.6,0.187188894,0.01255548,0.368729681
,711000999,-22.905356633207195,-43.156693438910814,147.8,7.6,0.187188894,0.01255548,0.368729681
,711000999,-22.905356633207195,-43.156693438910814,147.8,7.6,0.187188894,0.01255548,0.368729681
,711000999,-22.905356633207195,-43.156693438910814,147.8,7.6,0.187188894,0.01255548,0.368729681
,711000999,-22.905356633207195,-43.156693438910814,147.8,7.6,0.187188894,0.01255548,0.368729681
,711000999,-22.905356633207195,-43.156693438910814,147.8,7.6,0.187188894,0.01255548,0.368729681
,711000999,-22.905356633207195,-43.156693438910814,147.8,7.6,0.187188894,0.01255548,0.368729681
,711000999,-22.905356633207195,-43.156693438910814,147.8,7.6,0.187188894,0.01255548,0.368729681
,711000999,-22.905356633207195,-43.156693438910814,147.8,7.6,0.187188894,0.01255548,0.368729681
,711000999,-22.905356633207195,-43.156693438910814,147.8,7.6,0.187188894,0.01255548,0.368729681
,711000999,-22.905356633207195,-43.156693438910814,147.8,7.6,0.187188894,0.01255548,0.368729681
,711000999,-22.905356633207195,-43.156693438910814,147.8,7.6,0.187188894,0.01255548,0.368729681
,711000999,-22.905356633207195,-43.156693438910814,147.8,7.6,0.187188894,0.01255548,0.368729681
,711000999,-22.905356633207195,-43.156693438910814,147.8,7.6,0.187188894,0.01255548,0.368729681
,711000999,-22.905386266527998,-43.15667273158718,147.8,7.6,0.187188894,0.01255548,0.368729681
,711000999,-22.905386266527998,-43.15667273158718,147.8,7.6,0.187188894,0.01255548,0.368729681
,711000999,-22.905386266527998,-43.15667273158718,147.8,7.6,0.187188894,0.01255548,0.368729681
,711000999,-22.905386266527998,-43.15667273158718,147.8,7.6,0.187188894,0.01255548,0.368729681
,711000999,-22.905386266527998,-43.15667273158718,147.8,7.6,0.187188894,0.01255548,0.368729681
,711000999,-22.905386266527998,-43.15667273158718,147.8,7.6,0.187188894,0.01255548,0.368729681
,711000999,-22.905386266527998,-43.15667273158718,147.8,7.6,0.187188894,0.01255548,0.368729681
,711000999,-22.905386266527998,-43.15667273158718,147.8,7.6,0.187188894,0.01255548,0.368729681
,711000999,-22.905386266527998,-43.15667273158718,147.8,7.6,0.190372214,0.0123221874,0.363934219
,711000999,-22.905386266527998,-43.15667273158718,147.8,7.6,0.190372214,0.0123221874,0.363934219
,711000999,-22.905386266527998,-43.15667273158718,147.8,7.6,0.190372214,0.0123221874,0.363375634
,711000999,-22.905386266527998,-43.15667273158718,147.8,7.6,0.190372214,0.0123221874,0.363375634
,711000999,-22.905386266527998,-43.15667273158718,147.8,7.6,0.190372214,0.0123221874,0.363375634
,711000999,-22.905386266527998,-43.15667273158718,147.8,7.6,0.190372214,0.0123221874,0.363375634
,711000999,-22.90541589984541,-43.15665202425424,147.8,7.6,0.190372214,0.0123221874,0.363375634
,711000999,-22.90541589984541,-43.15665202425424,147.8,7.6,0.190372214,0.0123221874,0.363375634
,711000999,-22.90541589984541,-43.15665202425424,147.8,7.6,0.190372214,0.0123221874,0.363375634
,711000999,-22.90541589984541,-43.15665202425424,147.8,7.6,0.190372214,0.0123221874,0.363375634
,711000999,-22.90541589984541,-43.15665202425424,147.8,7.6,0.190372214,0.0123221874,0.363375634
,711000999,-22.90541589984541,-43.15665202425424,147.8,7.6,0.190372214,0.0123221874,0.363375634
,711000999,-22.90541589984541,-43.15665202425424,147.8,7.6,0.190372214,0.0123221874,0.363375634
,711000999,-22.90541589984541,-43.15665202425424,147.8,7.6,0.190372214,0.0123221874,0.363375634
,711000999,-22.90541589984541,-43.15665202425424,147.8,7.6,0.190372214,0.0123221874,0.363375634
,711000999,-22.90541589984541,-43.15665202425424,147.8,7.6,0.190372214,0.0123221874,0.363375634
,711000999,-22.90541589984541,-43.15665202425424,147.8,7.6,0.190372214,0.0123221874,0.363375634
,711000999,-22.90541589984541,-43.15665202425424,147.8,7.6,0.190372214,0.0123221874,0.363375634
,711000999,-22.90541589984541,-43.15665202425424,147.8,7.6,0.190372214,0.0123221874,0.363375634
,711000999,-22.90541589984541,-43.15665202425424,147.8,7.6,0.190372214,0.0123221874,0.363375634
,711000999,-22.90541589984541,-43.15665202425424,147.8,7.6,0.190372214,0.0123221874,0.363375634
,711000999,-22.90541589984541,-43.15665202425424,147.8,7.6,0.190372214,0.0123221874,0.363375634
,711000999,-22.90552265512344,-43.15669812149484,154.8,7.5,0.190372214,0.0123221874,0.363375634
,711000999,-22.90552265512344,-43.15669812149484,154.8,7.5,0.190372214,0.0123221874,0.363375634
,711000999,-22.90552265512344,-43.15669812149484,154.8,7.5,0.190372214,0.0123221874,0.363375634
,711000999,-22.90552265512344,-43.15669812149484,154.8,7.5,0.190372214,0.0123221874,0.363375634
,711000999,-22.90552265512344,-43.15669812149484,154.8,7.5,0.190372214,0.0123221874,0.363375634
,711000999,-22.90552265512344,-43.15669812149484,154.8,7.5,0.190372214,0.0123221874,0.363375634
,711000999,-22.90552265512344,-43.15669812149484,154.8,7.5,0.190372214,0.0123221874,0.363375634
,711000999,-22.90552265512344,-43.15669812149484,154.8,7.5,0.190372214,0.0123221874,0.363375634
,711000999,-22.905553987686993,-43.15668168587932,154.8,7.5,0.190372214,0.0123221874,0.363375634
,711000999,-22.905553987686993,-43.15668168587932,154.8,7.5,0.190372214,0.0123221874,0.363375634
,711000999,-22.905553987686993,-43.15668168587932,154.8,7.5,0.190372214,0.0123221874,0.363375634
,711000999,-22.905553987686993,-43.15668168587932,154.8,7.5,0.190372214,0.0123221874,0.363375634
,711000999,-22.905553987686993,-43.15668168587932,154.8,7.5,0.190372214,0.0123221874,0.363375634
,711000999,-22.905553987686993,-43.15668168587932,154.8,7.5,0.190372214,0.0123221874,0.363375634
,711000999,-22.905553987686993,-43.15668168587932,154.8,7.5,0.190372214,0.0123221874,0.363375634
,711000999,-22.905553987686993,-43.15668168587932,154.8,7.5,0.190372214,0.0123221874,0.363375634
,711000999,-22.905553987686993,-43.15668168587932,154.8,7.5,0.190372214,0.0123221874,0.363375634
,711000999,-22.905553987686993,-43.15668168587932,154.8,7.5,0.190372214,0.0123221874,0.363375634
,711000999,-22.905553987686993,-43.15668168587932,154.8,7.5,0.190372214,0.0123221874,0.363375634
,711000999,-22.905553987686993,-43.15668168587932,154.8,7.5,0.190372214,0.0123221874,0.363375634
,711000999,-22.905553987686993,-43.15668168587932,154.8,7.5,0.190372214,0.0123221874,0.363375634
,711000999,-22.905553987686993,-43.15668168587932,154.8,7.5,0.190372214,0.0123221874,0.363375634
,711000999,-22.905585320248232,-43.15666525025583,154.8,7.5,0.190372214,0.0123221874,0.363375634
,711000999,-22.905585320248232,-43.15666525025583,154.8,7.5,0.190372214,0.0123221874,0.363375634
,711000999,-22.905585320248232,-43.15666525025583,154.8,7.5,0.19188334,0.0116666555,0.353026956
,711000999,-22.905585320248232,-43.15666525025583,154.8,7.5,0.19188334,0.0116666555,0.352794945
,711000999,-22.905585320248232,-43.15666525025583,154.8,7.5,0.19188334,0.0116666555,0.352794945
,711000999,-22.905585320248232,-43.15666525025583,154.8,7.5,0.19188334,0.0116666555,0.352794945
,711000999,-22.905585320248232,-43.15666525025583,154.8,7.5,0.19188334,0.0116666555,0.352794945
,711000999,-22.905585320248232,-43.15666525025583,154.8,7.5,0.19188334,0.0116666555,0.352794945
,711000999,-22.905585320248232,-43.15666525025583,154.8,7.5,0.19188334,0.0116666555,0.352794945
,711000999,-22.905585320248232,-43.15666525025583,154.8,7.5,0.19188334,0.0116666555,0.352794945
,711000999,-22.905585320248232,-43.15666525025583,154.8,7.5,0.19188334,0.0116666555,0.352794945
,711000999,-22.905616652807158,-43.15664881462435,154.8,7.5,0.19188334,0.0116666555,0.352794945
,711000999,-22.905616652807158,-43.15664881462435,154.8,7.5,0.19188334,0.0116666555,0.352794945
,711000999,-22.905616652807158,-43.15664881462435,154.8,7.5,0.19188334,0.0116666555,0.352794945
,711000999,-22.905616652807158,-43.15664881462435,154.8,7.5,0.19188334,0.0116666555,0.352794945
,711000999,-22.905616652807158,-43.15664881462435,154.8,7.5,0.19188334,0.0116666555,0.352794945
,711000999,-22.905616652807158,-43.15664881462435,154.8,7.5,0.19188334,0.0116666555,0.352794945
,711000999,-22.90564798536377,-43.156632378984895,154.8,7.5,0.19188334,0.0116666555,0.352794945
,711000999,-22.90564798536377,-43.156632378984895,154.8,7.5,0.19188334,0.0116666555,0.352794945
,711000999,-22.90564798536377,-43.156632378984895,154.8,7.5,0.19188334,0.0116666555,0.352794945
,711000999,-22.90564798536377,-43.156632378984895,154.8,7.5,0.19188334,0.0116666555,0.352794945
,711000999,-22.90564798536377,-43.156632378984895,154.8,7.5,0.19188334,0.0116666555,0.352794945
,711000999,-22.90564798536377,-43.156632378984895,154.8,7.5,0.19188334,0.0116666555,0.352794945
,711000999,-22.90564798536377,-43.156632378984895,154.8,7.5,0.19188334,0.0116666555,0.352794945
,711000999,-22.90564798536377,-43.156632378984895,154.8,7.5,0.19188334,0.0116666555,0.352794945
,711000999,-22.90564798536377,-43.156632378984895,154.8,7.5,0.193511114,0.0114887953,0.352794945
,711000999,-22.90564798536377,-43.156632378984895,154.8,7.5,0.193511114,0.0114887953,0.352794945
,711000999,-22.90564798536377,-43.156632378984895,154.8,7.5,0.193511114,0.0114887953,0.352794945
,711000999,-22.90564798536377,-43.156632378984895,154.8,7.5,0.193511114,0.0114887953,0.352794945
,711000999,-22.905679317918075,-43.15661594333746,154.8,7.5,0.193511114,0.0114887953,0.352794945
,711000999,-22.905679317918075,-43.15661594333746,154.8,7.5,0.193511114,0.0114887953,0.352794945
,711000999,-22.905679317918075,-43.15661594333746,154.8,7.5,0.193511114,0.0114887953,0.352794945
,711000999,-22.905679317918075,-43.15661594333746,154.8,7.5,0.193511114,0.0114887953,0.352794945
,711000999,-22.905679317918075,-43.15661594333746,154.8,7.5,0.193799987,0.0114887953,0.350094885
,711000999,-22.905679317918075,-43.15661594333746,154.8,7.5,0.193799987,0.0114887953,0.350117922
,711000999,-22.905679317918075,-43.15661594333746,154.8,7.5,0.193799987,0.0114887953,0.350117922
,711000999,-22.905679317918075,-43.15661594333746,154.8,7.5,0.193799987,0.0114887953,0.350117922
,711000999,-22.905679317918075,-43.15661594333746,154.8,7.5,0.193799987,0.0114887953,0.350117922
,711000999,-22.905679317918075,-43.15661594333746,154.8,7.5,0.193799987,0.0114887953,0.350117922
,711000999,-22.905679317918075,-43.15661594333746,154.8,7.5,0.193799987,0.0114887953,0.350117922
,711000999,-22.905679317918075,-43.15661594333746,154.8,7.5,0.193799987,0.0114887953,0.350117922
,711000999,-22.905679317918075,-43.15661594333746,154.8,7.5,0.193799987,0.0114887953,0.350117922
,711000999,-22.905679317918075,-43.15661594333746,154.8,7.5,0.193799987,0.0114887953,0.350117922
,711000999,-22.905679317918075,-43.15661594333746,154.8,7.5,0.193799987,0.0114887953,0.350117922
,711000999,-22.905710650470066,-43.156599507682046,154.8,7.5,0.193799987,0.0114887953,0.350117922
,711000999,-22.905710650470066,-43.156599507682046,154.8,7.5,0.193799987,0.0114887953,0.350117922
,711000999,-22.905710650470066,-43.156599507682046,154.8,7.5,0.193799987,0.0114887953,0.350117922
,711000999,-22.905710650470066,-43.156599507682046,154.8,7.5,0.193799987,0.0114887953,0.350117922
,711000999,-22.905710650470066,-43.156599507682046,154.8,7.5,0.193799987,0.0114887953,0.350117922
,711000999,-22.905710650470066,-43.156599507682046,154.8,7.5,0.193799987,0.0114887953,0.350117922
,711000999,-22.905710650470066,-43.156599507682046,154.8,7.5,0.193799987,0.0114887953,0.350117922
,711000999,-22.905710650470066,-43.156599507682046,154.8,7.5,0.193799987,0.0114887953,0.350117922
,711000999,-22.905710650470066,-43.156599507682046,154.8,7.5,0.193799987,0.0114887953,0.350117922
,711000999,-22.905710650470066,-43.156599507682046,154.8,7.5,0.193799987,0.0114887953,0.350117922
,711000999,-22.905710650470066,-43.156599507682046,154.8,7.5,0.193799987,0.0114887953,0.350117922
,711000999,-22.905710650470066,-43.156599507682046,154.8,7.5,0.193799987,0.0114887953,0.350117922
,711000999,-22.905710650470066,-43.156599507682046,154.8,7.5,0.193799987,0.0114887953,0.350117922
,711000999,-22.905710650470066,-43.156599507682046,154.8,7.5,0.193799987,0.0114887953,0.350117922
,711000999,-22.905710650470066,-43.156599507682046,154.8,7.5,0.193799987,0.0114887953,0.350117922
,711000999,-22.90574198301974,-43.15658307201866,154.8,7.5,0.193799987,0.0114887953,0.350117922
,711000999,-22.90574198301974,-43.15658307201866,154.8,7.5,0.193799987,0.0114887953,0.350117922
,711000999,-22.90574198301974,-43.15658307201866,154.8,7.5,0.193799987,0.0114887953,0.350117922
,711000999,-22.90574198301974,-43.15658307201866,154.8,7.5,0.193799987,0.0114887953,0.350117922
,711000999,-22.90574198301974,-43.15658307201866,154.8,7.5,0.193799987,0.0114887953,0.350117922
,711000999,-22.90574198301974,-43.15658307201866,154.8,7.5,0.193799987,0.0114887953,0.350117922
,711000999,-22.90574198301974,-43.15658307201866,154.8,7.5,0.193799987,0.0114887953,0.350117922
,711000999,-22.90574198301974,-43.15658307201866,154.8,7.5,0.193799987,0.0114887953,0.350117922
,711000999,-22.90574198301974,-43.15658307201866,154.8,7.5,0.193799987,0.0114887953,0.350117922
,711000999,-22.90574198301974,-43.15658307201866,154.8,7.5,0.193799987,0.0114887953,0.350117922
,711000999,-22.90574198301974,-43.15658307201866,154.8,7.5,0.196727768,0.0112111568,0.34572351
,711000999,-22.90574198301974,-43.15658307201866,154.8,7.5,0.196727768,0.0112111568,0.34572351
,711000999,-22.90574198301974,-43.15658307201866,154.8,7.5,0.196727768,0.0112111568,0.344827592
,711000999,-22.90574198301974,-43.15658307201866,154.8,7.5,0.196727768,0.0112111568,0.344827592
,711000999,-22.905773315567114,-43.15656663634729,154.8,7.5,0.196727768,0.0112111568,0.344827592
,711000999,-22.905773315567114,-43.15656663634729,154.8,7.5,0.196727768,0.0112111568,0.344827592
,711000999,-22.905773315567114,-43.15656663634729,154.8,7.5,0.196727768,0.0112111568,0.344827592
,711000999,-22.905773315567114,-43.15656663634729,154.8,7.5,0.196727768,0.0112111568,0.344827592
,711000999,-22.905773315567114,-43.15656663634729,154.8,7.5,0.196727768,0.0112111568,0.344827592
,711000999,-22.905773315567114,-43.15656663634729,154.8,7.5,0.196727768,0.0112111568,0.344827592
,711000999,-22.905773315567114,-43.15656663634729,154.8,7.5,0.196727768,0.0112111568,0.344827592
,711000999,-22.905773315567114,-43.15656663634729,154.8,7.5,0.196727768,0.0112111568,0.344827592
,711000999,-22.905773315567114,-43.15656663634729,154.8,7.5,0.196727768,0.0112111568,0.344827592
,711000999,-22.905773315567114,-43.15656663634729,154.8,7.5,0.196727768,0.0112111568,0.344827592
,711000999,-22.905773315567114,-43.15656663634729,154.8,7.5,0.196727768,0.0112111568,0.344827592
,711000999,-22.905804648112156,-43.156550200667944,154.8,7.5,0.196727768,0.0112111568,0.344827592
,711000999,-22.905804648112156,-43.156550200667944,154.8,7.5,0.196727768,0.0112111568,0.344827592
,711000999,-22.905804648112156,-43.156550200667944,154.8,7.5,0.196727768,0.0112111568,0.344827592
,711000999,-22.905804648112156,-43.156550200667944,154.8,7.5,0.196727768,0.0112111568,0.344827592
,711000999,-22.905804648112156,-43.156550200667944,154.8,7.5,0.196727768,0.0112111568,0.344827592
,711000999,-22.905804648112156,-43.156550200667944,154.8,7.5,0.196727768,0.0112111568,0.344827592
,711000999,-22.905804648112156,-43.156550200667944,154.8,7.5,0.196727768,0.0112111568,0.344827592
,711000999,-22.905804648112156,-43.156550200667944,154.8,7.5,0.196727768,0.0112111568,0.344827592
,711000999,-22.905804648112156,-43.156550200667944,154.8,7.5,0.196727768,0.0112111568,0.344827592
,711000999,-22.905804648112156,-43.156550200667944,154.8,7.5,0.196727768,0.0112111568,0.344827592
,711000999,-22.905804648112156,-43.156550200667944,154.8,7.5,0.196727768,0.0112111568,0.344827592
,711000999,-22.905804648112156,-43.156550200667944,154.8,7.5,0.196727768,0.0112111568,0.344827592
,711000999,-22.905804648112156,-43.156550200667944,154.8,7.5,0.196727768,0.0112111568,0.344827592
,711000999,-22.905804648112156,-43.156550200667944,154.8,7.5,0.196727768,0.0112111568,0.344827592
,711000999,-22.905804648112156,-43.156550200667944,154.8,7.5,0.196727768,0.0112111568,0.344827592
,711000999,-22.905835980654903,-43.15653376498062,154.8,7.5,0.196727768,0.0112111568,0.344827592
,711000999,-22.905813190936644,-43.1565505462085,154.8,7.5,0.196727768,0.0112111568,0.344827592
,711000999,-22.905813190936644,-43.1565505462085,154.8,7.5,0.196727768,0.0112111568,0.344827592
,711000999,-22.905813190936644,-43.1565505462085,154.8,7.5,0.196727768,0.0112111568,0.344827592
,711000999,-22.905813190936644,-43.1565505462085,154.8,7.5,0.196727768,0.0112111568,0.344827592
,711000999,-22.905813190936644,-43.1565505462085,154.8,7.5,0.196727768,0.0112111568,0.344827592
,711000999,-22.905813190936644,-43.1565505462085,154.8,7.5,0.196727768,0.0112111568,0.344827592
,711000999,-22.905813190936644,-43.1565505462085,154.8,7.5,0.196727768,0.0112111568,0.344827592
,711000999,-22.905813190936644,-43.1565505462085,154.8,7.5,0.196727768,0.0112111568,0.344827592
,711000999,-22.905813190936644,-43.1565505462085,154.8,7.5,0.199727774,0.0109333992,0.341385096
,711000999,-22.905813190936644,-43.1565505462085,154.8,7.5,0.199727774,0.0109333992,0.341385096
,711000999,-22.905813190936644,-43.1565505462085,154.8,7.5,0.199727774,0.0109333992,0.342150569
,711000999,-22.905813190936644,-43.1565505462085,154.8,7.5,0.199727774,0.0109333992,0.342150569
,711000999,-22.905813190936644,-43.1565505462085,154.8,7.5,0.199727774,0.0109333992,0.342150569
,711000999,-22.905813190936644,-43.1565505462085,154.8,7.5,0.199727774,0.0109333992,0.342150569
,711000999,-22.905813190936644,-43.1565505462085,154.8,7.5,0.199727774,0.0109333992,0.342150569
,711000999,-22.905844523479324,-43.15653411052008,154.8,7.5,0.199727774,0.0109333992,0.342150569
,711000999,-22.905844523479324,-43.15653411052008,154.8,7.5,0.199727774,0.0109333992,0.342150569
,711000999,-22.905844523479324,-43.15653411052008,154.8,7.5,0.199727774,0.0109333992,0.342150569
,711000999,-22.905844523479324,-43.15653411052008,154.8,7.5,0.199727774,0.0109333992,0.342150569
,711000999,-22.905844523479324,-43.15653411052008,154.8,7.5,0.199727774,0.0109333992,0.342150569
,711000999,-22.905844523479324,-43.15653411052008,154.8,7.5,0.199727774,0.0109333992,0.342150569
,711000999,-22.905844523479324,-43.15653411052008,154.8,7.5,0.199727774,0.0109333992,0.342150569
,711000999,-22.905844523479324,-43.15653411052008,154.8,7.5,0.199727774,0.0109333992,0.342150569
,711000999,-22.905844523479324,-43.15653411052008,154.8,7.5,0.199727774,0.0109333992,0.342150569
,711000999,-22.905844523479324,-43.15653411052008,154.8,7.5,0.199727774,0.0109333992,0.342150569
,711000999,-22.905844523479324,-43.15653411052008,154.8,7.5,0.199727774,0.0109333992,0.342150569
,711000999,-22.905844523479324,-43.15653411052008,154.8,7.5,0.199727774,0.0109333992,0.342150569
,711000999,-22.905844523479324,-43.15653411052008,154.8,7.5,0.199727774,0.0109333992,0.342150569
,711000999,-22.905844523479324,-43.15653411052008,154.8,7.5,0.199727774,0.0109333992,0.342150569
,711000999,-22.905844523479324,-43.15653411052008,154.8,7.5,0.199727774,0.0109333992,0.342150569
,711000999,-22.905875856019694,-43.15651767482367,154.8,7.5,0.199727774,0.0109333992,0.342150569
,711000999,-22.905875856019694,-43.15651767482367,154.8,7.5,0.199727774,0.0109333992,0.342150569
,711000999,-22.905875856019694,-43.15651767482367,154.8,7.5,0.199727774,0.0109333992,0.342150569
,711000999,-22.905875856019694,-43.15651767482367,154.8,7.5,0.199727774,0.0109333992,0.342150569
,711000999,-22.905875856019694,-43.15651767482367,154.8,7.5,0.199727774,0.0109333992,0.342150569
,711000999,-22.905875856019694,-43.15651767482367,154.8,7.5,0.199727774,0.0109333992,0.342150569
,711000999,-22.905875856019694,-43.15651767482367,154.8,7.5,0.199727774,0.0109333992,0.342150569
,711000999,-22.905875856019694,-43.15651767482367,154.8,7.5,0.199727774,0.0109333992,0.342150569
,711000999,-22.905907188557755,-43.15650123911929,154.8,7.5,0.199727774,0.0109333992,0.342150569
,711000999,-22.905907188557755,-43.15650123911929,154.8,7.5,0.199727774,0.0109333992,0.342150569
,711000999,-22.905907188557755,-43.15650123911929,154.8,7.5,0.199727774,0.0109333992,0.342150569
,711000999,-22.905907188557755,-43.15650123911929,154.8,7.5,0.199727774,0.0109333992,0.342150569
,711000999,-22.905907188557755,-43.15650123911929,154.8,7.5,0.199727774,0.0109333992,0.342150569
,711000999,-22.905907188557755,-43.15650123911929,154.8,7.5,0.199727774,0.0109333992,0.342150569
,711000999,-22.905907188557755,-43.15650123911929,154.8,7.5,0.199727774,0.0109333992,0.342150569
,711000999,-22.905907188557755,-43.15650123911929,154.8,7.5,0.199727774,0.0109333992,0.342150569
,711000999,-22.905907188557755,-43.15650123911929,154.8,7.5,0.201844454,0.0107110739,0.338062555
,711000999,-22.905907188557755,-43.15650123911929,154.8,7.5,0.201844454,0.0107110739,0.338062555
,711000999,-22.905907188557755,-43.15650123911929,154.8,7.5,0.201844454,0.0107110739,0.338062555
,711000999,-22.905907188557755,-43.15650123911929,154.8,7.5,0.201844454,0.0107110739,0.33686024
,711000999,-22.905907188557755,-43.15650123911929,154.8,7.5,0.201844454,0.0107110739,0.33686024
,711000999,-22.905907188557755,-43.15650123911929,154.8,7.5,0.201844454,0.0107110739,0.33686024
,711000999,-22.905907188557755,-43.15650123911929,154.8,7.5,0.201844454,0.0107110739,0.33686024
,711000999,-22.905938521093496,-43.15648480340693,154.8,7.5,0.201844454,0.0107110739,0.33686024
,711000999,-22.905938521093496,-43.15648480340693,154.8,7.5,0.201844454,0.0107110739,0.33686024
,711000999,-22.905938521093496,-43.15648480340693,154.8,7.5,0.201844454,0.0107110739,0.33686024
,711000999,-22.905938521093496,-43.15648480340693,154.8,7.5,0.201844454,0.0107110739,0.33686024
,711000999,-22.905938521093496,-43.15648480340693,154.8,7.5,0.201844454,0.0107110739,0.33686024
,711000999,-22.905938521093496,-43.15648480340693,154.8,7.5,0.201844454,0.0107110739,0.33686024
,711000999,-22.905938521093496,-43.15648480340693,154.8,7.5,0.201844454,0.0107110739,0.33686024
,711000999,-22.905938521093496,-43.15648480340693,154.8,7.5,0.201844454,0.0107110739,0.33686024
,711000999,-22.905938521093496,-43.15648480340693,154.8,7.5,0.201844454,0.0107110739,0.33686024
,711000999,-22.905938521093496,-43.15648480340693,154.8,7.5,0.201844454,0.0107110739,0.33686024
,711000999,-22.905938521093496,-43.15648480340693,154.8,7.5,0.201844454,0.0107110739,0.33686024
,711000999,-22.905938521093496,-43.15648480340693,154.8,7.5,0.201844454,0.0107110739,0.33686024
,711000999,-22.905938521093496,-43.15648480340693,154.8,7.5,0.201844454,0.0107110739,0.33686024
,711000999,-22.905938521093496,-43.15648480340693,154.8,7.5,0.201844454,0.0107110739,0.33686024
,711000999,-22.905938521093496,-43.15648480340693,154.8,7.5,0.201844454,0.0107110739,0.33686024
,711000999,-22.90596985362693,-43.15646836768659,154.8,7.5,0.201844454,0.0107110739,0.33686024
,711000999,-22.90596985362693,-43.15646836768659,154.8,7.5,0.201844454,0.0107110739,0.33686024
,711000999,-22.90596985362693,-43.15646836768659,154.8,7.5,0.201844454,0.0107110739,0.33686024
,711000999,-22.90596985362693,-43.15646836768659,154.8,7.5,0.201844454,0.0107110739,0.33686024
,711000999,-22.90596985362693,-43.15646836768659,154.8,7.5,0.201844454,0.0107110739,0.33686024
,711000999,-22.90596985362693,-43.15646836768659,154.8,7.5,0.201844454,0.0107110739,0.33686024
,711000999,-22.90596985362693,-43.15646836768659,154.8,7.5,0.201844454,0.0107110739,0.33686024
,711000999,-22.90596985362693,-43.15646836768659,154.8,7.5,0.201844454,0.0107110739,0.33686024
,711000999,-22.90596985362693,-43.15646836768659,154.8,7.5,0.201844454,0.0107110739,0.33686024
,711000999,-22.90596985362693,-43.15646836768659,154.8,7.5,0.201844454,0.0107110739,0.33686024
,711000999,-22.906001186158054,-43.15645193195827,154.8,7.5,0.201844454,0.0107110739,0.33686024
,711000999,-22.906001186158054,-43.15645193195827,154.8,7.5,0.201844454,0.0107110739,0.33686024
,711000999,-22.906001186158054,-43.15645193195827,154.8,7.5,0.201844454,0.0107110739,0.33686024
,711000999,-22.906001186158054,-43.15645193195827,154.8,7.5,0.201844454,0.0107110739,0.33686024
,711000999,-22.906001186158054,-43.15645193195827,154.8,7.5,0.201844454,0.0107110739,0.33686024
,711000999,-22.906001186158054,-43.15645193195827,154.8,7.5,0.201844454,0.0107110739,0.33686024
,711000999,-22.906001186158054,-43.15645193195827,154.8,7.5,0.201844454,0.0107110739,0.33686024
,711000999,-22.906001186158054,-43.15645193195827,154.8,7.5,0.201844454,0.0107110739,0.33686024
,711000999,-22.906001186158054,-43.15645193195827,154.8,7.5,0.201844454,0.0107110739,0.33686024
,711000999,-22.906001186158054,-43.15645193195827,154.8,7.5,0.204966679,0.0104333162,0.333782583
,711000999,-22.906001186158054,-43.15645193195827,154.8,7.5,0.204966679,0.0104333162,0.334246933
,711000999,-22.906001186158054,-43.15645193195827,154.8,7.5,0.204966679,0.0104333162,0.334246933
,711000999,-22.906001186158054,-43.15645193195827,154.8,7.5,0.204966679,0.0104333162,0.334246933
,711000999,-22.906001186158054,-43.15645193195827,154.8,7.5,0.204966679,0.0104333162,0.334246933
,711000999,-22.906001186158054,-43.15645193195827,154.8,7.5,0.204966679,0.0104333162,0.334246933
,711000999,-22.906001186158054,-43.15645193195827,154.8,7.5,0.204966679,0.0104333162,0.334246933
,711000999,-22.90603251868686,-43.15643549622199,154.8,7.5,0.204966679,0.0104333162,0.334246933
,711000999,-22.90603251868686,-43.15643549622199,154.8,7.5,0.204966679,0.0104333162,0.334246933
,711000999,-22.90603251868686,-43.15643549622199,154.8,7.5,0.204966679,0.0104333162,0.334246933
,711000999,-22.90603251868686,-43.15643549622199,154.8,7.5,0.204966679,0.0104333162,0.334246933
,711000999,-22.90603251868686,-43.15643549622199,154.8,7.5,0.204966679,0.0104333162,0.334246933
,711000999,-22.90603251868686,-43.15643549622199,154.8,7.5,0.204966679,0.0104333162,0.334246933
,711000999,-22.90603251868686,-43.15643549622199,154.8,7.5,0.204966679,0.0104333162,0.334246933
,711000999,-22.90603251868686,-43.15643549622199,154.8,7.5,0.204966679,0.0104333162,0.334246933
,711000999,-22.90603251868686,-43.15643549622199,154.8,7.5,0.204966679,0.0104333162,0.334246933
,711000999,-22.90603251868686,-43.15643549622199,154.8,7.5,0.204966679,0.0104333162,0.334246933
,711000999,-22.90603251868686,-43.15643549622199,154.8,7.5,0.204966679,0.0104333162,0.334246933
,711000999,-22.90603251868686,-43.15643549622199,154.8,7.5,0.204966679,0.0104333162,0.334246933
,711000999,-22.90603251868686,-43.15643549622199,154.8,7.5,0.204966679,0.0104333162,0.334246933
,711000999,-22.90603251868686,-43.15643549622199,154.8,7.5,0.204966679,0.0104333162,0.334246933
,711000999,-22.90603251868686,-43.15643549622199,154.8,7.5,0.204966679,0.0104333162,0.334246933
,711000999,-22.90606385121336,-43.15641906047772,154.8,7.5,0.204966679,0.0104333162,0.334246933
,711000999,-22.90606385121336,-43.15641906047772,154.8,7.5,0.204966679,0.0104333162,0.334246933
,711000999,-22.90606385121336,-43.15641906047772,154.8,7.5,0.204966679,0.0104333162,0.334246933
,711000999,-22.90606385121336,-43.15641906047772,154.8,7.5,0.204966679,0.0104333162,0.334246933
,711000999,-22.90606385121336,-43.15641906047772,154.8,7.5,0.204966679,0.0104333162,0.334246933
,711000999,-22.90606385121336,-43.15641906047772,154.8,7.5,0.204966679,0.0104333162,0.334246933
,711000999,-22.90606385121336,-43.15641906047772,154.8,7.5,0.204966679,0.0104333162,0.334246933
,711000999,-22.90606385121336,-43.15641906047772,154.8,7.5,0.204966679,0.0104333162,0.334246933
,711000999,-22.906095183737552,-43.15640262472547,154.8,7.5,0.204966679,0.0104333162,0.334246933
,711000999,-22.906095183737552,-43.15640262472547,154.8,7.5,0.204966679,0.0104333162,0.334246933
,711000999,-22.906135058642082,-43.156386535160806,154.8,7.5,0.204966679,0.0104333162,0.334246933
,711000999,-22.906135058642082,-43.156386535160806,154.8,7.5,0.204966679,0.0104333162,0.334246933
,711000999,-22.906135058642082,-43.156386535160806,154.8,7.5,0.204966679,0.0104333162,0.334246933
,711000999,-22.906135058642082,-43.156386535160806,154.8,7.5,0.204966679,0.0104333162,0.334246933
,711000999,-22.906135058642082,-43.156386535160806,154.8,7.5,0.204966679,0.0104333162,0.334246933
,711000999,-22.906135058642082,-43.156386535160806,154.8,7.5,0.204966679,0.0104333162,0.334246933
,711000999,-22.906135058642082,-43.156386535160806,154.8,7.5,0.204966679,0.0104333162,0.334246933
,711000999,-22.906135058642082,-43.156386535160806,154.8,7.5,0.204966679,0.0104333162,0.334246933
,711000999,-22.90616639116158,-43.156370099391495,154.8,7.5,0.204966679,0.0104333162,0.334246933
,711000999,-22.90616639116158,-43.156370099391495,154.8,7.5,0.204966679,0.0104333162,0.334246933
,711000999,-22.90616639116158,-43.156370099391495,154.8,7.5,0.204966679,0.0104333162,0.334246933
,711000999,-22.90616639116158,-43.156370099391495,154.8,7.5,0.204966679,0.0104333162,0.334246933
,711000999,-22.90616639116158,-43.156370099391495,154.8,7.5,0.208161116,0.0101333857,0.329538912
,711000999,-22.90616639116158,-43.156370099391495,154.8,7.5,0.208161116,0.0101333857,0.329538912
,711000999,-22.90616639116158,-43.156370099391495,154.8,7.5,0.208161116,0.0101333857,0.329538912
,711000999,-22.90616639116158,-43.156370099391495,154.8,7.5,0.208161116,0.0101333857,0.329538912
,711000999,-22.90616639116158,-43.156370099391495,154.8,7.5,0.211522236,0.00980007648,0.32488665
,711000999,-22.90616639116158,-43.156370099391495,154.8,7.5,0.211522236,0.00980007648,0.32488665
,711000999,-22.906197723678765,-43.15635366361422,154.8,7.5,0.211522236,0.00980007648,0.32488665
,711000999,-22.906197723678765,-43.15635366361422,154.8,7.5,0.211522236,0.00980007648,0.323602498
,711000999,-22.906197723678765,-43.15635366361422,154.8,7.5,0.211522236,0.00980007648,0.323602498
,711000999,-22.906197723678765,-43.15635366361422,154.8,7.5,0.211522236,0.00980007648,0.323602498
,711000999,-22.906197723678765,-43.15635366361422,154.8,7.5,0.211522236,0.00980007648,0.323602498
,711000999,-22.906197723678765,-43.15635366361422,154.8,7.5,0.211522236,0.00980007648,0.323602498
,711000999,-22.906197723678765,-43.15635366361422,154.8,7.5,0.211522236,0.00980007648,0.323602498
,711000999,-22.906197723678765,-43.15635366361422,154.8,7.5,0.211522236,0.00980007648,0.323602498
,711000999,-22.906197723678765,-43.15635366361422,154.8,7.5,0.211522236,0.00980007648,0.323602498
,711000999,-22.90622905619365,-43.15633722782895,154.8,7.5,0.211522236,0.00980007648,0.323602498
,711000999,-22.90622905619365,-43.15633722782895,154.8,7.5,0.211522236,0.00980007648,0.323602498
,711000999,-22.90622905619365,-43.15633722782895,154.8,7.5,0.211522236,0.00980007648,0.323602498
,711000999,-22.90622905619365,-43.15633722782895,154.8,7.5,0.211522236,0.00980007648,0.323602498
,711000999,-22.90622905619365,-43.15633722782895,154.8,7.5,0.211522236,0.00980007648,0.323602498
,711000999,-22.90622905619365,-43.15633722782895,154.8,7.5,0.211522236,0.00980007648,0.323602498
,711000999,-22.90622905619365,-43.15633722782895,154.8,7.5,0.211522236,0.00980007648,0.323602498
,711000999,-22.90622905619365,-43.15633722782895,154.8,7.5,0.211522236,0.00980007648,0.323602498
,711000999,-22.90622905619365,-43.15633722782895,154.8,7.5,0.211522236,0.00980007648,0.323602498
,711000999,-22.90622905619365,-43.15633722782895,154.8,7.5,0.211522236,0.00980007648,0.323602498
,711000999,-22.90622905619365,-43.15633722782895,154.8,7.5,0.211522236,0.00980007648,0.323602498
,711000999,-22.90622905619365,-43.15633722782895,154.8,7.5,0.211522236,0.00980007648,0.323602498
,711000999,-22.90622905619365,-43.15633722782895,154.8,7.5,0.211522236,0.00980007648,0.323602498
,711000999,-22.90622905619365,-43.15633722782895,154.8,7.5,0.211522236,0.00980007648,0.323602498
,711000999,-22.90622905619365,-43.15633722782895,154.8,7.5,0.211522236,0.00980007648,0.323602498
,711000999,-22.906260388706208,-43.156320792035714,154.8,7.5,0.211522236,0.00980007648,0.323602498
,711000999,-22.906260388706208,-43.156320792035714,154.8,7.5,0.21374999,0.00959992409,0.322104812
,711000999,-22.906260388706208,-43.156320792035714,154.8,7.5,0.21374999,0.00959992409,0.322104812
,711000999,-22.906260388706208,-43.156320792035714,154.8,7.5,0.21374999,0.00959992409,0.320925474
,711000999,-22.906260388706208,-43.156320792035714,154.8,7.5,0.21374999,0.00959992409,0.320925474
,711000999,-22.906260388706208,-43.156320792035714,154.8,7.5,0.21374999,0.00959992409,0.320925474
,711000999,-22.906260388706208,-43.156320792035714,154.8,7.5,0.21374999,0.00959992409,0.320925474
,711000999,-22.906260388706208,-43.156320792035714,154.8,7.5,0.21374999,0.00959992409,0.320925474
,711000999,-22.906260388706208,-43.156320792035714,154.8,7.5,0.21374999,0.00959992409,0.320925474
,711000999,-22.906260388706208,-43.156320792035714,154.8,7.5,0.21374999,0.00959992409,0.320925474
,711000999,-22.906260388706208,-43.156320792035714,154.8,7.5,0.21374999,0.00959992409,0.320925474
,711000999,-22.906260388706208,-43.156320792035714,154.8,7.5,0.21374999,0.00959992409,0.320925474
,711000999,-22.906260388706208,-43.156320792035714,154.8,7.5,0.21374999,0.00959992409,0.320925474
,711000999,-22.906260388706208,-43.156320792035714,154.8,7.5,0.21374999,0.00959992409,0.320925474
,711000999,-22.906291721216462,-43.156304356234486,154.8,7.5,0.21374999,0.00959992409,0.320925474
,711000999,-22.906291721216462,-43.156304356234486,154.8,7.5,0.21374999,0.00959992409,0.320925474
,711000999,-22.906291721216462,-43.156304356234486,154.8,7.5,0.21374999,0.00959992409,0.320925474
,711000999,-22.906291721216462,-43.156304356234486,154.8,7.5,0.21374999,0.00959992409,0.320925474
,711000999,-22.906291721216462,-43.156304356234486,154.8,7.5,0.21374999,0.00959992409,0.320925474
,711000999,-22.906291721216462,-43.156304356234486,154.8,7.5,0.21374999,0.00959992409,0.320925474
,711000999,-22.906291721216462,-43.156304356234486,154.8,7.5,0.21374999,0.00959992409,0.320925474
,711000999,-22.906291721216462,-43.156304356234486,154.8,7.5,0.21374999,0.00959992409,0.320925474
,711000999,-22.906291721216462,-43.156304356234486,154.8,7.5,0.21374999,0.00959992409,0.320925474
,711000999,-22.906291721216462,-43.156304356234486,154.8,7.5,0.21374999,0.00959992409,0.320925474
,711000999,-22.906291721216462,-43.156304356234486,154.8,7.5,0.21374999,0.00959992409,0.320925474
,711000999,-22.906291721216462,-43.156304356234486,154.8,7.5,0.21374999,0.00959992409,0.320925474
,711000999,-22.90632305372441,-43.15628792042529,154.8,7.5,0.21374999,0.00959992409,0.320925474
,711000999,-22.90632305372441,-43.15628792042529,154.8,7.5,0.21374999,0.00959992409,0.320925474
,711000999,-22.90632305372441,-43.15628792042529,154.8,7.5,0.21374999,0.00959992409,0.320925474
,711000999,-22.90632305372441,-43.15628792042529,154.8,7.5,0.21374999,0.00959992409,0.320925474
,711000999,-22.90632305372441,-43.15628792042529,154.8,7.5,0.21374999,0.00959992409,0.320925474
,711000999,-22.90632305372441,-43.15628792042529,154.8,7.5,0.21374999,0.00959992409,0.320925474
,711000999,-22.90632305372441,-43.15628792042529,154.8,7.5,0.21374999,0.00959992409,0.320925474
,711000999,-22.90632305372441,-43.15628792042529,154.8,7.5,0.21374999,0.00959992409,0.320925474
,711000999,-22.90632305372441,-43.15628792042529,154.8,7.5,0.21374999,0.00959992409,0.320925474
,711000999,-22.90632305372441,-43.15628792042529,154.8,7.5,0.21374999,0.00959992409,0.320925474
,711000999,-22.90632305372441,-43.15628792042529,154.8,7.5,0.21374999,0.00959992409,0.320925474
,711000999,-22.90632305372441,-43.15628792042529,154.8,7.5,0.21374999,0.00959992409,0.320925474
,711000999,-22.90632305372441,-43.15628792042529,154.8,7.5,0.21374999,0.00959992409,0.320925474
,711000999,-22.90632305372441,-43.15628792042529,154.8,7.5,0.21374999,0.00959992409,0.320925474
,711000999,-22.906354386230035,-43.15627148460811,154.8,7.5,0.21374999,0.00959992409,0.320925474
,711000999,-22.906354386230035,-43.15627148460811,154.8,7.5,0.21374999,0.00959992409,0.320925474
,711000999,-22.906354386230035,-43.15627148460811,154.8,7.5,0.217150003,0.00929999352,0.317965329
,711000999,-22.906354386230035,-43.15627148460811,154.8,7.5,0.217150003,0.00929999352,0.317965329
,711000999,-22.906354386230035,-43.15627148460811,154.8,7.5,0.217150003,0.00929999352,0.318312198
,711000999,-22.906354386230035,-43.15627148460811,154.8,7.5,0.217150003,0.00929999352,0.318312198
,711000999,-22.906354386230035,-43.15627148460811,154.8,7.5,0.217150003,0.00929999352,0.318312198
,711000999,-22.906354386230035,-43.15627148460811,154.8,7.5,0.217150003,0.00929999352,0.318312198
,711000999,-22.906354386230035,-43.15627148460811,154.8,7.5,0.217150003,0.00929999352,0.318312198
,711000999,-22.906354386230035,-43.15627148460811,154.8,7.5,0.217150003,0.00929999352,0.318312198
,711000999,-22.906354386230035,-43.15627148460811,154.8,7.5,0.217150003,0.00929999352,0.318312198
,711000999,-22.906354386230035,-43.15627148460811,154.8,7.5,0.217150003,0.00929999352,0.318312198
,711000999,-22.906354386230035,-43.15627148460811,154.8,7.5,0.217150003,0.00929999352,0.318312198
,711000999,-22.906354386230035,-43.15627148460811,154.8,7.5,0.217150003,0.00929999352,0.318312198
,711000999,-22.906354386230035,-43.15627148460811,154.8,7.5,0.217150003,0.00929999352,0.318312198
,711000999,-22.906385718733354,-43.15625504878297,154.8,7.5,0.217150003,0.00929999352,0.318312198
,711000999,-22.906385718733354,-43.15625504878297,154.8,7.5,0.217150003,0.00929999352,0.318312198
,711000999,-22.906385718733354,-43.15625504878297,154.8,7.5,0.217150003,0.00929999352,0.318312198
,711000999,-22.906385718733354,-43.15625504878297,154.8,7.5,0.217150003,0.00929999352,0.318312198
,711000999,-22.906385718733354,-43.15625504878297,154.8,7.5,0.217150003,0.00929999352,0.318312198
,711000999,-22.906385718733354,-43.15625504878297,154.8,7.5,0.217150003,0.00929999352,0.318312198
,711000999,-22.906385718733354,-43.15625504878297,154.8,7.5,0.217150003,0.00929999352,0.318312198
,711000999,-22.906385718733354,-43.15625504878297,154.8,7.5,0.217150003,0.00929999352,0.318312198
,711000999,-22.906385718733354,-43.15625504878297,154.8,7.5,0.217150003,0.00929999352,0.318312198
,711000999,-22.906385718733354,-43.15625504878297,154.8,7.5,0.217150003,0.00929999352,0.318312198
,711000999,-22.906385718733354,-43.15625504878297,154.8,7.5,0.217150003,0.00929999352,0.318312198
,711000999,-22.906385718733354,-43.15625504878297,154.8,7.5,0.217150003,0.00929999352,0.318312198
,711000999,-22.906385718733354,-43.15625504878297,154.8,7.5,0.217150003,0.00929999352,0.318312198
,711000999,-22.906417051234357,-43.15623861294983,154.8,7.5,0.217150003,0.00929999352,0.318312198
,711000999,-22.906417051234357,-43.15623861294983,154.8,7.5,0.217150003,0.00929999352,0.318312198
,711000999,-22.906417051234357,-43.15623861294983,154.8,7.5,0.217150003,0.00929999352,0.318312198
,711000999,-22.906417051234357,-43.15623861294983,154.8,7.5,0.217150003,0.00929999352,0.318312198
,711000999,-22.906417051234357,-43.15623861294983,154.8,7.5,0.217150003,0.00929999352,0.318312198
,711000999,-22.906417051234357,-43.15623861294983,154.8,7.5,0.217150003,0.00929999352,0.318312198
,711000999,-22.906417051234357,-43.15623861294983,154.8,7.5,0.217150003,0.00929999352,0.318312198
,711000999,-22.906417051234357,-43.15623861294983,154.8,7.5,0.217150003,0.00929999352,0.318312198
,711000999,-22.906417051234357,-43.15623861294983,154.8,7.5,0.217150003,0.00929999352,0.318312198
,711000999,-22.906417051234357,-43.15623861294983,154.8,7.5,0.217150003,0.00929999352,0.318312198
,711000999,-22.906417051234357,-43.15623861294983,154.8,7.5,0.217150003,0.00929999352,0.318312198
,711000999,-22.906417051234357,-43.15623861294983,154.8,7.5,0.217150003,0.00929999352,0.318312198
,711000999,-22.906417051234357,-43.15623861294983,154.8,7.5,0.217150003,0.00929999352,0.318312198
,711000999,-22.906417051234357,-43.15623861294983,154.8,7.5,0.217150003,0.00929999352,0.318312198
,711000999,-22.906448383733043,-43.156222177108724,154.8,7.5,0.217150003,0.00929999352,0.318312198
,711000999,-22.906448383733043,-43.156222177108724,154.8,7.5,0.220638886,0.00898885727,0.313867122
,711000999,-22.906448383733043,-43.156222177108724,154.8,7.5,0.220638886,0.00898885727,0.313867122
,711000999,-22.906448383733043,-43.156222177108724,154.8,7.5,0.220638886,0.00898885727,0.313021868
,711000999,-22.90651219557121,-43.15632043296655,160.9,7.3,0.220638886,0.00898885727,0.313021868
,711000999,-22.90651219557121,-43.15632043296655,160.9,7.3,0.220638886,0.00898885727,0.313021868
,711000999,-22.90651219557121,-43.15632043296655,160.9,7.3,0.220638886,0.00898885727,0.313021868
,711000999,-22.90651219557121,-43.15632043296655,160.9,7.3,0.220638886,0.00898885727,0.313021868
,711000999,-22.90651219557121,-43.15632043296655,160.9,7.3,0.220638886,0.00898885727,0.313021868
,711000999,-22.90651219557121,-43.15632043296655,160.9,7.3,0.220638886,0.00898885727,0.313021868
,711000999,-22.90651219557121,-43.15632043296655,160.9,7.3,0.220638886,0.00898885727,0.313021868
,711000999,-22.90651219557121,-43.15632043296655,160.9,7.3,0.220638886,0.00898885727,0.313021868
,711000999,-22.90651219557121,-43.15632043296655,160.9,7.3,0.220638886,0.00898885727,0.313021868
,711000999,-22.90651219557121,-43.15632043296655,160.9,7.3,0.220638886,0.00898885727,0.313021868
,711000999,-22.90651219557121,-43.15632043296655,160.9,7.3,0.220638886,0.00898885727,0.313021868
,711000999,-22.90651219557121,-43.15632043296655,160.9,7.3,0.220638886,0.00898885727,0.313021868
,711000999,-22.90651219557121,-43.15632043296655,160.9,7.3,0.220638886,0.00898885727,0.313021868
,711000999,-22.90651219557121,-43.15632043296655,160.9,7.3,0.220638886,0.00898885727,0.313021868
,711000999,-22.90651219557121,-43.15632043296655,160.9,7.3,0.220638886,0.00898885727,0.313021868
,711000999,-22.906607893047,-43.156283206547734,160.9,7.3,0.220638886,0.00898885727,0.313021868
,711000999,-22.906607893047,-43.156283206547734,160.9,7.3,0.218627781,0.00836670399,0.305758178
,711000999,-22.906607893047,-43.156283206547734,160.9,7.3,0.218627781,0.00836670399,0.305758178
,711000999,-22.906607893047,-43.156283206547734,160.9,7.3,0.218627781,0.00836670399,0.305758178
,711000999,-22.906607893047,-43.156283206547734,160.9,7.3,0.218627781,0.00836670399,0.305758178
,711000999,-22.906607893047,-43.156283206547734,160.9,7.3,0.218627781,0.00836670399,0.305758178
,711000999,-22.906607893047,-43.156283206547734,160.9,7.3,0.218627781,0.00836670399,0.305758178
,711000999,-22.906607893047,-43.156283206547734,160.9,7.3,0.218627781,0.00836670399,0.305758178
,711000999,-22.906607893047,-43.156283206547734,160.9,7.3,0.218627781,0.00836670399,0.305758178
,711000999,-22.906607893047,-43.156283206547734,160.9,7.3,0.218627781,0.00836670399,0.305758178
,711000999,-22.906607893047,-43.156283206547734,160.9,7.3,0.218627781,0.00836670399,0.305758178
,711000999,-22.906607893047,-43.156283206547734,160.9,7.3,0.218627781,0.00836670399,0.305758178
,711000999,-22.906639792202643,-43.15627079772885,160.9,7.3,0.218627781,0.00836670399,0.305758178
,711000999,-22.906639792202643,-43.15627079772885,160.9,7.3,0.218627781,0.00836670399,0.305758178
,711000999,-22.906639792202643,-43.15627079772885,160.9,7.3,0.218627781,0.00836670399,0.305758178
,711000999,-22.906639792202643,-43.15627079772885,160.9,7.3,0.218627781,0.00836670399,0.305758178
,711000999,-22.906639792202643,-43.15627079772885,160.9,7.3,0.218627781,0.00836670399,0.305758178
,711000999,-22.906639792202643,-43.15627079772885,160.9,7.3,0.218627781,0.00836670399,0.305758178
,711000999,-22.906639792202643,-43.15627079772885,160.9,7.3,0.218627781,0.00836670399,0.305758178
,711000999,-22.906639792202643,-43.15627079772885,160.9,7.3,0.218627781,0.00836670399,0.305758178
,711000999,-22.906639792202643,-43.15627079772885,160.9,7.3,0.218627781,0.00836670399,0.305758178
,711000999,-22.906639792202643,-43.15627079772885,160.9,7.3,0.218627781,0.00836670399,0.305758178
,711000999,-22.906639792202643,-43.15627079772885,160.9,7.3,0.218627781,0.00836670399,0.305758178
,711000999,-22.906639792202643,-43.15627079772885,160.9,7.3,0.218627781,0.00836670399,0.305758178
,711000999,-22.906639792202643,-43.15627079772885,160.9,7.3,0.218627781,0.00836670399,0.305758178
,711000999,-22.906639792202643,-43.15627079772885,160.9,7.3,0.218627781,0.00836670399,0.305758178
,711000999,-22.906639792202643,-43.15627079772885,160.9,7.3,0.218627781,0.00836670399,0.305758178
,711000999,-22.90667169135683,-43.15625838890366,160.9,7.3,0.218627781,0.00836670399,0.305758178
,711000999,-22.90667169135683,-43.15625838890366,160.9,7.3,0.218627781,0.00836670399,0.305758178
,711000999,-22.90667169135683,-43.15625838890366,160.9,7.3,0.218627781,0.00836670399,0.305758178
,711000999,-22.90667169135683,-43.15625838890366,160.9,7.3,0.218627781,0.00836670399,0.305758178
,711000999,-22.90667169135683,-43.15625838890366,160.9,7.3,0.218627781,0.00836670399,0.305758178
,711000999,-22.90667169135683,-43.15625838890366,160.9,7.3,0.218627781,0.00836670399,0.305758178
,711000999,-22.90667169135683,-43.15625838890366,160.9,7.3,0.218627781,0.00836670399,0.305758178
,711000999,-22.90667169135683,-43.15625838890366,160.9,7.3,0.2227889,0.00788891315,0.300089568
,711000999,-22.906703590509537,-43.15624598007217,160.9,7.3,0.2227889,0.00788891315,0.301116288
,711000999,-22.906703590509537,-43.15624598007217,160.9,7.3,0.2227889,0.00788891315,0.301116288
,711000999,-22.906703590509537,-43.15624598007217,160.9,7.3,0.2227889,0.00788891315,0.301116288
,711000999,-22.906703590509537,-43.15624598007217,160.9,7.3,0.2227889,0.00788891315,0.301116288
,711000999,-22.906703590509537,-43.15624598007217,160.9,7.3,0.2227889,0.00788891315,0.301116288
,711000999,-22.906703590509537,-43.15624598007217,160.9,7.3,0.2227889,0.00788891315,0.301116288
,711000999,-22.906703590509537,-43.15624598007217,160.9,7.3,0.2227889,0.00788891315,0.301116288
,711000999,-22.906703590509537,-43.15624598007217,160.9,7.3,0.2227889,0.00788891315,0.301116288
,711000999,-22.906703590509537,-43.15624598007217,160.9,7.3,0.2227889,0.00788891315,0.301116288
,711000999,-22.906703590509537,-43.15624598007217,160.9,7.3,0.2227889,0.00788891315,0.301116288
,711000999,-22.906703590509537,-43.15624598007217,160.9,7.3,0.2227889,0.00788891315,0.301116288
,711000999,-22.906703590509537,-43.15624598007217,160.9,7.3,0.2227889,0.00788891315,0.301116288
,711000999,-22.906703590509537,-43.15624598007217,160.9,7.3,0.2227889,0.00788891315,0.301116288
,711000999,-22.906703590509537,-43.15624598007217,160.9,7.3,0.2227889,0.00788891315,0.301116288
,711000999,-22.906703590509537,-43.15624598007217,160.9,7.3,0.2227889,0.00788891315,0.301116288
,711000999,-22.906735489660786,-43.156233571234374,160.9,7.3,0.2227889,0.00788891315,0.301116288
,711000999,-22.906735489660786,-43.156233571234374,160.9,7.3,0.2227889,0.00788891315,0.301116288
,711000999,-22.906735489660786,-43.156233571234374,160.9,7.3,0.2227889,0.00788891315,0.301116288
,711000999,-22.906735489660786,-43.156233571234374,160.9,7.3,0.2227889,0.00788891315,0.301116288
,711000999,-22.906735489660786,-43.156233571234374,160.9,7.3,0.2227889,0.00788891315,0.301116288
,711000999,-22.906735489660786,-43.156233571234374,160.9,7.3,0.2227889,0.00788891315,0.301116288
,711000999,-22.906735489660786,-43.156233571234374,160.9,7.3,0.2227889,0.00788891315,0.301116288
,711000999,-22.906735489660786,-43.156233571234374,160.9,7.3,0.2227889,0.00788891315,0.301116288
,711000999,-22.906735489660786,-43.156233571234374,160.9,7.3,0.2227889,0.00788891315,0.301116288
,711000999,-22.906735489660786,-43.156233571234374,160.9,7.3,0.2227889,0.00788891315,0.301116288
,711000999,-22.906735489660786,-43.156233571234374,160.9,7.3,0.2227889,0.00788891315,0.301116288
,711000999,-22.906735489660786,-43.156233571234374,160.9,7.3,0.2227889,0.00788891315,0.301116288
,711000999,-22.906735489660786,-43.156233571234374,160.9,7.3,0.2227889,0.00788891315,0.301116288
,711000999,-22.906735489660786,-43.156233571234374,160.9,7.3,0.2227889,0.00788891315,0.301116288
,711000999,-22.906735489660786,-43.156233571234374,160.9,7.3,0.2227889,0.00788891315,0.301116288
,711000999,-22.906735489660786,-43.156233571234374,160.9,7.3,0.2227889,0.00788891315,0.301116288
,711000999,-22.906735489660786,-43.156233571234374,160.9,7.3,0.2227889,0.00788891315,0.301116288
,711000999,-22.906735489660786,-43.156233571234374,160.9,7.3,0.2227889,0.00788891315,0.301116288
,711000999,-22.906735489660786,-43.156233571234374,160.9,7.3,0.2227889,0.00788891315,0.301116288
,711000999,-22.906735489660786,-43.156233571234374,160.9,7.3,0.2227889,0.00788891315,0.301116288
,711000999,-22.906735489660786,-43.156233571234374,160.9,7.3,0.2227889,0.00788891315,0.301116288
,711000999,-22.906735489660786,-43.156233571234374,160.9,7.3,0.2227889,0.00788891315,0.301116288
,711000999,-22.906735489660786,-43.156233571234374,160.9,7.3,0.2227889,0.00788891315,0.301116288
,711000999,-22.906735489660786,-43.156233571234374,160.9,7.3,0.2227889,0.00788891315,0.301116288
,711000999,-22.906735489660786,-43.156233571234374,160.9,7.3,0.2227889,0.00788891315,0.301116288
,711000999,-22.906735489660786,-43.156233571234374,160.9,7.3,0.2227889,0.00788891315,0.301116288
,711000999,-22.906735489660786,-43.156233571234374,160.9,7.3,0.2227889,0.00788891315,0.301116288
,711000999,-22.906735489660786,-43.156233571234374,160.9,7.3,0.2227889,0.00788891315,0.301116288
,711000999,-22.906735489660786,-43.156233571234374,160.9,7.3,0.2227889,0.00788891315,0.301116288
,711000999,-22.906735489660786,-43.156233571234374,160.9,7.3,0.2227889,0.00788891315,0.301116288
,711000999,-22.906767388810554,-43.15622116239027,160.9,7.3,0.2227889,0.00788891315,0.301116288
,711000999,-22.906767388810554,-43.15622116239027,160.9,7.3,0.2227889,0.00788891315,0.301116288
,711000999,-22.906767388810554,-43.15622116239027,160.9,7.3,0.2227889,0.00788891315,0.301116288
,711000999,-22.906767388810554,-43.15622116239027,160.9,7.3,0.2227889,0.00788891315,0.301116288
,711000999,-22.906767388810554,-43.15622116239027,160.9,7.3,0.2227889,0.00788891315,0.301116288
,711000999,-22.906767388810554,-43.15622116239027,160.9,7.3,0.2227889,0.00788891315,0.301116288
,711000999,-22.906767388810554,-43.15622116239027,160.9,7.3,0.2227889,0.00788891315,0.301116288
,711000999,-22.906767388810554,-43.15622116239027,160.9,7.3,0.2227889,0.00788891315,0.301116288
,711000999,-22.906767388810554,-43.15622116239027,160.9,7.3,0.2227889,0.00788891315,0.301116288
,711000999,-22.906767388810554,-43.15622116239027,160.9,7.3,0.2227889,0.00788891315,0.301116288
,711000999,-22.906767388810554,-43.15622116239027,160.9,7.3,0.2227889,0.00788891315,0.301116288
,711000999,-22.906767388810554,-43.15622116239027,160.9,7.3,0.2227889,0.00788891315,0.301116288
,711000999,-22.906767388810554,-43.15622116239027,160.9,7.3,0.2227889,0.00788891315,0.301116288
,711000999,-22.906767388810554,-43.15622116239027,160.9,7.3,0.2227889,0.00788891315,0.301116288
,711000999,-22.906807521002836,-43.15621004346635,160.9,7.3,0.2227889,0.00788891315,0.301116288
,711000999,-22.906807521002836,-43.15621004346635,160.9,7.3,0.2227889,0.00788891315,0.301116288
,711000999,-22.906807521002836,-43.15621004346635,160.9,7.3,0.2227889,0.00788891315,0.301116288
,711000999,-22.906807521002836,-43.15621004346635,160.9,7.3,0.2227889,0.00788891315,0.301116288
,711000999,-22.906807521002836,-43.15621004346635,160.9,7.3,0.2227889,0.00788891315,0.301116288
,711000999,-22.906807521002836,-43.15621004346635,160.9,7.3,0.2227889,0.00788891315,0.301116288
,711000999,-22.906807521002836,-43.15621004346635,160.9,7.3,0.2227889,0.00788891315,0.301116288
,711000999,-22.906807521002836,-43.15621004346635,160.9,7.3,0.2227889,0.00788891315,0.301116288
,711000999,-22.906807521002836,-43.15621004346635,160.9,7.3,0.2227889,0.00788891315,0.301116288
,711000999,-22.906807521002836,-43.15621004346635,160.9,7.3,0.2227889,0.00788891315,0.301116288
,711000999,-22.906807521002836,-43.15621004346635,160.9,7.3,0.226011112,0.00754439831,0.295784056
,711000999,-22.906807521002836,-43.15621004346635,160.9,7.3,0.226011112,0.00754439831,0.295784056
,711000999,-22.906807521002836,-43.15621004346635,160.9,7.3,0.226011112,0.00754439831,0.295784056
,711000999,-22.906807521002836,-43.15621004346635,160.9,7.3,0.226011112,0.00754439831,0.295784056
,711000999,-22.906807521002836,-43.15621004346635,160.9,7.3,0.226011112,0.00754439831,0.296529591
,711000999,-22.906807521002836,-43.15621004346635,160.9,7.3,0.226011112,0.00754439831,0.296529591
,711000999,-22.906807521002836,-43.15621004346635,160.9,7.3,0.226011112,0.00754439831,0.296529591
,711000999,-22.906807521002836,-43.15621004346635,160.9,7.3,0.226011112,0.00754439831,0.296529591
,711000999,-22.906807521002836,-43.15621004346635,160.9,7.3,0.226011112,0.00754439831,0.296529591
,711000999,-22.906807521002836,-43.15621004346635,160.9,7.3,0.226011112,0.00754439831,0.296529591
,711000999,-22.906807521002836,-43.15621004346635,160.9,7.3,0.226011112,0.00754439831,0.296529591
,711000999,-22.906807521002836,-43.15621004346635,160.9,7.3,0.226011112,0.00754439831,0.296529591
,711000999,-22.906807521002836,-43.15621004346635,160.9,7.3,0.226011112,0.00754439831,0.296529591
,711000999,-22.906807521002836,-43.15621004346635,160.9,7.3,0.226011112,0.00754439831,0.296529591
,711000999,-22.906807521002836,-43.15621004346635,160.9,7.3,0.226011112,0.00754439831,0.296529591
,711000999,-22.906807521002836,-43.15621004346635,160.9,7.3,0.226011112,0.00754439831,0.296529591
,711000999,-22.906807521002836,-43.15621004346635,160.9,7.3,0.226011112,0.00754439831,0.296529591
,711000999,-22.906807521002836,-43.15621004346635,160.9,7.3,0.226011112,0.00754439831,0.296529591
,711000999,-22.906807521002836,-43.15621004346635,160.9,7.3,0.226011112,0.00754439831,0.296529591
,711000999,-22.906807521002836,-43.15621004346635,160.9,7.3,0.226011112,0.00754439831,0.296529591
,711000999,-22.9068394201497,-43.156197634609036,160.9,7.3,0.226011112,0.00754439831,0.296529591
,711000999,-22.9068394201497,-43.156197634609036,160.9,7.3,0.226011112,0.00754439831,0.296529591
,711000999,-22.9068394201497,-43.156197634609036,160.9,7.3,0.226011112,0.00754439831,0.296529591
,711000999,-22.9068394201497,-43.156197634609036,160.9,7.3,0.226011112,0.00754439831,0.296529591
,711000999,-22.9068394201497,-43.156197634609036,160.9,7.3,0.226011112,0.00754439831,0.296529591
,711000999,-22.9068394201497,-43.156197634609036,160.9,7.3,0.226011112,0.00754439831,0.296529591
,711000999,-22.9068394201497,-43.156197634609036,160.9,7.3,0.226011112,0.00754439831,0.296529591
,711000999,-22.9068394201497,-43.156197634609036,160.9,7.3,0.226011112,0.00754439831,0.296529591
,711000999,-22.9068394201497,-43.156197634609036,160.9,7.3,0.226011112,0.00754439831,0.296529591
,711000999,-22.9068394201497,-43.156197634609036,160.9,7.3,0.226011112,0.00754439831,0.296529591
,711000999,-22.9068394201497,-43.156197634609036,160.9,7.3,0.226011112,0.00754439831,0.296529591
,711000999,-22.9068394201497,-43.156197634609036,160.9,7.3,0.226011112,0.00754439831,0.296529591
,711000999,-22.9068394201497,-43.156197634609036,160.9,7.3,0.226011112,0.00754439831,0.296529591
,711000999,-22.9068394201497,-43.156197634609036,160.9,7.3,0.226011112,0.00754439831,0.296529591
,711000999,-22.9068394201497,-43.156197634609036,160.9,7.3,0.226011112,0.00754439831,0.296529591
,711000999,-22.9068394201497,-43.156197634609036,160.9,7.3,0.226011112,0.00754439831,0.296529591
,711000999,-22.9068713192951,-43.15618522574542,160.9,7.3,0.226011112,0.00754439831,0.296529591
,711000999,-22.9068713192951,-43.15618522574542,160.9,7.3,0.226011112,0.00754439831,0.296529591
,711000999,-22.9068713192951,-43.15618522574542,160.9,7.3,0.226011112,0.00754439831,0.296529591
,711000999,-22.9068713192951,-43.15618522574542,160.9,7.3,0.226011112,0.00754439831,0.296529591
,711000999,-22.9068713192951,-43.15618522574542,160.9,7.3,0.226011112,0.00754439831,0.296529591
,711000999,-22.9068713192951,-43.15618522574542,160.9,7.3,0.226011112,0.00754439831,0.296529591
,711000999,-22.9068713192951,-43.15618522574542,160.9,7.3,0.226011112,0.00754439831,0.296529591
,711000999,-22.9068713192951,-43.15618522574542,160.9,7.3,0.226011112,0.00754439831,0.296529591
,711000999,-22.9068713192951,-43.15618522574542,160.9,7.3,0.226011112,0.00754439831,0.296529591
,711000999,-22.9068713192951,-43.15618522574542,160.9,7.3,0.226011112,0.00754439831,0.296529591
,711000999,-22.9068713192951,-43.15618522574542,160.9,7.3,0.226011112,0.00754439831,0.296529591
,711000999,-22.9068713192951,-43.15618522574542,160.9,7.3,0.226011112,0.00754439831,0.296529591
,711000999,-22.9068713192951,-43.15618522574542,160.9,7.3,0.226011112,0.00754439831,0.296529591
,711000999,-22.9068713192951,-43.15618522574542,160.9,7.3,0.226011112,0.00754439831,0.296529591
,711000999,-22.9068713192951,-43.15618522574542,160.9,7.3,0.226011112,0.00754439831,0.296529591
,711000999,-22.9068713192951,-43.15618522574542,160.9,7.3,0.226011112,0.00754439831,0.296529591
,711000999,-22.9068713192951,-43.15618522574542,160.9,7.3,0.226011112,0.00754439831,0.296529591
,711000999,-22.9068713192951,-43.15618522574542,160.9,7.3,0.226011112,0.00754439831,0.296529591
,711000999,-22.9068713192951,-43.15618522574542,160.9,7.3,0.226011112,0.00754439831,0.296529591
,711000999,-22.9068713192951,-43.15618522574542,160.9,7.3,0.226011112,0.00754439831,0.296529591
,711000999,-22.9068713192951,-43.15618522574542,160.9,7.3,0.226011112,0.00754439831,0.296529591
,711000999,-22.9068713192951,-43.15618522574542,160.9,7.3,0.226011112,0.00754439831,0.296529591
,711000999,-22.9068713192951,-43.15618522574542,160.9,7.3,0.226011112,0.00754439831,0.296529591
,711000999,-22.9068713192951,-43.15618522574542,160.9,7.3,0.226011112,0.00754439831,0.296529591
,711000999,-22.9068713192951,-43.15618522574542,160.9,7.3,0.226011112,0.00754439831,0.296529591
,711000999,-22.9068713192951,-43.15618522574542,160.9,7.3,0.226011112,0.00754439831,0.296529591
,711000999,-22.9068713192951,-43.15618522574542,160.9,7.3,0.226011112,0.00754439831,0.296529591
,711000999,-22.9068713192951,-43.15618522574542,160.9,7.3,0.226011112,0.00754439831,0.296529591
,711000999,-22.9068713192951,-43.15618522574542,160.9,7.3,0.226011112,0.00754439831,0.296529591
,711000999,-22.9068713192951,-43.15618522574542,160.9,7.3,0.226011112,0.00754439831,0.296529591
,711000999,-22.9068713192951,-43.15618522574542,160.9,7.3,0.226011112,0.00754439831,0.296529591
,711000999,-22.9068713192951,-43.15618522574542,160.9,7.3,0.226011112,0.00754439831,0.296529591
,711000999,-22.90690321843903,-43.1561728168755,160.9,7.3,0.226011112,0.00754439831,0.296529591
,711000999,-22.90690321843903,-43.1561728168755,160.9,7.3,0.226011112,0.00754439831,0.296529591
,711000999,-22.90690321843903,-43.1561728168755,160.9,7.3,0.226011112,0.00754439831,0.296529591
,711000999,-22.90690321843903,-43.1561728168755,160.9,7.3,0.226011112,0.00754439831,0.296529591
,711000999,-22.90690321843903,-43.1561728168755,160.9,7.3,0.226011112,0.00754439831,0.296529591
,711000999,-22.90690321843903,-43.1561728168755,160.9,7.3,0.226011112,0.00754439831,0.296529591
,711000999,-22.90690321843903,-43.1561728168755,160.9,7.3,0.226011112,0.00754439831,0.296529591
,711000999,-22.90690321843903,-43.1561728168755,160.9,7.3,0.226011112,0.00754439831,0.296529591
,711000999,-22.90690321843903,-43.1561728168755,160.9,7.3,0.226011112,0.00754439831,0.296529591
,711000999,-22.90690321843903,-43.1561728168755,160.9,7.3,0.226011112,0.00754439831,0.296529591
,711000999,-22.90690321843903,-43.1561728168755,160.9,7.3,0.226011112,0.00754439831,0.296529591
,711000999,-22.90690321843903,-43.1561728168755,160.9,7.3,0.226011112,0.00754439831,0.296529591
,711000999,-22.90690321843903,-43.1561728168755,160.9,7.3,0.226011112,0.00754439831,0.296529591
,711000999,-22.90690321843903,-43.1561728168755,160.9,7.3,0.226011112,0.00754439831,0.296529591
,711000999,-22.90696701672247,-43.156147999116726,160.9,7.3,0.229399994,0.00713336468,0.291074365
,711000999,-22.90696701672247,-43.156147999116726,160.9,7.3,0.229399994,0.00713336468,0.291074365
,711000999,-22.90696701672247,-43.156147999116726,160.9,7.3,0.229399994,0.00713336468,0.291942954
,711000999,-22.90696701672247,-43.156147999116726,160.9,7.3,0.229399994,0.00713336468,0.291942954
,711000999,-22.90696701672247,-43.156147999116726,160.9,7.3,0.229399994,0.00713336468,0.291942954
,711000999,-22.90696701672247,-43.156147999116726,160.9,7.3,0.229399994,0.00713336468,0.291942954
,711000999,-22.90696701672247,-43.156147999116726,160.9,7.3,0.229399994,0.00713336468,0.291942954
,711000999,-22.90696701672247,-43.156147999116726,160.9,7.3,0.229399994,0.00713336468,0.291942954
,711000999,-22.90696701672247,-43.156147999116726,160.9,7.3,0.229399994,0.00713336468,0.291942954
,711000999,-22.90696701672247,-43.156147999116726,160.9,7.3,0.229399994,0.00713336468,0.291942954
,711000999,-22.90696701672247,-43.156147999116726,160.9,7.3,0.229399994,0.00713336468,0.291942954
,711000999,-22.90696701672247,-43.156147999116726,160.9,7.3,0.229399994,0.00713336468,0.291942954
,711000999,-22.90696701672247,-43.156147999116726,160.9,7.3,0.229399994,0.00713336468,0.291942954
,711000999,-22.90696701672247,-43.156147999116726,160.9,7.3,0.229399994,0.00713336468,0.291942954
,711000999,-22.90696701672247,-43.156147999116726,160.9,7.3,0.229399994,0.00713336468,0.291942954
,711000999,-22.90696701672247,-43.156147999116726,160.9,7.3,0.229399994,0.00713336468,0.291942954
,711000999,-22.90696701672247,-43.156147999116726,160.9,7.3,0.229399994,0.00713336468,0.291942954
,711000999,-22.90696701672247,-43.156147999116726,160.9,7.3,0.229399994,0.00713336468,0.291942954
,711000999,-22.90696701672247,-43.156147999116726,160.9,7.3,0.229399994,0.00713336468,0.291942954
,711000999,-22.90696701672247,-43.156147999116726,160.9,7.3,0.229399994,0.00713336468,0.291942954
,711000999,-22.90696701672247,-43.156147999116726,160.9,7.3,0.229399994,0.00713336468,0.291942954
,711000999,-22.90696701672247,-43.156147999116726,160.9,7.3,0.229399994,0.00713336468,0.291942954
,711000999,-22.90696701672247,-43.156147999116726,160.9,7.3,0.229399994,0.00713336468,0.291942954
,711000999,-22.90696701672247,-43.156147999116726,160.9,7.3,0.229399994,0.00713336468,0.291942954
,711000999,-22.90696701672247,-43.156147999116726,160.9,7.3,0.229399994,0.00713336468,0.291942954
,711000999,-22.90696701672247,-43.156147999116726,160.9,7.3,0.229399994,0.00713336468,0.291942954
,711000999,-22.90696701672247,-43.156147999116726,160.9,7.3,0.229399994,0.00713336468,0.291942954
,711000999,-22.90696701672247,-43.156147999116726,160.9,7.3,0.229399994,0.00713336468,0.291942954
,711000999,-22.906998915861987,-43.15613559022788,160.9,7.3,0.229399994,0.00713336468,0.291942954
,711000999,-22.906998915861987,-43.15613559022788,160.9,7.3,0.229399994,0.00713336468,0.291942954
,711000999,-22.906998915861987,-43.15613559022788,160.9,7.3,0.229399994,0.00713336468,0.291942954
,711000999,-22.906998915861987,-43.15613559022788,160.9,7.3,0.229399994,0.00713336468,0.291942954
,711000999,-22.906998915861987,-43.15613559022788,160.9,7.3,0.229399994,0.00713336468,0.291942954
,711000999,-22.906998915861987,-43.15613559022788,160.9,7.3,0.229399994,0.00713336468,0.291942954
,711000999,-22.906998915861987,-43.15613559022788,160.9,7.3,0.229399994,0.00713336468,0.291942954
,711000999,-22.906998915861987,-43.15613559022788,160.9,7.3,0.229399994,0.00713336468,0.291942954
,711000999,-22.906998915861987,-43.15613559022788,160.9,7.3,0.229399994,0.00713336468,0.291942954
,711000999,-22.906998915861987,-43.15613559022788,160.9,7.3,0.229399994,0.00713336468,0.291942954
,711000999,-22.906998915861987,-43.15613559022788,160.9,7.3,0.232794449,0.00675559044,0.286840528
,711000999,-22.906998915861987,-43.15613559022788,160.9,7.3,0.232794449,0.00675559044,0.286840528
,711000999,-22.906998915861987,-43.15613559022788,160.9,7.3,0.232794449,0.00675559044,0.286840528
,711000999,-22.906998915861987,-43.15613559022788,160.9,7.3,0.232794449,0.00675559044,0.286840528
,711000999,-22.906998915861987,-43.15613559022788,160.9,7.3,0.232794449,0.00675559044,0.287356317
,711000999,-22.906998915861987,-43.15613559022788,160.9,7.3,0.232794449,0.00675559044,0.287356317
,711000999,-22.906998915861987,-43.15613559022788,160.9,7.3,0.232794449,0.00675559044,0.287356317
,711000999,-22.906998915861987,-43.15613559022788,160.9,7.3,0.232794449,0.00675559044,0.287356317
,711000999,-22.906998915861987,-43.15613559022788,160.9,7.3,0.232794449,0.00675559044,0.287356317
,711000999,-22.906998915861987,-43.15613559022788,160.9,7.3,0.232794449,0.00675559044,0.287356317
,711000999,-22.906998915861987,-43.15613559022788,160.9,7.3,0.232794449,0.00675559044,0.287356317
,711000999,-22.906998915861987,-43.15613559022788,160.9,7.3,0.232794449,0.00675559044,0.287356317
,711000999,-22.906998915861987,-43.15613559022788,160.9,7.3,0.232794449,0.00675559044,0.287356317
,711000999,-22.906998915861987,-43.15613559022788,160.9,7.3,0.232794449,0.00675559044,0.287356317
,711000999,-22.906998915861987,-43.15613559022788,160.9,7.3,0.232794449,0.00675559044,0.287356317
,711000999,-22.906998915861987,-43.15613559022788,160.9,7.3,0.232794449,0.00675559044,0.287356317
,711000999,-22.906998915861987,-43.15613559022788,160.9,7.3,0.232794449,0.00675559044,0.287356317
,711000999,-22.906998915861987,-43.15613559022788,160.9,7.3,0.232794449,0.00675559044,0.287356317
,711000999,-22.906998915861987,-43.15613559022788,160.9,7.3,0.232794449,0.00675559044,0.287356317
,711000999,-22.906998915861987,-43.15613559022788,160.9,7.3,0.232794449,0.00675559044,0.287356317
,711000999,-22.907030815000034,-43.15612318133274,160.9,7.3,0.232794449,0.00675559044,0.287356317
,711000999,-22.907030815000034,-43.15612318133274,160.9,7.3,0.232794449,0.00675559044,0.287356317
,711000999,-22.907030815000034,-43.15612318133274,160.9,7.3,0.232794449,0.00675559044,0.287356317
,711000999,-22.907030815000034,-43.15612318133274,160.9,7.3,0.232794449,0.00675559044,0.287356317
,711000999,-22.907030815000034,-43.15612318133274,160.9,7.3,0.232794449,0.00675559044,0.287356317
,711000999,-22.907030815000034,-43.15612318133274,160.9,7.3,0.232794449,0.00675559044,0.287356317
,711000999,-22.907030815000034,-43.15612318133274,160.9,7.3,0.232794449,0.00675559044,0.287356317
,711000999,-22.907030815000034,-43.15612318133274,160.9,7.3,0.232794449,0.00675559044,0.287356317
,711000999,-22.907030815000034,-43.15612318133274,160.9,7.3,0.232794449,0.00675559044,0.287356317
,711000999,-22.907030815000034,-43.15612318133274,160.9,7.3,0.232794449,0.00675559044,0.287356317
,711000999,-22.907030815000034,-43.15612318133274,160.9,7.3,0.232794449,0.00675559044,0.287356317
,711000999,-22.907030815000034,-43.15612318133274,160.9,7.3,0.232794449,0.00675559044,0.287356317
,711000999,-22.907030815000034,-43.15612318133274,160.9,7.3,0.232794449,0.00675559044,0.287356317
,711000999,-22.907030815000034,-43.15612318133274,160.9,7.3,0.232794449,0.00675559044,0.287356317
,711000999,-22.907030815000034,-43.15612318133274,160.9,7.3,0.232794449,0.00675559044,0.287356317
,711000999,-22.907030815000034,-43.15612318133274,160.9,7.3,0.232794449,0.00675559044,0.287356317
,711000999,-22.907030815000034,-43.15612318133274,160.9,7.3,0.232794449,0.00675559044,0.287356317
,711000999,-22.907030815000034,-43.15612318133274,160.9,7.3,0.232794449,0.00675559044,0.287356317
,711000999,-22.907030815000034,-43.15612318133274,160.9,7.3,0.232794449,0.00675559044,0.287356317
,711000999,-22.907030815000034,-43.15612318133274,160.9,7.3,0.232794449,0.00675559044,0.287356317
,711000999,-22.907030815000034,-43.15612318133274,160.9,7.3,0.232794449,0.00675559044,0.287356317
,711000999,-22.907030815000034,-43.15612318133274,160.9,7.3,0.232794449,0.00675559044,0.287356317
,711000999,-22.907030815000034,-43.15612318133274,160.9,7.3,0.232794449,0.00675559044,0.287356317
,711000999,-22.907030815000034,-43.15612318133274,160.9,7.3,0.232794449,0.00675559044,0.287356317
,711000999,-22.907030815000034,-43.15612318133274,160.9,7.3,0.232794449,0.00675559044,0.287356317
,711000999,-22.907030815000034,-43.15612318133274,160.9,7.3,0.232794449,0.00675559044,0.287356317
,711000999,-22.907030815000034,-43.15612318133274,160.9,7.3,0.232794449,0.00675559044,0.287356317
,711000999,-22.907030815000034,-43.15612318133274,160.9,7.3,0.232794449,0.00675559044,0.287356317
,711000999,-22.907030815000034,-43.15612318133274,160.9,7.3,0.232794449,0.00675559044,0.287356317
,711000999,-22.907030815000034,-43.15612318133274,160.9,7.3,0.232794449,0.00675559044,0.287356317
,711000999,-22.9070627141366,-43.15611077243129,160.9,7.3,0.232794449,0.00675559044,0.287356317
,711000999,-22.9070627141366,-43.15611077243129,160.9,7.3,0.232794449,0.00675559044,0.287356317
,711000999,-22.9070627141366,-43.15611077243129,160.9,7.3,0.232794449,0.00675559044,0.287356317
,711000999,-22.9070627141366,-43.15611077243129,160.9,7.3,0.232794449,0.00675559044,0.287356317
,711000999,-22.9070627141366,-43.15611077243129,160.9,7.3,0.232794449,0.00675559044,0.287356317
,711000999,-22.9070627141366,-43.15611077243129,160.9,7.3,0.232794449,0.00675559044,0.287356317
,711000999,-22.9070627141366,-43.15611077243129,160.9,7.3,0.232794449,0.00675559044,0.287356317
,711000999,-22.9070627141366,-43.15611077243129,160.9,7.3,0.232794449,0.00675559044,0.287356317
,711000999,-22.9070627141366,-43.15611077243129,160.9,7.3,0.232794449,0.00675559044,0.287356317
,711000999,-22.9070627141366,-43.15611077243129,160.9,7.3,0.232794449,0.00675559044,0.287356317
,711000999,-22.9070627141366,-43.15611077243129,160.9,7.3,0.232794449,0.00675559044,0.287356317
,711000999,-22.9070627141366,-43.15611077243129,160.9,7.3,0.232794449,0.00675559044,0.287356317
,711000999,-22.9070627141366,-43.15611077243129,160.9,7.3,0.232794449,0.00675559044,0.287356317
,711000999,-22.9070627141366,-43.15611077243129,160.9,7.3,0.232794449,0.00675559044,0.287356317
,711000999,-22.9070627141366,-43.15611077243129,160.9,7.3,0.232794449,0.00675559044,0.287356317
,711000999,-22.9070627141366,-43.15611077243129,160.9,7.3,0.232794449,0.00675559044,0.287356317
,711000999,-22.9070627141366,-43.15611077243129,160.9,7.3,0.232794449,0.00675559044,0.287356317
,711000999,-22.9070627141366,-43.15611077243129,160.9,7.3,0.232794449,0.00675559044,0.287356317
,711000999,-22.90709461327171,-43.15609836352353,160.9,7.3,0.232794449,0.00675559044,0.287356317
,711000999,-22.90709461327171,-43.15609836352353,160.9,7.3,0.232794449,0.00675559044,0.287356317
,711000999,-22.90709461327171,-43.15609836352353,160.9,7.3,0.232794449,0.00675559044,0.287356317
,711000999,-22.90709461327171,-43.15609836352353,160.9,7.3,0.232794449,0.00675559044,0.287356317
,711000999,-22.90710284578391,-43.15609965396615,160.9,7.3,0.232794449,0.00675559044,0.287356317
,711000999,-22.90710284578391,-43.15609965396615,160.9,7.3,0.232794449,0.00675559044,0.287356317
,711000999,-22.90710284578391,-43.15609965396615,160.9,7.3,0.236283317,0.00637769699,0.282714427
,711000999,-22.90710284578391,-43.15609965396615,160.9,7.3,0.236283317,0.00637769699,0.282714427
,711000999,-22.90710284578391,-43.15609965396615,160.9,7.3,0.236283317,0.00637769699,0.282714427
,711000999,-22.90710284578391,-43.15609965396615,160.9,7.3,0.236283317,0.00637769699,0.282714427
,711000999,-22.90710284578391,-43.15609965396615,160.9,7.3,0.236283317,0.00637769699,0.282714427
,711000999,-22.90710284578391,-43.15609965396615,160.9,7.3,0.236283317,0.00637769699,0.282714427
,711000999,-22.90710284578391,-43.15609965396615,160.9,7.3,0.236283317,0.00637769699,0.282714427
,711000999,-22.90710284578391,-43.15609965396615,160.9,7.3,0.236283317,0.00637769699,0.282714427
,711000999,-22.90710284578391,-43.15609965396615,160.9,7.3,0.236283317,0.00637769699,0.282714427
,711000999,-22.90710284578391,-43.15609965396615,160.9,7.3,0.236283317,0.00637769699,0.282714427
,711000999,-22.90710284578391,-43.15609965396615,160.9,7.3,0.236283317,0.00637769699,0.282714427
,711000999,-22.90710284578391,-43.15609965396615,160.9,7.3,0.236283317,0.00637769699,0.282714427
,711000999,-22.90710284578391,-43.15609965396615,160.9,7.3,0.236283317,0.00637769699,0.282714427
,711000999,-22.90710284578391,-43.15609965396615,160.9,7.3,0.236283317,0.00637769699,0.282714427
,711000999,-22.90710284578391,-43.15609965396615,160.9,7.3,0.236283317,0.00637769699,0.282714427
,711000999,-22.90710284578391,-43.15609965396615,160.9,7.3,0.236283317,0.00637769699,0.282714427
,711000999,-22.90710284578391,-43.15609965396615,160.9,7.3,0.236283317,0.00637769699,0.282714427
,711000999,-22.90710284578391,-43.15609965396615,160.9,7.3,0.236283317,0.00637769699,0.282714427
,711000999,-22.90713474491758,-43.15608724505149,160.9,7.3,0.236283317,0.00637769699,0.282714427
,711000999,-22.90713474491758,-43.15608724505149,160.9,7.3,0.236283317,0.00637769699,0.282714427
,711000999,-22.90713474491758,-43.15608724505149,160.9,7.3,0.236283317,0.00637769699,0.282714427
,711000999,-22.90713474491758,-43.15608724505149,160.9,7.3,0.236283317,0.00637769699,0.282714427
,711000999,-22.90713474491758,-43.15608724505149,160.9,7.3,0.236283317,0.00637769699,0.282714427
,711000999,-22.90713474491758,-43.15608724505149,160.9,7.3,0.236283317,0.00637769699,0.282714427
,711000999,-22.90713474491758,-43.15608724505149,160.9,7.3,0.236283317,0.00637769699,0.282714427
,711000999,-22.90713474491758,-43.15608724505149,160.9,7.3,0.236283317,0.00637769699,0.282714427
,711000999,-22.90713474491758,-43.15608724505149,160.9,7.3,0.236283317,0.00637769699,0.282714427
,711000999,-22.90713474491758,-43.15608724505149,160.9,7.3,0.236283317,0.00637769699,0.282714427
,711000999,-22.90713474491758,-43.15608724505149,160.9,7.3,0.236283317,0.00637769699,0.282714427
,711000999,-22.90713474491758,-43.15608724505149,160.9,7.3,0.236283317,0.00637769699,0.282714427
,711000999,-22.90713474491758,-43.15608724505149,160.9,7.3,0.236283317,0.00637769699,0.282714427
,711000999,-22.90713474491758,-43.15608724505149,160.9,7.3,0.236283317,0.00637769699,0.282714427
,711000999,-22.90713474491758,-43.15608724505149,160.9,7.3,0.236283317,0.00637769699,0.282714427
,711000999,-22.90713474491758,-43.15608724505149,160.9,7.3,0.236283317,0.00637769699,0.282714427
,711000999,-22.90713474491758,-43.15608724505149,160.9,7.3,0.236283317,0.00637769699,0.282714427
,711000999,-22.90713474491758,-43.15608724505149,160.9,7.3,0.236283317,0.00637769699,0.282714427
,711000999,-22.90713474491758,-43.15608724505149,160.9,7.3,0.236283317,0.00637769699,0.282714427
,711000999,-22.90713474491758,-43.15608724505149,160.9,7.3,0.236283317,0.00637769699,0.282714427
,711000999,-22.90713474491758,-43.15608724505149,160.9,7.3,0.236283317,0.00637769699,0.282714427
,711000999,-22.90713474491758,-43.15608724505149,160.9,7.3,0.236283317,0.00637769699,0.282714427
,711000999,-22.90713474491758,-43.15608724505149,160.9,7.3,0.236283317,0.00637769699,0.282714427
,711000999,-22.90713474491758,-43.15608724505149,160.9,7.3,0.236283317,0.00637769699,0.282714427
,711000999,-22.90713474491758,-43.15608724505149,160.9,7.3,0.236283317,0.00637769699,0.282714427
,711000999,-22.90713474491758,-43.15608724505149,160.9,7.3,0.236283317,0.00637769699,0.282714427
,711000999,-22.90713474491758,-43.15608724505149,160.9,7.3,0.236283317,0.00637769699,0.282714427
,711000999,-22.90713474491758,-43.15608724505149,160.9,7.3,0.236283317,0.00637769699,0.282714427
,711000999,-22.90713474491758,-43.15608724505149,160.9,7.3,0.236283317,0.00637769699,0.282714427
,711000999,-22.90713474491758,-43.15608724505149,160.9,7.3,0.236283317,0.00637769699,0.282714427
,711000999,-22.907166644049777,-43.15607483613052,160.9,7.3,0.236283317,0.00637769699,0.282714427
,711000999,-22.907166644049777,-43.15607483613052,160.9,7.3,0.236283317,0.00637769699,0.282714427
,711000999,-22.907166644049777,-43.15607483613052,160.9,7.3,0.236283317,0.00637769699,0.282714427
,711000999,-22.907166644049777,-43.15607483613052,160.9,7.3,0.236283317,0.00637769699,0.282714427
,711000999,-22.907166644049777,-43.15607483613052,160.9,7.3,0.236283317,0.00637769699,0.282714427
,711000999,-22.907166644049777,-43.15607483613052,160.9,7.3,0.236283317,0.00637769699,0.282714427
,711000999,-22.907166644049777,-43.15607483613052,160.9,7.3,0.236283317,0.00637769699,0.282714427
,711000999,-22.907166644049777,-43.15607483613052,160.9,7.3,0.236283317,0.00637769699,0.282714427
,711000999,-22.907166644049777,-43.15607483613052,160.9,7.3,0.236283317,0.00637769699,0.282714427
,711000999,-22.907166644049777,-43.15607483613052,160.9,7.3,0.236283317,0.00637769699,0.282714427
,711000999,-22.907166644049777,-43.15607483613052,160.9,7.3,0.236283317,0.00637769699,0.282714427
,711000999,-22.907166644049777,-43.15607483613052,160.9,7.3,0.236283317,0.00637769699,0.282714427
,711000999,-22.907166644049777,-43.15607483613052,160.9,7.3,0.238761112,0.00607776642,0.279432237
,711000999,-22.907166644049777,-43.15607483613052,160.9,7.3,0.238761112,0.00607776642,0.279432237
,711000999,-22.907166644049777,-43.15607483613052,160.9,7.3,0.238761112,0.00607776642,0.279432237
,711000999,-22.907166644049777,-43.15607483613052,160.9,7.3,0.238761112,0.00607776642,0.279432237
,711000999,-22.907166644049777,-43.15607483613052,160.9,7.3,0.238761112,0.00607776642,0.280448705
,711000999,-22.907166644049777,-43.15607483613052,160.9,7.3,0.238761112,0.00607776642,0.280448705
,711000999,-22.907166644049777,-43.15607483613052,160.9,7.3,0.238761112,0.00607776642,0.280448705
,711000999,-22.907166644049777,-43.15607483613052,160.9,7.3,0.238761112,0.00607776642,0.280448705
,711000999,-22.907166644049777,-43.15607483613052,160.9,7.3,0.238761112,0.00607776642,0.280448705
,711000999,-22.907166644049777,-43.15607483613052,160.9,7.3,0.238761112,0.00607776642,0.280448705
,711000999,-22.907166644049777,-43.15607483613052,160.9,7.3,0.238761112,0.00607776642,0.280448705
,711000999,-22.907166644049777,-43.15607483613052,160.9,7.3,0.238761112,0.00607776642,0.280448705
,711000999,-22.907166644049777,-43.15607483613052,160.9,7.3,0.238761112,0.00607776642,0.280448705
,711000999,-22.907166644049777,-43.15607483613052,160.9,7.3,0.238761112,0.00607776642,0.280448705
,711000999,-22.907166644049777,-43.15607483613052,160.9,7.3,0.238761112,0.00607776642,0.280448705
,711000999,-22.907166644049777,-43.15607483613052,160.9,7.3,0.238761112,0.00607776642,0.280448705
,711000999,-22.907166644049777,-43.15607483613052,160.9,7.3,0.238761112,0.00607776642,0.280448705
,711000999,-22.907166644049777,-43.15607483613052,160.9,7.3,0.238761112,0.00607776642,0.280448705
,711000999,-22.907198543180513,-43.156062427203246,160.9,7.3,0.238761112,0.00607776642,0.280448705
,711000999,-22.907198543180513,-43.156062427203246,160.9,7.3,0.238761112,0.00607776642,0.280448705
,711000999,-22.907198543180513,-43.156062427203246,160.9,7.3,0.238761112,0.00607776642,0.280448705
,711000999,-22.907198543180513,-43.156062427203246,160.9,7.3,0.238761112,0.00607776642,0.280448705
,711000999,-22.907198543180513,-43.156062427203246,160.9,7.3,0.238761112,0.00607776642,0.280448705
,711000999,-22.907198543180513,-43.156062427203246,160.9,7.3,0.238761112,0.00607776642,0.280448705
,711000999,-22.907198543180513,-43.156062427203246,160.9,7.3,0.238761112,0.00607776642,0.280448705
,711000999,-22.907198543180513,-43.156062427203246,160.9,7.3,0.238761112,0.00607776642,0.280448705
,711000999,-22.907198543180513,-43.156062427203246,160.9,7.3,0.238761112,0.00607776642,0.280448705
,711000999,-22.907198543180513,-43.156062427203246,160.9,7.3,0.238761112,0.00607776642,0.280448705
,711000999,-22.907198543180513,-43.156062427203246,160.9,7.3,0.238761112,0.00607776642,0.280448705
,711000999,-22.907198543180513,-43.156062427203246,160.9,7.3,0.238761112,0.00607776642,0.280448705
,711000999,-22.907198543180513,-43.156062427203246,160.9,7.3,0.238761112,0.00607776642,0.280448705
,711000999,-22.907198543180513,-43.156062427203246,160.9,7.3,0.238761112,0.00607776642,0.280448705
,711000999,-22.907198543180513,-43.156062427203246,160.9,7.3,0.238761112,0.00607776642,0.280448705
,711000999,-22.907198543180513,-43.156062427203246,160.9,7.3,0.238761112,0.00607776642,0.280448705
,711000999,-22.907198543180513,-43.156062427203246,160.9,7.3,0.238761112,0.00607776642,0.280448705
,711000999,-22.907198543180513,-43.156062427203246,160.9,7.3,0.238761112,0.00607776642,0.280448705
,711000999,-22.907198543180513,-43.156062427203246,160.9,7.3,0.238761112,0.00607776642,0.280448705
,711000999,-22.907198543180513,-43.156062427203246,160.9,7.3,0.238761112,0.00607776642,0.280448705
,711000999,-22.907198543180513,-43.156062427203246,160.9,7.3,0.238761112,0.00607776642,0.280448705
,711000999,-22.907198543180513,-43.156062427203246,160.9,7.3,0.238761112,0.00607776642,0.280448705
,711000999,-22.907198543180513,-43.156062427203246,160.9,7.3,0.238761112,0.00607776642,0.280448705
,711000999,-22.907198543180513,-43.156062427203246,160.9,7.3,0.238761112,0.00607776642,0.280448705
,711000999,-22.907198543180513,-43.156062427203246,160.9,7.3,0.238761112,0.00607776642,0.280448705
,711000999,-22.907198543180513,-43.156062427203246,160.9,7.3,0.238761112,0.00607776642,0.280448705
,711000999,-22.907198543180513,-43.156062427203246,160.9,7.3,0.238761112,0.00607776642,0.280448705
,711000999,-22.907198543180513,-43.156062427203246,160.9,7.3,0.238761112,0.00607776642,0.280448705
,711000999,-22.907198543180513,-43.156062427203246,160.9,7.3,0.238761112,0.00607776642,0.280448705
,711000999,-22.907198543180513,-43.156062427203246,160.9,7.3,0.238761112,0.00607776642,0.280448705
,711000999,-22.90723044230977,-43.15605001826967,160.9,7.3,0.238761112,0.00607776642,0.280448705
,711000999,-22.90723044230977,-43.15605001826967,160.9,7.3,0.238761112,0.00607776642,0.280448705
,711000999,-22.90723044230977,-43.15605001826967,160.9,7.3,0.238761112,0.00607776642,0.280448705
,711000999,-22.90723044230977,-43.15605001826967,160.9,7.3,0.238761112,0.00607776642,0.280448705
,711000999,-22.90723044230977,-43.15605001826967,160.9,7.3,0.238761112,0.00607776642,0.280448705
,711000999,-22.90723044230977,-43.15605001826967,160.9,7.3,0.238761112,0.00607776642,0.280448705
,711000999,-22.90723044230977,-43.15605001826967,160.9,7.3,0.238761112,0.00607776642,0.280448705
,711000999,-22.90723044230977,-43.15605001826967,160.9,7.3,0.238761112,0.00607776642,0.280448705
,711000999,-22.90723044230977,-43.15605001826967,160.9,7.3,0.238761112,0.00607776642,0.280448705
,711000999,-22.90723044230977,-43.15605001826967,160.9,7.3,0.238761112,0.00607776642,0.280448705
,711000999,-22.90723044230977,-43.15605001826967,160.9,7.3,0.238761112,0.00607776642,0.280448705
,711000999,-22.90723044230977,-43.15605001826967,160.9,7.3,0.238761112,0.00607776642,0.280448705
,711000999,-22.90723044230977,-43.15605001826967,160.9,7.3,0.238761112,0.00607776642,0.280448705
,711000999,-22.90723044230977,-43.15605001826967,160.9,7.3,0.238761112,0.00607776642,0.280448705
,711000999,-22.90723044230977,-43.15605001826967,160.9,7.3,0.238761112,0.00607776642,0.280448705
,711000999,-22.90723044230977,-43.15605001826967,160.9,7.3,0.238761112,0.00607776642,0.280448705
,711000999,-22.90723044230977,-43.15605001826967,160.9,7.3,0.238761112,0.00607776642,0.280448705
,711000999,-22.90723044230977,-43.15605001826967,160.9,7.3,0.238761112,0.00607776642,0.280448705
,711000999,-22.90723044230977,-43.15605001826967,160.9,7.3,0.238761112,0.00607776642,0.280448705
,711000999,-22.90723044230977,-43.15605001826967,160.9,7.3,0.238761112,0.00607776642,0.280448705
,711000999,-22.90723044230977,-43.15605001826967,160.9,7.3,0.238761112,0.00607776642,0.280448705
,711000999,-22.90723044230977,-43.15605001826967,160.9,7.3,0.238761112,0.00607776642,0.280448705
,711000999,-22.90723044230977,-43.15605001826967,160.9,7.3,0.238761112,0.00607776642,0.280448705
,711000999,-22.90723044230977,-43.15605001826967,160.9,7.3,0.238761112,0.00607776642,0.280448705
,711000999,-22.90723044230977,-43.15605001826967,160.9,7.3,0.238761112,0.00607776642,0.280448705
,711000999,-22.90723044230977,-43.15605001826967,160.9,7.3,0.238761112,0.00607776642,0.280448705
,711000999,-22.90723044230977,-43.15605001826967,160.9,7.3,0.238761112,0.00607776642,0.280448705
,711000999,-22.90723044230977,-43.15605001826967,160.9,7.3,0.238761112,0.00607776642,0.280448705
,711000999,-22.90723044230977,-43.15605001826967,160.9,7.3,0.238761112,0.00607776642,0.280448705
,711000999,-22.90723044230977,-43.15605001826967,160.9,7.3,0.238761112,0.00607776642,0.280448705
,711000999,-22.907262341437555,-43.15603760932978,160.9,7.3,0.238761112,0.00607776642,0.280448705
,711000999,-22.907262341437555,-43.15603760932978,160.9,7.3,0.238761112,0.00607776642,0.280448705
,711000999,-22.907262341437555,-43.15603760932978,160.9,7.3,0.238761112,0.00607776642,0.280448705
,711000999,-22.907262341437555,-43.15603760932978,160.9,7.3,0.238761112,0.00607776642,0.280448705
,711000999,-22.907262341437555,-43.15603760932978,160.9,7.3,0.238761112,0.00607776642,0.280448705
,711000999,-22.907262341437555,-43.15603760932978,160.9,7.3,0.238761112,0.00607776642,0.280448705
,711000999,-22.907262341437555,-43.15603760932978,160.9,7.3,0.238761112,0.00607776642,0.280448705
,711000999,-22.907262341437555,-43.15603760932978,160.9,7.3,0.238761112,0.00607776642,0.280448705
,711000999,-22.907262341437555,-43.15603760932978,160.9,7.3,0.242411107,0.00568890572,0.275303155
,711000999,-22.907262341437555,-43.15603760932978,160.9,7.3,0.242411107,0.00568890572,0.275303155
,711000999,-22.907262341437555,-43.15603760932978,160.9,7.3,0.242411107,0.00568890572,0.275303155
,711000999,-22.907262341437555,-43.15603760932978,160.9,7.3,0.242411107,0.00568890572,0.275303155
,711000999,-22.907262341437555,-43.15603760932978,160.9,7.3,0.242411107,0.00568890572,0.275862068
,711000999,-22.907262341437555,-43.15603760932978,160.9,7.3,0.242411107,0.00568890572,0.275862068
,711000999,-22.907262341437555,-43.15603760932978,160.9,7.3,0.242411107,0.00568890572,0.275862068
,711000999,-22.907262341437555,-43.15603760932978,160.9,7.3,0.242411107,0.00568890572,0.275862068
,711000999,-22.907262341437555,-43.15603760932978,160.9,7.3,0.242411107,0.00568890572,0.275862068
,711000999,-22.907262341437555,-43.15603760932978,160.9,7.3,0.242411107,0.00568890572,0.275862068
,711000999,-22.907262341437555,-43.15603760932978,160.9,7.3,0.242411107,0.00568890572,0.275862068
,711000999,-22.907262341437555,-43.15603760932978,160.9,7.3,0.242411107,0.00568890572,0.275862068
,711000999,-22.907262341437555,-43.15603760932978,160.9,7.3,0.242411107,0.00568890572,0.275862068
,711000999,-22.907262341437555,-43.15603760932978,160.9,7.3,0.242411107,0.00568890572,0.275862068
,711000999,-22.907262341437555,-43.15603760932978,160.9,7.3,0.242411107,0.00568890572,0.275862068
,711000999,-22.907262341437555,-43.15603760932978,160.9,7.3,0.242411107,0.00568890572,0.275862068
,711000999,-22.907262341437555,-43.15603760932978,160.9,7.3,0.242411107,0.00568890572,0.275862068
,711000999,-22.907262341437555,-43.15603760932978,160.9,7.3,0.242411107,0.00568890572,0.275862068
,711000999,-22.907262341437555,-43.15603760932978,160.9,7.3,0.242411107,0.00568890572,0.275862068
,711000999,-22.907262341437555,-43.15603760932978,160.9,7.3,0.242411107,0.00568890572,0.275862068
,711000999,-22.907262341437555,-43.15603760932978,160.9,7.3,0.242411107,0.00568890572,0.275862068
,711000999,-22.907262341437555,-43.15603760932978,160.9,7.3,0.242411107,0.00568890572,0.275862068
,711000999,-22.90729424056388,-43.15602520038359,160.9,7.3,0.242411107,0.00568890572,0.275862068
,711000999,-22.90729424056388,-43.15602520038359,160.9,7.3,0.242411107,0.00568890572,0.275862068
,711000999,-22.90729424056388,-43.15602520038359,160.9,7.3,0.242411107,0.00568890572,0.275862068
,711000999,-22.90729424056388,-43.15602520038359,160.9,7.3,0.242411107,0.00568890572,0.275862068
,711000999,-22.90729424056388,-43.15602520038359,160.9,7.3,0.242411107,0.00568890572,0.275862068
,711000999,-22.90729424056388,-43.15602520038359,160.9,7.3,0.242411107,0.00568890572,0.275862068
,711000999,-22.90729424056388,-43.15602520038359,160.9,7.3,0.242411107,0.00568890572,0.275862068
,711000999,-22.90729424056388,-43.15602520038359,160.9,7.3,0.242411107,0.00568890572,0.275862068
,711000999,-22.90729424056388,-43.15602520038359,160.9,7.3,0.242411107,0.00568890572,0.275862068
,711000999,-22.90729424056388,-43.15602520038359,160.9,7.3,0.242411107,0.00568890572,0.275862068
,711000999,-22.90729424056388,-43.15602520038359,160.9,7.3,0.242411107,0.00568890572,0.275862068
,711000999,-22.90729424056388,-43.15602520038359,160.9,7.3,0.242411107,0.00568890572,0.275862068
,711000999,-22.90729424056388,-43.15602520038359,160.9,7.3,0.242411107,0.00568890572,0.275862068
,711000999,-22.90729424056388,-43.15602520038359,160.9,7.3,0.242411107,0.00568890572,0.275862068
,711000999,-22.90729424056388,-43.15602520038359,160.9,7.3,0.242411107,0.00568890572,0.275862068
,711000999,-22.90729424056388,-43.15602520038359,160.9,7.3,0.242411107,0.00568890572,0.275862068
,711000999,-22.90729424056388,-43.15602520038359,160.9,7.3,0.242411107,0.00568890572,0.275862068
,711000999,-22.90729424056388,-43.15602520038359,160.9,7.3,0.242411107,0.00568890572,0.275862068
,711000999,-22.90729424056388,-43.15602520038359,160.9,7.3,0.242411107,0.00568890572,0.275862068
,711000999,-22.90729424056388,-43.15602520038359,160.9,7.3,0.242411107,0.00568890572,0.275862068
,711000999,-22.90729424056388,-43.15602520038359,160.9,7.3,0.242411107,0.00568890572,0.275862068
,711000999,-22.90729424056388,-43.15602520038359,160.9,7.3,0.242411107,0.00568890572,0.275862068
,711000999,-22.90729424056388,-43.15602520038359,160.9,7.3,0.242411107,0.00568890572,0.275862068
,711000999,-22.90732613968873,-43.156012791431095,160.9,7.3,0.242411107,0.00568890572,0.275862068
,711000999,-22.90732613968873,-43.156012791431095,160.9,7.3,0.242411107,0.00568890572,0.275862068
,711000999,-22.90732613968873,-43.156012791431095,160.9,7.3,0.242411107,0.00568890572,0.275862068
,711000999,-22.90732613968873,-43.156012791431095,160.9,7.3,0.242411107,0.00568890572,0.275862068
,711000999,-22.90732613968873,-43.156012791431095,160.9,7.3,0.242411107,0.00568890572,0.275862068
,711000999,-22.90732613968873,-43.156012791431095,160.9,7.3,0.242411107,0.00568890572,0.275862068
,711000999,-22.90732613968873,-43.156012791431095,160.9,7.3,0.242411107,0.00568890572,0.275862068
,711000999,-22.90732613968873,-43.156012791431095,160.9,7.3,0.242411107,0.00568890572,0.275862068
,711000999,-22.90732613968873,-43.156012791431095,160.9,7.3,0.242411107,0.00568890572,0.275862068
,711000999,-22.90732613968873,-43.156012791431095,160.9,7.3,0.242411107,0.00568890572,0.275862068
,711000999,-22.90732613968873,-43.156012791431095,160.9,7.3,0.242411107,0.00568890572,0.275862068
,711000999,-22.90732613968873,-43.156012791431095,160.9,7.3,0.242411107,0.00568890572,0.275862068
,711000999,-22.90732613968873,-43.156012791431095,160.9,7.3,0.242411107,0.00568890572,0.275862068
,711000999,-22.90732613968873,-43.156012791431095,160.9,7.3,0.242411107,0.00568890572,0.275862068
,711000999,-22.9073580388121,-43.15600038247229,160.9,7.3,0.242411107,0.00568890572,0.275862068
,711000999,-22.9073580388121,-43.15600038247229,160.9,7.3,0.242411107,0.00568890572,0.275862068
,711000999,-22.9073580388121,-43.15600038247229,160.9,7.3,0.242411107,0.00568890572,0.275862068
,711000999,-22.9073580388121,-43.15600038247229,160.9,7.3,0.242411107,0.00568890572,0.275862068
,711000999,-22.9073580388121,-43.15600038247229,160.9,7.3,0.246161103,0.00528883934,0.271215975
,711000999,-22.9073580388121,-43.15600038247229,160.9,7.3,0.246161103,0.00528883934,0.271215975
,711000999,-22.9073580388121,-43.15600038247229,160.9,7.3,0.246161103,0.00528883934,0.271215975
,711000999,-22.9073580388121,-43.15600038247229,160.9,7.3,0.246161103,0.00528883934,0.271770895
,711000999,-22.9073580388121,-43.15600038247229,160.9,7.3,0.246161103,0.00528883934,0.271770895
,711000999,-22.9073580388121,-43.15600038247229,160.9,7.3,0.246161103,0.00528883934,0.271770895
,711000999,-22.9073580388121,-43.15600038247229,160.9,7.3,0.246161103,0.00528883934,0.271770895
,711000999,-22.9073580388121,-43.15600038247229,160.9,7.3,0.246161103,0.00528883934,0.271770895
,711000999,-22.9073580388121,-43.15600038247229,160.9,7.3,0.246161103,0.00528883934,0.271770895
,711000999,-22.9073580388121,-43.15600038247229,160.9,7.3,0.246161103,0.00528883934,0.271770895
,711000999,-22.9073580388121,-43.15600038247229,160.9,7.3,0.246161103,0.00528883934,0.271770895
,711000999,-22.907389937934006,-43.15598797350719,160.9,7.3,0.246161103,0.00528883934,0.271770895
,711000999,-22.907389937934006,-43.15598797350719,160.9,7.3,0.246161103,0.00528883934,0.271770895
,711000999,-22.907389937934006,-43.15598797350719,160.9,7.3,0.246161103,0.00528883934,0.271770895
,711000999,-22.907389937934006,-43.15598797350719,160.9,7.3,0.246161103,0.00528883934,0.271770895
,711000999,-22.907389937934006,-43.15598797350719,160.9,7.3,0.246161103,0.00528883934,0.271770895
,711000999,-22.907389937934006,-43.15598797350719,160.9,7.3,0.246161103,0.00528883934,0.271770895
,711000999,-22.907389937934006,-43.15598797350719,160.9,7.3,0.246161103,0.00528883934,0.271770895
,711000999,-22.907389937934006,-43.15598797350719,160.9,7.3,0.246161103,0.00528883934,0.271770895
,711000999,-22.907389937934006,-43.15598797350719,160.9,7.3,0.246161103,0.00528883934,0.271770895
,711000999,-22.907389937934006,-43.15598797350719,160.9,7.3,0.246161103,0.00528883934,0.271770895
,711000999,-22.907393091507448,-43.15587435454043,152.3,7.6,0.246161103,0.00528883934,0.271770895
,711000999,-22.907393091507448,-43.15587435454043,152.3,7.6,0.246161103,0.00528883934,0.271770895
,711000999,-22.907393091507448,-43.15587435454043,152.3,7.6,0.246161103,0.00528883934,0.271770895
,711000999,-22.907393091507448,-43.15587435454043,152.3,7.6,0.246161103,0.00528883934,0.271770895
,711000999,-22.907393091507448,-43.15587435454043,152.3,7.6,0.246161103,0.00528883934,0.271770895
,711000999,-22.907393091507448,-43.15587435454043,152.3,7.6,0.246161103,0.00528883934,0.271770895
,711000999,-22.907393091507448,-43.15587435454043,152.3,7.6,0.246161103,0.00528883934,0.271770895
,711000999,-22.907393091507448,-43.15587435454043,152.3,7.6,0.246161103,0.00528883934,0.271770895
,711000999,-22.907393091507448,-43.15587435454043,152.3,7.6,0.246161103,0.00528883934,0.271770895
,711000999,-22.907393091507448,-43.15587435454043,152.3,7.6,0.246161103,0.00528883934,0.271770895
,711000999,-22.907393091507448,-43.15587435454043,152.3,7.6,0.246161103,0.00528883934,0.271770895
,711000999,-22.907393091507448,-43.15587435454043,152.3,7.6,0.246161103,0.00528883934,0.271770895
,711000999,-22.907393091507448,-43.15587435454043,152.3,7.6,0.246161103,0.00528883934,0.271770895
,711000999,-22.907393091507448,-43.15587435454043,152.3,7.6,0.246161103,0.00528883934,0.271770895
,711000999,-22.907393091507448,-43.15587435454043,152.3,7.6,0.246161103,0.00528883934,0.271770895
,711000999,-22.907424138476294,-43.155856220238825,152.3,7.6,0.246161103,0.00528883934,0.271770895
,711000999,-22.907424138476294,-43.155856220238825,152.3,7.6,0.246161103,0.00528883934,0.271770895
,711000999,-22.907424138476294,-43.155856220238825,152.3,7.6,0.246161103,0.00528883934,0.271770895
,711000999,-22.907424138476294,-43.155856220238825,152.3,7.6,0.246161103,0.00528883934,0.271770895
,711000999,-22.907424138476294,-43.155856220238825,152.3,7.6,0.246161103,0.00528883934,0.271770895
,711000999,-22.907424138476294,-43.155856220238825,152.3,7.6,0.246161103,0.00528883934,0.271770895
,711000999,-22.907424138476294,-43.155856220238825,152.3,7.6,0.246161103,0.00528883934,0.271770895
,711000999,-22.907424138476294,-43.155856220238825,152.3,7.6,0.255494446,0.0052999258,0.271353632
,711000999,-22.907424138476294,-43.155856220238825,152.3,7.6,0.255494446,0.0052999258,0.271770895
,711000999,-22.907424138476294,-43.155856220238825,152.3,7.6,0.255494446,0.0052999258,0.271770895
,711000999,-22.907424138476294,-43.155856220238825,152.3,7.6,0.255494446,0.0052999258,0.271770895
,711000999,-22.907455185442426,-43.15583808592857,152.3,7.6,0.255494446,0.0052999258,0.271770895
,711000999,-22.907455185442426,-43.15583808592857,152.3,7.6,0.255494446,0.0052999258,0.271770895
,711000999,-22.907455185442426,-43.15583808592857,152.3,7.6,0.255494446,0.0052999258,0.271770895
,711000999,-22.907455185442426,-43.15583808592857,152.3,7.6,0.255494446,0.0052999258,0.271770895
,711000999,-22.907455185442426,-43.15583808592857,152.3,7.6,0.255494446,0.0052999258,0.271770895
,711000999,-22.907455185442426,-43.15583808592857,152.3,7.6,0.255494446,0.0052999258,0.271770895
,711000999,-22.907455185442426,-43.15583808592857,152.3,7.6,0.255494446,0.0052999258,0.271770895
,711000999,-22.907455185442426,-43.15583808592857,152.3,7.6,0.255494446,0.0052999258,0.271770895
,711000999,-22.907455185442426,-43.15583808592857,152.3,7.6,0.255494446,0.0052999258,0.271770895
,711000999,-22.907455185442426,-43.15583808592857,152.3,7.6,0.255494446,0.0052999258,0.271770895
,711000999,-22.907455185442426,-43.15583808592857,152.3,7.6,0.255494446,0.0052999258,0.271770895
,711000999,-22.907455185442426,-43.15583808592857,152.3,7.6,0.255494446,0.0052999258,0.271770895
,711000999,-22.907455185442426,-43.15583808592857,152.3,7.6,0.255494446,0.0052999258,0.271770895
,711000999,-22.907455185442426,-43.15583808592857,152.3,7.6,0.255494446,0.0052999258,0.271770895
,711000999,-22.907455185442426,-43.15583808592857,152.3,7.6,0.255494446,0.0052999258,0.271770895
,711000999,-22.907455185442426,-43.15583808592857,152.3,7.6,0.255494446,0.0052999258,0.271770895
,711000999,-22.907486232405823,-43.15581995160967,152.3,7.6,0.255494446,0.0052999258,0.271770895
,711000999,-22.907486232405823,-43.15581995160967,152.3,7.6,0.255494446,0.0052999258,0.271770895
,711000999,-22.907486232405823,-43.15581995160967,152.3,7.6,0.255494446,0.0052999258,0.271770895
,711000999,-22.907486232405823,-43.15581995160967,152.3,7.6,0.255494446,0.0052999258,0.271770895
,711000999,-22.907486232405823,-43.15581995160967,152.3,7.6,0.255494446,0.0052999258,0.271770895
,711000999,-22.907486232405823,-43.15581995160967,152.3,7.6,0.255494446,0.0052999258,0.271770895
,711000999,-22.907486232405823,-43.15581995160967,152.3,7.6,0.255494446,0.0052999258,0.271770895
,711000999,-22.907486232405823,-43.15581995160967,152.3,7.6,0.255494446,0.0052999258,0.271770895
,711000999,-22.907486232405823,-43.15581995160967,152.3,7.6,0.255494446,0.0052999258,0.271770895
,711000999,-22.907486232405823,-43.15581995160967,152.3,7.6,0.255494446,0.0052999258,0.271770895
,711000999,-22.907486232405823,-43.15581995160967,152.3,7.6,0.255494446,0.0052999258,0.271770895
,711000999,-22.907486232405823,-43.15581995160967,152.3,7.6,0.255494446,0.0052999258,0.271770895
,711000999,-22.907486232405823,-43.15581995160967,152.3,7.6,0.255494446,0.0052999258,0.271770895
,711000999,-22.907486232405823,-43.15581995160967,152.3,7.6,0.255494446,0.0052999258,0.271770895
,711000999,-22.907517279366495,-43.155801817282125,152.3,7.6,0.255494446,0.0052999258,0.271770895
,711000999,-22.907517279366495,-43.155801817282125,152.3,7.6,0.255494446,0.0052999258,0.271770895
,711000999,-22.907517279366495,-43.155801817282125,152.3,7.6,0.255494446,0.0052999258,0.271770895
,711000999,-22.907517279366495,-43.155801817282125,152.3,7.6,0.255494446,0.0052999258,0.271770895
,711000999,-22.907517279366495,-43.155801817282125,152.3,7.6,0.255494446,0.0052999258,0.271770895
,711000999,-22.907517279366495,-43.155801817282125,152.3,7.6,0.255494446,0.0052999258,0.271770895
,711000999,-22.907517279366495,-43.155801817282125,152.3,7.6,0.255494446,0.0052999258,0.271770895
,711000999,-22.907517279366495,-43.155801817282125,152.3,7.6,0.255494446,0.0052999258,0.271770895
,711000999,-22.907517279366495,-43.155801817282125,152.3,7.6,0.255494446,0.0052999258,0.271770895
,711000999,-22.907517279366495,-43.155801817282125,152.3,7.6,0.255494446,0.0052999258,0.271770895
,711000999,-22.907517279366495,-43.155801817282125,152.3,7.6,0.26022777,0.00495553017,0.267900139
,711000999,-22.907517279366495,-43.155801817282125,152.3,7.6,0.26022777,0.00495553017,0.267728418
,711000999,-22.907517279366495,-43.155801817282125,152.3,7.6,0.26022777,0.00495553017,0.267728418
,711000999,-22.907517279366495,-43.155801817282125,152.3,7.6,0.26022777,0.00495553017,0.267728418
,711000999,-22.907517279366495,-43.155801817282125,152.3,7.6,0.26022777,0.00495553017,0.267728418
,711000999,-22.90754832632444,-43.15578368294594,152.3,7.6,0.26022777,0.00495553017,0.267728418
,711000999,-22.90754832632444,-43.15578368294594,152.3,7.6,0.26022777,0.00495553017,0.267728418
,711000999,-22.90754832632444,-43.15578368294594,152.3,7.6,0.26022777,0.00495553017,0.267728418
,711000999,-22.90754832632444,-43.15578368294594,152.3,7.6,0.26022777,0.00495553017,0.267728418
,711000999,-22.90754832632444,-43.15578368294594,152.3,7.6,0.26022777,0.00495553017,0.267728418
,711000999,-22.90754832632444,-43.15578368294594,152.3,7.6,0.26022777,0.00495553017,0.267728418
,711000999,-22.90754832632444,-43.15578368294594,152.3,7.6,0.26022777,0.00495553017,0.267728418
,711000999,-22.90754832632444,-43.15578368294594,152.3,7.6,0.26022777,0.00495553017,0.267728418
,711000999,-22.90754832632444,-43.15578368294594,152.3,7.6,0.26022777,0.00495553017,0.267728418
,711000999,-22.90757937327966,-43.155765548601096,152.3,7.6,0.26022777,0.00495553017,0.267728418
,711000999,-22.90757937327966,-43.155765548601096,152.3,7.6,0.26022777,0.00495553017,0.267728418
,711000999,-22.90757937327966,-43.155765548601096,152.3,7.6,0.26022777,0.00495553017,0.267728418
,711000999,-22.90757937327966,-43.155765548601096,152.3,7.6,0.26022777,0.00495553017,0.267728418
,711000999,-22.90757937327966,-43.155765548601096,152.3,7.6,0.26022777,0.00495553017,0.267728418
,711000999,-22.90757937327966,-43.155765548601096,152.3,7.6,0.26022777,0.00495553017,0.267728418
,711000999,-22.90757937327966,-43.155765548601096,152.3,7.6,0.26022777,0.00495553017,0.267728418
,711000999,-22.90757937327966,-43.155765548601096,152.3,7.6,0.26022777,0.00495553017,0.267728418
,711000999,-22.90757937327966,-43.155765548601096,152.3,7.6,0.26022777,0.00495553017,0.267728418
,711000999,-22.907610420232146,-43.155747414247614,152.3,7.6,0.26022777,0.00495553017,0.267728418
,711000999,-22.907610420232146,-43.155747414247614,152.3,7.6,0.26022777,0.00495553017,0.267728418
,711000999,-22.907610420232146,-43.155747414247614,152.3,7.6,0.26022777,0.00495553017,0.267728418
,711000999,-22.907610420232146,-43.155747414247614,152.3,7.6,0.26022777,0.00495553017,0.267728418
,711000999,-22.907610420232146,-43.155747414247614,152.3,7.6,0.26022777,0.00495553017,0.267728418
,711000999,-22.907610420232146,-43.155747414247614,152.3,7.6,0.26022777,0.00495553017,0.267728418
,711000999,-22.907610420232146,-43.155747414247614,152.3,7.6,0.26022777,0.00495553017,0.267728418
,711000999,-22.907610420232146,-43.155747414247614,152.3,7.6,0.26022777,0.00495553017,0.267728418
,711000999,-22.907610420232146,-43.155747414247614,152.3,7.6,0.26022777,0.00495553017,0.267728418
,711000999,-22.907610420232146,-43.155747414247614,152.3,7.6,0.26022777,0.00495553017,0.267728418
,711000999,-22.90768117391856,-43.15571109189741,152.3,7.6,0.26022777,0.00495553017,0.267728418
,711000999,-22.90768117391856,-43.15571109189741,152.3,7.6,0.26022777,0.00495553017,0.267728418
,711000999,-22.90768117391856,-43.15571109189741,152.3,7.6,0.26022777,0.00495553017,0.267728418
,711000999,-22.90768117391856,-43.15571109189741,152.3,7.6,0.26022777,0.00495553017,0.267728418
,711000999,-22.90768117391856,-43.15571109189741,152.3,7.6,0.26022777,0.00495553017,0.267728418
,711000999,-22.90768117391856,-43.15571109189741,152.3,7.6,0.26022777,0.00495553017,0.267728418
,711000999,-22.90768117391856,-43.15571109189741,152.3,7.6,0.26022777,0.00495553017,0.267728418
,711000999,-22.90768117391856,-43.15571109189741,152.3,7.6,0.26022777,0.00495553017,0.267728418
,711000999,-22.90768117391856,-43.15571109189741,152.3,7.6,0.26022777,0.00495553017,0.267728418
,711000999,-22.90768117391856,-43.15571109189741,152.3,7.6,0.26022777,0.00495553017,0.267728418
,711000999,-22.90768117391856,-43.15571109189741,152.3,7.6,0.26022777,0.00495553017,0.267728418
,711000999,-22.90768117391856,-43.15571109189741,152.3,7.6,0.26022777,0.00495553017,0.267728418
,711000999,-22.90768117391856,-43.15571109189741,152.3,7.6,0.271688879,0.00415551662,0.260111779
,711000999,-22.90768117391856,-43.15571109189741,152.3,7.6,0.271688879,0.00415551662,0.260111779
,711000999,-22.90768117391856,-43.15571109189741,152.3,7.6,0.271688879,0.00415551662,0.260111779
,711000999,-22.90768117391856,-43.15571109189741,152.3,7.6,0.271688879,0.00415551662,0.260111779
,711000999,-22.90768117391856,-43.15571109189741,152.3,7.6,0.271688879,0.00415551662,0.260111779
,711000999,-22.90768117391856,-43.15571109189741,152.3,7.6,0.271688879,0.00415551662,0.260111779
,711000999,-22.907712220862752,-43.15569295751668,152.3,7.6,0.271688879,0.00415551662,0.260111779
,711000999,-22.907712220862752,-43.15569295751668,152.3,7.6,0.271688879,0.00415551662,0.260111779
,711000999,-22.907712220862752,-43.15569295751668,152.3,7.6,0.271688879,0.00415551662,0.260111779
,711000999,-22.907712220862752,-43.15569295751668,152.3,7.6,0.271688879,0.00415551662,0.260111779
,711000999,-22.907712220862752,-43.15569295751668,152.3,7.6,0.271688879,0.00415551662,0.260111779
,711000999,-22.907712220862752,-43.15569295751668,152.3,7.6,0.271688879,0.00415551662,0.260111779
,711000999,-22.907712220862752,-43.15569295751668,152.3,7.6,0.271688879,0.00415551662,0.260111779
,711000999,-22.907712220862752,-43.15569295751668,152.3,7.6,0.271688879,0.00415551662,0.260111779
,711000999,-22.907712220862752,-43.15569295751668,152.3,7.6,0.271688879,0.00415551662,0.260111779
,711000999,-22.907712220862752,-43.15569295751668,152.3,7.6,0.271688879,0.00415551662,0.260111779
,711000999,-22.907712220862752,-43.15569295751668,152.3,7.6,0.271688879,0.00415551662,0.260111779
,711000999,-22.907712220862752,-43.15569295751668,152.3,7.6,0.271688879,0.00415551662,0.260111779
,711000999,-22.907712220862752,-43.15569295751668,152.3,7.6,0.271688879,0.00415551662,0.260111779
,711000999,-22.907712220862752,-43.15569295751668,152.3,7.6,0.271688879,0.00415551662,0.260111779
,711000999,-22.907712220862752,-43.15569295751668,152.3,7.6,0.271688879,0.00415551662,0.260111779
,711000999,-22.907712220862752,-43.15569295751668,152.3,7.6,0.271688879,0.00415551662,0.260111779
,711000999,-22.907712220862752,-43.15569295751668,152.3,7.6,0.271688879,0.00415551662,0.259594798
,711000999,-22.907712220862752,-43.15569295751668,152.3,7.6,0.271688879,0.00415551662,0.259594798
,711000999,-22.907712220862752,-43.15569295751668,152.3,7.6,0.271688879,0.00415551662,0.259594798
,711000999,-22.907712220862752,-43.15569295751668,152.3,7.6,0.271688879,0.00415551662,0.259594798
,711000999,-22.907712220862752,-43.15569295751668,152.3,7.6,0.271688879,0.00415551662,0.259594798
,711000999,-22.907712220862752,-43.15569295751668,152.3,7.6,0.271688879,0.00415551662,0.259594798
,711000999,-22.907712220862752,-43.15569295751668,152.3,7.6,0.271688879,0.00415551662,0.259594798
,711000999,-22.907712220862752,-43.15569295751668,152.3,7.6,0.271688879,0.00415551662,0.259594798
,711000999,-22.907712220862752,-43.15569295751668,152.3,7.6,0.271688879,0.00415551662,0.259594798
,711000999,-22.907712220862752,-43.15569295751668,152.3,7.6,0.271688879,0.00415551662,0.259594798
,711000999,-22.907712220862752,-43.15569295751668,152.3,7.6,0.271688879,0.00415551662,0.259594798
,711000999,-22.907712220862752,-43.15569295751668,152.3,7.6,0.271688879,0.00415551662,0.259594798
,711000999,-22.907712220862752,-43.15569295751668,152.3,7.6,0.271688879,0.00415551662,0.259594798
,711000999,-22.907712220862752,-43.15569295751668,152.3,7.6,0.271688879,0.00415551662,0.259594798
,711000999,-22.907743267804232,-43.15567482312729,152.3,7.6,0.271688879,0.00415551662,0.259594798
,711000999,-22.907743267804232,-43.15567482312729,152.3,7.6,0.271688879,0.00415551662,0.259594798
,711000999,-22.907743267804232,-43.15567482312729,152.3,7.6,0.271688879,0.00415551662,0.259594798
,711000999,-22.907743267804232,-43.15567482312729,152.3,7.6,0.271688879,0.00415551662,0.259594798
,711000999,-22.907743267804232,-43.15567482312729,152.3,7.6,0.271688879,0.00415551662,0.259594798
,711000999,-22.907743267804232,-43.15567482312729,152.3,7.6,0.271688879,0.00415551662,0.259594798
,711000999,-22.907743267804232,-43.15567482312729,152.3,7.6,0.271688879,0.00415551662,0.259594798
,711000999,-22.907743267804232,-43.15567482312729,152.3,7.6,0.271688879,0.00415551662,0.259594798
,711000999,-22.907743267804232,-43.15567482312729,152.3,7.6,0.271688879,0.00415551662,0.259594798
,711000999,-22.907743267804232,-43.15567482312729,152.3,7.6,0.271688879,0.00415551662,0.259594798
,711000999,-22.907743267804232,-43.15567482312729,152.3,7.6,0.271688879,0.00415551662,0.259594798
,711000999,-22.907743267804232,-43.15567482312729,152.3,7.6,0.271688879,0.00415551662,0.259594798
,711000999,-22.907743267804232,-43.15567482312729,152.3,7.6,0.271688879,0.00415551662,0.259594798
,711000999,-22.907743267804232,-43.15567482312729,152.3,7.6,0.271688879,0.00415551662,0.259594798
,711000999,-22.907743267804232,-43.15567482312729,152.3,7.6,0.271688879,0.00415551662,0.259594798
,711000999,-22.907743267804232,-43.15567482312729,152.3,7.6,0.271688879,0.00415551662,0.259594798
,711000999,-22.907743267804232,-43.15567482312729,152.3,7.6,0.271688879,0.00415551662,0.259594798
,711000999,-22.907743267804232,-43.15567482312729,152.3,7.6,0.271688879,0.00415551662,0.259594798
,711000999,-22.907743267804232,-43.15567482312729,152.3,7.6,0.271688879,0.00415551662,0.259594798
,711000999,-22.907743267804232,-43.15567482312729,152.3,7.6,0.271688879,0.00415551662,0.259594798
,711000999,-22.907743267804232,-43.15567482312729,152.3,7.6,0.271688879,0.00415551662,0.259594798
,711000999,-22.907743267804232,-43.15567482312729,152.3,7.6,0.271688879,0.00415551662,0.259594798
,711000999,-22.907743267804232,-43.15567482312729,152.3,7.6,0.271688879,0.00415551662,0.259594798
,711000999,-22.907743267804232,-43.15567482312729,152.3,7.6,0.271688879,0.00415551662,0.259594798
,711000999,-22.907743267804232,-43.15567482312729,152.3,7.6,0.271688879,0.00415551662,0.259594798
,711000999,-22.907743267804232,-43.15567482312729,152.3,7.6,0.271688879,0.00415551662,0.259594798
,711000999,-22.907743267804232,-43.15567482312729,152.3,7.6,0.271688879,0.00415551662,0.259594798
,711000999,-22.907743267804232,-43.15567482312729,152.3,7.6,0.271688879,0.00415551662,0.259594798
,711000999,-22.907743267804232,-43.15567482312729,152.3,7.6,0.271688879,0.00415551662,0.259594798
,711000999,-22.907743267804232,-43.15567482312729,152.3,7.6,0.271688879,0.00415551662,0.259594798
,711000999,-22.907743267804232,-43.15567482312729,152.3,7.6,0.271688879,0.00415551662,0.259594798
,711000999,-22.907743267804232,-43.15567482312729,152.3,7.6,0.271688879,0.00415551662,0.259594798
,711000999,-22.907743267804232,-43.15567482312729,152.3,7.6,0.271688879,0.00415551662,0.259594798
,711000999,-22.907743267804232,-43.15567482312729,152.3,7.6,0.271688879,0.00415551662,0.259594798
,711000999,-22.907743267804232,-43.15567482312729,152.3,7.6,0.271688879,0.00415551662,0.259594798
,711000999,-22.907743267804232,-43.15567482312729,152.3,7.6,0.271688879,0.00415551662,0.259594798
,711000999,-22.907743267804232,-43.15567482312729,152.3,7.6,0.271688879,0.00415551662,0.259594798
,711000999,-22.907743267804232,-43.15567482312729,152.3,7.6,0.271688879,0.00415551662,0.259594798
,711000999,-22.907743267804232,-43.15567482312729,152.3,7.6,0.271688879,0.00415551662,0.259594798
,711000999,-22.907743267804232,-43.15567482312729,152.3,7.6,0.271688879,0.00415551662,0.259594798
,711000999,-22.907743267804232,-43.15567482312729,152.3,7.6,0.271688879,0.00415551662,0.259594798
,711000999,-22.907743267804232,-43.15567482312729,152.3,7.6,0.271688879,0.00415551662,0.259594798
,711000999,-22.907743267804232,-43.15567482312729,152.3,7.6,0.271688879,0.00415551662,0.259594798
,711000999,-22.907743267804232,-43.15567482312729,152.3,7.6,0.271688879,0.00415551662,0.259594798
,711000999,-22.90777431474297,-43.15565668872926,152.3,7.6,0.271688879,0.00415551662,0.259594798
,711000999,-22.90777431474297,-43.15565668872926,152.3,7.6,0.271688879,0.00415551662,0.259594798
,711000999,-22.90777431474297,-43.15565668872926,152.3,7.6,0.271688879,0.00415551662,0.259594798
,711000999,-22.90777431474297,-43.15565668872926,152.3,7.6,0.271688879,0.00415551662,0.259594798
,711000999,-22.90777431474297,-43.15565668872926,152.3,7.6,0.271688879,0.00415551662,0.259594798
,711000999,-22.90777431474297,-43.15565668872926,152.3,7.6,0.271688879,0.00415551662,0.259594798
,711000999,-22.90777431474297,-43.15565668872926,152.3,7.6,0.271688879,0.00415551662,0.259594798
,711000999,-22.90777431474297,-43.15565668872926,152.3,7.6,0.271688879,0.00415551662,0.259594798
,711000999,-22.90777431474297,-43.15565668872926,152.3,7.6,0.271688879,0.00415551662,0.259594798
,711000999,-22.90777431474297,-43.15565668872926,152.3,7.6,0.271688879,0.00415551662,0.259594798
,711000999,-22.90777431474297,-43.15565668872926,152.3,7.6,0.271688879,0.00415551662,0.259594798
,711000999,-22.90777431474297,-43.15565668872926,152.3,7.6,0.271688879,0.00415551662,0.259594798
,711000999,-22.90777431474297,-43.15565668872926,152.3,7.6,0.271688879,0.00415551662,0.259594798
,711000999,-22.90777431474297,-43.15565668872926,152.3,7.6,0.271688879,0.00415551662,0.259594798
,711000999,-22.90777431474297,-43.15565668872926,152.3,7.6,0.271688879,0.00415551662,0.259594798
,711000999,-22.90777431474297,-43.15565668872926,152.3,7.6,0.271688879,0.00415551662,0.259594798
,711000999,-22.90777431474297,-43.15565668872926,152.3,7.6,0.271688879,0.00415551662,0.259594798
,711000999,-22.90777431474297,-43.15565668872926,152.3,7.6,0.271688879,0.00415551662,0.259594798
,711000999,-22.90777431474297,-43.15565668872926,152.3,7.6,0.273605555,0.00398886204,0.257597893
,711000999,-22.90777431474297,-43.15565668872926,152.3,7.6,0.273605555,0.00398886204,0.257597893
,711000999,-22.90777431474297,-43.15565668872926,152.3,7.6,0.273605555,0.00398886204,0.257597893
,711000999,-22.90780536167899,-43.155638554322586,152.3,7.6,0.273605555,0.00398886204,0.257597893
,711000999,-22.90780536167899,-43.155638554322586,152.3,7.6,0.273605555,0.00398886204,0.257597893
,711000999,-22.90780536167899,-43.155638554322586,152.3,7.6,0.273605555,0.00398886204,0.257597893
,711000999,-22.90780536167899,-43.155638554322586,152.3,7.6,0.273605555,0.00398886204,0.257597893
,711000999,-22.90780536167899,-43.155638554322586,152.3,7.6,0.273605555,0.00398886204,0.257597893
,711000999,-22.90780536167899,-43.155638554322586,152.3,7.6,0.273605555,0.00398886204,0.257597893
,711000999,-22.90780536167899,-43.155638554322586,152.3,7.6,0.273605555,0.00398886204,0.257597893
,711000999,-22.90780536167899,-43.155638554322586,152.3,7.6,0.273605555,0.00398886204,0.257597893
,711000999,-22.90780536167899,-43.155638554322586,152.3,7.6,0.273605555,0.00398886204,0.257597893
,711000999,-22.90780536167899,-43.155638554322586,152.3,7.6,0.273605555,0.00398886204,0.257597893
,711000999,-22.90780536167899,-43.155638554322586,152.3,7.6,0.273605555,0.00398886204,0.257597893
,711000999,-22.90780536167899,-43.155638554322586,152.3,7.6,0.273605555,0.00398886204,0.257597893
,711000999,-22.907836408612283,-43.15562041990727,152.3,7.6,0.273605555,0.00398886204,0.257597893
,711000999,-22.907836408612283,-43.15562041990727,152.3,7.6,0.273605555,0.00398886204,0.257597893
,711000999,-22.907836408612283,-43.15562041990727,152.3,7.6,0.273605555,0.00398886204,0.257597893
,711000999,-22.907836408612283,-43.15562041990727,152.3,7.6,0.273605555,0.00398886204,0.257597893
,711000999,-22.907836408612283,-43.15562041990727,152.3,7.6,0.273605555,0.00398886204,0.257597893
,711000999,-22.907836408612283,-43.15562041990727,152.3,7.6,0.273605555,0.00398886204,0.257597893
,711000999,-22.907836408612283,-43.15562041990727,152.3,7.6,0.273605555,0.00398886204,0.257597893
,711000999,-22.907836408612283,-43.15562041990727,152.3,7.6,0.273605555,0.00398886204,0.257597893
,711000999,-22.907836408612283,-43.15562041990727,152.3,7.6,0.273605555,0.00398886204,0.257597893
,711000999,-22.907836408612283,-43.15562041990727,152.3,7.6,0.273605555,0.00398886204,0.257597893
,711000999,-22.907836408612283,-43.15562041990727,152.3,7.6,0.273605555,0.00398886204,0.257597893
,711000999,-22.907836408612283,-43.15562041990727,152.3,7.6,0.273605555,0.00398886204,0.257597893
,711000999,-22.907836408612283,-43.15562041990727,152.3,7.6,0.273605555,0.00398886204,0.257597893
,711000999,-22.907836408612283,-43.15562041990727,152.3,7.6,0.273605555,0.00398886204,0.257597893
,711000999,-22.907836408612283,-43.15562041990727,152.3,7.6,0.273605555,0.00398886204,0.257597893
,711000999,-22.907836408612283,-43.15562041990727,152.3,7.6,0.273605555,0.00398886204,0.257597893
,711000999,-22.907836408612283,-43.15562041990727,152.3,7.6,0.273605555,0.00398886204,0.257597893
,711000999,-22.907836408612283,-43.15562041990727,152.3,7.6,0.273605555,0.00398886204,0.257597893
,711000999,-22.907836408612283,-43.15562041990727,152.3,7.6,0.273605555,0.00398886204,0.257597893
,711000999,-22.907836408612283,-43.15562041990727,152.3,7.6,0.273605555,0.00398886204,0.257597893
,711000999,-22.907836408612283,-43.15562041990727,152.3,7.6,0.273605555,0.00398886204,0.257597893
,711000999,-22.907836408612283,-43.15562041990727,152.3,7.6,0.273605555,0.00398886204,0.257597893
,711000999,-22.907836408612283,-43.15562041990727,152.3,7.6,0.273605555,0.00398886204,0.257597893
,711000999,-22.907836408612283,-43.15562041990727,152.3,7.6,0.273605555,0.00398886204,0.257597893
,711000999,-22.907836408612283,-43.15562041990727,152.3,7.6,0.273605555,0.00398886204,0.257597893
,711000999,-22.907836408612283,-43.15562041990727,152.3,7.6,0.273605555,0.00398886204,0.257597893
,711000999,-22.907836408612283,-43.15562041990727,152.3,7.6,0.273605555,0.00398886204,0.257597893
,711000999,-22.907836408612283,-43.15562041990727,152.3,7.6,0.273605555,0.00398886204,0.257597893
,711000999,-22.907836408612283,-43.15562041990727,152.3,7.6,0.273605555,0.00398886204,0.257597893
,711000999,-22.907836408612283,-43.15562041990727,152.3,7.6,0.273605555,0.00398886204,0.257597893
,711000999,-22.907836408612283,-43.15562041990727,152.3,7.6,0.273605555,0.00398886204,0.257597893
,711000999,-22.907836408612283,-43.15562041990727,152.3,7.6,0.273605555,0.00398886204,0.257597893
,711000999,-22.907836408612283,-43.15562041990727,152.3,7.6,0.273605555,0.00398886204,0.257597893
,711000999,-22.907836408612283,-43.15562041990727,152.3,7.6,0.273605555,0.00398886204,0.257597893
,711000999,-22.907836408612283,-43.15562041990727,152.3,7.6,0.273605555,0.00398886204,0.257597893
,711000999,-22.907836408612283,-43.15562041990727,152.3,7.6,0.273605555,0.00398886204,0.257597893
,711000999,-22.907836408612283,-43.15562041990727,152.3,7.6,0.273605555,0.00398886204,0.257597893
,711000999,-22.907836408612283,-43.15562041990727,152.3,7.6,0.273605555,0.00398886204,0.257597893
,711000999,-22.907836408612283,-43.15562041990727,152.3,7.6,0.273605555,0.00398886204,0.257597893
,711000999,-22.907836408612283,-43.15562041990727,152.3,7.6,0.273605555,0.00398886204,0.257597893
,711000999,-22.907836408612283,-43.15562041990727,152.3,7.6,0.273605555,0.00398886204,0.257597893
,711000999,-22.907836408612283,-43.15562041990727,152.3,7.6,0.273605555,0.00398886204,0.257597893
,711000999,-22.907867455542856,-43.155602285483305,152.3,7.6,0.273605555,0.00398886204,0.257597893
,711000999,-22.907867455542856,-43.155602285483305,152.3,7.6,0.273605555,0.00398886204,0.257597893
,711000999,-22.907867455542856,-43.155602285483305,152.3,7.6,0.273605555,0.00398886204,0.257597893
,711000999,-22.907867455542856,-43.155602285483305,152.3,7.6,0.273605555,0.00398886204,0.257597893
,711000999,-22.907867455542856,-43.155602285483305,152.3,7.6,0.273605555,0.00398886204,0.257597893
,711000999,-22.907867455542856,-43.155602285483305,152.3,7.6,0.273605555,0.00398886204,0.257597893
,711000999,-22.907867455542856,-43.155602285483305,152.3,7.6,0.273605555,0.00398886204,0.257597893
,711000999,-22.907867455542856,-43.155602285483305,152.3,7.6,0.273605555,0.00398886204,0.257597893
,711000999,-22.907867455542856,-43.155602285483305,152.3,7.6,0.273605555,0.00398886204,0.257597893
,711000999,-22.907867455542856,-43.155602285483305,152.3,7.6,0.273605555,0.00398886204,0.257597893
,711000999,-22.907867455542856,-43.155602285483305,152.3,7.6,0.273605555,0.00398886204,0.257597893
,711000999,-22.907867455542856,-43.155602285483305,152.3,7.6,0.273605555,0.00398886204,0.257597893
,711000999,-22.907867455542856,-43.155602285483305,152.3,7.6,0.273605555,0.00398886204,0.257597893
,711000999,-22.907867455542856,-43.155602285483305,152.3,7.6,0.273605555,0.00398886204,0.257597893
,711000999,-22.907867455542856,-43.155602285483305,152.3,7.6,0.273605555,0.00398886204,0.257597893
,711000999,-22.907867455542856,-43.155602285483305,152.3,7.6,0.273605555,0.00398886204,0.257597893
,711000999,-22.907867455542856,-43.155602285483305,152.3,7.6,0.273605555,0.00398886204,0.257597893
,711000999,-22.907867455542856,-43.155602285483305,152.3,7.6,0.273605555,0.00398886204,0.257597893
,711000999,-22.907867455542856,-43.155602285483305,152.3,7.6,0.273605555,0.00398886204,0.257597893
,711000999,-22.907867455542856,-43.155602285483305,152.3,7.6,0.273605555,0.00398886204,0.257597893
,711000999,-22.907867455542856,-43.155602285483305,152.3,7.6,0.273605555,0.00398886204,0.257597893
,711000999,-22.907867455542856,-43.155602285483305,152.3,7.6,0.273605555,0.00398886204,0.257597893
,711000999,-22.907867455542856,-43.155602285483305,152.3,7.6,0.273605555,0.00398886204,0.257597893
,711000999,-22.907867455542856,-43.155602285483305,152.3,7.6,0.273605555,0.00398886204,0.257597893
,711000999,-22.907867455542856,-43.155602285483305,152.3,7.6,0.273605555,0.00398886204,0.257597893
,711000999,-22.907867455542856,-43.155602285483305,152.3,7.6,0.273605555,0.00398886204,0.257597893
,711000999,-22.907867455542856,-43.155602285483305,152.3,7.6,0.273605555,0.00398886204,0.257597893
,711000999,-22.90789850247069,-43.1555841510507,152.3,7.6,0.278744429,0.0036444664,0.255430251
,711000999,-22.90789850247069,-43.1555841510507,152.3,7.6,0.278744429,0.0036444664,0.255430251
,711000999,-22.90789850247069,-43.1555841510507,152.3,7.6,0.278744429,0.0036444664,0.255430251
,711000999,-22.90789850247069,-43.1555841510507,152.3,7.6,0.278744429,0.0036444664,0.255552292
,711000999,-22.90789850247069,-43.1555841510507,152.3,7.6,0.278744429,0.0036444664,0.255552292
,711000999,-22.90789850247069,-43.1555841510507,152.3,7.6,0.278744429,0.0036444664,0.255552292
,711000999,-22.90789850247069,-43.1555841510507,152.3,7.6,0.278744429,0.0036444664,0.255552292
,711000999,-22.90789850247069,-43.1555841510507,152.3,7.6,0.278744429,0.0036444664,0.255552292
,711000999,-22.90789850247069,-43.1555841510507,152.3,7.6,0.278744429,0.0036444664,0.255552292
,711000999,-22.90789850247069,-43.1555841510507,152.3,7.6,0.278744429,0.0036444664,0.255552292
,711000999,-22.90789850247069,-43.1555841510507,152.3,7.6,0.278744429,0.0036444664,0.255552292
,711000999,-22.90789850247069,-43.1555841510507,152.3,7.6,0.278744429,0.0036444664,0.255552292
,711000999,-22.90789850247069,-43.1555841510507,152.3,7.6,0.278744429,0.0036444664,0.255552292
,711000999,-22.90789850247069,-43.1555841510507,152.3,7.6,0.278744429,0.0036444664,0.255552292
,711000999,-22.90789850247069,-43.1555841510507,152.3,7.6,0.278744429,0.0036444664,0.255552292
,711000999,-22.90789850247069,-43.1555841510507,152.3,7.6,0.278744429,0.0036444664,0.255552292
,711000999,-22.90789850247069,-43.1555841510507,152.3,7.6,0.278744429,0.0036444664,0.255552292
,711000999,-22.90789850247069,-43.1555841510507,152.3,7.6,0.278744429,0.0036444664,0.255552292
,711000999,-22.90789850247069,-43.1555841510507,152.3,7.6,0.278744429,0.0036444664,0.255552292
,711000999,-22.90789850247069,-43.1555841510507,152.3,7.6,0.278744429,0.0036444664,0.255552292
,711000999,-22.90789850247069,-43.1555841510507,152.3,7.6,0.278744429,0.0036444664,0.255552292
,711000999,-22.90789850247069,-43.1555841510507,152.3,7.6,0.278744429,0.0036444664,0.255552292
,711000999,-22.90789850247069,-43.1555841510507,152.3,7.6,0.278744429,0.0036444664,0.255552292
,711000999,-22.90789850247069,-43.1555841510507,152.3,7.6,0.278744429,0.0036444664,0.255552292
,711000999,-22.90789850247069,-43.1555841510507,152.3,7.6,0.278744429,0.0036444664,0.255552292
,711000999,-22.90789850247069,-43.1555841510507,152.3,7.6,0.278744429,0.0036444664,0.255552292
,711000999,-22.90789850247069,-43.1555841510507,152.3,7.6,0.278744429,0.0036444664,0.255552292
,711000999,-22.90789850247069,-43.1555841510507,152.3,7.6,0.278744429,0.0036444664,0.255552292
,711000999,-22.90789850247069,-43.1555841510507,152.3,7.6,0.278744429,0.0036444664,0.255552292
,711000999,-22.90789850247069,-43.1555841510507,152.3,7.6,0.278744429,0.0036444664,0.255552292
,711000999,-22.90789850247069,-43.1555841510507,152.3,7.6,0.278744429,0.0036444664,0.255552292
,711000999,-22.90789850247069,-43.1555841510507,152.3,7.6,0.278744429,0.0036444664,0.255552292
,711000999,-22.90789850247069,-43.1555841510507,152.3,7.6,0.278744429,0.0036444664,0.255552292
,711000999,-22.907960596318183,-43.15554788215954,152.3,7.6,0.278744429,0.0036444664,0.255552292
,711000999,-22.907960596318183,-43.15554788215954,152.3,7.6,0.278744429,0.0036444664,0.255552292
,711000999,-22.907960596318183,-43.15554788215954,152.3,7.6,0.278744429,0.0036444664,0.255552292
,711000999,-22.90799164323785,-43.15552974770098,152.3,7.6,0.284005553,0.00329995155,0.251509845
,711000999,-22.90799164323785,-43.15552974770098,152.3,7.6,0.284005553,0.00329995155,0.251509845
,711000999,-22.90799164323785,-43.15552974770098,152.3,7.6,0.284005553,0.00329995155,0.251509845
,711000999,-22.90799164323785,-43.15552974770098,152.3,7.6,0.284005553,0.00329995155,0.251509845
,711000999,-22.90799164323785,-43.15552974770098,152.3,7.6,0.284005553,0.00329995155,0.251509845
,711000999,-22.90799164323785,-43.15552974770098,152.3,7.6,0.284005553,0.00329995155,0.251509845
,711000999,-22.90799164323785,-43.15552974770098,152.3,7.6,0.284005553,0.00329995155,0.251509845
,711000999,-22.90799164323785,-43.15552974770098,152.3,7.6,0.284005553,0.00329995155,0.251509845
,711000999,-22.90799164323785,-43.15552974770098,152.3,7.6,0.284005553,0.00329995155,0.251509845
,711000999,-22.90799164323785,-43.15552974770098,152.3,7.6,0.284005553,0.00329995155,0.251509845
,711000999,-22.90799164323785,-43.15552974770098,152.3,7.6,0.284005553,0.00329995155,0.251509845
,711000999,-22.90802269015478,-43.15551161323379,152.3,7.6,0.284005553,0.00329995155,0.251509845
,711000999,-22.90802269015478,-43.15551161323379,152.3,7.6,0.284005553,0.00329995155,0.251509845
,711000999,-22.90802269015478,-43.15551161323379,152.3,7.6,0.284005553,0.00329995155,0.251509845
,711000999,-22.90802269015478,-43.15551161323379,152.3,7.6,0.284005553,0.00329995155,0.251509845
,711000999,-22.90802269015478,-43.15551161323379,152.3,7.6,0.284005553,0.00329995155,0.251509845
,711000999,-22.90802269015478,-43.15551161323379,152.3,7.6,0.284005553,0.00329995155,0.251509845
,711000999,-22.90802269015478,-43.15551161323379,152.3,7.6,0.284005553,0.00329995155,0.251509845
,711000999,-22.90802269015478,-43.15551161323379,152.3,7.6,0.284005553,0.00329995155,0.251509845
,711000999,-22.90802269015478,-43.15551161323379,152.3,7.6,0.284005553,0.00329995155,0.251509845
,711000999,-22.90802269015478,-43.15551161323379,152.3,7.6,0.284005553,0.00329995155,0.251509845
,711000999,-22.90802269015478,-43.15551161323379,152.3,7.6,0.284005553,0.00329995155,0.251509845
,711000999,-22.90802269015478,-43.15551161323379,152.3,7.6,0.284005553,0.00329995155,0.251509845
,711000999,-22.90802269015478,-43.15551161323379,152.3,7.6,0.284005553,0.00329995155,0.251509845
,711000999,-22.90802269015478,-43.15551161323379,152.3,7.6,0.284005553,0.00329995155,0.251509845
,711000999,-22.90802269015478,-43.15551161323379,152.3,7.6,0.284005553,0.00329995155,0.251509845
,711000999,-22.90802269015478,-43.15551161323379,152.3,7.6,0.284005553,0.00329995155,0.251509845
,711000999,-22.90802269015478,-43.15551161323379,152.3,7.6,0.284005553,0.00329995155,0.251509845
,711000999,-22.90802269015478,-43.15551161323379,152.3,7.6,0.284005553,0.00329995155,0.251509845
