id_categoria,id_test,lat,lon,rumo,velocidade,pan,tilt,zoom
,710102038,-22.892984755276427,-43.14721713600304,269.2,8.6,0.274427772,0.027799964,1.0
,710102038,-22.892984755276427,-43.14721713600304,269.2,8.6,0.274427772,0.027799964,1.0
,710102038,-22.892984755276427,-43.14721713600304,269.2,8.6,0.274427772,0.027799964,1.0
,710102038,-22.892984755276427,-43.14721713600304,269.2,8.6,0.274427772,0.027799964,1.0
,710102038,-22.892984755276427,-43.14721713600304,269.2,8.6,0.274427772,0.027799964,1.0
,710102038,-22.892984755276427,-43.14721713600304,269.2,8.6,0.274427772,0.027799964,1.0
,710102038,-22.892984755276427,-43.14721713600304,269.2,8.6,0.274427772,0.027799964,1.0
,710102038,-22.892984755276427,-43.14721713600304,269.2,8.6,0.274427772,0.027799964,1.0
,710102038,-22.892984755276427,-43.14721713600304,269.2,8.6,0.274427772,0.027799964,1.0
,710102038,-22.892984755276427,-43.14721713600304,269.2,8.6,0.274427772,0.027799964,1.0
,710102038,-22.892984755276427,-43.14721713600304,269.2,8.6,0.274427772,0.027799964,1.0
,710102038,-22.892984755276427,-43.14721713600304,269.2,8.6,0.274427772,0.027799964,1.0
,710102038,-22.892984755276427,-43.14721713600304,269.2,8.6,0.274427772,0.027799964,1.0
,710102038,-22.89298581553647,-43.14726023511011,269.2,8.6,0.274427772,0.027799964,1.0
,710102038,-22.89298581553647,-43.14726023511011,269.2,8.6,0.274427772,0.027799964,1.0
,710102038,-22.89298581553647,-43.14726023511011,269.2,8.6,0.274427772,0.027799964,1.0
,710102038,-22.89298581553647,-43.14726023511011,269.2,8.6,0.274427772,0.027799964,1.0
,710102038,-22.89298581553647,-43.14726023511011,269.2,8.6,0.274427772,0.027799964,1.0
,710102038,-22.89298581553647,-43.14726023511011,269.2,8.6,0.274427772,0.027799964,1.0
,710102038,-22.89298581553647,-43.14726023511011,269.2,8.6,0.274427772,0.027799964,1.0
,710102038,-22.89298581553647,-43.14726023511011,269.2,8.6,0.272411108,0.027777791,1.0
,710102038,-22.89298581553647,-43.14726023511011,269.2,8.6,0.272411108,0.027777791,1.0
,710102038,-22.89298581553647,-43.14726023511011,269.2,8.6,0.272411108,0.027777791,1.0
,710102038,-22.89298581553647,-43.14726023511011,269.2,8.6,0.272411108,0.027777791,1.0
,710102038,-22.89298581553647,-43.14726023511011,269.2,8.6,0.272411108,0.027777791,1.0
,710102038,-22.89298581553647,-43.14726023511011,269.2,8.6,0.272411108,0.027777791,1.0
,710102038,-22.89298581553647,-43.14726023511011,269.2,8.6,0.272411108,0.027777791,1.0
,710102038,-22.89298581553647,-43.14726023511011,269.2,8.6,0.272411108,0.027777791,1.0
,710102038,-22.892986875784864,-43.14730333421875,269.2,8.6,0.272411108,0.027777791,1.0
,710102038,-22.892986875784864,-43.14730333421875,269.2,8.6,0.272411108,0.027777791,1.0
,710102038,-22.892986875784864,-43.14730333421875,269.2,8.6,0.272411108,0.027777791,1.0
,710102038,-22.892986875784864,-43.14730333421875,269.2,8.6,0.272411108,0.027777791,1.0
,710102038,-22.892986875784864,-43.14730333421875,269.2,8.6,0.272411108,0.027777791,1.0
,710102038,-22.892986875784864,-43.14730333421875,269.2,8.6,0.272411108,0.027777791,1.0
,710102038,-22.892986875784864,-43.14730333421875,269.2,8.6,0.272411108,0.027777791,1.0
,710102038,-22.892986875784864,-43.14730333421875,269.2,8.6,0.272411108,0.027777791,1.0
,710102038,-22.892999999999187,-43.14743000000001,265.7,8.3,0.272411108,0.027777791,1.0
,710102038,-22.892999999999187,-43.14743000000001,265.7,8.3,0.272411108,0.027777791,1.0
,710102038,-22.892999999999187,-43.14743000000001,265.7,8.3,0.272411108,0.027777791,1.0
,710102038,-22.892999999999187,-43.14743000000001,265.7,8.3,0.272411108,0.027777791,1.0
,710102038,-22.892999999999187,-43.14743000000001,265.7,8.3,0.272411108,0.027777791,1.0
,710102038,-22.892999999999187,-43.14743000000001,265.7,8.3,0.272411108,0.027777791,1.0
,710102038,-22.892999999999187,-43.14743000000001,265.7,8.3,0.272411108,0.027777791,1.0
,710102038,-22.892999999999187,-43.14743000000001,265.7,8.3,0.272411108,0.027777791,1.0
,710102038,-22.892999999999187,-43.14743000000001,265.7,8.3,0.272411108,0.027777791,1.0
,710102038,-22.89300337402673,-43.147471450655026,265.7,8.3,0.272411108,0.027777791,1.0
,710102038,-22.89300337402673,-43.147471450655026,265.7,8.3,0.272411108,0.027777791,1.0
,710102038,-22.89300337402673,-43.147471450655026,265.7,8.3,0.272411108,0.027777791,1.0
,710102038,-22.89300337402673,-43.147471450655026,265.7,8.3,0.272411108,0.027777791,1.0
,710102038,-22.89300337402673,-43.147471450655026,265.7,8.3,0.272411108,0.027777791,1.0
,710102038,-22.89300337402673,-43.147471450655026,265.7,8.3,0.272411108,0.027777791,1.0
,710102038,-22.89300337402673,-43.147471450655026,265.7,8.3,0.272411108,0.027777791,1.0
,710102038,-22.89300337402673,-43.147471450655026,265.7,8.3,0.272411108,0.027777791,1.0
,710102038,-22.89300337402673,-43.147471450655026,265.7,8.3,0.272411108,0.027777791,1.0
,710102038,-22.89300337402673,-43.147471450655026,265.7,8.3,0.272411108,0.027777791,1.0
,710102038,-22.89300337402673,-43.147471450655026,265.7,8.3,0.270177782,0.0277444124,1.0
,710102038,-22.89300337402673,-43.147471450655026,265.7,8.3,0.270177782,0.0277444124,1.0
,710102038,-22.89300337402673,-43.147471450655026,265.7,8.3,0.270177782,0.0277444124,1.0
,710102038,-22.893006748043586,-43.147512901312915,265.7,8.3,0.270177782,0.0277444124,1.0
,710102038,-22.893006748043586,-43.147512901312915,265.7,8.3,0.270177782,0.0277444124,1.0
,710102038,-22.893006748043586,-43.147512901312915,265.7,8.3,0.270177782,0.0277444124,1.0
,710102038,-22.893006748043586,-43.147512901312915,265.7,8.3,0.270177782,0.0277444124,1.0
,710102038,-22.893006748043586,-43.147512901312915,265.7,8.3,0.270177782,0.0277444124,1.0
,710102038,-22.893006748043586,-43.147512901312915,265.7,8.3,0.270177782,0.0277444124,1.0
,710102038,-22.893006748043586,-43.147512901312915,265.7,8.3,0.270177782,0.0277444124,1.0
,710102038,-22.893006748043586,-43.147512901312915,265.7,8.3,0.270177782,0.0277444124,1.0
,710102038,-22.893006748043586,-43.147512901312915,265.7,8.3,0.270177782,0.0277444124,1.0
,710102038,-22.893006748043586,-43.147512901312915,265.7,8.3,0.270177782,0.0277444124,1.0
,710102038,-22.893006748043586,-43.147512901312915,265.7,8.3,0.270177782,0.0277444124,1.0
,710102038,-22.893006748043586,-43.147512901312915,265.7,8.3,0.270177782,0.0277444124,1.0
,710102038,-22.893006748043586,-43.147512901312915,265.7,8.3,0.270177782,0.0277444124,1.0
,710102038,-22.893006748043586,-43.147512901312915,265.7,8.3,0.270177782,0.0277444124,1.0
,710102038,-22.893006748043586,-43.147512901312915,265.7,8.3,0.270177782,0.0277444124,1.0
,710102038,-22.893010122049755,-43.14755435197368,265.7,8.3,0.270177782,0.0277444124,1.0
,710102038,-22.893010122049755,-43.14755435197368,265.7,8.3,0.270177782,0.0277444124,1.0
,710102038,-22.893010122049755,-43.14755435197368,265.7,8.3,0.270177782,0.0277444124,1.0
,710102038,-22.893010122049755,-43.14755435197368,265.7,8.3,0.270177782,0.0277444124,1.0
,710102038,-22.893010122049755,-43.14755435197368,265.7,8.3,0.270177782,0.0277444124,1.0
,710102038,-22.893010122049755,-43.14755435197368,265.7,8.3,0.270177782,0.0277444124,1.0
,710102038,-22.893010122049755,-43.14755435197368,265.7,8.3,0.270177782,0.0277444124,1.0
,710102038,-22.893010122049755,-43.14755435197368,265.7,8.3,0.270177782,0.0277444124,1.0
,710102038,-22.893010122049755,-43.14755435197368,265.7,8.3,0.270177782,0.0277444124,1.0
,710102038,-22.893010122049755,-43.14755435197368,265.7,8.3,0.270177782,0.0277444124,1.0
,710102038,-22.893010122049755,-43.14755435197368,265.7,8.3,0.270177782,0.0277444124,1.0
,710102038,-22.893010122049755,-43.14755435197368,265.7,8.3,0.270177782,0.0277444124,1.0
,710102038,-22.893010122049755,-43.14755435197368,265.7,8.3,0.270177782,0.0277444124,1.0
,710102038,-22.893010122049755,-43.14755435197368,265.7,8.3,0.270177782,0.0277444124,1.0
,710102038,-22.893010122049755,-43.14755435197368,265.7,8.3,0.270177782,0.0277444124,1.0
,710102038,-22.89301349604525,-43.14759580263732,265.7,8.3,0.270177782,0.0277444124,1.0
,710102038,-22.89301349604525,-43.14759580263732,265.7,8.3,0.270177782,0.0277444124,1.0
,710102038,-22.89301349604525,-43.14759580263732,265.7,8.3,0.270177782,0.0277444124,1.0
,710102038,-22.89301349604525,-43.14759580263732,265.7,8.3,0.270177782,0.0277444124,1.0
,710102038,-22.89301349604525,-43.14759580263732,265.7,8.3,0.270177782,0.0277444124,1.0
,710102038,-22.89301349604525,-43.14759580263732,265.7,8.3,0.270177782,0.0277444124,1.0
,710102038,-22.89301349604525,-43.14759580263732,265.7,8.3,0.270177782,0.0277444124,1.0
,710102038,-22.89301349604525,-43.14759580263732,265.7,8.3,0.270177782,0.0277444124,1.0
,710102038,-22.89301349604525,-43.14759580263732,265.7,8.3,0.270177782,0.0277444124,1.0
,710102038,-22.89301349604525,-43.14759580263732,265.7,8.3,0.270177782,0.0277444124,1.0
,710102038,-22.89301349604525,-43.14759580263732,265.7,8.3,0.268994451,0.0277444124,1.0
,710102038,-22.89301349604525,-43.14759580263732,265.7,8.3,0.268750012,0.0277222395,1.0
,710102038,-22.89301349604525,-43.14759580263732,265.7,8.3,0.268750012,0.0277222395,1.0
,710102038,-22.89301349604525,-43.14759580263732,265.7,8.3,0.268750012,0.0277222395,1.0
,710102038,-22.89301349604525,-43.14759580263732,265.7,8.3,0.268750012,0.0277222395,1.0
,710102038,-22.89301687003005,-43.14763725330383,265.7,8.3,0.268750012,0.0277222395,1.0
,710102038,-22.89301687003005,-43.14763725330383,265.7,8.3,0.268750012,0.0277222395,1.0
,710102038,-22.89301687003005,-43.14763725330383,265.7,8.3,0.268750012,0.0277222395,1.0
,710102038,-22.89301687003005,-43.14763725330383,265.7,8.3,0.268750012,0.0277222395,1.0
,710102038,-22.89301687003005,-43.14763725330383,265.7,8.3,0.268750012,0.0277222395,1.0
,710102038,-22.89301687003005,-43.14763725330383,265.7,8.3,0.268750012,0.0277222395,1.0
,710102038,-22.89301687003005,-43.14763725330383,265.7,8.3,0.268750012,0.0277222395,1.0
,710102038,-22.89301687003005,-43.14763725330383,265.7,8.3,0.268750012,0.0277222395,1.0
,710102038,-22.89301687003005,-43.14763725330383,265.7,8.3,0.268750012,0.0277222395,1.0
,710102038,-22.89301687003005,-43.14763725330383,265.7,8.3,0.268750012,0.0277222395,1.0
,710102038,-22.89301687003005,-43.14763725330383,265.7,8.3,0.268750012,0.0277222395,1.0
,710102038,-22.89301687003005,-43.14763725330383,265.7,8.3,0.268750012,0.0277222395,1.0
,710102038,-22.89301687003005,-43.14763725330383,265.7,8.3,0.268750012,0.0277222395,1.0
,710102038,-22.89302024400417,-43.14767870397321,265.7,8.3,0.268750012,0.0277222395,1.0
,710102038,-22.89302024400417,-43.14767870397321,265.7,8.3,0.268750012,0.0277222395,1.0
,710102038,-22.89302024400417,-43.14767870397321,265.7,8.3,0.268750012,0.0277222395,1.0
,710102038,-22.89302024400417,-43.14767870397321,265.7,8.3,0.268750012,0.0277222395,1.0
,710102038,-22.89302024400417,-43.14767870397321,265.7,8.3,0.268750012,0.0277222395,1.0
,710102038,-22.89302024400417,-43.14767870397321,265.7,8.3,0.268750012,0.0277222395,1.0
,710102038,-22.89302024400417,-43.14767870397321,265.7,8.3,0.268750012,0.0277222395,1.0
,710102038,-22.89302024400417,-43.14767870397321,265.7,8.3,0.268750012,0.0277222395,1.0
,710102038,-22.89302024400417,-43.14767870397321,265.7,8.3,0.268750012,0.0277222395,1.0
,710102038,-22.89302024400417,-43.14767870397321,265.7,8.3,0.268750012,0.0277222395,1.0
,710102038,-22.89302024400417,-43.14767870397321,265.7,8.3,0.268750012,0.0277222395,1.0
,710102038,-22.89302024400417,-43.14767870397321,265.7,8.3,0.268750012,0.0277222395,1.0
,710102038,-22.89302024400417,-43.14767870397321,265.7,8.3,0.268750012,0.0277222395,1.0
,710102038,-22.89302024400417,-43.14767870397321,265.7,8.3,0.268750012,0.0277222395,1.0
,710102038,-22.893023617967604,-43.14772015464548,265.7,8.3,0.268750012,0.0277222395,1.0
,710102038,-22.893023617967604,-43.14772015464548,265.7,8.3,0.268750012,0.0277222395,1.0
,710102038,-22.893023617967604,-43.14772015464548,265.7,8.3,0.268750012,0.0277222395,1.0
,710102038,-22.893023617967604,-43.14772015464548,265.7,8.3,0.268750012,0.0277222395,1.0
,710102038,-22.893023617967604,-43.14772015464548,265.7,8.3,0.268750012,0.0277222395,1.0
,710102038,-22.893023617967604,-43.14772015464548,265.7,8.3,0.268750012,0.0277222395,1.0
,710102038,-22.893023617967604,-43.14772015464548,265.7,8.3,0.268750012,0.0277222395,1.0
,710102038,-22.893023617967604,-43.14772015464548,265.7,8.3,0.268750012,0.0277222395,1.0
,710102038,-22.893023617967604,-43.14772015464548,265.7,8.3,0.268750012,0.0277222395,1.0
,710102038,-22.893023617967604,-43.14772015464548,265.7,8.3,0.268750012,0.0277222395,1.0
,710102038,-22.893023617967604,-43.14772015464548,265.7,8.3,0.268750012,0.0277222395,1.0
,710102038,-22.893023617967604,-43.14772015464548,265.7,8.3,0.267316669,0.0276888609,1.0
,710102038,-22.893023617967604,-43.14772015464548,265.7,8.3,0.267316669,0.0276888609,1.0
,710102038,-22.893023617967604,-43.14772015464548,265.7,8.3,0.267316669,0.0276888609,1.0
,710102038,-22.893023617967604,-43.14772015464548,265.7,8.3,0.267316669,0.0276888609,1.0
,710102038,-22.893026991920358,-43.1477616053206,265.7,8.3,0.267316669,0.0276888609,1.0
,710102038,-22.893026991920358,-43.1477616053206,265.7,8.3,0.267316669,0.0276888609,1.0
,710102038,-22.893026991920358,-43.1477616053206,265.7,8.3,0.267316669,0.0276888609,1.0
,710102038,-22.893026991920358,-43.1477616053206,265.7,8.3,0.267316669,0.0276888609,1.0
,710102038,-22.893026991920358,-43.1477616053206,265.7,8.3,0.267316669,0.0276888609,1.0
,710102038,-22.893026991920358,-43.1477616053206,265.7,8.3,0.267316669,0.0276888609,1.0
,710102038,-22.893026991920358,-43.1477616053206,265.7,8.3,0.267316669,0.0276888609,1.0
,710102038,-22.893026991920358,-43.1477616053206,265.7,8.3,0.267316669,0.0276888609,1.0
,710102038,-22.893026991920358,-43.1477616053206,265.7,8.3,0.267316669,0.0276888609,1.0
,710102038,-22.893043065395908,-43.14793045971646,264.2,8.4,0.267316669,0.0276888609,1.0
,710102038,-22.893043065395908,-43.14793045971646,264.2,8.4,0.267316669,0.0276888609,1.0
,710102038,-22.893043065395908,-43.14793045971646,264.2,8.4,0.267316669,0.0276888609,1.0
,710102038,-22.893043065395908,-43.14793045971646,264.2,8.4,0.267316669,0.0276888609,1.0
,710102038,-22.893043065395908,-43.14793045971646,264.2,8.4,0.267316669,0.0276888609,1.0
,710102038,-22.893043065395908,-43.14793045971646,264.2,8.4,0.267316669,0.0276888609,1.0
,710102038,-22.893043065395908,-43.14793045971646,264.2,8.4,0.264888883,0.0276554823,1.0
,710102038,-22.893043065395908,-43.14793045971646,264.2,8.4,0.264888883,0.0276554823,1.0
,710102038,-22.893043065395908,-43.14793045971646,264.2,8.4,0.264888883,0.0276554823,1.0
,710102038,-22.893043065395908,-43.14793045971646,264.2,8.4,0.264888883,0.0276554823,1.0
,710102038,-22.893043065395908,-43.14793045971646,264.2,8.4,0.264888883,0.0276554823,1.0
,710102038,-22.893043065395908,-43.14793045971646,264.2,8.4,0.264888883,0.0276554823,1.0
,710102038,-22.893043065395908,-43.14793045971646,264.2,8.4,0.264888883,0.0276554823,1.0
,710102038,-22.893043065395908,-43.14793045971646,264.2,8.4,0.264888883,0.0276554823,1.0
,710102038,-22.893047496188924,-43.147972298964646,264.2,8.4,0.264888883,0.0276554823,1.0
,710102038,-22.893047496188924,-43.147972298964646,264.2,8.4,0.264888883,0.0276554823,1.0
,710102038,-22.893047496188924,-43.147972298964646,264.2,8.4,0.264888883,0.0276554823,1.0
,710102038,-22.893047496188924,-43.147972298964646,264.2,8.4,0.264888883,0.0276554823,1.0
,710102038,-22.893047496188924,-43.147972298964646,264.2,8.4,0.264888883,0.0276554823,1.0
,710102038,-22.893047496188924,-43.147972298964646,264.2,8.4,0.264888883,0.0276554823,1.0
,710102038,-22.893047496188924,-43.147972298964646,264.2,8.4,0.264888883,0.0276554823,1.0
,710102038,-22.893047496188924,-43.147972298964646,264.2,8.4,0.264888883,0.0276554823,1.0
,710102038,-22.893047496188924,-43.147972298964646,264.2,8.4,0.264888883,0.0276554823,1.0
,710102038,-22.893047496188924,-43.147972298964646,264.2,8.4,0.264888883,0.0276554823,1.0
,710102038,-22.893047496188924,-43.147972298964646,264.2,8.4,0.264888883,0.0276554823,1.0
,710102038,-22.893051926971093,-43.14801413821639,264.2,8.4,0.264888883,0.0276554823,1.0
,710102038,-22.893051926971093,-43.14801413821639,264.2,8.4,0.264888883,0.0276554823,1.0
,710102038,-22.893051926971093,-43.14801413821639,264.2,8.4,0.264888883,0.0276554823,1.0
,710102038,-22.893051926971093,-43.14801413821639,264.2,8.4,0.264888883,0.0276554823,1.0
,710102038,-22.893051926971093,-43.14801413821639,264.2,8.4,0.264888883,0.0276554823,1.0
,710102038,-22.893051926971093,-43.14801413821639,264.2,8.4,0.264888883,0.0276554823,1.0
,710102038,-22.893051926971093,-43.14801413821639,264.2,8.4,0.264888883,0.0276554823,1.0
,710102038,-22.893051926971093,-43.14801413821639,264.2,8.4,0.264888883,0.0276554823,1.0
,710102038,-22.893051926971093,-43.14801413821639,264.2,8.4,0.264888883,0.0276554823,1.0
,710102038,-22.893051926971093,-43.14801413821639,264.2,8.4,0.264888883,0.0276554823,1.0
,710102038,-22.893051926971093,-43.14801413821639,264.2,8.4,0.264888883,0.0276554823,1.0
,710102038,-22.893051926971093,-43.14801413821639,264.2,8.4,0.263922215,0.0276443958,1.0
,710102038,-22.893051926971093,-43.14801413821639,264.2,8.4,0.263922215,0.0276443958,1.0
,710102038,-22.893051926971093,-43.14801413821639,264.2,8.4,0.263922215,0.0276443958,1.0
,710102038,-22.893051926971093,-43.14801413821639,264.2,8.4,0.263922215,0.0276443958,1.0
,710102038,-22.89305635774242,-43.148055977471685,264.2,8.4,0.263922215,0.0276443958,1.0
,710102038,-22.89305635774242,-43.148055977471685,264.2,8.4,0.263922215,0.0276443958,1.0
,710102038,-22.89305635774242,-43.148055977471685,264.2,8.4,0.263922215,0.0276443958,1.0
,710102038,-22.89305635774242,-43.148055977471685,264.2,8.4,0.263922215,0.0276443958,1.0
,710102038,-22.89305635774242,-43.148055977471685,264.2,8.4,0.263922215,0.0276443958,1.0
,710102038,-22.89305635774242,-43.148055977471685,264.2,8.4,0.263922215,0.0276443958,1.0
,710102038,-22.89305635774242,-43.148055977471685,264.2,8.4,0.263922215,0.0276443958,1.0
,710102038,-22.89305635774242,-43.148055977471685,264.2,8.4,0.263922215,0.0276443958,1.0
,710102038,-22.89305635774242,-43.148055977471685,264.2,8.4,0.263922215,0.0276443958,1.0
,710102038,-22.89305635774242,-43.148055977471685,264.2,8.4,0.263922215,0.0276443958,1.0
,710102038,-22.89305635774242,-43.148055977471685,264.2,8.4,0.263922215,0.0276443958,1.0
,710102038,-22.89305635774242,-43.148055977471685,264.2,8.4,0.263922215,0.0276443958,1.0
,710102038,-22.89305635774242,-43.148055977471685,264.2,8.4,0.263922215,0.0276443958,1.0
,710102038,-22.89305635774242,-43.148055977471685,264.2,8.4,0.263922215,0.0276443958,1.0
,710102038,-22.89305635774242,-43.148055977471685,264.2,8.4,0.263922215,0.0276443958,1.0
,710102038,-22.8930607885029,-43.14809781673052,264.2,8.4,0.263922215,0.0276443958,1.0
,710102038,-22.8930607885029,-43.14809781673052,264.2,8.4,0.263922215,0.0276443958,1.0
,710102038,-22.8930607885029,-43.14809781673052,264.2,8.4,0.263922215,0.0276443958,1.0
,710102038,-22.8930607885029,-43.14809781673052,264.2,8.4,0.263922215,0.0276443958,1.0
,710102038,-22.8930607885029,-43.14809781673052,264.2,8.4,0.263922215,0.0276443958,1.0
,710102038,-22.8930607885029,-43.14809781673052,264.2,8.4,0.263922215,0.0276443958,1.0
,710102038,-22.8930607885029,-43.14809781673052,264.2,8.4,0.263922215,0.0276443958,1.0
,710102038,-22.8930607885029,-43.14809781673052,264.2,8.4,0.263922215,0.0276443958,1.0
,710102038,-22.8930607885029,-43.14809781673052,264.2,8.4,0.263922215,0.0276443958,1.0
,710102038,-22.8930607885029,-43.14809781673052,264.2,8.4,0.263922215,0.0276443958,1.0
,710102038,-22.8930607885029,-43.14809781673052,264.2,8.4,0.263922215,0.0276443958,1.0
,710102038,-22.8930607885029,-43.14809781673052,264.2,8.4,0.263922215,0.0276443958,1.0
,710102038,-22.8930607885029,-43.14809781673052,264.2,8.4,0.263922215,0.0276443958,1.0
,710102038,-22.8930607885029,-43.14809781673052,264.2,8.4,0.263922215,0.0276443958,1.0
,710102038,-22.8930607885029,-43.14809781673052,264.2,8.4,0.263922215,0.0276443958,1.0
,710102038,-22.893065219252538,-43.14813965599292,264.2,8.4,0.263922215,0.0276443958,1.0
,710102038,-22.893065219252538,-43.14813965599292,264.2,8.4,0.263922215,0.0276443958,1.0
,710102038,-22.893065219252538,-43.14813965599292,264.2,8.4,0.263922215,0.0276443958,1.0
,710102038,-22.893065219252538,-43.14813965599292,264.2,8.4,0.263922215,0.0276443958,1.0
,710102038,-22.893065219252538,-43.14813965599292,264.2,8.4,0.263922215,0.0276443958,1.0
,710102038,-22.893065219252538,-43.14813965599292,264.2,8.4,0.263922215,0.0276443958,1.0
,710102038,-22.893065219252538,-43.14813965599292,264.2,8.4,0.263922215,0.0276443958,1.0
,710102038,-22.893065219252538,-43.14813965599292,264.2,8.4,0.263922215,0.0276443958,1.0
,710102038,-22.893065219252538,-43.14813965599292,264.2,8.4,0.263922215,0.0276443958,1.0
,710102038,-22.893065219252538,-43.14813965599292,264.2,8.4,0.263922215,0.0276443958,1.0
,710102038,-22.893065219252538,-43.14813965599292,264.2,8.4,0.263922215,0.0276443958,1.0
,710102038,-22.893065219252538,-43.14813965599292,264.2,8.4,0.262466669,0.0276111364,1.0
,710102038,-22.893065219252538,-43.14813965599292,264.2,8.4,0.262466669,0.0276111364,1.0
,710102038,-22.893065219252538,-43.14813965599292,264.2,8.4,0.262466669,0.0276111364,1.0
,710102038,-22.893065219252538,-43.14813965599292,264.2,8.4,0.262466669,0.0276111364,1.0
,710102038,-22.89306964999133,-43.14818149525887,264.2,8.4,0.262466669,0.0276111364,1.0
,710102038,-22.89306964999133,-43.14818149525887,264.2,8.4,0.262466669,0.0276111364,1.0
,710102038,-22.89306964999133,-43.14818149525887,264.2,8.4,0.262466669,0.0276111364,1.0
,710102038,-22.89306964999133,-43.14818149525887,264.2,8.4,0.262466669,0.0276111364,1.0
,710102038,-22.89306964999133,-43.14818149525887,264.2,8.4,0.262466669,0.0276111364,1.0
,710102038,-22.89306964999133,-43.14818149525887,264.2,8.4,0.262466669,0.0276111364,1.0
,710102038,-22.89306964999133,-43.14818149525887,264.2,8.4,0.262466669,0.0276111364,1.0
,710102038,-22.89306964999133,-43.14818149525887,264.2,8.4,0.262466669,0.0276111364,1.0
,710102038,-22.89306964999133,-43.14818149525887,264.2,8.4,0.262466669,0.0276111364,1.0
,710102038,-22.89306964999133,-43.14818149525887,264.2,8.4,0.262466669,0.0276111364,1.0
,710102038,-22.89306964999133,-43.14818149525887,264.2,8.4,0.262466669,0.0276111364,1.0
,710102038,-22.89306964999133,-43.14818149525887,264.2,8.4,0.262466669,0.0276111364,1.0
,710102038,-22.89306964999133,-43.14818149525887,264.2,8.4,0.262466669,0.0276111364,1.0
,710102038,-22.89306964999133,-43.14818149525887,264.2,8.4,0.262466669,0.0276111364,1.0
,710102038,-22.89306964999133,-43.14818149525887,264.2,8.4,0.262466669,0.0276111364,1.0
,710102038,-22.89307408071927,-43.14822333452837,264.2,8.4,0.262466669,0.0276111364,1.0
,710102038,-22.89307408071927,-43.14822333452837,264.2,8.4,0.262466669,0.0276111364,1.0
,710102038,-22.89307408071927,-43.14822333452837,264.2,8.4,0.262466669,0.0276111364,1.0
,710102038,-22.89307408071927,-43.14822333452837,264.2,8.4,0.262466669,0.0276111364,1.0
,710102038,-22.89307408071927,-43.14822333452837,264.2,8.4,0.262466669,0.0276111364,1.0
,710102038,-22.89307408071927,-43.14822333452837,264.2,8.4,0.262466669,0.0276111364,1.0
,710102038,-22.89307408071927,-43.14822333452837,264.2,8.4,0.262466669,0.0276111364,1.0
,710102038,-22.89307408071927,-43.14822333452837,264.2,8.4,0.262466669,0.0276111364,1.0
,710102038,-22.89307408071927,-43.14822333452837,264.2,8.4,0.262466669,0.0276111364,1.0
,710102038,-22.89307408071927,-43.14822333452837,264.2,8.4,0.262466669,0.0276111364,1.0
,710102038,-22.89307408071927,-43.14822333452837,264.2,8.4,0.262466669,0.0276111364,1.0
,710102038,-22.89307408071927,-43.14822333452837,264.2,8.4,0.262466669,0.0276111364,1.0
,710102038,-22.89307408071927,-43.14822333452837,264.2,8.4,0.262466669,0.0276111364,1.0
,710102038,-22.89307408071927,-43.14822333452837,264.2,8.4,0.262466669,0.0276111364,1.0
,710102038,-22.89307408071927,-43.14822333452837,264.2,8.4,0.262466669,0.0276111364,1.0
,710102038,-22.893078511436368,-43.14826517380141,264.2,8.4,0.262466669,0.0276111364,1.0
,710102038,-22.893078511436368,-43.14826517380141,264.2,8.4,0.262466669,0.0276111364,1.0
,710102038,-22.893078511436368,-43.14826517380141,264.2,8.4,0.262466669,0.0276111364,1.0
,710102038,-22.893078511436368,-43.14826517380141,264.2,8.4,0.262466669,0.0276111364,1.0
,710102038,-22.893078511436368,-43.14826517380141,264.2,8.4,0.262466669,0.0276111364,1.0
,710102038,-22.893078511436368,-43.14826517380141,264.2,8.4,0.262466669,0.0276111364,1.0
,710102038,-22.893078511436368,-43.14826517380141,264.2,8.4,0.262466669,0.0276111364,1.0
,710102038,-22.89308294214263,-43.14830701307802,264.2,8.4,0.262466669,0.0276111364,1.0
,710102038,-22.89308294214263,-43.14830701307802,264.2,8.4,0.260994434,0.02760005,1.0
,710102038,-22.89308294214263,-43.14830701307802,264.2,8.4,0.260994434,0.02760005,1.0
,710102038,-22.89308294214263,-43.14830701307802,264.2,8.4,0.260994434,0.02760005,1.0
,710102038,-22.89308294214263,-43.14830701307802,264.2,8.4,0.260994434,0.02760005,1.0
,710102038,-22.89308294214263,-43.14830701307802,264.2,8.4,0.260994434,0.02760005,1.0
,710102038,-22.89308294214263,-43.14830701307802,264.2,8.4,0.260994434,0.02760005,1.0
,710102038,-22.89308294214263,-43.14830701307802,264.2,8.4,0.260994434,0.02760005,1.0
,710102038,-22.89308294214263,-43.14830701307802,264.2,8.4,0.260994434,0.02760005,1.0
,710102038,-22.89308294214263,-43.14830701307802,264.2,8.4,0.260994434,0.02760005,1.0
,710102038,-22.89308294214263,-43.14830701307802,264.2,8.4,0.260994434,0.02760005,1.0
,710102038,-22.89308294214263,-43.14830701307802,264.2,8.4,0.260994434,0.02760005,1.0
,710102038,-22.89308294214263,-43.14830701307802,264.2,8.4,0.260994434,0.02760005,1.0
,710102038,-22.89308294214263,-43.14830701307802,264.2,8.4,0.260994434,0.02760005,1.0
,710102038,-22.89308294214263,-43.14830701307802,264.2,8.4,0.260994434,0.02760005,1.0
,710102038,-22.893087372838036,-43.14834885235817,264.2,8.4,0.260994434,0.02760005,1.0
,710102038,-22.893087372838036,-43.14834885235817,264.2,8.4,0.260994434,0.02760005,1.0
,710102038,-22.893087372838036,-43.14834885235817,264.2,8.4,0.260994434,0.02760005,1.0
,710102038,-22.893087372838036,-43.14834885235817,264.2,8.4,0.260994434,0.02760005,1.0
,710102038,-22.893087372838036,-43.14834885235817,264.2,8.4,0.260994434,0.02760005,1.0
,710102038,-22.893087372838036,-43.14834885235817,264.2,8.4,0.260994434,0.02760005,1.0
,710102038,-22.893087372838036,-43.14834885235817,264.2,8.4,0.260994434,0.02760005,1.0
,710102038,-22.893087372838036,-43.14834885235817,264.2,8.4,0.260994434,0.02760005,1.0
,710102038,-22.893087372838036,-43.14834885235817,264.2,8.4,0.260994434,0.02760005,1.0
,710102038,-22.893087372838036,-43.14834885235817,264.2,8.4,0.260994434,0.02760005,1.0
,710102038,-22.893087372838036,-43.14834885235817,264.2,8.4,0.260994434,0.02760005,1.0
,710102038,-22.893087372838036,-43.14834885235817,264.2,8.4,0.260994434,0.02760005,1.0
,710102038,-22.893087372838036,-43.14834885235817,264.2,8.4,0.260994434,0.02760005,1.0
,710102038,-22.89308400909094,-43.14830857727438,263.6,8.4,0.260994434,0.02760005,1.0
,710102038,-22.89308400909094,-43.14830857727438,263.6,8.4,0.260994434,0.02760005,1.0
,710102038,-22.89308400909094,-43.14830857727438,263.6,8.4,0.260994434,0.02760005,1.0
,710102038,-22.89308400909094,-43.14830857727438,263.6,8.4,0.260994434,0.02760005,1.0
,710102038,-22.89308400909094,-43.14830857727438,263.6,8.4,0.260994434,0.02760005,1.0
,710102038,-22.89308400909094,-43.14830857727438,263.6,8.4,0.260994434,0.02760005,1.0
,710102038,-22.89308400909094,-43.14830857727438,263.6,8.4,0.260994434,0.02760005,1.0
,710102038,-22.89308400909094,-43.14830857727438,263.6,8.4,0.260994434,0.02760005,1.0
,710102038,-22.89308400909094,-43.14830857727438,263.6,8.4,0.260994434,0.02760005,1.0
,710102038,-22.89308400909094,-43.14830857727438,263.6,8.4,0.260994434,0.02760005,1.0
,710102038,-22.89308400909094,-43.14830857727438,263.6,8.4,0.260994434,0.02760005,1.0
,710102038,-22.89308400909094,-43.14830857727438,263.6,8.4,0.260994434,0.02760005,1.0
,710102038,-22.89308400909094,-43.14830857727438,263.6,8.4,0.2605111,0.02760005,1.0
,710102038,-22.89308400909094,-43.14830857727438,263.6,8.4,0.2605111,0.0275889635,1.0
,710102038,-22.89308400909094,-43.14830857727438,263.6,8.4,0.2605111,0.0275889635,1.0
,710102038,-22.893088845472885,-43.14835036418299,263.6,8.4,0.2605111,0.0275889635,1.0
,710102038,-22.893088845472885,-43.14835036418299,263.6,8.4,0.2605111,0.0275889635,1.0
,710102038,-22.893088845472885,-43.14835036418299,263.6,8.4,0.2605111,0.0275889635,1.0
,710102038,-22.893088845472885,-43.14835036418299,263.6,8.4,0.2605111,0.0275889635,1.0
,710102038,-22.893088845472885,-43.14835036418299,263.6,8.4,0.2605111,0.0275889635,1.0
,710102038,-22.893088845472885,-43.14835036418299,263.6,8.4,0.2605111,0.0275889635,1.0
,710102038,-22.893088845472885,-43.14835036418299,263.6,8.4,0.2605111,0.0275889635,1.0
,710102038,-22.893088845472885,-43.14835036418299,263.6,8.4,0.2605111,0.0275889635,1.0
,710102038,-22.893088845472885,-43.14835036418299,263.6,8.4,0.2605111,0.0275889635,1.0
,710102038,-22.893088845472885,-43.14835036418299,263.6,8.4,0.2605111,0.0275889635,1.0
,710102038,-22.893088845472885,-43.14835036418299,263.6,8.4,0.2605111,0.0275889635,1.0
,710102038,-22.893088845472885,-43.14835036418299,263.6,8.4,0.2605111,0.0275889635,1.0
,710102038,-22.893088845472885,-43.14835036418299,263.6,8.4,0.2605111,0.0275889635,1.0
,710102038,-22.893088845472885,-43.14835036418299,263.6,8.4,0.2605111,0.0275889635,1.0
,710102038,-22.893088845472885,-43.14835036418299,263.6,8.4,0.2605111,0.0275889635,1.0
,710102038,-22.893093681844025,-43.148392151095386,263.6,8.4,0.2605111,0.0275889635,1.0
,710102038,-22.893093681844025,-43.148392151095386,263.6,8.4,0.2605111,0.0275889635,1.0
,710102038,-22.893093681844025,-43.148392151095386,263.6,8.4,0.2605111,0.0275889635,1.0
,710102038,-22.893093681844025,-43.148392151095386,263.6,8.4,0.2605111,0.0275889635,1.0
,710102038,-22.893093681844025,-43.148392151095386,263.6,8.4,0.2605111,0.0275889635,1.0
,710102038,-22.893093681844025,-43.148392151095386,263.6,8.4,0.2605111,0.0275889635,1.0
,710102038,-22.893093681844025,-43.148392151095386,263.6,8.4,0.2605111,0.0275889635,1.0
,710102038,-22.893093681844025,-43.148392151095386,263.6,8.4,0.2605111,0.0275889635,1.0
,710102038,-22.893093681844025,-43.148392151095386,263.6,8.4,0.2605111,0.0275889635,1.0
,710102038,-22.893093681844025,-43.148392151095386,263.6,8.4,0.2605111,0.0275889635,1.0
,710102038,-22.893093681844025,-43.148392151095386,263.6,8.4,0.2605111,0.0275889635,1.0
,710102038,-22.893098518204365,-43.14843393801158,263.6,8.4,0.2605111,0.0275889635,1.0
,710102038,-22.893098518204365,-43.14843393801158,263.6,8.4,0.2605111,0.0275889635,1.0
,710102038,-22.893098518204365,-43.14843393801158,263.6,8.4,0.2605111,0.0275889635,1.0
,710102038,-22.893098518204365,-43.14843393801158,263.6,8.4,0.2605111,0.0275889635,1.0
,710102038,-22.893098518204365,-43.14843393801158,263.6,8.4,0.2605111,0.0275889635,1.0
,710102038,-22.893098518204365,-43.14843393801158,263.6,8.4,0.2605111,0.0275889635,1.0
,710102038,-22.893098518204365,-43.14843393801158,263.6,8.4,0.2605111,0.0275889635,1.0
,710102038,-22.893098518204365,-43.14843393801158,263.6,8.4,0.2605111,0.0275889635,1.0
,710102038,-22.893098518204365,-43.14843393801158,263.6,8.4,0.2605111,0.0275889635,1.0
,710102038,-22.893098518204365,-43.14843393801158,263.6,8.4,0.2605111,0.0275889635,1.0
,710102038,-22.893098518204365,-43.14843393801158,263.6,8.4,0.2605111,0.0275889635,1.0
,710102038,-22.893098518204365,-43.14843393801158,263.6,8.4,0.2605111,0.0275889635,1.0
,710102038,-22.893098518204365,-43.14843393801158,263.6,8.4,0.2605111,0.0275889635,1.0
,710102038,-22.893098518204365,-43.14843393801158,263.6,8.4,0.259038895,0.0275666714,1.0
,710102038,-22.893098518204365,-43.14843393801158,263.6,8.4,0.259038895,0.0275666714,1.0
,710102038,-22.893103354553894,-43.148475724931565,263.6,8.4,0.259038895,0.0275666714,1.0
,710102038,-22.893103354553894,-43.148475724931565,263.6,8.4,0.259038895,0.0275666714,1.0
,710102038,-22.893103354553894,-43.148475724931565,263.6,8.4,0.259038895,0.0275666714,1.0
,710102038,-22.893103354553894,-43.148475724931565,263.6,8.4,0.259038895,0.0275666714,1.0
,710102038,-22.893103354553894,-43.148475724931565,263.6,8.4,0.259038895,0.0275666714,1.0
,710102038,-22.893103354553894,-43.148475724931565,263.6,8.4,0.259038895,0.0275666714,1.0
,710102038,-22.893103354553894,-43.148475724931565,263.6,8.4,0.259038895,0.0275666714,1.0
,710102038,-22.893103354553894,-43.148475724931565,263.6,8.4,0.259038895,0.0275666714,1.0
,710102038,-22.893103354553894,-43.148475724931565,263.6,8.4,0.259038895,0.0275666714,1.0
,710102038,-22.893108190892622,-43.14851751185534,263.6,8.4,0.259038895,0.0275666714,1.0
,710102038,-22.893108190892622,-43.14851751185534,263.6,8.4,0.259038895,0.0275666714,1.0
,710102038,-22.893108190892622,-43.14851751185534,263.6,8.4,0.259038895,0.0275666714,1.0
,710102038,-22.893108190892622,-43.14851751185534,263.6,8.4,0.259038895,0.0275666714,1.0
,710102038,-22.893108190892622,-43.14851751185534,263.6,8.4,0.259038895,0.0275666714,1.0
,710102038,-22.893108190892622,-43.14851751185534,263.6,8.4,0.259038895,0.0275666714,1.0
,710102038,-22.893108190892622,-43.14851751185534,263.6,8.4,0.259038895,0.0275666714,1.0
,710102038,-22.893108190892622,-43.14851751185534,263.6,8.4,0.259038895,0.0275666714,1.0
,710102038,-22.893108190892622,-43.14851751185534,263.6,8.4,0.259038895,0.0275666714,1.0
,710102038,-22.893108190892622,-43.14851751185534,263.6,8.4,0.259038895,0.0275666714,1.0
,710102038,-22.893108190892622,-43.14851751185534,263.6,8.4,0.259038895,0.0275666714,1.0
,710102038,-22.893108190892622,-43.14851751185534,263.6,8.4,0.259038895,0.0275666714,1.0
,710102038,-22.893108190892622,-43.14851751185534,263.6,8.4,0.259038895,0.0275666714,1.0
,710102038,-22.893108190892622,-43.14851751185534,263.6,8.4,0.259038895,0.0275666714,1.0
,710102038,-22.893108190892622,-43.14851751185534,263.6,8.4,0.259038895,0.0275666714,1.0
,710102038,-22.893113027220554,-43.14855929878291,263.6,8.4,0.259038895,0.0275666714,1.0
,710102038,-22.893113027220554,-43.14855929878291,263.6,8.4,0.259038895,0.0275666714,1.0
,710102038,-22.893113027220554,-43.14855929878291,263.6,8.4,0.259038895,0.0275666714,1.0
,710102038,-22.893113027220554,-43.14855929878291,263.6,8.4,0.259038895,0.0275666714,1.0
,710102038,-22.893113027220554,-43.14855929878291,263.6,8.4,0.259038895,0.0275666714,1.0
,710102038,-22.893113027220554,-43.14855929878291,263.6,8.4,0.259038895,0.0275666714,1.0
,710102038,-22.893113027220554,-43.14855929878291,263.6,8.4,0.259038895,0.0275666714,1.0
,710102038,-22.893113027220554,-43.14855929878291,263.6,8.4,0.259038895,0.0275666714,1.0
,710102038,-22.893113027220554,-43.14855929878291,263.6,8.4,0.259038895,0.0275666714,1.0
,710102038,-22.893113027220554,-43.14855929878291,263.6,8.4,0.259038895,0.0275666714,1.0
,710102038,-22.893117863537682,-43.14860108571427,263.6,8.4,0.259038895,0.0275666714,1.0
,710102038,-22.893117863537682,-43.14860108571427,263.6,8.4,0.257572204,0.0275666714,1.0
,710102038,-22.893117863537682,-43.14860108571427,263.6,8.4,0.257561117,0.0275444984,1.0
,710102038,-22.893117863537682,-43.14860108571427,263.6,8.4,0.257561117,0.0275444984,1.0
,710102038,-22.893117863537682,-43.14860108571427,263.6,8.4,0.257561117,0.0275444984,1.0
,710102038,-22.893117863537682,-43.14860108571427,263.6,8.4,0.257561117,0.0275444984,1.0
,710102038,-22.893117863537682,-43.14860108571427,263.6,8.4,0.257561117,0.0275444984,1.0
,710102038,-22.893117863537682,-43.14860108571427,263.6,8.4,0.257561117,0.0275444984,1.0
,710102038,-22.893117863537682,-43.14860108571427,263.6,8.4,0.257561117,0.0275444984,1.0
,710102038,-22.893117863537682,-43.14860108571427,263.6,8.4,0.257561117,0.0275444984,1.0
,710102038,-22.893117863537682,-43.14860108571427,263.6,8.4,0.257561117,0.0275444984,1.0
,710102038,-22.893117863537682,-43.14860108571427,263.6,8.4,0.257561117,0.0275444984,1.0
,710102038,-22.893117863537682,-43.14860108571427,263.6,8.4,0.257561117,0.0275444984,1.0
,710102038,-22.893117863537682,-43.14860108571427,263.6,8.4,0.257561117,0.0275444984,1.0
,710102038,-22.893117863537682,-43.14860108571427,263.6,8.4,0.257561117,0.0275444984,1.0
,710102038,-22.893122699844003,-43.148642872649425,263.6,8.4,0.257561117,0.0275444984,1.0
,710102038,-22.893122699844003,-43.148642872649425,263.6,8.4,0.257561117,0.0275444984,1.0
,710102038,-22.893122699844003,-43.148642872649425,263.6,8.4,0.257561117,0.0275444984,1.0
,710102038,-22.893122699844003,-43.148642872649425,263.6,8.4,0.257561117,0.0275444984,1.0
,710102038,-22.89312294699939,-43.14873368866438,265.3,8.4,0.257561117,0.0275444984,1.0
,710102038,-22.89312294699939,-43.14873368866438,265.3,8.4,0.257561117,0.0275444984,1.0
,710102038,-22.89312294699939,-43.14873368866438,265.3,8.4,0.257561117,0.0275444984,1.0
,710102038,-22.89312294699939,-43.14873368866438,265.3,8.4,0.257561117,0.0275444984,1.0
,710102038,-22.89312294699939,-43.14873368866438,265.3,8.4,0.257561117,0.0275444984,1.0
,710102038,-22.89312294699939,-43.14873368866438,265.3,8.4,0.257561117,0.0275444984,1.0
,710102038,-22.89312294699939,-43.14873368866438,265.3,8.4,0.257561117,0.0275444984,1.0
,710102038,-22.89312294699939,-43.14873368866438,265.3,8.4,0.257561117,0.0275444984,1.0
,710102038,-22.89312294699939,-43.14873368866438,265.3,8.4,0.257561117,0.0275444984,1.0
,710102038,-22.89312294699939,-43.14873368866438,265.3,8.4,0.257561117,0.0275444984,1.0
,710102038,-22.89312294699939,-43.14873368866438,265.3,8.4,0.257561117,0.0275444984,1.0
,710102038,-22.89312294699939,-43.14873368866438,265.3,8.4,0.257561117,0.0275444984,1.0
,710102038,-22.89312294699939,-43.14873368866438,265.3,8.4,0.257561117,0.0275444984,1.0
,710102038,-22.89312294699939,-43.14873368866438,265.3,8.4,0.257561117,0.0275444984,1.0
,710102038,-22.89312294699939,-43.14873368866438,265.3,8.4,0.257561117,0.0275444984,1.0
,710102038,-22.89312663259458,-43.148775612071915,265.3,8.4,0.257561117,0.0275444984,1.0
,710102038,-22.89312663259458,-43.148775612071915,265.3,8.4,0.257561117,0.0275444984,1.0
,710102038,-22.89312663259458,-43.148775612071915,265.3,8.4,0.257561117,0.0275444984,1.0
,710102038,-22.89312663259458,-43.148775612071915,265.3,8.4,0.257561117,0.0275444984,1.0
,710102038,-22.89312663259458,-43.148775612071915,265.3,8.4,0.257561117,0.0275444984,1.0
,710102038,-22.89312663259458,-43.148775612071915,265.3,8.4,0.257561117,0.0275444984,1.0
,710102038,-22.89312663259458,-43.148775612071915,265.3,8.4,0.257561117,0.0275444984,1.0
,710102038,-22.89312663259458,-43.148775612071915,265.3,8.4,0.257561117,0.0275444984,1.0
,710102038,-22.89312663259458,-43.148775612071915,265.3,8.4,0.257561117,0.0275444984,1.0
,710102038,-22.89312663259458,-43.148775612071915,265.3,8.4,0.254883349,0.0275111198,1.0
,710102038,-22.89312663259458,-43.148775612071915,265.3,8.4,0.254883349,0.0275111198,1.0
,710102038,-22.89312663259458,-43.148775612071915,265.3,8.4,0.254883349,0.0275111198,1.0
,710102038,-22.89312663259458,-43.148775612071915,265.3,8.4,0.254883349,0.0275111198,1.0
,710102038,-22.89312663259458,-43.148775612071915,265.3,8.4,0.254883349,0.0275111198,1.0
,710102038,-22.89312663259458,-43.148775612071915,265.3,8.4,0.254883349,0.0275111198,1.0
,710102038,-22.89313031817885,-43.14881753548255,265.3,8.4,0.254883349,0.0275111198,1.0
,710102038,-22.89313031817885,-43.14881753548255,265.3,8.4,0.254883349,0.0275111198,1.0
,710102038,-22.89313031817885,-43.14881753548255,265.3,8.4,0.254883349,0.0275111198,1.0
,710102038,-22.89313031817885,-43.14881753548255,265.3,8.4,0.254883349,0.0275111198,1.0
,710102038,-22.89313031817885,-43.14881753548255,265.3,8.4,0.254883349,0.0275111198,1.0
,710102038,-22.89313031817885,-43.14881753548255,265.3,8.4,0.254883349,0.0275111198,1.0
,710102038,-22.89313031817885,-43.14881753548255,265.3,8.4,0.254883349,0.0275111198,1.0
,710102038,-22.89313031817885,-43.14881753548255,265.3,8.4,0.254883349,0.0275111198,1.0
,710102038,-22.89313031817885,-43.14881753548255,265.3,8.4,0.254883349,0.0275111198,1.0
,710102038,-22.89313031817885,-43.14881753548255,265.3,8.4,0.254883349,0.0275111198,1.0
,710102038,-22.89313031817885,-43.14881753548255,265.3,8.4,0.254883349,0.0275111198,1.0
,710102038,-22.89313031817885,-43.14881753548255,265.3,8.4,0.254883349,0.0275111198,1.0
,710102038,-22.89313031817885,-43.14881753548255,265.3,8.4,0.254883349,0.0275111198,1.0
,710102038,-22.89313031817885,-43.14881753548255,265.3,8.4,0.254883349,0.0275111198,1.0
,710102038,-22.893134003752195,-43.1488594588963,265.3,8.4,0.254883349,0.0275111198,1.0
,710102038,-22.893134003752195,-43.1488594588963,265.3,8.4,0.254883349,0.0275111198,1.0
,710102038,-22.893134003752195,-43.1488594588963,265.3,8.4,0.254883349,0.0275111198,1.0
,710102038,-22.893134003752195,-43.1488594588963,265.3,8.4,0.254883349,0.0275111198,1.0
,710102038,-22.893134003752195,-43.1488594588963,265.3,8.4,0.254883349,0.0275111198,1.0
,710102038,-22.893134003752195,-43.1488594588963,265.3,8.4,0.254883349,0.0275111198,1.0
,710102038,-22.893134003752195,-43.1488594588963,265.3,8.4,0.254883349,0.0275111198,1.0
,710102038,-22.893134003752195,-43.1488594588963,265.3,8.4,0.254883349,0.0275111198,1.0
,710102038,-22.893134003752195,-43.1488594588963,265.3,8.4,0.254883349,0.0275111198,1.0
,710102038,-22.893134003752195,-43.1488594588963,265.3,8.4,0.254883349,0.0275111198,1.0
,710102038,-22.893134003752195,-43.1488594588963,265.3,8.4,0.254883349,0.0275111198,1.0
,710102038,-22.893134003752195,-43.1488594588963,265.3,8.4,0.254883349,0.0275111198,1.0
,710102038,-22.893134003752195,-43.1488594588963,265.3,8.4,0.254883349,0.0275111198,1.0
,710102038,-22.893134003752195,-43.1488594588963,265.3,8.4,0.254883349,0.0275111198,1.0
,710102038,-22.893134003752195,-43.1488594588963,265.3,8.4,0.254883349,0.0275111198,1.0
,710102038,-22.89313768931462,-43.148901382313134,265.3,8.4,0.254883349,0.0275111198,1.0
,710102038,-22.89313768931462,-43.148901382313134,265.3,8.4,0.254883349,0.0275111198,1.0
,710102038,-22.89313768931462,-43.148901382313134,265.3,8.4,0.254883349,0.0275111198,1.0
,710102038,-22.89313768931462,-43.148901382313134,265.3,8.4,0.254883349,0.0275111198,1.0
,710102038,-22.89313768931462,-43.148901382313134,265.3,8.4,0.254883349,0.0275111198,1.0
,710102038,-22.89313768931462,-43.148901382313134,265.3,8.4,0.254883349,0.0275111198,1.0
,710102038,-22.89313768931462,-43.148901382313134,265.3,8.4,0.254883349,0.0275111198,1.0
,710102038,-22.89313768931462,-43.148901382313134,265.3,8.4,0.254883349,0.0275111198,1.0
,710102038,-22.89313768931462,-43.148901382313134,265.3,8.4,0.254883349,0.0275111198,1.0
,710102038,-22.89313768931462,-43.148901382313134,265.3,8.4,0.253361106,0.0274888277,1.0
,710102038,-22.89313768931462,-43.148901382313134,265.3,8.4,0.253361106,0.0274888277,1.0
,710102038,-22.89313768931462,-43.148901382313134,265.3,8.4,0.253361106,0.0274888277,1.0
,710102038,-22.89313768931462,-43.148901382313134,265.3,8.4,0.253361106,0.0274888277,1.0
,710102038,-22.89313768931462,-43.148901382313134,265.3,8.4,0.253361106,0.0274888277,1.0
,710102038,-22.89314506040672,-43.148985229156146,265.3,8.4,0.253361106,0.0274888277,1.0
,710102038,-22.89314506040672,-43.148985229156146,265.3,8.4,0.253361106,0.0274888277,1.0
,710102038,-22.89314506040672,-43.148985229156146,265.3,8.4,0.253361106,0.0274888277,1.0
,710102038,-22.89314506040672,-43.148985229156146,265.3,8.4,0.253361106,0.0274888277,1.0
,710102038,-22.89314506040672,-43.148985229156146,265.3,8.4,0.253361106,0.0274888277,1.0
,710102038,-22.89314506040672,-43.148985229156146,265.3,8.4,0.253361106,0.0274888277,1.0
,710102038,-22.89314506040672,-43.148985229156146,265.3,8.4,0.253361106,0.0274888277,1.0
,710102038,-22.89314506040672,-43.148985229156146,265.3,8.4,0.253361106,0.0274888277,1.0
,710102038,-22.89314506040672,-43.148985229156146,265.3,8.4,0.253361106,0.0274888277,1.0
,710102038,-22.89314506040672,-43.148985229156146,265.3,8.4,0.253361106,0.0274888277,1.0
,710102038,-22.89314506040672,-43.148985229156146,265.3,8.4,0.253361106,0.0274888277,1.0
,710102038,-22.89314506040672,-43.148985229156146,265.3,8.4,0.253361106,0.0274888277,1.0
,710102038,-22.89314506040672,-43.148985229156146,265.3,8.4,0.253361106,0.0274888277,1.0
,710102038,-22.89314506040672,-43.148985229156146,265.3,8.4,0.253361106,0.0274888277,1.0
,710102038,-22.89314506040672,-43.148985229156146,265.3,8.4,0.253361106,0.0274888277,1.0
,710102038,-22.89314506040672,-43.148985229156146,265.3,8.4,0.253361106,0.0274888277,1.0
,710102038,-22.893148745936397,-43.14902715258231,265.3,8.4,0.253361106,0.0274888277,1.0
,710102038,-22.893148745936397,-43.14902715258231,265.3,8.4,0.253361106,0.0274888277,1.0
,710102038,-22.893148745936397,-43.14902715258231,265.3,8.4,0.253361106,0.0274888277,1.0
,710102038,-22.893148745936397,-43.14902715258231,265.3,8.4,0.253361106,0.0274888277,1.0
,710102038,-22.893148745936397,-43.14902715258231,265.3,8.4,0.253361106,0.0274888277,1.0
,710102038,-22.893148745936397,-43.14902715258231,265.3,8.4,0.253361106,0.0274888277,1.0
,710102038,-22.893148745936397,-43.14902715258231,265.3,8.4,0.253361106,0.0274888277,1.0
,710102038,-22.893148745936397,-43.14902715258231,265.3,8.4,0.253361106,0.0274888277,1.0
,710102038,-22.893148745936397,-43.14902715258231,265.3,8.4,0.253361106,0.0274888277,1.0
,710102038,-22.893148745936397,-43.14902715258231,265.3,8.4,0.251827776,0.0274666548,1.0
,710102038,-22.893148745936397,-43.14902715258231,265.3,8.4,0.251827776,0.0274666548,1.0
,710102038,-22.893148745936397,-43.14902715258231,265.3,8.4,0.251827776,0.0274666548,1.0
,710102038,-22.893148745936397,-43.14902715258231,265.3,8.4,0.251827776,0.0274666548,1.0
,710102038,-22.89315611696298,-43.149110999443955,265.3,8.4,0.251827776,0.0274666548,1.0
,710102038,-22.89315611696298,-43.149110999443955,265.3,8.4,0.251827776,0.0274666548,1.0
,710102038,-22.89315611696298,-43.149110999443955,265.3,8.4,0.251827776,0.0274666548,1.0
,710102038,-22.89315611696298,-43.149110999443955,265.3,8.4,0.251827776,0.0274666548,1.0
,710102038,-22.89315611696298,-43.149110999443955,265.3,8.4,0.251827776,0.0274666548,1.0
,710102038,-22.89315611696298,-43.149110999443955,265.3,8.4,0.251827776,0.0274666548,1.0
,710102038,-22.89315611696298,-43.149110999443955,265.3,8.4,0.251827776,0.0274666548,1.0
,710102038,-22.893159802459895,-43.14915292287943,265.3,8.4,0.251827776,0.0274666548,1.0
,710102038,-22.893159802459895,-43.14915292287943,265.3,8.4,0.251827776,0.0274666548,1.0
,710102038,-22.893159802459895,-43.14915292287943,265.3,8.4,0.251827776,0.0274666548,1.0
,710102038,-22.893159802459895,-43.14915292287943,265.3,8.4,0.251827776,0.0274666548,1.0
,710102038,-22.893159802459895,-43.14915292287943,265.3,8.4,0.251827776,0.0274666548,1.0
,710102038,-22.893159802459895,-43.14915292287943,265.3,8.4,0.251827776,0.0274666548,1.0
,710102038,-22.893159802459895,-43.14915292287943,265.3,8.4,0.251827776,0.0274666548,1.0
,710102038,-22.893159802459895,-43.14915292287943,265.3,8.4,0.251827776,0.0274666548,1.0
,710102038,-22.893159802459895,-43.14915292287943,265.3,8.4,0.251827776,0.0274666548,1.0
,710102038,-22.893159802459895,-43.14915292287943,265.3,8.4,0.250288874,0.0274444818,1.0
,710102038,-22.893159802459895,-43.14915292287943,265.3,8.4,0.250288874,0.0274444818,1.0
,710102038,-22.893159802459895,-43.14915292287943,265.3,8.4,0.250288874,0.0274444818,1.0
,710102038,-22.893159802459895,-43.14915292287943,265.3,8.4,0.250288874,0.0274444818,1.0
,710102038,-22.893159802459895,-43.14915292287943,265.3,8.4,0.250288874,0.0274444818,1.0
,710102038,-22.893159802459895,-43.14915292287943,265.3,8.4,0.250288874,0.0274444818,1.0
,710102038,-22.893163487945888,-43.14919484631801,265.3,8.4,0.250288874,0.0274444818,1.0
,710102038,-22.893163487945888,-43.14919484631801,265.3,8.4,0.250288874,0.0274444818,1.0
,710102038,-22.893163487945888,-43.14919484631801,265.3,8.4,0.250288874,0.0274444818,1.0
,710102038,-22.893163487945888,-43.14919484631801,265.3,8.4,0.250288874,0.0274444818,1.0
,710102038,-22.893163487945888,-43.14919484631801,265.3,8.4,0.250288874,0.0274444818,1.0
,710102038,-22.893163487945888,-43.14919484631801,265.3,8.4,0.250288874,0.0274444818,1.0
,710102038,-22.893163487945888,-43.14919484631801,265.3,8.4,0.250288874,0.0274444818,1.0
,710102038,-22.893163487945888,-43.14919484631801,265.3,8.4,0.250288874,0.0274444818,1.0
,710102038,-22.893163487945888,-43.14919484631801,265.3,8.4,0.250288874,0.0274444818,1.0
,710102038,-22.893163487945888,-43.14919484631801,265.3,8.4,0.250288874,0.0274444818,1.0
,710102038,-22.893163487945888,-43.14919484631801,265.3,8.4,0.250288874,0.0274444818,1.0
,710102038,-22.893163487945888,-43.14919484631801,265.3,8.4,0.250288874,0.0274444818,1.0
,710102038,-22.893163487945888,-43.14919484631801,265.3,8.4,0.250288874,0.0274444818,1.0
,710102038,-22.893163487945888,-43.14919484631801,265.3,8.4,0.250288874,0.0274444818,1.0
,710102038,-22.893163487945888,-43.14919484631801,265.3,8.4,0.250288874,0.0274444818,1.0
,710102038,-22.89316717342097,-43.1492367697597,265.3,8.4,0.250288874,0.0274444818,1.0
,710102038,-22.89316717342097,-43.1492367697597,265.3,8.4,0.250288874,0.0274444818,1.0
,710102038,-22.89316717342097,-43.1492367697597,265.3,8.4,0.250288874,0.0274444818,1.0
,710102038,-22.89316717342097,-43.1492367697597,265.3,8.4,0.250288874,0.0274444818,1.0
,710102038,-22.89316717342097,-43.1492367697597,265.3,8.4,0.250288874,0.0274444818,1.0
,710102038,-22.89316717342097,-43.1492367697597,265.3,8.4,0.250288874,0.0274444818,1.0
,710102038,-22.89316717342097,-43.1492367697597,265.3,8.4,0.250288874,0.0274444818,1.0
,710102038,-22.89316717342097,-43.1492367697597,265.3,8.4,0.250288874,0.0274444818,1.0
,710102038,-22.89316717342097,-43.1492367697597,265.3,8.4,0.250288874,0.0274444818,1.0
,710102038,-22.893142055476677,-43.14916468149526,266.8,8.6,0.250288874,0.0274444818,1.0
,710102038,-22.893142055476677,-43.14916468149526,266.8,8.6,0.250288874,0.0274444818,1.0
,710102038,-22.893142055476677,-43.14916468149526,266.8,8.6,0.250288874,0.0274444818,1.0
,710102038,-22.893142055476677,-43.14916468149526,266.8,8.6,0.250288874,0.0274444818,1.0
,710102038,-22.893142055476677,-43.14916468149526,266.8,8.6,0.250288874,0.0274444818,1.0
,710102038,-22.893142055476677,-43.14916468149526,266.8,8.6,0.250288874,0.0274444818,1.0
,710102038,-22.893142055476677,-43.14916468149526,266.8,8.6,0.250288874,0.0274444818,1.0
,710102038,-22.893142055476677,-43.14916468149526,266.8,8.6,0.250288874,0.0274444818,1.0
,710102038,-22.893142055476677,-43.14916468149526,266.8,8.6,0.250288874,0.0274444818,1.0
,710102038,-22.893142055476677,-43.14916468149526,266.8,8.6,0.250288874,0.0274444818,1.0
,710102038,-22.893142055476677,-43.14916468149526,266.8,8.6,0.250288874,0.0274444818,1.0
,710102038,-22.893142055476677,-43.14916468149526,266.8,8.6,0.250288874,0.0274444818,1.0
,710102038,-22.893142055476677,-43.14916468149526,266.8,8.6,0.250288874,0.0274444818,1.0
,710102038,-22.893142055476677,-43.14916468149526,266.8,8.6,0.250288874,0.0274444818,1.0
,710102038,-22.893142055476677,-43.14916468149526,266.8,8.6,0.250288874,0.0274444818,1.0
,710102038,-22.893144786439148,-43.1492076950049,266.8,8.6,0.249938875,0.0274444818,1.0
,710102038,-22.893144786439148,-43.1492076950049,266.8,8.6,0.249938875,0.0274444818,1.0
,710102038,-22.893144786439148,-43.1492076950049,266.8,8.6,0.249938875,0.0274444818,1.0
,710102038,-22.893144786439148,-43.1492076950049,266.8,8.6,0.249938875,0.0274444818,1.0
,710102038,-22.893144786439148,-43.1492076950049,266.8,8.6,0.249938875,0.0274444818,1.0
,710102038,-22.893144786439148,-43.1492076950049,266.8,8.6,0.249938875,0.0274444818,1.0
,710102038,-22.893144786439148,-43.1492076950049,266.8,8.6,0.249938875,0.0274444818,1.0
,710102038,-22.893144786439148,-43.1492076950049,266.8,8.6,0.249938875,0.0274444818,1.0
,710102038,-22.893144786439148,-43.1492076950049,266.8,8.6,0.249938875,0.0274444818,1.0
,710102038,-22.893144786439148,-43.1492076950049,266.8,8.6,0.249938875,0.0274444818,1.0
,710102038,-22.893144786439148,-43.1492076950049,266.8,8.6,0.249938875,0.0274444818,1.0
,710102038,-22.893144786439148,-43.1492076950049,266.8,8.6,0.249938875,0.0274444818,1.0
,710102038,-22.893144786439148,-43.1492076950049,266.8,8.6,0.249938875,0.0274444818,1.0
,710102038,-22.893144786439148,-43.1492076950049,266.8,8.6,0.249938875,0.0274444818,1.0
,710102038,-22.893144786439148,-43.1492076950049,266.8,8.6,0.249938875,0.0274444818,1.0
,710102038,-22.893147517390076,-43.14925070851715,266.8,8.6,0.249938875,0.0274444818,1.0
,710102038,-22.893147517390076,-43.14925070851715,266.8,8.6,0.249938875,0.0274444818,1.0
,710102038,-22.893147517390076,-43.14925070851715,266.8,8.6,0.249938875,0.0274444818,1.0
,710102038,-22.893147517390076,-43.14925070851715,266.8,8.6,0.249938875,0.0274444818,1.0
,710102038,-22.893147517390076,-43.14925070851715,266.8,8.6,0.249938875,0.0274444818,1.0
,710102038,-22.893147517390076,-43.14925070851715,266.8,8.6,0.249938875,0.0274444818,1.0
,710102038,-22.893147517390076,-43.14925070851715,266.8,8.6,0.249938875,0.0274444818,1.0
,710102038,-22.893147517390076,-43.14925070851715,266.8,8.6,0.249938875,0.0274444818,1.0
,710102038,-22.893147517390076,-43.14925070851715,266.8,8.6,0.249938875,0.0274444818,1.0
,710102038,-22.893147517390076,-43.14925070851715,266.8,8.6,0.249938875,0.0274444818,1.0
,710102038,-22.893147517390076,-43.14925070851715,266.8,8.6,0.249938875,0.0274444818,1.0
,710102038,-22.893147517390076,-43.14925070851715,266.8,8.6,0.249938875,0.0274444818,1.0
,710102038,-22.893147517390076,-43.14925070851715,266.8,8.6,0.249938875,0.0274444818,1.0
,710102038,-22.893147517390076,-43.14925070851715,266.8,8.6,0.249938875,0.0274444818,1.0
,710102038,-22.893147517390076,-43.14925070851715,266.8,8.6,0.249938875,0.0274444818,1.0
,710102038,-22.893150248329484,-43.14929372203201,266.8,8.6,0.249938875,0.0274444818,1.0
,710102038,-22.893150248329484,-43.14929372203201,266.8,8.6,0.249938875,0.0274444818,1.0
,710102038,-22.893150248329484,-43.14929372203201,266.8,8.6,0.249938875,0.0274444818,1.0
,710102038,-22.893150248329484,-43.14929372203201,266.8,8.6,0.249938875,0.0274444818,1.0
,710102038,-22.893150248329484,-43.14929372203201,266.8,8.6,0.249938875,0.0274444818,1.0
,710102038,-22.893150248329484,-43.14929372203201,266.8,8.6,0.249938875,0.0274444818,1.0
,710102038,-22.893150248329484,-43.14929372203201,266.8,8.6,0.249938875,0.0274444818,1.0
,710102038,-22.893150248329484,-43.14929372203201,266.8,8.6,0.249938875,0.0274444818,1.0
,710102038,-22.893150248329484,-43.14929372203201,266.8,8.6,0.249938875,0.0274444818,1.0
,710102038,-22.893150248329484,-43.14929372203201,266.8,8.6,0.249938875,0.0274444818,1.0
,710102038,-22.893150248329484,-43.14929372203201,266.8,8.6,0.249938875,0.0274444818,1.0
,710102038,-22.893150248329484,-43.14929372203201,266.8,8.6,0.249938875,0.0274444818,1.0
,710102038,-22.893150248329484,-43.14929372203201,266.8,8.6,0.249938875,0.0274444818,1.0
,710102038,-22.893150248329484,-43.14929372203201,266.8,8.6,0.249938875,0.0274444818,1.0
,710102038,-22.893150248329484,-43.14929372203201,266.8,8.6,0.249938875,0.0274444818,1.0
,710102038,-22.893152979257337,-43.14933673554948,266.8,8.6,0.248327792,0.0274333954,1.0
,710102038,-22.893152979257337,-43.14933673554948,266.8,8.6,0.248327792,0.0274333954,1.0
,710102038,-22.893152979257337,-43.14933673554948,266.8,8.6,0.248327792,0.0274333954,1.0
,710102038,-22.893152979257337,-43.14933673554948,266.8,8.6,0.248327792,0.0274333954,1.0
,710102038,-22.893152979257337,-43.14933673554948,266.8,8.6,0.248327792,0.0274333954,1.0
,710102038,-22.893152979257337,-43.14933673554948,266.8,8.6,0.248327792,0.0274333954,1.0
,710102038,-22.893152979257337,-43.14933673554948,266.8,8.6,0.248327792,0.0274333954,1.0
,710102038,-22.893152979257337,-43.14933673554948,266.8,8.6,0.248327792,0.0274333954,1.0
,710102038,-22.893152979257337,-43.14933673554948,266.8,8.6,0.248327792,0.0274333954,1.0
,710102038,-22.893152979257337,-43.14933673554948,266.8,8.6,0.248327792,0.0274333954,1.0
,710102038,-22.893152979257337,-43.14933673554948,266.8,8.6,0.248327792,0.0274333954,1.0
,710102038,-22.893152979257337,-43.14933673554948,266.8,8.6,0.248327792,0.0274333954,1.0
,710102038,-22.893152979257337,-43.14933673554948,266.8,8.6,0.248327792,0.0274333954,1.0
,710102038,-22.893155710173662,-43.14937974906957,266.8,8.6,0.248327792,0.0274333954,1.0
,710102038,-22.893155710173662,-43.14937974906957,266.8,8.6,0.248327792,0.0274333954,1.0
,710102038,-22.893155710173662,-43.14937974906957,266.8,8.6,0.248327792,0.0274333954,1.0
,710102038,-22.893155710173662,-43.14937974906957,266.8,8.6,0.248327792,0.0274333954,1.0
,710102038,-22.893155710173662,-43.14937974906957,266.8,8.6,0.248327792,0.0274333954,1.0
,710102038,-22.893155710173662,-43.14937974906957,266.8,8.6,0.248327792,0.0274333954,1.0
,710102038,-22.893155710173662,-43.14937974906957,266.8,8.6,0.248327792,0.0274333954,1.0
,710102038,-22.893155710173662,-43.14937974906957,266.8,8.6,0.248327792,0.0274333954,1.0
,710102038,-22.893155710173662,-43.14937974906957,266.8,8.6,0.248327792,0.0274333954,1.0
,710102038,-22.893155710173662,-43.14937974906957,266.8,8.6,0.248327792,0.0274333954,1.0
,710102038,-22.893155710173662,-43.14937974906957,266.8,8.6,0.248327792,0.0274333954,1.0
,710102038,-22.893155710173662,-43.14937974906957,266.8,8.6,0.248327792,0.0274333954,1.0
,710102038,-22.893155710173662,-43.14937974906957,266.8,8.6,0.248327792,0.0274333954,1.0
,710102038,-22.893155710173662,-43.14937974906957,266.8,8.6,0.248327792,0.0274333954,1.0
,710102038,-22.893155710173662,-43.14937974906957,266.8,8.6,0.248327792,0.0274333954,1.0
,710102038,-22.893158441078448,-43.14942276259226,266.8,8.6,0.248327792,0.0274333954,1.0
,710102038,-22.893158441078448,-43.14942276259226,266.8,8.6,0.248327792,0.0274333954,1.0
,710102038,-22.893158441078448,-43.14942276259226,266.8,8.6,0.248327792,0.0274333954,1.0
,710102038,-22.893158441078448,-43.14942276259226,266.8,8.6,0.248327792,0.0274333954,1.0
,710102038,-22.893158441078448,-43.14942276259226,266.8,8.6,0.248327792,0.0274333954,1.0
,710102038,-22.893158441078448,-43.14942276259226,266.8,8.6,0.248327792,0.0274333954,1.0
,710102038,-22.893158441078448,-43.14942276259226,266.8,8.6,0.248327792,0.0274333954,1.0
,710102038,-22.893158441078448,-43.14942276259226,266.8,8.6,0.248327792,0.0274333954,1.0
,710102038,-22.893158441078448,-43.14942276259226,266.8,8.6,0.248327792,0.0274333954,1.0
,710102038,-22.893158441078448,-43.14942276259226,266.8,8.6,0.248327792,0.0274333954,1.0
,710102038,-22.893158441078448,-43.14942276259226,266.8,8.6,0.248327792,0.0274333954,1.0
,710102038,-22.893158441078448,-43.14942276259226,266.8,8.6,0.248327792,0.0274333954,1.0
,710102038,-22.893158441078448,-43.14942276259226,266.8,8.6,0.248327792,0.0274333954,1.0
,710102038,-22.893158441078448,-43.14942276259226,266.8,8.6,0.248327792,0.0274333954,1.0
,710102038,-22.893158441078448,-43.14942276259226,266.8,8.6,0.247850001,0.0274333954,1.0
,710102038,-22.893161171971702,-43.14946577611756,266.8,8.6,0.246716663,0.0274111032,1.0
,710102038,-22.893161171971702,-43.14946577611756,266.8,8.6,0.246716663,0.0274111032,1.0
,710102038,-22.893161171971702,-43.14946577611756,266.8,8.6,0.246716663,0.0274111032,1.0
,710102038,-22.893161171971702,-43.14946577611756,266.8,8.6,0.246716663,0.0274111032,1.0
,710102038,-22.89316261024194,-43.14956149644777,266.8,8.6,0.246716663,0.0274111032,1.0
,710102038,-22.89316261024194,-43.14956149644777,266.8,8.6,0.246716663,0.0274111032,1.0
,710102038,-22.89316261024194,-43.14956149644777,266.8,8.6,0.246716663,0.0274111032,1.0
,710102038,-22.89316261024194,-43.14956149644777,266.8,8.6,0.246716663,0.0274111032,1.0
,710102038,-22.89316261024194,-43.14956149644777,266.8,8.6,0.246716663,0.0274111032,1.0
,710102038,-22.89316261024194,-43.14956149644777,266.8,8.6,0.246716663,0.0274111032,1.0
,710102038,-22.89316261024194,-43.14956149644777,266.8,8.6,0.246716663,0.0274111032,1.0
,710102038,-22.89316261024194,-43.14956149644777,266.8,8.6,0.246716663,0.0274111032,1.0
,710102038,-22.89316261024194,-43.14956149644777,266.8,8.6,0.246716663,0.0274111032,1.0
,710102038,-22.89316261024194,-43.14956149644777,266.8,8.6,0.246716663,0.0274111032,1.0
,710102038,-22.89316261024194,-43.14956149644777,266.8,8.6,0.246716663,0.0274111032,1.0
,710102038,-22.89316261024194,-43.14956149644777,266.8,8.6,0.246716663,0.0274111032,1.0
,710102038,-22.89316261024194,-43.14956149644777,266.8,8.6,0.246716663,0.0274111032,1.0
,710102038,-22.89316261024194,-43.14956149644777,266.8,8.6,0.246716663,0.0274111032,1.0
,710102038,-22.89316534109789,-43.14960450998003,266.8,8.6,0.246716663,0.0274111032,1.0
,710102038,-22.89316534109789,-43.14960450998003,266.8,8.6,0.246716663,0.0274111032,1.0
,710102038,-22.89316534109789,-43.14960450998003,266.8,8.6,0.246716663,0.0274111032,1.0
,710102038,-22.89316534109789,-43.14960450998003,266.8,8.6,0.246716663,0.0274111032,1.0
,710102038,-22.89316534109789,-43.14960450998003,266.8,8.6,0.246716663,0.0274111032,1.0
,710102038,-22.89316534109789,-43.14960450998003,266.8,8.6,0.246716663,0.0274111032,1.0
,710102038,-22.89316534109789,-43.14960450998003,266.8,8.6,0.246716663,0.0274111032,1.0
,710102038,-22.89316534109789,-43.14960450998003,266.8,8.6,0.246716663,0.0274111032,1.0
,710102038,-22.89316534109789,-43.14960450998003,266.8,8.6,0.246716663,0.0274111032,1.0
,710102038,-22.89316534109789,-43.14960450998003,266.8,8.6,0.246716663,0.0274111032,1.0
,710102038,-22.89316534109789,-43.14960450998003,266.8,8.6,0.246716663,0.0274111032,1.0
,710102038,-22.89316534109789,-43.14960450998003,266.8,8.6,0.246716663,0.0274111032,1.0
,710102038,-22.89316534109789,-43.14960450998003,266.8,8.6,0.246716663,0.0274111032,1.0
,710102038,-22.89316534109789,-43.14960450998003,266.8,8.6,0.246716663,0.0274111032,1.0
,710102038,-22.89316534109789,-43.14960450998003,266.8,8.6,0.246716663,0.0274111032,1.0
,710102038,-22.893168071942295,-43.14964752351489,266.8,8.6,0.246716663,0.0274111032,1.0
,710102038,-22.893168071942295,-43.14964752351489,266.8,8.6,0.246716663,0.0274111032,1.0
,710102038,-22.893168071942295,-43.14964752351489,266.8,8.6,0.246716663,0.0274111032,1.0
,710102038,-22.893168071942295,-43.14964752351489,266.8,8.6,0.246716663,0.0274111032,1.0
,710102038,-22.893168071942295,-43.14964752351489,266.8,8.6,0.246716663,0.0274111032,1.0
,710102038,-22.893168071942295,-43.14964752351489,266.8,8.6,0.246716663,0.0274111032,1.0
,710102038,-22.893168071942295,-43.14964752351489,266.8,8.6,0.246716663,0.0274111032,1.0
,710102038,-22.893168071942295,-43.14964752351489,266.8,8.6,0.246716663,0.0274111032,1.0
,710102038,-22.893168071942295,-43.14964752351489,266.8,8.6,0.246716663,0.0274111032,1.0
,710102038,-22.893168071942295,-43.14964752351489,266.8,8.6,0.246716663,0.0274111032,1.0
,710102038,-22.893168071942295,-43.14964752351489,266.8,8.6,0.246716663,0.0274111032,1.0
,710102038,-22.893168071942295,-43.14964752351489,266.8,8.6,0.246716663,0.0274111032,1.0
,710102038,-22.893168071942295,-43.14964752351489,266.8,8.6,0.243855566,0.0273777246,1.0
,710102038,-22.893168071942295,-43.14964752351489,266.8,8.6,0.243855566,0.0273777246,1.0
,710102038,-22.893168071942295,-43.14964752351489,266.8,8.6,0.243855566,0.0273777246,1.0
,710102038,-22.893170802775167,-43.14969053705237,266.8,8.6,0.243855566,0.0273777246,1.0
,710102038,-22.893170802775167,-43.14969053705237,266.8,8.6,0.243855566,0.0273777246,1.0
,710102038,-22.893170802775167,-43.14969053705237,266.8,8.6,0.243855566,0.0273777246,1.0
,710102038,-22.893170802775167,-43.14969053705237,266.8,8.6,0.243855566,0.0273777246,1.0
,710102038,-22.893170802775167,-43.14969053705237,266.8,8.6,0.243855566,0.0273777246,1.0
,710102038,-22.893170802775167,-43.14969053705237,266.8,8.6,0.243855566,0.0273777246,1.0
,710102038,-22.893170802775167,-43.14969053705237,266.8,8.6,0.243855566,0.0273777246,1.0
,710102038,-22.893170802775167,-43.14969053705237,266.8,8.6,0.243855566,0.0273777246,1.0
,710102038,-22.893170802775167,-43.14969053705237,266.8,8.6,0.243855566,0.0273777246,1.0
,710102038,-22.893170802775167,-43.14969053705237,266.8,8.6,0.243855566,0.0273777246,1.0
,710102038,-22.893170802775167,-43.14969053705237,266.8,8.6,0.243855566,0.0273777246,1.0
,710102038,-22.893170802775167,-43.14969053705237,266.8,8.6,0.243855566,0.0273777246,1.0
,710102038,-22.893170802775167,-43.14969053705237,266.8,8.6,0.243855566,0.0273777246,1.0
,710102038,-22.893170802775167,-43.14969053705237,266.8,8.6,0.243855566,0.0273777246,1.0
,710102038,-22.893170802775167,-43.14969053705237,266.8,8.6,0.243855566,0.0273777246,1.0
,710102038,-22.893173533596503,-43.14973355059246,266.8,8.6,0.243855566,0.0273777246,1.0
,710102038,-22.893173533596503,-43.14973355059246,266.8,8.6,0.243855566,0.0273777246,1.0
,710102038,-22.893176264406296,-43.14977656413515,266.8,8.6,0.243855566,0.0273777246,1.0
,710102038,-22.893176264406296,-43.14977656413515,266.8,8.6,0.243855566,0.0273777246,1.0
,710102038,-22.893176264406296,-43.14977656413515,266.8,8.6,0.243855566,0.0273777246,1.0
,710102038,-22.893176264406296,-43.14977656413515,266.8,8.6,0.243855566,0.0273777246,1.0
,710102038,-22.893176264406296,-43.14977656413515,266.8,8.6,0.243855566,0.0273777246,1.0
,710102038,-22.893176264406296,-43.14977656413515,266.8,8.6,0.243855566,0.0273777246,1.0
,710102038,-22.893176264406296,-43.14977656413515,266.8,8.6,0.243855566,0.0273777246,1.0
,710102038,-22.893176264406296,-43.14977656413515,266.8,8.6,0.243855566,0.0273777246,1.0
,710102038,-22.893176264406296,-43.14977656413515,266.8,8.6,0.243855566,0.0273777246,1.0
,710102038,-22.893176264406296,-43.14977656413515,266.8,8.6,0.243855566,0.0273777246,1.0
,710102038,-22.893176264406296,-43.14977656413515,266.8,8.6,0.243855566,0.0273777246,1.0
,710102038,-22.893176264406296,-43.14977656413515,266.8,8.6,0.243855566,0.0273777246,1.0
,710102038,-22.893176264406296,-43.14977656413515,266.8,8.6,0.242216662,0.0273555517,1.0
,710102038,-22.893176264406296,-43.14977656413515,266.8,8.6,0.242216662,0.0273555517,1.0
,710102038,-22.893176264406296,-43.14977656413515,266.8,8.6,0.242216662,0.0273555517,1.0
,710102038,-22.893178995204554,-43.149819577680454,266.8,8.6,0.242216662,0.0273555517,1.0
,710102038,-22.893178995204554,-43.149819577680454,266.8,8.6,0.242216662,0.0273555517,1.0
,710102038,-22.893178995204554,-43.149819577680454,266.8,8.6,0.242216662,0.0273555517,1.0
,710102038,-22.893178995204554,-43.149819577680454,266.8,8.6,0.242216662,0.0273555517,1.0
,710102038,-22.893178995204554,-43.149819577680454,266.8,8.6,0.242216662,0.0273555517,1.0
,710102038,-22.893178995204554,-43.149819577680454,266.8,8.6,0.242216662,0.0273555517,1.0
,710102038,-22.893178995204554,-43.149819577680454,266.8,8.6,0.242216662,0.0273555517,1.0
,710102038,-22.893178995204554,-43.149819577680454,266.8,8.6,0.242216662,0.0273555517,1.0
,710102038,-22.893178995204554,-43.149819577680454,266.8,8.6,0.242216662,0.0273555517,1.0
,710102038,-22.893178995204554,-43.149819577680454,266.8,8.6,0.242216662,0.0273555517,1.0
,710102038,-22.893178995204554,-43.149819577680454,266.8,8.6,0.242216662,0.0273555517,1.0
,710102038,-22.893178995204554,-43.149819577680454,266.8,8.6,0.242216662,0.0273555517,1.0
,710102038,-22.89318172599128,-43.14986259122837,266.8,8.6,0.242216662,0.0273555517,1.0
,710102038,-22.89318172599128,-43.14986259122837,266.8,8.6,0.242216662,0.0273555517,1.0
,710102038,-22.893184456766466,-43.149905604778894,266.8,8.6,0.242216662,0.0273555517,1.0
,710102038,-22.893184456766466,-43.149905604778894,266.8,8.6,0.242216662,0.0273555517,1.0
,710102038,-22.893184456766466,-43.149905604778894,266.8,8.6,0.242216662,0.0273555517,1.0
,710102038,-22.893184456766466,-43.149905604778894,266.8,8.6,0.242216662,0.0273555517,1.0
,710102038,-22.893184456766466,-43.149905604778894,266.8,8.6,0.242216662,0.0273555517,1.0
,710102038,-22.893184456766466,-43.149905604778894,266.8,8.6,0.242216662,0.0273555517,1.0
,710102038,-22.893184456766466,-43.149905604778894,266.8,8.6,0.242216662,0.0273555517,1.0
,710102038,-22.893184456766466,-43.149905604778894,266.8,8.6,0.242216662,0.0273555517,1.0
,710102038,-22.893184456766466,-43.149905604778894,266.8,8.6,0.242216662,0.0273555517,1.0
,710102038,-22.893184456766466,-43.149905604778894,266.8,8.6,0.242216662,0.0273555517,1.0
,710102038,-22.893184456766466,-43.149905604778894,266.8,8.6,0.242216662,0.0273555517,1.0
,710102038,-22.893184456766466,-43.149905604778894,266.8,8.6,0.242216662,0.0273555517,1.0
,710102038,-22.893187187530124,-43.14994861833202,266.8,8.6,0.242216662,0.0273555517,1.0
,710102038,-22.893187187530124,-43.14994861833202,266.8,8.6,0.240572229,0.0273333788,1.0
,710102038,-22.893187187530124,-43.14994861833202,266.8,8.6,0.240572229,0.0273333788,1.0
,710102038,-22.893187187530124,-43.14994861833202,266.8,8.6,0.240572229,0.0273333788,1.0
,710102038,-22.893187187530124,-43.14994861833202,266.8,8.6,0.240572229,0.0273333788,1.0
,710102038,-22.893187187530124,-43.14994861833202,266.8,8.6,0.240572229,0.0273333788,1.0
,710102038,-22.893187187530124,-43.14994861833202,266.8,8.6,0.240572229,0.0273333788,1.0
,710102038,-22.893187187530124,-43.14994861833202,266.8,8.6,0.240572229,0.0273333788,1.0
,710102038,-22.893187187530124,-43.14994861833202,266.8,8.6,0.240572229,0.0273333788,1.0
,710102038,-22.893187187530124,-43.14994861833202,266.8,8.6,0.240572229,0.0273333788,1.0
,710102038,-22.893194999999185,-43.14999000000001,263.9,8.5,0.240572229,0.0273333788,1.0
,710102038,-22.893194999999185,-43.14999000000001,263.9,8.5,0.240572229,0.0273333788,1.0
,710102038,-22.893194999999185,-43.14999000000001,263.9,8.5,0.240572229,0.0273333788,1.0
,710102038,-22.893194999999185,-43.14999000000001,263.9,8.5,0.240572229,0.0273333788,1.0
,710102038,-22.893194999999185,-43.14999000000001,263.9,8.5,0.240572229,0.0273333788,1.0
,710102038,-22.893194999999185,-43.14999000000001,263.9,8.5,0.240572229,0.0273333788,1.0
,710102038,-22.893194999999185,-43.14999000000001,263.9,8.5,0.240572229,0.0273333788,1.0
,710102038,-22.893194999999185,-43.14999000000001,263.9,8.5,0.240572229,0.0273333788,1.0
,710102038,-22.893194999999185,-43.14999000000001,263.9,8.5,0.240572229,0.0273333788,1.0
,710102038,-22.893194999999185,-43.14999000000001,263.9,8.5,0.240572229,0.0273333788,1.0
,710102038,-22.893194999999185,-43.14999000000001,263.9,8.5,0.240572229,0.0273333788,1.0
,710102038,-22.893194999999185,-43.14999000000001,263.9,8.5,0.240572229,0.0273333788,1.0
,710102038,-22.893194999999185,-43.14999000000001,263.9,8.5,0.240572229,0.0273333788,1.0
,710102038,-22.893194999999185,-43.14999000000001,263.9,8.5,0.240572229,0.0273333788,1.0
,710102038,-22.893194999999185,-43.14999000000001,263.9,8.5,0.240572229,0.0273333788,1.0
,710102038,-22.8931996883211,-43.15003231157577,263.9,8.5,0.240572229,0.0273333788,1.0
,710102038,-22.8931996883211,-43.15003231157577,263.9,8.5,0.240572229,0.0273333788,1.0
,710102038,-22.8931996883211,-43.15003231157577,263.9,8.5,0.240572229,0.0273333788,1.0
,710102038,-22.8931996883211,-43.15003231157577,263.9,8.5,0.240572229,0.0273333788,1.0
,710102038,-22.8931996883211,-43.15003231157577,263.9,8.5,0.240572229,0.0273333788,1.0
,710102038,-22.8931996883211,-43.15003231157577,263.9,8.5,0.240572229,0.0273333788,1.0
,710102038,-22.8931996883211,-43.15003231157577,263.9,8.5,0.240572229,0.0273333788,1.0
,710102038,-22.8931996883211,-43.15003231157577,263.9,8.5,0.240572229,0.0273333788,1.0
,710102038,-22.8931996883211,-43.15003231157577,263.9,8.5,0.240572229,0.0273333788,1.0
,710102038,-22.8931996883211,-43.15003231157577,263.9,8.5,0.240572229,0.0273333788,1.0
,710102038,-22.8931996883211,-43.15003231157577,263.9,8.5,0.240572229,0.0273333788,1.0
,710102038,-22.8931996883211,-43.15003231157577,263.9,8.5,0.240572229,0.0273333788,1.0
,710102038,-22.8931996883211,-43.15003231157577,263.9,8.5,0.239088878,0.0273110867,1.0
,710102038,-22.8931996883211,-43.15003231157577,263.9,8.5,0.239088878,0.0273110867,1.0
,710102038,-22.893204376631928,-43.15007462315528,263.9,8.5,0.239088878,0.0273110867,1.0
,710102038,-22.893204376631928,-43.15007462315528,263.9,8.5,0.239088878,0.0273110867,1.0
,710102038,-22.893204376631928,-43.15007462315528,263.9,8.5,0.239088878,0.0273110867,1.0
,710102038,-22.893204376631928,-43.15007462315528,263.9,8.5,0.239088878,0.0273110867,1.0
,710102038,-22.893204376631928,-43.15007462315528,263.9,8.5,0.239088878,0.0273110867,1.0
,710102038,-22.893204376631928,-43.15007462315528,263.9,8.5,0.239088878,0.0273110867,1.0
,710102038,-22.893204376631928,-43.15007462315528,263.9,8.5,0.239088878,0.0273110867,1.0
,710102038,-22.893204376631928,-43.15007462315528,263.9,8.5,0.239088878,0.0273110867,1.0
,710102038,-22.893204376631928,-43.15007462315528,263.9,8.5,0.239088878,0.0273110867,1.0
,710102038,-22.893204376631928,-43.15007462315528,263.9,8.5,0.239088878,0.0273110867,1.0
,710102038,-22.893204376631928,-43.15007462315528,263.9,8.5,0.239088878,0.0273110867,1.0
,710102038,-22.893204376631928,-43.15007462315528,263.9,8.5,0.239088878,0.0273110867,1.0
,710102038,-22.893204376631928,-43.15007462315528,263.9,8.5,0.239088878,0.0273110867,1.0
,710102038,-22.893204376631928,-43.15007462315528,263.9,8.5,0.239088878,0.0273110867,1.0
,710102038,-22.893204376631928,-43.15007462315528,263.9,8.5,0.239088878,0.0273110867,1.0
,710102038,-22.893204376631928,-43.15007462315528,263.9,8.5,0.239088878,0.0273110867,1.0
,710102038,-22.893204376631928,-43.15007462315528,263.9,8.5,0.239088878,0.0273110867,1.0
,710102038,-22.893204376631928,-43.15007462315528,263.9,8.5,0.239088878,0.0273110867,1.0
,710102038,-22.893204376631928,-43.15007462315528,263.9,8.5,0.239088878,0.0273110867,1.0
,710102038,-22.893204376631928,-43.15007462315528,263.9,8.5,0.239088878,0.0273110867,1.0
,710102038,-22.893204376631928,-43.15007462315528,263.9,8.5,0.239088878,0.0273110867,1.0
,710102038,-22.893204376631928,-43.15007462315528,263.9,8.5,0.239088878,0.0273110867,1.0
,710102038,-22.893204376631928,-43.15007462315528,263.9,8.5,0.239088878,0.0273110867,1.0
,710102038,-22.893204376631928,-43.15007462315528,263.9,8.5,0.239088878,0.0273110867,1.0
,710102038,-22.893204376631928,-43.15007462315528,263.9,8.5,0.239088878,0.0273110867,1.0
,710102038,-22.893204376631928,-43.15007462315528,263.9,8.5,0.239088878,0.0273110867,1.0
,710102038,-22.893204376631928,-43.15007462315528,263.9,8.5,0.239088878,0.0273110867,1.0
,710102038,-22.893204376631928,-43.15007462315528,263.9,8.5,0.239088878,0.0273110867,1.0
,710102038,-22.893209064931686,-43.150116934738556,263.9,8.5,0.239088878,0.0273110867,1.0
,710102038,-22.893209064931686,-43.150116934738556,263.9,8.5,0.239088878,0.0273110867,1.0
,710102038,-22.893209064931686,-43.150116934738556,263.9,8.5,0.239088878,0.0273110867,1.0
,710102038,-22.893209064931686,-43.150116934738556,263.9,8.5,0.239088878,0.0273110867,1.0
,710102038,-22.893209064931686,-43.150116934738556,263.9,8.5,0.239088878,0.0273110867,1.0
,710102038,-22.893209064931686,-43.150116934738556,263.9,8.5,0.239088878,0.0273110867,1.0
,710102038,-22.893209064931686,-43.150116934738556,263.9,8.5,0.239088878,0.0273110867,1.0
,710102038,-22.893209064931686,-43.150116934738556,263.9,8.5,0.239088878,0.0273110867,1.0
,710102038,-22.893209064931686,-43.150116934738556,263.9,8.5,0.239088878,0.0273110867,1.0
,710102038,-22.893209064931686,-43.150116934738556,263.9,8.5,0.239088878,0.0273110867,1.0
,710102038,-22.893209064931686,-43.150116934738556,263.9,8.5,0.239088878,0.0273110867,1.0
,710102038,-22.893209064931686,-43.150116934738556,263.9,8.5,0.239088878,0.0273110867,1.0
,710102038,-22.893209064931686,-43.150116934738556,263.9,8.5,0.239088878,0.0273110867,1.0
,710102038,-22.893209064931686,-43.150116934738556,263.9,8.5,0.239088878,0.0273110867,1.0
,710102038,-22.893209064931686,-43.150116934738556,263.9,8.5,0.239088878,0.0273110867,1.0
,710102038,-22.893209064931686,-43.150116934738556,263.9,8.5,0.239088878,0.0273110867,1.0
,710102038,-22.893209064931686,-43.150116934738556,263.9,8.5,0.239088878,0.0273110867,1.0
,710102038,-22.893209064931686,-43.150116934738556,263.9,8.5,0.239088878,0.0273110867,1.0
,710102038,-22.893209064931686,-43.150116934738556,263.9,8.5,0.239088878,0.0273110867,1.0
,710102038,-22.893209064931686,-43.150116934738556,263.9,8.5,0.239088878,0.0273110867,1.0
,710102038,-22.893209064931686,-43.150116934738556,263.9,8.5,0.239088878,0.0273110867,1.0
,710102038,-22.893209064931686,-43.150116934738556,263.9,8.5,0.239088878,0.0273110867,1.0
,710102038,-22.893209064931686,-43.150116934738556,263.9,8.5,0.239088878,0.0273110867,1.0
,710102038,-22.893209064931686,-43.150116934738556,263.9,8.5,0.239088878,0.0273110867,1.0
,710102038,-22.893209064931686,-43.150116934738556,263.9,8.5,0.239088878,0.0273110867,1.0
,710102038,-22.893209064931686,-43.150116934738556,263.9,8.5,0.239088878,0.0273110867,1.0
,710102038,-22.89321375322035,-43.15015924632558,263.9,8.5,0.239088878,0.0273110867,1.0
,710102038,-22.89321375322035,-43.15015924632558,263.9,8.5,0.239088878,0.0273110867,1.0
,710102038,-22.893218441497933,-43.150201557916375,263.9,8.5,0.239088878,0.0273110867,1.0
,710102038,-22.893218441497933,-43.150201557916375,263.9,8.5,0.239088878,0.0273110867,1.0
,710102038,-22.893218441497933,-43.150201557916375,263.9,8.5,0.237483338,0.0272889137,1.0
,710102038,-22.893218441497933,-43.150201557916375,263.9,8.5,0.237483338,0.0272889137,1.0
,710102038,-22.893218441497933,-43.150201557916375,263.9,8.5,0.237483338,0.0272889137,1.0
,710102038,-22.893218441497933,-43.150201557916375,263.9,8.5,0.237483338,0.0272889137,1.0
,710102038,-22.893218441497933,-43.150201557916375,263.9,8.5,0.237483338,0.0272889137,1.0
,710102038,-22.893218441497933,-43.150201557916375,263.9,8.5,0.237483338,0.0272889137,1.0
,710102038,-22.893218441497933,-43.150201557916375,263.9,8.5,0.237483338,0.0272889137,1.0
,710102038,-22.893218441497933,-43.150201557916375,263.9,8.5,0.237483338,0.0272889137,1.0
,710102038,-22.893218441497933,-43.150201557916375,263.9,8.5,0.237483338,0.0272889137,1.0
,710102038,-22.893218441497933,-43.150201557916375,263.9,8.5,0.237483338,0.0272889137,1.0
,710102038,-22.893218441497933,-43.150201557916375,263.9,8.5,0.237483338,0.0272889137,1.0
,710102038,-22.893218441497933,-43.150201557916375,263.9,8.5,0.237483338,0.0272889137,1.0
,710102038,-22.89322312976443,-43.15024386951092,263.9,8.5,0.237483338,0.0272889137,1.0
,710102038,-22.89322312976443,-43.15024386951092,263.9,8.5,0.237483338,0.0272889137,1.0
,710102038,-22.89322312976443,-43.15024386951092,263.9,8.5,0.237483338,0.0272889137,1.0
,710102038,-22.89322312976443,-43.15024386951092,263.9,8.5,0.237483338,0.0272889137,1.0
,710102038,-22.89322312976443,-43.15024386951092,263.9,8.5,0.237483338,0.0272889137,1.0
,710102038,-22.89322312976443,-43.15024386951092,263.9,8.5,0.237483338,0.0272889137,1.0
,710102038,-22.89322312976443,-43.15024386951092,263.9,8.5,0.237483338,0.0272889137,1.0
,710102038,-22.89322312976443,-43.15024386951092,263.9,8.5,0.237483338,0.0272889137,1.0
,710102038,-22.89322312976443,-43.15024386951092,263.9,8.5,0.237483338,0.0272889137,1.0
,710102038,-22.89322312976443,-43.15024386951092,263.9,8.5,0.237483338,0.0272889137,1.0
,710102038,-22.89322312976443,-43.15024386951092,263.9,8.5,0.237483338,0.0272889137,1.0
,710102038,-22.89322312976443,-43.15024386951092,263.9,8.5,0.237483338,0.0272889137,1.0
,710102038,-22.89322312976443,-43.15024386951092,263.9,8.5,0.237483338,0.0272889137,1.0
,710102038,-22.89322312976443,-43.15024386951092,263.9,8.5,0.237483338,0.0272889137,1.0
,710102038,-22.89322312976443,-43.15024386951092,263.9,8.5,0.237483338,0.0272889137,1.0
,710102038,-22.89322312976443,-43.15024386951092,263.9,8.5,0.237483338,0.0272889137,1.0
,710102038,-22.89322312976443,-43.15024386951092,263.9,8.5,0.237483338,0.0272889137,1.0
,710102038,-22.89322312976443,-43.15024386951092,263.9,8.5,0.237483338,0.0272889137,1.0
,710102038,-22.89322312976443,-43.15024386951092,263.9,8.5,0.237483338,0.0272889137,1.0
,710102038,-22.89322312976443,-43.15024386951092,263.9,8.5,0.237483338,0.0272889137,1.0
,710102038,-22.89322312976443,-43.15024386951092,263.9,8.5,0.237483338,0.0272889137,1.0
,710102038,-22.89322312976443,-43.15024386951092,263.9,8.5,0.237483338,0.0272889137,1.0
,710102038,-22.89322312976443,-43.15024386951092,263.9,8.5,0.237483338,0.0272889137,1.0
,710102038,-22.89322312976443,-43.15024386951092,263.9,8.5,0.237483338,0.0272889137,1.0
,710102038,-22.89322312976443,-43.15024386951092,263.9,8.5,0.237483338,0.0272889137,1.0
,710102038,-22.89322312976443,-43.15024386951092,263.9,8.5,0.237483338,0.0272889137,1.0
,710102038,-22.89322312976443,-43.15024386951092,263.9,8.5,0.237483338,0.0272889137,1.0
,710102038,-22.89322312976443,-43.15024386951092,263.9,8.5,0.237483338,0.0272889137,1.0
,710102038,-22.89322312976443,-43.15024386951092,263.9,8.5,0.237483338,0.0272889137,1.0
,710102038,-22.89322312976443,-43.15024386951092,263.9,8.5,0.237483338,0.0272889137,1.0
,710102038,-22.893227818019852,-43.15028618110923,263.9,8.5,0.237483338,0.0272889137,1.0
,710102038,-22.893227818019852,-43.15028618110923,263.9,8.5,0.237483338,0.0272889137,1.0
,710102038,-22.893227818019852,-43.15028618110923,263.9,8.5,0.237483338,0.0272889137,1.0
,710102038,-22.893227818019852,-43.15028618110923,263.9,8.5,0.237483338,0.0272889137,1.0
,710102038,-22.893227818019852,-43.15028618110923,263.9,8.5,0.237483338,0.0272889137,1.0
,710102038,-22.893227818019852,-43.15028618110923,263.9,8.5,0.237483338,0.0272889137,1.0
,710102038,-22.893227818019852,-43.15028618110923,263.9,8.5,0.237483338,0.0272889137,1.0
,710102038,-22.893227818019852,-43.15028618110923,263.9,8.5,0.237483338,0.0272889137,1.0
,710102038,-22.893227818019852,-43.15028618110923,263.9,8.5,0.237483338,0.0272889137,1.0
,710102038,-22.893227818019852,-43.15028618110923,263.9,8.5,0.237483338,0.0272889137,1.0
,710102038,-22.893227818019852,-43.15028618110923,263.9,8.5,0.237483338,0.0272889137,1.0
,710102038,-22.893227818019852,-43.15028618110923,263.9,8.5,0.237483338,0.0272889137,1.0
,710102038,-22.893227818019852,-43.15028618110923,263.9,8.5,0.237483338,0.0272889137,1.0
,710102038,-22.893227818019852,-43.15028618110923,263.9,8.5,0.237483338,0.0272889137,1.0
,710102038,-22.893227818019852,-43.15028618110923,263.9,8.5,0.237483338,0.0272889137,1.0
,710102038,-22.893227818019852,-43.15028618110923,263.9,8.5,0.237483338,0.0272889137,1.0
,710102038,-22.893227818019852,-43.15028618110923,263.9,8.5,0.237483338,0.0272889137,1.0
,710102038,-22.893227818019852,-43.15028618110923,263.9,8.5,0.237483338,0.0272889137,1.0
,710102038,-22.893227818019852,-43.15028618110923,263.9,8.5,0.237483338,0.0272889137,1.0
,710102038,-22.893227818019852,-43.15028618110923,263.9,8.5,0.237483338,0.0272889137,1.0
,710102038,-22.893227818019852,-43.15028618110923,263.9,8.5,0.237483338,0.0272889137,1.0
,710102038,-22.893227818019852,-43.15028618110923,263.9,8.5,0.237483338,0.0272889137,1.0
,710102038,-22.893227818019852,-43.15028618110923,263.9,8.5,0.235983342,0.0272889137,1.0
,710102038,-22.893227818019852,-43.15028618110923,263.9,8.5,0.235983342,0.0272889137,1.0
,710102038,-22.893227818019852,-43.15028618110923,263.9,8.5,0.235872224,0.0272667408,1.0
,710102038,-22.893227818019852,-43.15028618110923,263.9,8.5,0.235872224,0.0272667408,1.0
,710102038,-22.893227818019852,-43.15028618110923,263.9,8.5,0.235872224,0.0272667408,1.0
,710102038,-22.893227818019852,-43.15028618110923,263.9,8.5,0.235872224,0.0272667408,1.0
,710102038,-22.893227818019852,-43.15028618110923,263.9,8.5,0.235872224,0.0272667408,1.0
,710102038,-22.893227818019852,-43.15028618110923,263.9,8.5,0.235872224,0.0272667408,1.0
,710102038,-22.89323250626418,-43.150328492711296,263.9,8.5,0.235872224,0.0272667408,1.0
,710102038,-22.89323250626418,-43.150328492711296,263.9,8.5,0.235872224,0.0272667408,1.0
,710102038,-22.89323250626418,-43.150328492711296,263.9,8.5,0.235872224,0.0272667408,1.0
,710102038,-22.89323250626418,-43.150328492711296,263.9,8.5,0.235872224,0.0272667408,1.0
,710102038,-22.89323250626418,-43.150328492711296,263.9,8.5,0.235872224,0.0272667408,1.0
,710102038,-22.89323250626418,-43.150328492711296,263.9,8.5,0.235872224,0.0272667408,1.0
,710102038,-22.89323250626418,-43.150328492711296,263.9,8.5,0.235872224,0.0272667408,1.0
,710102038,-22.89323250626418,-43.150328492711296,263.9,8.5,0.235872224,0.0272667408,1.0
,710102038,-22.89323250626418,-43.150328492711296,263.9,8.5,0.235872224,0.0272667408,1.0
,710102038,-22.89323250626418,-43.150328492711296,263.9,8.5,0.235872224,0.0272667408,1.0
,710102038,-22.89323250626418,-43.150328492711296,263.9,8.5,0.235872224,0.0272667408,1.0
,710102038,-22.89323250626418,-43.150328492711296,263.9,8.5,0.235872224,0.0272667408,1.0
,710102038,-22.89323719449743,-43.15037080431712,263.9,8.5,0.235872224,0.0272667408,1.0
,710102038,-22.89323719449743,-43.15037080431712,263.9,8.5,0.235872224,0.0272667408,1.0
,710102038,-22.89323719449743,-43.15037080431712,263.9,8.5,0.235872224,0.0272667408,1.0
,710102038,-22.89323719449743,-43.15037080431712,263.9,8.5,0.235872224,0.0272667408,1.0
,710102038,-22.89323719449743,-43.15037080431712,263.9,8.5,0.235872224,0.0272667408,1.0
,710102038,-22.89323719449743,-43.15037080431712,263.9,8.5,0.235872224,0.0272667408,1.0
,710102038,-22.89323719449743,-43.15037080431712,263.9,8.5,0.235872224,0.0272667408,1.0
,710102038,-22.89323719449743,-43.15037080431712,263.9,8.5,0.235872224,0.0272667408,1.0
,710102038,-22.89323719449743,-43.15037080431712,263.9,8.5,0.235872224,0.0272667408,1.0
,710102038,-22.89323719449743,-43.15037080431712,263.9,8.5,0.235872224,0.0272667408,1.0
,710102038,-22.89323719449743,-43.15037080431712,263.9,8.5,0.235872224,0.0272667408,1.0
,710102038,-22.89323719449743,-43.15037080431712,263.9,8.5,0.235872224,0.0272667408,1.0
,710102038,-22.89323719449743,-43.15037080431712,263.9,8.5,0.235872224,0.0272667408,1.0
,710102038,-22.89323719449743,-43.15037080431712,263.9,8.5,0.235872224,0.0272667408,1.0
,710102038,-22.89323719449743,-43.15037080431712,263.9,8.5,0.235872224,0.0272667408,1.0
,710102038,-22.89323719449743,-43.15037080431712,263.9,8.5,0.235872224,0.0272667408,1.0
,710102038,-22.893241882719593,-43.1504131159267,263.9,8.5,0.235872224,0.0272667408,1.0
,710102038,-22.893241882719593,-43.1504131159267,263.9,8.5,0.235872224,0.0272667408,1.0
,710102038,-22.893241882719593,-43.1504131159267,263.9,8.5,0.235872224,0.0272667408,1.0
,710102038,-22.893241882719593,-43.1504131159267,263.9,8.5,0.235872224,0.0272667408,1.0
,710102038,-22.893241882719593,-43.1504131159267,263.9,8.5,0.235872224,0.0272667408,1.0
,710102038,-22.893241882719593,-43.1504131159267,263.9,8.5,0.235872224,0.0272667408,1.0
,710102038,-22.893241882719593,-43.1504131159267,263.9,8.5,0.235872224,0.0272667408,1.0
,710102038,-22.893241882719593,-43.1504131159267,263.9,8.5,0.235872224,0.0272667408,1.0
,710102038,-22.893241882719593,-43.1504131159267,263.9,8.5,0.235872224,0.0272667408,1.0
,710102038,-22.893241882719593,-43.1504131159267,263.9,8.5,0.235872224,0.0272667408,1.0
,710102038,-22.893241882719593,-43.1504131159267,263.9,8.5,0.235872224,0.0272667408,1.0
,710102038,-22.893241882719593,-43.1504131159267,263.9,8.5,0.235872224,0.0272667408,1.0
,710102038,-22.893241882719593,-43.1504131159267,263.9,8.5,0.235872224,0.0272667408,1.0
,710102038,-22.893241882719593,-43.1504131159267,263.9,8.5,0.235872224,0.0272667408,1.0
,710102038,-22.893241882719593,-43.1504131159267,263.9,8.5,0.235872224,0.0272667408,1.0
,710102038,-22.893241882719593,-43.1504131159267,263.9,8.5,0.235872224,0.0272667408,1.0
,710102038,-22.893241882719593,-43.1504131159267,263.9,8.5,0.235872224,0.0272667408,1.0
,710102038,-22.893241882719593,-43.1504131159267,263.9,8.5,0.235872224,0.0272667408,1.0
,710102038,-22.893241882719593,-43.1504131159267,263.9,8.5,0.235872224,0.0272667408,1.0
,710102038,-22.893241882719593,-43.1504131159267,263.9,8.5,0.235872224,0.0272667408,1.0
,710102038,-22.893241882719593,-43.1504131159267,263.9,8.5,0.235872224,0.0272667408,1.0
,710102038,-22.893241882719593,-43.1504131159267,263.9,8.5,0.235872224,0.0272667408,1.0
,710102038,-22.893241882719593,-43.1504131159267,263.9,8.5,0.234266669,0.0272667408,1.0
,710102038,-22.893241882719593,-43.1504131159267,263.9,8.5,0.234266669,0.0272667408,1.0
,710102038,-22.893241882719593,-43.1504131159267,263.9,8.5,0.234255552,0.0272444487,1.0
,710102038,-22.893241882719593,-43.1504131159267,263.9,8.5,0.234255552,0.0272444487,1.0
,710102038,-22.893241882719593,-43.1504131159267,263.9,8.5,0.234255552,0.0272444487,1.0
,710102038,-22.893241882719593,-43.1504131159267,263.9,8.5,0.234255552,0.0272444487,1.0
,710102038,-22.893246570930675,-43.15045542754005,263.9,8.5,0.234255552,0.0272444487,1.0
,710102038,-22.893246570930675,-43.15045542754005,263.9,8.5,0.234255552,0.0272444487,1.0
,710102038,-22.893246570930675,-43.15045542754005,263.9,8.5,0.234255552,0.0272444487,1.0
,710102038,-22.893246570930675,-43.15045542754005,263.9,8.5,0.234255552,0.0272444487,1.0
,710102038,-22.893246570930675,-43.15045542754005,263.9,8.5,0.234255552,0.0272444487,1.0
,710102038,-22.893246570930675,-43.15045542754005,263.9,8.5,0.234255552,0.0272444487,1.0
,710102038,-22.893246570930675,-43.15045542754005,263.9,8.5,0.234255552,0.0272444487,1.0
,710102038,-22.893246570930675,-43.15045542754005,263.9,8.5,0.234255552,0.0272444487,1.0
,710102038,-22.893246570930675,-43.15045542754005,263.9,8.5,0.234255552,0.0272444487,1.0
,710102038,-22.893246570930675,-43.15045542754005,263.9,8.5,0.234255552,0.0272444487,1.0
,710102038,-22.893246570930675,-43.15045542754005,263.9,8.5,0.234255552,0.0272444487,1.0
,710102038,-22.893246570930675,-43.15045542754005,263.9,8.5,0.234255552,0.0272444487,1.0
,710102038,-22.893246570930675,-43.15045542754005,263.9,8.5,0.234255552,0.0272444487,1.0
,710102038,-22.893246570930675,-43.15045542754005,263.9,8.5,0.234255552,0.0272444487,1.0
,710102038,-22.893246570930675,-43.15045542754005,263.9,8.5,0.234255552,0.0272444487,1.0
,710102038,-22.893246570930675,-43.15045542754005,263.9,8.5,0.234255552,0.0272444487,1.0
,710102038,-22.893246570930675,-43.15045542754005,263.9,8.5,0.234255552,0.0272444487,1.0
,710102038,-22.893246570930675,-43.15045542754005,263.9,8.5,0.234255552,0.0272444487,1.0
,710102038,-22.893246570930675,-43.15045542754005,263.9,8.5,0.234255552,0.0272444487,1.0
,710102038,-22.893246570930675,-43.15045542754005,263.9,8.5,0.234255552,0.0272444487,1.0
,710102038,-22.893246570930675,-43.15045542754005,263.9,8.5,0.234255552,0.0272444487,1.0
,710102038,-22.893246570930675,-43.15045542754005,263.9,8.5,0.234255552,0.0272444487,1.0
,710102038,-22.893246570930675,-43.15045542754005,263.9,8.5,0.234255552,0.0272444487,1.0
,710102038,-22.893246570930675,-43.15045542754005,263.9,8.5,0.234255552,0.0272444487,1.0
,710102038,-22.893246570930675,-43.15045542754005,263.9,8.5,0.234255552,0.0272444487,1.0
,710102038,-22.893246570930675,-43.15045542754005,263.9,8.5,0.234255552,0.0272444487,1.0
,710102038,-22.893246570930675,-43.15045542754005,263.9,8.5,0.234255552,0.0272444487,1.0
,710102038,-22.893246570930675,-43.15045542754005,263.9,8.5,0.234255552,0.0272444487,1.0
,710102038,-22.893246570930675,-43.15045542754005,263.9,8.5,0.234255552,0.0272444487,1.0
,710102038,-22.893246570930675,-43.15045542754005,263.9,8.5,0.234255552,0.0272444487,1.0
,710102038,-22.893246570930675,-43.15045542754005,263.9,8.5,0.234255552,0.0272444487,1.0
,710102038,-22.893246570930675,-43.15045542754005,263.9,8.5,0.234255552,0.0272444487,1.0
,710102038,-22.893251259130672,-43.150497739157146,263.9,8.5,0.234255552,0.0272444487,1.0
,710102038,-22.893251259130672,-43.150497739157146,263.9,8.5,0.234255552,0.0272444487,1.0
,710102038,-22.893251259130672,-43.150497739157146,263.9,8.5,0.234255552,0.0272444487,1.0
,710102038,-22.893251259130672,-43.150497739157146,263.9,8.5,0.234255552,0.0272444487,1.0
,710102038,-22.893251259130672,-43.150497739157146,263.9,8.5,0.234255552,0.0272444487,1.0
,710102038,-22.893251259130672,-43.150497739157146,263.9,8.5,0.234255552,0.0272444487,1.0
,710102038,-22.893251259130672,-43.150497739157146,263.9,8.5,0.234255552,0.0272444487,1.0
,710102038,-22.893251259130672,-43.150497739157146,263.9,8.5,0.234255552,0.0272444487,1.0
,710102038,-22.89324999999919,-43.15046000000001,262.8,8.5,0.234255552,0.0272444487,1.0
,710102038,-22.89324999999919,-43.15046000000001,262.8,8.5,0.234255552,0.0272444487,1.0
,710102038,-22.89324999999919,-43.15046000000001,262.8,8.5,0.234255552,0.0272444487,1.0
,710102038,-22.89324999999919,-43.15046000000001,262.8,8.5,0.234255552,0.0272444487,1.0
,710102038,-22.89324999999919,-43.15046000000001,262.8,8.5,0.234255552,0.0272444487,1.0
,710102038,-22.89324999999919,-43.15046000000001,262.8,8.5,0.234255552,0.0272444487,1.0
,710102038,-22.89324999999919,-43.15046000000001,262.8,8.5,0.234255552,0.0272444487,1.0
,710102038,-22.89324999999919,-43.15046000000001,262.8,8.5,0.234255552,0.0272444487,1.0
,710102038,-22.89324999999919,-43.15046000000001,262.8,8.5,0.234255552,0.0272444487,1.0
,710102038,-22.89324999999919,-43.15046000000001,262.8,8.5,0.234255552,0.0272444487,1.0
,710102038,-22.89324999999919,-43.15046000000001,262.8,8.5,0.234255552,0.0272444487,1.0
,710102038,-22.89324999999919,-43.15046000000001,262.8,8.5,0.234255552,0.0272444487,1.0
,710102038,-22.89324999999919,-43.15046000000001,262.8,8.5,0.234255552,0.0272444487,1.0
,710102038,-22.89324999999919,-43.15046000000001,262.8,8.5,0.234255552,0.0272444487,1.0
,710102038,-22.89324999999919,-43.15046000000001,262.8,8.5,0.234255552,0.0272444487,1.0
,710102038,-22.89324999999919,-43.15046000000001,262.8,8.5,0.234255552,0.0272444487,1.0
,710102038,-22.89324999999919,-43.15046000000001,262.8,8.5,0.234255552,0.0272444487,1.0
,710102038,-22.89324999999919,-43.15046000000001,262.8,8.5,0.234255552,0.0272444487,1.0
,710102038,-22.89324999999919,-43.15046000000001,262.8,8.5,0.234255552,0.0272444487,1.0
,710102038,-22.89324999999919,-43.15046000000001,262.8,8.5,0.234255552,0.0272444487,1.0
,710102038,-22.893255439906984,-43.150502206679725,262.8,8.5,0.234255552,0.0272444487,1.0
,710102038,-22.893255439906984,-43.150502206679725,262.8,8.5,0.234255552,0.0272444487,1.0
,710102038,-22.893255439906984,-43.150502206679725,262.8,8.5,0.234255552,0.0272444487,1.0
,710102038,-22.893255439906984,-43.150502206679725,262.8,8.5,0.234255552,0.0272444487,1.0
,710102038,-22.893255439906984,-43.150502206679725,262.8,8.5,0.234255552,0.0272444487,1.0
,710102038,-22.893255439906984,-43.150502206679725,262.8,8.5,0.234255552,0.0272444487,1.0
,710102038,-22.893255439906984,-43.150502206679725,262.8,8.5,0.234255552,0.0272444487,1.0
,710102038,-22.893255439906984,-43.150502206679725,262.8,8.5,0.234255552,0.0272444487,1.0
,710102038,-22.893255439906984,-43.150502206679725,262.8,8.5,0.234255552,0.0272444487,1.0
,710102038,-22.893255439906984,-43.150502206679725,262.8,8.5,0.234255552,0.0272444487,1.0
,710102038,-22.893255439906984,-43.150502206679725,262.8,8.5,0.234255552,0.0272444487,1.0
,710102038,-22.893255439906984,-43.150502206679725,262.8,8.5,0.234255552,0.0272444487,1.0
,710102038,-22.893255439906984,-43.150502206679725,262.8,8.5,0.234255552,0.0272444487,1.0
,710102038,-22.893255439906984,-43.150502206679725,262.8,8.5,0.234255552,0.0272444487,1.0
,710102038,-22.893255439906984,-43.150502206679725,262.8,8.5,0.234255552,0.0272444487,1.0
,710102038,-22.893255439906984,-43.150502206679725,262.8,8.5,0.234255552,0.0272444487,1.0
,710102038,-22.893255439906984,-43.150502206679725,262.8,8.5,0.233161122,0.0272221565,1.0
,710102038,-22.893255439906984,-43.150502206679725,262.8,8.5,0.233161122,0.0272221565,1.0
,710102038,-22.893255439906984,-43.150502206679725,262.8,8.5,0.233161122,0.0272221565,1.0
,710102038,-22.893255439906984,-43.150502206679725,262.8,8.5,0.233161122,0.0272221565,1.0
,710102038,-22.893255439906984,-43.150502206679725,262.8,8.5,0.233161122,0.0272221565,1.0
,710102038,-22.893255439906984,-43.150502206679725,262.8,8.5,0.233161122,0.0272221565,1.0
,710102038,-22.893255439906984,-43.150502206679725,262.8,8.5,0.233161122,0.0272221565,1.0
,710102038,-22.893255439906984,-43.150502206679725,262.8,8.5,0.233161122,0.0272221565,1.0
,710102038,-22.893255439906984,-43.150502206679725,262.8,8.5,0.233161122,0.0272221565,1.0
,710102038,-22.893255439906984,-43.150502206679725,262.8,8.5,0.233161122,0.0272221565,1.0
,710102038,-22.893255439906984,-43.150502206679725,262.8,8.5,0.233161122,0.0272221565,1.0
,710102038,-22.893255439906984,-43.150502206679725,262.8,8.5,0.233161122,0.0272221565,1.0
,710102038,-22.893255439906984,-43.150502206679725,262.8,8.5,0.233161122,0.0272221565,1.0
,710102038,-22.893255439906984,-43.150502206679725,262.8,8.5,0.233161122,0.0272221565,1.0
,710102038,-22.89326087980377,-43.150544413363654,262.8,8.5,0.233161122,0.0272221565,1.0
,710102038,-22.89326087980377,-43.150544413363654,262.8,8.5,0.233161122,0.0272221565,1.0
,710102038,-22.89326087980377,-43.150544413363654,262.8,8.5,0.233161122,0.0272221565,1.0
,710102038,-22.89326087980377,-43.150544413363654,262.8,8.5,0.233161122,0.0272221565,1.0
,710102038,-22.89326087980377,-43.150544413363654,262.8,8.5,0.233161122,0.0272221565,1.0
,710102038,-22.89326087980377,-43.150544413363654,262.8,8.5,0.233161122,0.0272221565,1.0
,710102038,-22.89326087980377,-43.150544413363654,262.8,8.5,0.233161122,0.0272221565,1.0
,710102038,-22.89326087980377,-43.150544413363654,262.8,8.5,0.233161122,0.0272221565,1.0
,710102038,-22.89326087980377,-43.150544413363654,262.8,8.5,0.233161122,0.0272221565,1.0
,710102038,-22.89326087980377,-43.150544413363654,262.8,8.5,0.233161122,0.0272221565,1.0
,710102038,-22.89326087980377,-43.150544413363654,262.8,8.5,0.233161122,0.0272221565,1.0
,710102038,-22.89326087980377,-43.150544413363654,262.8,8.5,0.233161122,0.0272221565,1.0
,710102038,-22.89326087980377,-43.150544413363654,262.8,8.5,0.233161122,0.0272221565,1.0
,710102038,-22.89326087980377,-43.150544413363654,262.8,8.5,0.233161122,0.0272221565,1.0
,710102038,-22.89326087980377,-43.150544413363654,262.8,8.5,0.233161122,0.0272221565,1.0
,710102038,-22.89326087980377,-43.150544413363654,262.8,8.5,0.233161122,0.0272221565,1.0
,710102038,-22.89326087980377,-43.150544413363654,262.8,8.5,0.233161122,0.0272221565,1.0
,710102038,-22.893266319689562,-43.15058662005179,262.8,8.5,0.233161122,0.0272221565,1.0
,710102038,-22.893266319689562,-43.15058662005179,262.8,8.5,0.233161122,0.0272221565,1.0
,710102038,-22.893266319689562,-43.15058662005179,262.8,8.5,0.233161122,0.0272221565,1.0
,710102038,-22.893266319689562,-43.15058662005179,262.8,8.5,0.233161122,0.0272221565,1.0
,710102038,-22.893266319689562,-43.15058662005179,262.8,8.5,0.233161122,0.0272221565,1.0
,710102038,-22.893266319689562,-43.15058662005179,262.8,8.5,0.233161122,0.0272221565,1.0
,710102038,-22.893266319689562,-43.15058662005179,262.8,8.5,0.233161122,0.0272221565,1.0
,710102038,-22.893266319689562,-43.15058662005179,262.8,8.5,0.233161122,0.0272221565,1.0
,710102038,-22.893266319689562,-43.15058662005179,262.8,8.5,0.233161122,0.0272221565,1.0
,710102038,-22.893266319689562,-43.15058662005179,262.8,8.5,0.233161122,0.0272221565,1.0
,710102038,-22.893266319689562,-43.15058662005179,262.8,8.5,0.233161122,0.0272221565,1.0
,710102038,-22.893266319689562,-43.15058662005179,262.8,8.5,0.233161122,0.0272221565,1.0
,710102038,-22.893266319689562,-43.15058662005179,262.8,8.5,0.233161122,0.0272221565,1.0
,710102038,-22.893266319689562,-43.15058662005179,262.8,8.5,0.233161122,0.0272221565,1.0
,710102038,-22.893266319689562,-43.15058662005179,262.8,8.5,0.233161122,0.0272221565,1.0
,710102038,-22.89327175956436,-43.15062882674413,262.8,8.5,0.233161122,0.0272221565,1.0
,710102038,-22.89327175956436,-43.15062882674413,262.8,8.5,0.233161122,0.0272221565,1.0
,710102038,-22.89327175956436,-43.15062882674413,262.8,8.5,0.233161122,0.0272221565,1.0
,710102038,-22.89327175956436,-43.15062882674413,262.8,8.5,0.233161122,0.0272221565,1.0
,710102038,-22.89327175956436,-43.15062882674413,262.8,8.5,0.233161122,0.0272221565,1.0
,710102038,-22.89327175956436,-43.15062882674413,262.8,8.5,0.233161122,0.0272221565,1.0
,710102038,-22.89327175956436,-43.15062882674413,262.8,8.5,0.233161122,0.0272221565,1.0
,710102038,-22.89327175956436,-43.15062882674413,262.8,8.5,0.233161122,0.0272221565,1.0
,710102038,-22.89327175956436,-43.15062882674413,262.8,8.5,0.23154445,0.0272221565,1.0
,710102038,-22.89327175956436,-43.15062882674413,262.8,8.5,0.23154445,0.0272110701,1.0
,710102038,-22.89327175956436,-43.15062882674413,262.8,8.5,0.23154445,0.0272110701,1.0
,710102038,-22.89327175956436,-43.15062882674413,262.8,8.5,0.23154445,0.0272110701,1.0
,710102038,-22.89327175956436,-43.15062882674413,262.8,8.5,0.23154445,0.0272110701,1.0
,710102038,-22.89327175956436,-43.15062882674413,262.8,8.5,0.23154445,0.0272110701,1.0
,710102038,-22.89327175956436,-43.15062882674413,262.8,8.5,0.23154445,0.0272110701,1.0
,710102038,-22.893277199428148,-43.15067103344068,262.8,8.5,0.23154445,0.0272110701,1.0
,710102038,-22.893277199428148,-43.15067103344068,262.8,8.5,0.23154445,0.0272110701,1.0
,710102038,-22.893277199428148,-43.15067103344068,262.8,8.5,0.23154445,0.0272110701,1.0
,710102038,-22.893277199428148,-43.15067103344068,262.8,8.5,0.23154445,0.0272110701,1.0
,710102038,-22.893277199428148,-43.15067103344068,262.8,8.5,0.23154445,0.0272110701,1.0
,710102038,-22.893277199428148,-43.15067103344068,262.8,8.5,0.23154445,0.0272110701,1.0
,710102038,-22.893277199428148,-43.15067103344068,262.8,8.5,0.23154445,0.0272110701,1.0
,710102038,-22.893277199428148,-43.15067103344068,262.8,8.5,0.23154445,0.0272110701,1.0
,710102038,-22.893277199428148,-43.15067103344068,262.8,8.5,0.23154445,0.0272110701,1.0
,710102038,-22.893277199428148,-43.15067103344068,262.8,8.5,0.23154445,0.0272110701,1.0
,710102038,-22.893277199428148,-43.15067103344068,262.8,8.5,0.23154445,0.0272110701,1.0
,710102038,-22.893277199428148,-43.15067103344068,262.8,8.5,0.23154445,0.0272110701,1.0
,710102038,-22.893277199428148,-43.15067103344068,262.8,8.5,0.23154445,0.0272110701,1.0
,710102038,-22.893277199428148,-43.15067103344068,262.8,8.5,0.23154445,0.0272110701,1.0
,710102038,-22.893277199428148,-43.15067103344068,262.8,8.5,0.23154445,0.0272110701,1.0
,710102038,-22.893282639280944,-43.15071324014144,262.8,8.5,0.23154445,0.0272110701,1.0
,710102038,-22.893282639280944,-43.15071324014144,262.8,8.5,0.23154445,0.0272110701,1.0
,710102038,-22.893282639280944,-43.15071324014144,262.8,8.5,0.23154445,0.0272110701,1.0
,710102038,-22.893288079122748,-43.150755446846404,262.8,8.5,0.23154445,0.0272110701,1.0
,710102038,-22.893288079122748,-43.150755446846404,262.8,8.5,0.23154445,0.0272110701,1.0
,710102038,-22.893288079122748,-43.150755446846404,262.8,8.5,0.23154445,0.0272110701,1.0
,710102038,-22.893288079122748,-43.150755446846404,262.8,8.5,0.23154445,0.0272110701,1.0
,710102038,-22.893288079122748,-43.150755446846404,262.8,8.5,0.23154445,0.0272110701,1.0
,710102038,-22.893288079122748,-43.150755446846404,262.8,8.5,0.229916662,0.0272110701,1.0
,710102038,-22.893288079122748,-43.150755446846404,262.8,8.5,0.229916662,0.0271888971,1.0
,710102038,-22.893288079122748,-43.150755446846404,262.8,8.5,0.229916662,0.0271888971,1.0
,710102038,-22.893288079122748,-43.150755446846404,262.8,8.5,0.229916662,0.0271888971,1.0
,710102038,-22.893288079122748,-43.150755446846404,262.8,8.5,0.229916662,0.0271888971,1.0
,710102038,-22.893288079122748,-43.150755446846404,262.8,8.5,0.229916662,0.0271888971,1.0
,710102038,-22.893288079122748,-43.150755446846404,262.8,8.5,0.229916662,0.0271888971,1.0
,710102038,-22.893288079122748,-43.150755446846404,262.8,8.5,0.229916662,0.0271888971,1.0
,710102038,-22.89329351895354,-43.150797653555585,262.8,8.5,0.229916662,0.0271888971,1.0
,710102038,-22.89329351895354,-43.150797653555585,262.8,8.5,0.229916662,0.0271888971,1.0
,710102038,-22.89329351895354,-43.150797653555585,262.8,8.5,0.229916662,0.0271888971,1.0
,710102038,-22.89329351895354,-43.150797653555585,262.8,8.5,0.229916662,0.0271888971,1.0
,710102038,-22.89329351895354,-43.150797653555585,262.8,8.5,0.229916662,0.0271888971,1.0
,710102038,-22.89329351895354,-43.150797653555585,262.8,8.5,0.229916662,0.0271888971,1.0
,710102038,-22.89329351895354,-43.150797653555585,262.8,8.5,0.229916662,0.0271888971,1.0
,710102038,-22.893298958773343,-43.15083986026896,262.8,8.5,0.229916662,0.0271888971,1.0
,710102038,-22.893298958773343,-43.15083986026896,262.8,8.5,0.229916662,0.0271888971,1.0
,710102038,-22.893298958773343,-43.15083986026896,262.8,8.5,0.229916662,0.0271888971,1.0
,710102038,-22.893298958773343,-43.15083986026896,262.8,8.5,0.229916662,0.0271888971,1.0
,710102038,-22.893298958773343,-43.15083986026896,262.8,8.5,0.229916662,0.0271888971,1.0
,710102038,-22.893298958773343,-43.15083986026896,262.8,8.5,0.229916662,0.0271888971,1.0
,710102038,-22.893298958773343,-43.15083986026896,262.8,8.5,0.229916662,0.0271888971,1.0
,710102038,-22.893298958773343,-43.15083986026896,262.8,8.5,0.229916662,0.0271888971,1.0
,710102038,-22.893298958773343,-43.15083986026896,262.8,8.5,0.229916662,0.0271888971,1.0
,710102038,-22.893298958773343,-43.15083986026896,262.8,8.5,0.229916662,0.0271888971,1.0
,710102038,-22.893298958773343,-43.15083986026896,262.8,8.5,0.229916662,0.0271888971,1.0
,710102038,-22.893298958773343,-43.15083986026896,262.8,8.5,0.229916662,0.0271888971,1.0
,710102038,-22.893298958773343,-43.15083986026896,262.8,8.5,0.229916662,0.0271888971,1.0
,710102038,-22.893298958773343,-43.15083986026896,262.8,8.5,0.229916662,0.0271888971,1.0
,710102038,-22.89329897678101,-43.150879511004426,263.8,8.6,0.229916662,0.0271888971,1.0
,710102038,-22.89329897678101,-43.150879511004426,263.8,8.6,0.229916662,0.0271888971,1.0
,710102038,-22.89329897678101,-43.150879511004426,263.8,8.6,0.229916662,0.0271888971,1.0
,710102038,-22.89329897678101,-43.150879511004426,263.8,8.6,0.229916662,0.0271888971,1.0
,710102038,-22.89329897678101,-43.150879511004426,263.8,8.6,0.229916662,0.0271888971,1.0
,710102038,-22.89329897678101,-43.150879511004426,263.8,8.6,0.229916662,0.0271888971,1.0
,710102038,-22.89329897678101,-43.150879511004426,263.8,8.6,0.229916662,0.0271888971,1.0
,710102038,-22.89329897678101,-43.150879511004426,263.8,8.6,0.229916662,0.0271888971,1.0
,710102038,-22.89329897678101,-43.150879511004426,263.8,8.6,0.229916662,0.0271888971,1.0
,710102038,-22.89329897678101,-43.150879511004426,263.8,8.6,0.228244439,0.0271888971,1.0
,710102038,-22.89329897678101,-43.150879511004426,263.8,8.6,0.228233337,0.027166605,1.0
,710102038,-22.89329897678101,-43.150879511004426,263.8,8.6,0.228233337,0.027166605,1.0
,710102038,-22.89329897678101,-43.150879511004426,263.8,8.6,0.228233337,0.027166605,1.0
,710102038,-22.89329897678101,-43.150879511004426,263.8,8.6,0.228233337,0.027166605,1.0
,710102038,-22.89329897678101,-43.150879511004426,263.8,8.6,0.228233337,0.027166605,1.0
,710102038,-22.893303789241582,-43.15092231144463,263.8,8.6,0.228233337,0.027166605,1.0
,710102038,-22.893303789241582,-43.15092231144463,263.8,8.6,0.228233337,0.027166605,1.0
,710102038,-22.893303789241582,-43.15092231144463,263.8,8.6,0.228233337,0.027166605,1.0
,710102038,-22.893303789241582,-43.15092231144463,263.8,8.6,0.228233337,0.027166605,1.0
,710102038,-22.893303789241582,-43.15092231144463,263.8,8.6,0.228233337,0.027166605,1.0
,710102038,-22.893303789241582,-43.15092231144463,263.8,8.6,0.228233337,0.027166605,1.0
,710102038,-22.893303789241582,-43.15092231144463,263.8,8.6,0.228233337,0.027166605,1.0
,710102038,-22.893303789241582,-43.15092231144463,263.8,8.6,0.228233337,0.027166605,1.0
,710102038,-22.893303789241582,-43.15092231144463,263.8,8.6,0.228233337,0.027166605,1.0
,710102038,-22.893303789241582,-43.15092231144463,263.8,8.6,0.228233337,0.027166605,1.0
,710102038,-22.893303789241582,-43.15092231144463,263.8,8.6,0.228233337,0.027166605,1.0
,710102038,-22.893303789241582,-43.15092231144463,263.8,8.6,0.228233337,0.027166605,1.0
,710102038,-22.893303789241582,-43.15092231144463,263.8,8.6,0.228233337,0.027166605,1.0
,710102038,-22.893303789241582,-43.15092231144463,263.8,8.6,0.228233337,0.027166605,1.0
,710102038,-22.893303789241582,-43.15092231144463,263.8,8.6,0.228233337,0.027166605,1.0
,710102038,-22.893308601690823,-43.15096511188872,263.8,8.6,0.228233337,0.027166605,1.0
,710102038,-22.893308601690823,-43.15096511188872,263.8,8.6,0.228233337,0.027166605,1.0
,710102038,-22.893308601690823,-43.15096511188872,263.8,8.6,0.228233337,0.027166605,1.0
,710102038,-22.893308601690823,-43.15096511188872,263.8,8.6,0.228233337,0.027166605,1.0
,710102038,-22.893308601690823,-43.15096511188872,263.8,8.6,0.228233337,0.027166605,1.0
,710102038,-22.893308601690823,-43.15096511188872,263.8,8.6,0.228233337,0.027166605,1.0
,710102038,-22.893308601690823,-43.15096511188872,263.8,8.6,0.228233337,0.027166605,1.0
,710102038,-22.893308601690823,-43.15096511188872,263.8,8.6,0.228233337,0.027166605,1.0
,710102038,-22.893308601690823,-43.15096511188872,263.8,8.6,0.228233337,0.027166605,1.0
,710102038,-22.893308601690823,-43.15096511188872,263.8,8.6,0.228233337,0.027166605,1.0
,710102038,-22.893308601690823,-43.15096511188872,263.8,8.6,0.228233337,0.027166605,1.0
,710102038,-22.893308601690823,-43.15096511188872,263.8,8.6,0.228233337,0.027166605,1.0
,710102038,-22.893308601690823,-43.15096511188872,263.8,8.6,0.228233337,0.027166605,1.0
,710102038,-22.893308601690823,-43.15096511188872,263.8,8.6,0.228233337,0.027166605,1.0
,710102038,-22.893308601690823,-43.15096511188872,263.8,8.6,0.228233337,0.027166605,1.0
,710102038,-22.89331341412872,-43.15100791233671,263.8,8.6,0.228233337,0.027166605,1.0
,710102038,-22.89331341412872,-43.15100791233671,263.8,8.6,0.228233337,0.027166605,1.0
,710102038,-22.89331341412872,-43.15100791233671,263.8,8.6,0.228233337,0.027166605,1.0
,710102038,-22.89331341412872,-43.15100791233671,263.8,8.6,0.227688894,0.027166605,1.0
,710102038,-22.89331822655528,-43.15105071278858,263.8,8.6,0.226555556,0.027166605,1.0
,710102038,-22.89331822655528,-43.15105071278858,263.8,8.6,0.226555556,0.027166605,1.0
,710102038,-22.89331822655528,-43.15105071278858,263.8,8.6,0.226555556,0.027166605,1.0
,710102038,-22.89331822655528,-43.15105071278858,263.8,8.6,0.226555556,0.027166605,1.0
,710102038,-22.89331822655528,-43.15105071278858,263.8,8.6,0.226555556,0.027166605,1.0
,710102038,-22.893323038970504,-43.15109351324435,263.8,8.6,0.226555556,0.0271444321,1.0
,710102038,-22.89333266376692,-43.15117911416754,263.8,8.6,0.226555556,0.0271444321,1.0
,710102038,-22.89333266376692,-43.15117911416754,263.8,8.6,0.226555556,0.0271444321,1.0
,710102038,-22.89333266376692,-43.15117911416754,263.8,8.6,0.226555556,0.0271444321,1.0
,710102038,-22.89333266376692,-43.15117911416754,263.8,8.6,0.226555556,0.0271444321,1.0
,710102038,-22.89333747614813,-43.151221914634974,263.8,8.6,0.226555556,0.0271444321,1.0
,710102038,-22.89333747614813,-43.151221914634974,263.8,8.6,0.226555556,0.0271444321,1.0
,710102038,-22.89333747614813,-43.151221914634974,263.8,8.6,0.224388883,0.0271444321,1.0
,710102038,-22.89333747614813,-43.151221914634974,263.8,8.6,0.224311113,0.0271111727,1.0
,710102038,-22.89333747614813,-43.151221914634974,263.8,8.6,0.224311113,0.0271111727,1.0
,710102038,-22.89333747614813,-43.151221914634974,263.8,8.6,0.224311113,0.0271111727,1.0
,710102038,-22.89333747614813,-43.151221914634974,263.8,8.6,0.224311113,0.0271111727,1.0
,710102038,-22.89333747614813,-43.151221914634974,263.8,8.6,0.224311113,0.0271111727,1.0
,710102038,-22.89333747614813,-43.151221914634974,263.8,8.6,0.224311113,0.0271111727,1.0
,710102038,-22.89333747614813,-43.151221914634974,263.8,8.6,0.224311113,0.0271111727,1.0
,710102038,-22.89333747614813,-43.151221914634974,263.8,8.6,0.224311113,0.0271111727,1.0
,710102038,-22.89333747614813,-43.151221914634974,263.8,8.6,0.224311113,0.0271111727,1.0
,710102038,-22.89333747614813,-43.151221914634974,263.8,8.6,0.224311113,0.0271111727,1.0
,710102038,-22.89333747614813,-43.151221914634974,263.8,8.6,0.224311113,0.0271111727,1.0
,710102038,-22.89333747614813,-43.151221914634974,263.8,8.6,0.224311113,0.0271111727,1.0
,710102038,-22.89334416839839,-43.151309487988755,263.5,8.6,0.224311113,0.0271111727,1.0
,710102038,-22.89334416839839,-43.151309487988755,263.5,8.6,0.224311113,0.0271111727,1.0
,710102038,-22.89334416839839,-43.151309487988755,263.5,8.6,0.224311113,0.0271111727,1.0
,710102038,-22.89334416839839,-43.151309487988755,263.5,8.6,0.224311113,0.0271111727,1.0
,710102038,-22.89334416839839,-43.151309487988755,263.5,8.6,0.224311113,0.0271111727,1.0
,710102038,-22.89334416839839,-43.151309487988755,263.5,8.6,0.224311113,0.0271111727,1.0
,710102038,-22.89334416839839,-43.151309487988755,263.5,8.6,0.224311113,0.0271111727,1.0
,710102038,-22.89334416839839,-43.151309487988755,263.5,8.6,0.224311113,0.0271111727,1.0
,710102038,-22.89334416839839,-43.151309487988755,263.5,8.6,0.224311113,0.0271111727,1.0
,710102038,-22.89334416839839,-43.151309487988755,263.5,8.6,0.224311113,0.0271111727,1.0
,710102038,-22.89334416839839,-43.151309487988755,263.5,8.6,0.22257778,0.0271000862,1.0
,710102038,-22.89334416839839,-43.151309487988755,263.5,8.6,0.22257778,0.0271000862,1.0
,710102038,-22.89334416839839,-43.151309487988755,263.5,8.6,0.22257778,0.0271000862,1.0
,710102038,-22.89334416839839,-43.151309487988755,263.5,8.6,0.22257778,0.0271000862,1.0
,710102038,-22.89334416839839,-43.151309487988755,263.5,8.6,0.22257778,0.0271000862,1.0
,710102038,-22.893349188309223,-43.15135226068418,263.5,8.6,0.22257778,0.0271000862,1.0
,710102038,-22.893349188309223,-43.15135226068418,263.5,8.6,0.22257778,0.0271000862,1.0
,710102038,-22.893349188309223,-43.15135226068418,263.5,8.6,0.22257778,0.0271000862,1.0
,710102038,-22.893349188309223,-43.15135226068418,263.5,8.6,0.22257778,0.0271000862,1.0
,710102038,-22.893349188309223,-43.15135226068418,263.5,8.6,0.22257778,0.0271000862,1.0
,710102038,-22.893349188309223,-43.15135226068418,263.5,8.6,0.22257778,0.0271000862,1.0
,710102038,-22.893349188309223,-43.15135226068418,263.5,8.6,0.22257778,0.0271000862,1.0
,710102038,-22.893349188309223,-43.15135226068418,263.5,8.6,0.22257778,0.0271000862,1.0
,710102038,-22.893349188309223,-43.15135226068418,263.5,8.6,0.22257778,0.0271000862,1.0
,710102038,-22.893349188309223,-43.15135226068418,263.5,8.6,0.22257778,0.0271000862,1.0
,710102038,-22.893349188309223,-43.15135226068418,263.5,8.6,0.22257778,0.0271000862,1.0
,710102038,-22.893349188309223,-43.15135226068418,263.5,8.6,0.22257778,0.0271000862,1.0
,710102038,-22.893349188309223,-43.15135226068418,263.5,8.6,0.22257778,0.0271000862,1.0
,710102038,-22.893349188309223,-43.15135226068418,263.5,8.6,0.22257778,0.0271000862,1.0
,710102038,-22.893349188309223,-43.15135226068418,263.5,8.6,0.22257778,0.0271000862,1.0
,710102038,-22.893354208208745,-43.15139503338362,263.5,8.6,0.22257778,0.0271000862,1.0
,710102038,-22.893354208208745,-43.15139503338362,263.5,8.6,0.22257778,0.0271000862,1.0
,710102038,-22.893354208208745,-43.15139503338362,263.5,8.6,0.22257778,0.0271000862,1.0
,710102038,-22.893354208208745,-43.15139503338362,263.5,8.6,0.22257778,0.0271000862,1.0
,710102038,-22.893354208208745,-43.15139503338362,263.5,8.6,0.22257778,0.0271000862,1.0
,710102038,-22.893354208208745,-43.15139503338362,263.5,8.6,0.22257778,0.0271000862,1.0
,710102038,-22.893354208208745,-43.15139503338362,263.5,8.6,0.22257778,0.0271000862,1.0
,710102038,-22.893354208208745,-43.15139503338362,263.5,8.6,0.22257778,0.0271000862,1.0
,710102038,-22.893354208208745,-43.15139503338362,263.5,8.6,0.22257778,0.0271000862,1.0
,710102038,-22.893354208208745,-43.15139503338362,263.5,8.6,0.22257778,0.0271000862,1.0
,710102038,-22.893354208208745,-43.15139503338362,263.5,8.6,0.22257778,0.0271000862,1.0
,710102038,-22.893354208208745,-43.15139503338362,263.5,8.6,0.22257778,0.0271000862,1.0
,710102038,-22.893354208208745,-43.15139503338362,263.5,8.6,0.22257778,0.0271000862,1.0
,710102038,-22.893354208208745,-43.15139503338362,263.5,8.6,0.22257778,0.0271000862,1.0
,710102038,-22.893359228096948,-43.15143780608708,263.5,8.6,0.22257778,0.0271000862,1.0
,710102038,-22.893359228096948,-43.15143780608708,263.5,8.6,0.22257778,0.0271000862,1.0
,710102038,-22.893359228096948,-43.15143780608708,263.5,8.6,0.22257778,0.0271000862,1.0
,710102038,-22.893359228096948,-43.15143780608708,263.5,8.6,0.22257778,0.0271000862,1.0
,710102038,-22.893359228096948,-43.15143780608708,263.5,8.6,0.22257778,0.0271000862,1.0
,710102038,-22.893359228096948,-43.15143780608708,263.5,8.6,0.22257778,0.0271000862,1.0
,710102038,-22.893359228096948,-43.15143780608708,263.5,8.6,0.22257778,0.0271000862,1.0
,710102038,-22.893359228096948,-43.15143780608708,263.5,8.6,0.22257778,0.0271000862,1.0
,710102038,-22.893359228096948,-43.15143780608708,263.5,8.6,0.22257778,0.0271000862,1.0
,710102038,-22.893359228096948,-43.15143780608708,263.5,8.6,0.220877782,0.0270777941,1.0
,710102038,-22.893359228096948,-43.15143780608708,263.5,8.6,0.220877782,0.0270777941,1.0
,710102038,-22.893359228096948,-43.15143780608708,263.5,8.6,0.220877782,0.0270777941,1.0
,710102038,-22.893359228096948,-43.15143780608708,263.5,8.6,0.220877782,0.0270777941,1.0
,710102038,-22.893359228096948,-43.15143780608708,263.5,8.6,0.220877782,0.0270777941,1.0
,710102038,-22.893364247973842,-43.151480578794555,263.5,8.6,0.220877782,0.0270777941,1.0
,710102038,-22.893364247973842,-43.151480578794555,263.5,8.6,0.220877782,0.0270777941,1.0
,710102038,-22.893364247973842,-43.151480578794555,263.5,8.6,0.220877782,0.0270777941,1.0
,710102038,-22.893364247973842,-43.151480578794555,263.5,8.6,0.220877782,0.0270777941,1.0
,710102038,-22.893364247973842,-43.151480578794555,263.5,8.6,0.220877782,0.0270777941,1.0
,710102038,-22.893364247973842,-43.151480578794555,263.5,8.6,0.220877782,0.0270777941,1.0
,710102038,-22.893364247973842,-43.151480578794555,263.5,8.6,0.220877782,0.0270777941,1.0
,710102038,-22.893364247973842,-43.151480578794555,263.5,8.6,0.220877782,0.0270777941,1.0
,710102038,-22.893364247973842,-43.151480578794555,263.5,8.6,0.220877782,0.0270777941,1.0
,710102038,-22.893364247973842,-43.151480578794555,263.5,8.6,0.220877782,0.0270777941,1.0
,710102038,-22.893364247973842,-43.151480578794555,263.5,8.6,0.220877782,0.0270777941,1.0
,710102038,-22.893364247973842,-43.151480578794555,263.5,8.6,0.220877782,0.0270777941,1.0
,710102038,-22.893364247973842,-43.151480578794555,263.5,8.6,0.220877782,0.0270777941,1.0
,710102038,-22.893364247973842,-43.151480578794555,263.5,8.6,0.220877782,0.0270777941,1.0
,710102038,-22.893364247973842,-43.151480578794555,263.5,8.6,0.220877782,0.0270777941,1.0
,710102038,-22.89336926783942,-43.15152335150604,263.5,8.6,0.220877782,0.0270777941,1.0
,710102038,-22.89336926783942,-43.15152335150604,263.5,8.6,0.220877782,0.0270777941,1.0
,710102038,-22.89336926783942,-43.15152335150604,263.5,8.6,0.220877782,0.0270777941,1.0
,710102038,-22.89336926783942,-43.15152335150604,263.5,8.6,0.220877782,0.0270777941,1.0
,710102038,-22.89336926783942,-43.15152335150604,263.5,8.6,0.220877782,0.0270777941,1.0
,710102038,-22.89336926783942,-43.15152335150604,263.5,8.6,0.220877782,0.0270777941,1.0
,710102038,-22.89336926783942,-43.15152335150604,263.5,8.6,0.220877782,0.0270777941,1.0
,710102038,-22.89336926783942,-43.15152335150604,263.5,8.6,0.220877782,0.0270777941,1.0
,710102038,-22.89336926783942,-43.15152335150604,263.5,8.6,0.220877782,0.0270777941,1.0
,710102038,-22.89336926783942,-43.15152335150604,263.5,8.6,0.220877782,0.0270777941,1.0
,710102038,-22.89336926783942,-43.15152335150604,263.5,8.6,0.220877782,0.0270777941,1.0
,710102038,-22.89336926783942,-43.15152335150604,263.5,8.6,0.220877782,0.0270777941,1.0
,710102038,-22.89336926783942,-43.15152335150604,263.5,8.6,0.220877782,0.0270777941,1.0
,710102038,-22.89336926783942,-43.15152335150604,263.5,8.6,0.220877782,0.0270777941,1.0
,710102038,-22.89336926783942,-43.15152335150604,263.5,8.6,0.220877782,0.0270777941,1.0
,710102038,-22.893374287693685,-43.15156612422154,263.5,8.6,0.220877782,0.0270777941,1.0
,710102038,-22.893374287693685,-43.15156612422154,263.5,8.6,0.220877782,0.0270777941,1.0
,710102038,-22.893374287693685,-43.15156612422154,263.5,8.6,0.220877782,0.0270777941,1.0
,710102038,-22.893374287693685,-43.15156612422154,263.5,8.6,0.220877782,0.0270777941,1.0
,710102038,-22.893374287693685,-43.15156612422154,263.5,8.6,0.220877782,0.0270777941,1.0
,710102038,-22.893374287693685,-43.15156612422154,263.5,8.6,0.220877782,0.0270777941,1.0
,710102038,-22.893374287693685,-43.15156612422154,263.5,8.6,0.220877782,0.0270777941,1.0
,710102038,-22.893374287693685,-43.15156612422154,263.5,8.6,0.220877782,0.0270777941,1.0
,710102038,-22.893374287693685,-43.15156612422154,263.5,8.6,0.220877782,0.0270777941,1.0
,710102038,-22.893374287693685,-43.15156612422154,263.5,8.6,0.220877782,0.0270777941,1.0
,710102038,-22.893374287693685,-43.15156612422154,263.5,8.6,0.219172224,0.0270555019,1.0
,710102038,-22.893374287693685,-43.15156612422154,263.5,8.6,0.219172224,0.0270555019,1.0
,710102038,-22.893374287693685,-43.15156612422154,263.5,8.6,0.219172224,0.0270555019,1.0
,710102038,-22.893374287693685,-43.15156612422154,263.5,8.6,0.219172224,0.0270555019,1.0
,710102038,-22.893374287693685,-43.15156612422154,263.5,8.6,0.219172224,0.0270555019,1.0
,710102038,-22.893379307536623,-43.15160889694106,263.5,8.6,0.219172224,0.0270555019,1.0
,710102038,-22.893379307536623,-43.15160889694106,263.5,8.6,0.219172224,0.0270555019,1.0
,710102038,-22.893379307536623,-43.15160889694106,263.5,8.6,0.219172224,0.0270555019,1.0
,710102038,-22.893379307536623,-43.15160889694106,263.5,8.6,0.219172224,0.0270555019,1.0
,710102038,-22.893379307536623,-43.15160889694106,263.5,8.6,0.219172224,0.0270555019,1.0
,710102038,-22.893379307536623,-43.15160889694106,263.5,8.6,0.219172224,0.0270555019,1.0
,710102038,-22.893379307536623,-43.15160889694106,263.5,8.6,0.219172224,0.0270555019,1.0
,710102038,-22.893379307536623,-43.15160889694106,263.5,8.6,0.219172224,0.0270555019,1.0
,710102038,-22.893379307536623,-43.15160889694106,263.5,8.6,0.219172224,0.0270555019,1.0
,710102038,-22.893379307536623,-43.15160889694106,263.5,8.6,0.219172224,0.0270555019,1.0
,710102038,-22.893379307536623,-43.15160889694106,263.5,8.6,0.219172224,0.0270555019,1.0
,710102038,-22.893379307536623,-43.15160889694106,263.5,8.6,0.219172224,0.0270555019,1.0
,710102038,-22.893379307536623,-43.15160889694106,263.5,8.6,0.219172224,0.0270555019,1.0
,710102038,-22.893379307536623,-43.15160889694106,263.5,8.6,0.219172224,0.0270555019,1.0
,710102038,-22.893379307536623,-43.15160889694106,263.5,8.6,0.219172224,0.0270555019,1.0
,710102038,-22.89338432736826,-43.15165166966459,263.5,8.6,0.219172224,0.0270555019,1.0
,710102038,-22.89338432736826,-43.15165166966459,263.5,8.6,0.219172224,0.0270555019,1.0
,710102038,-22.89338432736826,-43.15165166966459,263.5,8.6,0.219172224,0.0270555019,1.0
,710102038,-22.89338432736826,-43.15165166966459,263.5,8.6,0.219172224,0.0270555019,1.0
,710102038,-22.89338432736826,-43.15165166966459,263.5,8.6,0.219172224,0.0270555019,1.0
,710102038,-22.89338432736826,-43.15165166966459,263.5,8.6,0.219172224,0.0270555019,1.0
,710102038,-22.89338432736826,-43.15165166966459,263.5,8.6,0.219172224,0.0270555019,1.0
,710102038,-22.89338432736826,-43.15165166966459,263.5,8.6,0.219172224,0.0270555019,1.0
,710102038,-22.89338432736826,-43.15165166966459,263.5,8.6,0.219172224,0.0270555019,1.0
,710102038,-22.89338432736826,-43.15165166966459,263.5,8.6,0.219172224,0.0270555019,1.0
,710102038,-22.89338432736826,-43.15165166966459,263.5,8.6,0.219172224,0.0270555019,1.0
,710102038,-22.89338432736826,-43.15165166966459,263.5,8.6,0.219172224,0.0270555019,1.0
,710102038,-22.89338432736826,-43.15165166966459,263.5,8.6,0.219172224,0.0270555019,1.0
,710102038,-22.89338432736826,-43.15165166966459,263.5,8.6,0.219172224,0.0270555019,1.0
,710102038,-22.89338432736826,-43.15165166966459,263.5,8.6,0.219172224,0.0270555019,1.0
,710102038,-22.893389347188563,-43.151694442392134,263.5,8.6,0.219172224,0.0270555019,1.0
,710102038,-22.893389347188563,-43.151694442392134,263.5,8.6,0.219172224,0.0270555019,1.0
,710102038,-22.893389347188563,-43.151694442392134,263.5,8.6,0.219172224,0.0270555019,1.0
,710102038,-22.893389347188563,-43.151694442392134,263.5,8.6,0.219172224,0.0270555019,1.0
,710102038,-22.893389347188563,-43.151694442392134,263.5,8.6,0.219172224,0.0270555019,1.0
,710102038,-22.8933849999992,-43.1517,264.0,8.7,0.219172224,0.0270555019,1.0
,710102038,-22.8933849999992,-43.1517,264.0,8.7,0.219172224,0.0270555019,1.0
,710102038,-22.8933849999992,-43.1517,264.0,8.7,0.219172224,0.0270555019,1.0
,710102038,-22.8933849999992,-43.1517,264.0,8.7,0.219172224,0.0270555019,1.0
,710102038,-22.8933849999992,-43.1517,264.0,8.7,0.219172224,0.0270555019,1.0
,710102038,-22.8933849999992,-43.1517,264.0,8.7,0.217311114,0.027033329,1.0
,710102038,-22.8933849999992,-43.1517,264.0,8.7,0.217311114,0.027033329,1.0
,710102038,-22.8933849999992,-43.1517,264.0,8.7,0.217311114,0.027033329,1.0
,710102038,-22.8933849999992,-43.1517,264.0,8.7,0.217311114,0.027033329,1.0
,710102038,-22.8933849999992,-43.1517,264.0,8.7,0.217311114,0.027033329,1.0
,710102038,-22.8933849999992,-43.1517,264.0,8.7,0.217311114,0.027033329,1.0
,710102038,-22.8933849999992,-43.1517,264.0,8.7,0.217311114,0.027033329,1.0
,710102038,-22.8933849999992,-43.1517,264.0,8.7,0.217311114,0.027033329,1.0
,710102038,-22.8933849999992,-43.1517,264.0,8.7,0.217311114,0.027033329,1.0
,710102038,-22.89338972813878,-43.151743316270704,264.0,8.7,0.217311114,0.027033329,1.0
,710102038,-22.89338972813878,-43.151743316270704,264.0,8.7,0.217311114,0.027033329,1.0
,710102038,-22.89338972813878,-43.151743316270704,264.0,8.7,0.217311114,0.027033329,1.0
,710102038,-22.89338972813878,-43.151743316270704,264.0,8.7,0.217311114,0.027033329,1.0
,710102038,-22.89338972813878,-43.151743316270704,264.0,8.7,0.217311114,0.027033329,1.0
,710102038,-22.89338972813878,-43.151743316270704,264.0,8.7,0.217311114,0.027033329,1.0
,710102038,-22.89338972813878,-43.151743316270704,264.0,8.7,0.217311114,0.027033329,1.0
,710102038,-22.89338972813878,-43.151743316270704,264.0,8.7,0.217311114,0.027033329,1.0
,710102038,-22.89338972813878,-43.151743316270704,264.0,8.7,0.217311114,0.027033329,1.0
,710102038,-22.89338972813878,-43.151743316270704,264.0,8.7,0.217311114,0.027033329,1.0
,710102038,-22.89338972813878,-43.151743316270704,264.0,8.7,0.217311114,0.027033329,1.0
,710102038,-22.89338972813878,-43.151743316270704,264.0,8.7,0.217311114,0.027033329,1.0
,710102038,-22.89338972813878,-43.151743316270704,264.0,8.7,0.217311114,0.027033329,1.0
,710102038,-22.89338972813878,-43.151743316270704,264.0,8.7,0.217311114,0.027033329,1.0
,710102038,-22.89338972813878,-43.151743316270704,264.0,8.7,0.217311114,0.027033329,1.0
,710102038,-22.89338972813878,-43.151743316270704,264.0,8.7,0.217311114,0.027033329,1.0
,710102038,-22.893394456266737,-43.151786632545296,264.0,8.7,0.217311114,0.027033329,1.0
,710102038,-22.893394456266737,-43.151786632545296,264.0,8.7,0.217311114,0.027033329,1.0
,710102038,-22.893394456266737,-43.151786632545296,264.0,8.7,0.217311114,0.027033329,1.0
,710102038,-22.893394456266737,-43.151786632545296,264.0,8.7,0.217311114,0.027033329,1.0
,710102038,-22.893394456266737,-43.151786632545296,264.0,8.7,0.217311114,0.027033329,1.0
,710102038,-22.893394456266737,-43.151786632545296,264.0,8.7,0.217311114,0.027033329,1.0
,710102038,-22.893394456266737,-43.151786632545296,264.0,8.7,0.217311114,0.027033329,1.0
,710102038,-22.893394456266737,-43.151786632545296,264.0,8.7,0.217311114,0.027033329,1.0
,710102038,-22.893394456266737,-43.151786632545296,264.0,8.7,0.217311114,0.027033329,1.0
,710102038,-22.893394456266737,-43.151786632545296,264.0,8.7,0.217311114,0.027033329,1.0
,710102038,-22.893394456266737,-43.151786632545296,264.0,8.7,0.217311114,0.027033329,1.0
,710102038,-22.893394456266737,-43.151786632545296,264.0,8.7,0.217311114,0.027033329,1.0
,710102038,-22.893394456266737,-43.151786632545296,264.0,8.7,0.217311114,0.027033329,1.0
,710102038,-22.893394456266737,-43.151786632545296,264.0,8.7,0.217311114,0.027033329,1.0
,710102038,-22.893399184383078,-43.15182994882378,264.0,8.7,0.217311114,0.027033329,1.0
,710102038,-22.893399184383078,-43.15182994882378,264.0,8.7,0.217311114,0.027033329,1.0
,710102038,-22.893399184383078,-43.15182994882378,264.0,8.7,0.217311114,0.027033329,1.0
,710102038,-22.893399184383078,-43.15182994882378,264.0,8.7,0.217311114,0.027033329,1.0
,710102038,-22.893399184383078,-43.15182994882378,264.0,8.7,0.217311114,0.027033329,1.0
,710102038,-22.893399184383078,-43.15182994882378,264.0,8.7,0.216816664,0.027033329,1.0
,710102038,-22.893399184383078,-43.15182994882378,264.0,8.7,0.215555549,0.0270222425,1.0
,710102038,-22.893399184383078,-43.15182994882378,264.0,8.7,0.215555549,0.0270222425,1.0
,710102038,-22.893399184383078,-43.15182994882378,264.0,8.7,0.215555549,0.0270222425,1.0
,710102038,-22.893399184383078,-43.15182994882378,264.0,8.7,0.215555549,0.0270222425,1.0
,710102038,-22.893399184383078,-43.15182994882378,264.0,8.7,0.215555549,0.0270222425,1.0
,710102038,-22.893399184383078,-43.15182994882378,264.0,8.7,0.215555549,0.0270222425,1.0
,710102038,-22.893399184383078,-43.15182994882378,264.0,8.7,0.215555549,0.0270222425,1.0
,710102038,-22.893399184383078,-43.15182994882378,264.0,8.7,0.215555549,0.0270222425,1.0
,710102038,-22.893399184383078,-43.15182994882378,264.0,8.7,0.215555549,0.0270222425,1.0
,710102038,-22.893399184383078,-43.15182994882378,264.0,8.7,0.215555549,0.0270222425,1.0
,710102038,-22.893403912487795,-43.15187326510617,264.0,8.7,0.215555549,0.0270222425,1.0
,710102038,-22.893403912487795,-43.15187326510617,264.0,8.7,0.215555549,0.0270222425,1.0
,710102038,-22.893403912487795,-43.15187326510617,264.0,8.7,0.215555549,0.0270222425,1.0
,710102038,-22.893403912487795,-43.15187326510617,264.0,8.7,0.215555549,0.0270222425,1.0
,710102038,-22.893403912487795,-43.15187326510617,264.0,8.7,0.215555549,0.0270222425,1.0
,710102038,-22.893403912487795,-43.15187326510617,264.0,8.7,0.215555549,0.0270222425,1.0
,710102038,-22.893403912487795,-43.15187326510617,264.0,8.7,0.215555549,0.0270222425,1.0
,710102038,-22.893403912487795,-43.15187326510617,264.0,8.7,0.215555549,0.0270222425,1.0
,710102038,-22.893403912487795,-43.15187326510617,264.0,8.7,0.215555549,0.0270222425,1.0
,710102038,-22.893403912487795,-43.15187326510617,264.0,8.7,0.215555549,0.0270222425,1.0
,710102038,-22.893403912487795,-43.15187326510617,264.0,8.7,0.215555549,0.0270222425,1.0
,710102038,-22.893403912487795,-43.15187326510617,264.0,8.7,0.215555549,0.0270222425,1.0
,710102038,-22.893403912487795,-43.15187326510617,264.0,8.7,0.215555549,0.0270222425,1.0
,710102038,-22.893403912487795,-43.15187326510617,264.0,8.7,0.215555549,0.0270222425,1.0
,710102038,-22.893408640580905,-43.15191658139244,264.0,8.7,0.215555549,0.0270222425,1.0
,710102038,-22.893408640580905,-43.15191658139244,264.0,8.7,0.215555549,0.0270222425,1.0
,710102038,-22.893408640580905,-43.15191658139244,264.0,8.7,0.215555549,0.0270222425,1.0
,710102038,-22.893408640580905,-43.15191658139244,264.0,8.7,0.215555549,0.0270222425,1.0
,710102038,-22.893408640580905,-43.15191658139244,264.0,8.7,0.215555549,0.0270222425,1.0
,710102038,-22.893408640580905,-43.15191658139244,264.0,8.7,0.215555549,0.0270222425,1.0
,710102038,-22.893408640580905,-43.15191658139244,264.0,8.7,0.215555549,0.0270222425,1.0
,710102038,-22.893408640580905,-43.15191658139244,264.0,8.7,0.215555549,0.0270222425,1.0
,710102038,-22.893408640580905,-43.15191658139244,264.0,8.7,0.215555549,0.0270222425,1.0
,710102038,-22.893408640580905,-43.15191658139244,264.0,8.7,0.215555549,0.0270222425,1.0
,710102038,-22.893408640580905,-43.15191658139244,264.0,8.7,0.215555549,0.0270222425,1.0
,710102038,-22.893408640580905,-43.15191658139244,264.0,8.7,0.215555549,0.0270222425,1.0
,710102038,-22.893408640580905,-43.15191658139244,264.0,8.7,0.215555549,0.0270222425,1.0
,710102038,-22.893408640580905,-43.15191658139244,264.0,8.7,0.215555549,0.0270222425,1.0
,710102038,-22.893408640580905,-43.15191658139244,264.0,8.7,0.215555549,0.0270222425,1.0
,710102038,-22.893408640580905,-43.15191658139244,264.0,8.7,0.215555549,0.0270222425,1.0
,710102038,-22.893413368662383,-43.151959897682616,264.0,8.7,0.215555549,0.0270222425,1.0
,710102038,-22.893413368662383,-43.151959897682616,264.0,8.7,0.215555549,0.0270222425,1.0
,710102038,-22.893413368662383,-43.151959897682616,264.0,8.7,0.215555549,0.0270222425,1.0
,710102038,-22.893413368662383,-43.151959897682616,264.0,8.7,0.215555549,0.0270222425,1.0
,710102038,-22.893413368662383,-43.151959897682616,264.0,8.7,0.213861108,0.0270222425,1.0
,710102038,-22.893413368662383,-43.151959897682616,264.0,8.7,0.213794455,0.0269999504,1.0
,710102038,-22.893413368662383,-43.151959897682616,264.0,8.7,0.213794455,0.0269999504,1.0
,710102038,-22.893413368662383,-43.151959897682616,264.0,8.7,0.213794455,0.0269999504,1.0
,710102038,-22.893413368662383,-43.151959897682616,264.0,8.7,0.213794455,0.0269999504,1.0
,710102038,-22.893413368662383,-43.151959897682616,264.0,8.7,0.213794455,0.0269999504,1.0
,710102038,-22.893413368662383,-43.151959897682616,264.0,8.7,0.213794455,0.0269999504,1.0
,710102038,-22.893413368662383,-43.151959897682616,264.0,8.7,0.213794455,0.0269999504,1.0
,710102038,-22.893413368662383,-43.151959897682616,264.0,8.7,0.213794455,0.0269999504,1.0
,710102038,-22.893413368662383,-43.151959897682616,264.0,8.7,0.213794455,0.0269999504,1.0
,710102038,-22.893413368662383,-43.151959897682616,264.0,8.7,0.213794455,0.0269999504,1.0
,710102038,-22.893418096732244,-43.15200321397668,264.0,8.7,0.213794455,0.0269999504,1.0
,710102038,-22.893418096732244,-43.15200321397668,264.0,8.7,0.213794455,0.0269999504,1.0
,710102038,-22.893418096732244,-43.15200321397668,264.0,8.7,0.213794455,0.0269999504,1.0
,710102038,-22.893418096732244,-43.15200321397668,264.0,8.7,0.213794455,0.0269999504,1.0
,710102038,-22.893418096732244,-43.15200321397668,264.0,8.7,0.213794455,0.0269999504,1.0
,710102038,-22.893418096732244,-43.15200321397668,264.0,8.7,0.213794455,0.0269999504,1.0
,710102038,-22.893418096732244,-43.15200321397668,264.0,8.7,0.213794455,0.0269999504,1.0
,710102038,-22.893418096732244,-43.15200321397668,264.0,8.7,0.213794455,0.0269999504,1.0
,710102038,-22.893418096732244,-43.15200321397668,264.0,8.7,0.213794455,0.0269999504,1.0
,710102038,-22.893418096732244,-43.15200321397668,264.0,8.7,0.213794455,0.0269999504,1.0
,710102038,-22.893418096732244,-43.15200321397668,264.0,8.7,0.213794455,0.0269999504,1.0
,710102038,-22.893418096732244,-43.15200321397668,264.0,8.7,0.213794455,0.0269999504,1.0
,710102038,-22.893418096732244,-43.15200321397668,264.0,8.7,0.213794455,0.0269999504,1.0
,710102038,-22.893418096732244,-43.15200321397668,264.0,8.7,0.213794455,0.0269999504,1.0
,710102038,-22.89342282479049,-43.15204653027464,264.0,8.7,0.213794455,0.0269999504,1.0
,710102038,-22.89342282479049,-43.15204653027464,264.0,8.7,0.213794455,0.0269999504,1.0
,710102038,-22.89342282479049,-43.15204653027464,264.0,8.7,0.213794455,0.0269999504,1.0
,710102038,-22.89342282479049,-43.15204653027464,264.0,8.7,0.213794455,0.0269999504,1.0
,710102038,-22.89342282479049,-43.15204653027464,264.0,8.7,0.213794455,0.0269999504,1.0
,710102038,-22.89342282479049,-43.15204653027464,264.0,8.7,0.213794455,0.0269999504,1.0
,710102038,-22.89342282479049,-43.15204653027464,264.0,8.7,0.213794455,0.0269999504,1.0
,710102038,-22.89342282479049,-43.15204653027464,264.0,8.7,0.213794455,0.0269999504,1.0
,710102038,-22.89342282479049,-43.15204653027464,264.0,8.7,0.213794455,0.0269999504,1.0
,710102038,-22.89342282479049,-43.15204653027464,264.0,8.7,0.213794455,0.0269999504,1.0
,710102038,-22.89342282479049,-43.15204653027464,264.0,8.7,0.213794455,0.0269999504,1.0
,710102038,-22.89342282479049,-43.15204653027464,264.0,8.7,0.213794455,0.0269999504,1.0
,710102038,-22.89342282479049,-43.15204653027464,264.0,8.7,0.213794455,0.0269999504,1.0
,710102038,-22.89342282479049,-43.15204653027464,264.0,8.7,0.213794455,0.0269999504,1.0
,710102038,-22.89342282479049,-43.15204653027464,264.0,8.7,0.213794455,0.0269999504,1.0
,710102038,-22.89342755283711,-43.15208984657649,264.0,8.7,0.213794455,0.0269999504,1.0
,710102038,-22.89342755283711,-43.15208984657649,264.0,8.7,0.213794455,0.0269999504,1.0
,710102038,-22.89342755283711,-43.15208984657649,264.0,8.7,0.213794455,0.0269999504,1.0
,710102038,-22.89342755283711,-43.15208984657649,264.0,8.7,0.213794455,0.0269999504,1.0
,710102038,-22.89342755283711,-43.15208984657649,264.0,8.7,0.212177783,0.0269999504,1.0
,710102038,-22.89342755283711,-43.15208984657649,264.0,8.7,0.212027788,0.0269777775,1.0
,710102038,-22.89342755283711,-43.15208984657649,264.0,8.7,0.212027788,0.0269777775,1.0
,710102038,-22.89342755283711,-43.15208984657649,264.0,8.7,0.212027788,0.0269777775,1.0
,710102038,-22.89342755283711,-43.15208984657649,264.0,8.7,0.212027788,0.0269777775,1.0
,710102038,-22.89342755283711,-43.15208984657649,264.0,8.7,0.212027788,0.0269777775,1.0
,710102038,-22.89342755283711,-43.15208984657649,264.0,8.7,0.212027788,0.0269777775,1.0
,710102038,-22.89342755283711,-43.15208984657649,264.0,8.7,0.212027788,0.0269777775,1.0
,710102038,-22.89342755283711,-43.15208984657649,264.0,8.7,0.212027788,0.0269777775,1.0
,710102038,-22.89342755283711,-43.15208984657649,264.0,8.7,0.212027788,0.0269777775,1.0
,710102038,-22.89342755283711,-43.15208984657649,264.0,8.7,0.212027788,0.0269777775,1.0
,710102038,-22.89343228087212,-43.15213316288224,264.0,8.7,0.212027788,0.0269777775,1.0
,710102038,-22.89343228087212,-43.15213316288224,264.0,8.7,0.212027788,0.0269777775,1.0
,710102038,-22.89343228087212,-43.15213316288224,264.0,8.7,0.212027788,0.0269777775,1.0
,710102038,-22.89343228087212,-43.15213316288224,264.0,8.7,0.212027788,0.0269777775,1.0
,710102038,-22.89343228087212,-43.15213316288224,264.0,8.7,0.212027788,0.0269777775,1.0
,710102038,-22.89343228087212,-43.15213316288224,264.0,8.7,0.212027788,0.0269777775,1.0
,710102038,-22.89343228087212,-43.15213316288224,264.0,8.7,0.212027788,0.0269777775,1.0
,710102038,-22.89343228087212,-43.15213316288224,264.0,8.7,0.212027788,0.0269777775,1.0
,710102038,-22.89343228087212,-43.15213316288224,264.0,8.7,0.212027788,0.0269777775,1.0
,710102038,-22.89343228087212,-43.15213316288224,264.0,8.7,0.212027788,0.0269777775,1.0
,710102038,-22.89343228087212,-43.15213316288224,264.0,8.7,0.212027788,0.0269777775,1.0
,710102038,-22.893420043550762,-43.15205986813371,264.0,8.7,0.212027788,0.0269777775,1.0
,710102038,-22.893420043550762,-43.15205986813371,264.0,8.7,0.212027788,0.0269777775,1.0
,710102038,-22.893420043550762,-43.15205986813371,264.0,8.7,0.212027788,0.0269777775,1.0
,710102038,-22.893420043550762,-43.15205986813371,264.0,8.7,0.212027788,0.0269777775,1.0
,710102038,-22.893420043550762,-43.15205986813371,264.0,8.7,0.212027788,0.0269777775,1.0
,710102038,-22.893420043550762,-43.15205986813371,264.0,8.7,0.212027788,0.0269777775,1.0
,710102038,-22.893420043550762,-43.15205986813371,264.0,8.7,0.212027788,0.0269777775,1.0
,710102038,-22.893420043550762,-43.15205986813371,264.0,8.7,0.212027788,0.0269777775,1.0
,710102038,-22.893420043550762,-43.15205986813371,264.0,8.7,0.212027788,0.0269777775,1.0
,710102038,-22.893420043550762,-43.15205986813371,264.0,8.7,0.212027788,0.0269777775,1.0
,710102038,-22.893420043550762,-43.15205986813371,264.0,8.7,0.212027788,0.0269777775,1.0
,710102038,-22.893424771593722,-43.152103184435425,264.0,8.7,0.212027788,0.0269777775,1.0
,710102038,-22.893424771593722,-43.152103184435425,264.0,8.7,0.212027788,0.0269777775,1.0
,710102038,-22.893424771593722,-43.152103184435425,264.0,8.7,0.212027788,0.0269777775,1.0
,710102038,-22.893424771593722,-43.152103184435425,264.0,8.7,0.212027788,0.0269777775,1.0
,710102038,-22.893424771593722,-43.152103184435425,264.0,8.7,0.212027788,0.0269777775,1.0
,710102038,-22.893424771593722,-43.152103184435425,264.0,8.7,0.212027788,0.0269777775,1.0
,710102038,-22.893424771593722,-43.152103184435425,264.0,8.7,0.212027788,0.0269777775,1.0
,710102038,-22.893424771593722,-43.152103184435425,264.0,8.7,0.212027788,0.0269777775,1.0
,710102038,-22.893424771593722,-43.152103184435425,264.0,8.7,0.211827785,0.0269777775,1.0
,710102038,-22.893424771593722,-43.152103184435425,264.0,8.7,0.211827785,0.0269777775,1.0
,710102038,-22.893424771593722,-43.152103184435425,264.0,8.7,0.211827785,0.0269777775,1.0
,710102038,-22.893424771593722,-43.152103184435425,264.0,8.7,0.211827785,0.0269777775,1.0
,710102038,-22.893424771593722,-43.152103184435425,264.0,8.7,0.211827785,0.0269777775,1.0
,710102038,-22.893424771593722,-43.152103184435425,264.0,8.7,0.211827785,0.0269777775,1.0
,710102038,-22.893424771593722,-43.152103184435425,264.0,8.7,0.211827785,0.0269777775,1.0
,710102038,-22.893429499625057,-43.15214650074103,264.0,8.7,0.211827785,0.0269777775,1.0
,710102038,-22.893429499625057,-43.15214650074103,264.0,8.7,0.211827785,0.0269777775,1.0
,710102038,-22.893429499625057,-43.15214650074103,264.0,8.7,0.211827785,0.0269777775,1.0
,710102038,-22.893429499625057,-43.15214650074103,264.0,8.7,0.211827785,0.0269777775,1.0
,710102038,-22.893429499625057,-43.15214650074103,264.0,8.7,0.211827785,0.0269777775,1.0
,710102038,-22.893429499625057,-43.15214650074103,264.0,8.7,0.211827785,0.0269777775,1.0
,710102038,-22.893429499625057,-43.15214650074103,264.0,8.7,0.211827785,0.0269777775,1.0
,710102038,-22.893429499625057,-43.15214650074103,264.0,8.7,0.211827785,0.0269777775,1.0
,710102038,-22.893429499625057,-43.15214650074103,264.0,8.7,0.211827785,0.0269777775,1.0
,710102038,-22.893429499625057,-43.15214650074103,264.0,8.7,0.211827785,0.0269777775,1.0
,710102038,-22.893429499625057,-43.15214650074103,264.0,8.7,0.211827785,0.0269777775,1.0
,710102038,-22.893429499625057,-43.15214650074103,264.0,8.7,0.211827785,0.0269777775,1.0
,710102038,-22.893429499625057,-43.15214650074103,264.0,8.7,0.211827785,0.0269777775,1.0
,710102038,-22.893429499625057,-43.15214650074103,264.0,8.7,0.211827785,0.0269777775,1.0
,710102038,-22.893429499625057,-43.15214650074103,264.0,8.7,0.211827785,0.0269777775,1.0
,710102038,-22.89343422764478,-43.152189817050534,264.0,8.7,0.211827785,0.0269777775,1.0
,710102038,-22.89343422764478,-43.152189817050534,264.0,8.7,0.211827785,0.0269777775,1.0
,710102038,-22.89343422764478,-43.152189817050534,264.0,8.7,0.211827785,0.0269777775,1.0
,710102038,-22.89343422764478,-43.152189817050534,264.0,8.7,0.211827785,0.0269777775,1.0
,710102038,-22.89343422764478,-43.152189817050534,264.0,8.7,0.211827785,0.0269777775,1.0
,710102038,-22.89343422764478,-43.152189817050534,264.0,8.7,0.211827785,0.0269777775,1.0
,710102038,-22.89343422764478,-43.152189817050534,264.0,8.7,0.211827785,0.0269777775,1.0
,710102038,-22.89343422764478,-43.152189817050534,264.0,8.7,0.211827785,0.0269777775,1.0
,710102038,-22.89343422764478,-43.152189817050534,264.0,8.7,0.211827785,0.0269777775,1.0
,710102038,-22.89343422764478,-43.152189817050534,264.0,8.7,0.211827785,0.0269777775,1.0
,710102038,-22.89343422764478,-43.152189817050534,264.0,8.7,0.211827785,0.0269777775,1.0
,710102038,-22.89343422764478,-43.152189817050534,264.0,8.7,0.211827785,0.0269777775,1.0
,710102038,-22.89343422764478,-43.152189817050534,264.0,8.7,0.211827785,0.0269777775,1.0
,710102038,-22.89343422764478,-43.152189817050534,264.0,8.7,0.211827785,0.0269777775,1.0
,710102038,-22.89343895565288,-43.15223313336393,264.0,8.7,0.211827785,0.0269777775,1.0
,710102038,-22.89343895565288,-43.15223313336393,264.0,8.7,0.211827785,0.0269777775,1.0
,710102038,-22.89343895565288,-43.15223313336393,264.0,8.7,0.211827785,0.0269777775,1.0
,710102038,-22.89343895565288,-43.15223313336393,264.0,8.7,0.211827785,0.0269777775,1.0
,710102038,-22.89343895565288,-43.15223313336393,264.0,8.7,0.211827785,0.0269777775,1.0
,710102038,-22.89343895565288,-43.15223313336393,264.0,8.7,0.211827785,0.0269777775,1.0
,710102038,-22.89343895565288,-43.15223313336393,264.0,8.7,0.211827785,0.0269777775,1.0
,710102038,-22.89343895565288,-43.15223313336393,264.0,8.7,0.210049987,0.0269556046,1.0
,710102038,-22.89343895565288,-43.15223313336393,264.0,8.7,0.210049987,0.0269556046,1.0
,710102038,-22.89343895565288,-43.15223313336393,264.0,8.7,0.210049987,0.0269556046,1.0
,710102038,-22.89343895565288,-43.15223313336393,264.0,8.7,0.210049987,0.0269556046,1.0
,710102038,-22.89343895565288,-43.15223313336393,264.0,8.7,0.210049987,0.0269556046,1.0
,710102038,-22.89343895565288,-43.15223313336393,264.0,8.7,0.210049987,0.0269556046,1.0
,710102038,-22.89344368364936,-43.152276449681224,264.0,8.7,0.210049987,0.0269556046,1.0
,710102038,-22.89344368364936,-43.152276449681224,264.0,8.7,0.210049987,0.0269556046,1.0
,710102038,-22.89344368364936,-43.152276449681224,264.0,8.7,0.210049987,0.0269556046,1.0
,710102038,-22.893453139607466,-43.15236308232748,264.0,8.7,0.210049987,0.0269556046,1.0
,710102038,-22.893453139607466,-43.15236308232748,264.0,8.7,0.210049987,0.0269556046,1.0
,710102038,-22.893457867569087,-43.152406398656446,264.0,8.7,0.210049987,0.0269556046,1.0
,710102038,-22.893457867569087,-43.152406398656446,264.0,8.7,0.210049987,0.0269556046,1.0
,710102038,-22.893457867569087,-43.152406398656446,264.0,8.7,0.207666665,0.0269334316,1.0
,710102038,-22.893457867569087,-43.152406398656446,264.0,8.7,0.207666665,0.0269334316,1.0
,710102038,-22.893457867569087,-43.152406398656446,264.0,8.7,0.207666665,0.0269334316,1.0
,710102038,-22.893462595519093,-43.1524497149893,264.0,8.7,0.207666665,0.0269334316,1.0
,710102038,-22.893462595519093,-43.1524497149893,264.0,8.7,0.207666665,0.0269334316,1.0
,710102038,-22.893462595519093,-43.1524497149893,264.0,8.7,0.207666665,0.0269334316,1.0
,710102038,-22.893462595519093,-43.1524497149893,264.0,8.7,0.207666665,0.0269334316,1.0
,710102038,-22.893462595519093,-43.1524497149893,264.0,8.7,0.207666665,0.0269334316,1.0
,710102038,-22.893462595519093,-43.1524497149893,264.0,8.7,0.207666665,0.0269334316,1.0
,710102038,-22.893462595519093,-43.1524497149893,264.0,8.7,0.207666665,0.0269334316,1.0
,710102038,-22.893462595519093,-43.1524497149893,264.0,8.7,0.207666665,0.0269334316,1.0
,710102038,-22.893462595519093,-43.1524497149893,264.0,8.7,0.207666665,0.0269334316,1.0
,710102038,-22.893462595519093,-43.1524497149893,264.0,8.7,0.207666665,0.0269334316,1.0
,710102038,-22.893462595519093,-43.1524497149893,264.0,8.7,0.207666665,0.0269334316,1.0
,710102038,-22.893458980821325,-43.1524597216156,264.0,8.7,0.207666665,0.0269334316,1.0
,710102038,-22.893458980821325,-43.1524597216156,264.0,8.7,0.207666665,0.0269334316,1.0
,710102038,-22.893458980821325,-43.1524597216156,264.0,8.7,0.207666665,0.0269334316,1.0
,710102038,-22.893458980821325,-43.1524597216156,264.0,8.7,0.207666665,0.0269334316,1.0
,710102038,-22.893458980821325,-43.1524597216156,264.0,8.7,0.207666665,0.0269334316,1.0
,710102038,-22.893458980821325,-43.1524597216156,264.0,8.7,0.207666665,0.0269334316,1.0
,710102038,-22.893458980821325,-43.1524597216156,264.0,8.7,0.207666665,0.0269334316,1.0
,710102038,-22.893458980821325,-43.1524597216156,264.0,8.7,0.207666665,0.0269334316,1.0
,710102038,-22.893458980821325,-43.1524597216156,264.0,8.7,0.207666665,0.0269334316,1.0
,710102038,-22.893458980821325,-43.1524597216156,264.0,8.7,0.207666665,0.0269334316,1.0
,710102038,-22.893458980821325,-43.1524597216156,264.0,8.7,0.207666665,0.0269334316,1.0
,710102038,-22.893458980821325,-43.1524597216156,264.0,8.7,0.207666665,0.0269334316,1.0
,710102038,-22.893458980821325,-43.1524597216156,264.0,8.7,0.207666665,0.0269334316,1.0
,710102038,-22.893458980821325,-43.1524597216156,264.0,8.7,0.206911102,0.026922226,1.0
,710102038,-22.893458980821325,-43.1524597216156,264.0,8.7,0.206911102,0.026922226,1.0
,710102038,-22.893463708756926,-43.152503037951774,264.0,8.7,0.206911102,0.026922226,1.0
,710102038,-22.893463708756926,-43.152503037951774,264.0,8.7,0.206911102,0.026922226,1.0
,710102038,-22.893463708756926,-43.152503037951774,264.0,8.7,0.206911102,0.026922226,1.0
,710102038,-22.893463708756926,-43.152503037951774,264.0,8.7,0.206911102,0.026922226,1.0
,710102038,-22.893463708756926,-43.152503037951774,264.0,8.7,0.206911102,0.026922226,1.0
,710102038,-22.893463708756926,-43.152503037951774,264.0,8.7,0.206911102,0.026922226,1.0
,710102038,-22.893463708756926,-43.152503037951774,264.0,8.7,0.206911102,0.026922226,1.0
,710102038,-22.893463708756926,-43.152503037951774,264.0,8.7,0.206911102,0.026922226,1.0
,710102038,-22.893463708756926,-43.152503037951774,264.0,8.7,0.206911102,0.026922226,1.0
,710102038,-22.893463708756926,-43.152503037951774,264.0,8.7,0.206911102,0.026922226,1.0
,710102038,-22.893463708756926,-43.152503037951774,264.0,8.7,0.206911102,0.026922226,1.0
,710102038,-22.893463708756926,-43.152503037951774,264.0,8.7,0.206911102,0.026922226,1.0
,710102038,-22.893463708756926,-43.152503037951774,264.0,8.7,0.206911102,0.026922226,1.0
,710102038,-22.893463708756926,-43.152503037951774,264.0,8.7,0.206911102,0.026922226,1.0
,710102038,-22.893463708756926,-43.152503037951774,264.0,8.7,0.206911102,0.026922226,1.0
,710102038,-22.89346843668091,-43.152546354291836,264.0,8.7,0.206911102,0.026922226,1.0
,710102038,-22.89346843668091,-43.152546354291836,264.0,8.7,0.206911102,0.026922226,1.0
,710102038,-22.89346843668091,-43.152546354291836,264.0,8.7,0.206911102,0.026922226,1.0
,710102038,-22.89346843668091,-43.152546354291836,264.0,8.7,0.206911102,0.026922226,1.0
,710102038,-22.89346843668091,-43.152546354291836,264.0,8.7,0.206911102,0.026922226,1.0
,710102038,-22.89346843668091,-43.152546354291836,264.0,8.7,0.206911102,0.026922226,1.0
,710102038,-22.89346843668091,-43.152546354291836,264.0,8.7,0.206911102,0.026922226,1.0
,710102038,-22.89346843668091,-43.152546354291836,264.0,8.7,0.206911102,0.026922226,1.0
,710102038,-22.89346843668091,-43.152546354291836,264.0,8.7,0.206911102,0.026922226,1.0
,710102038,-22.89346843668091,-43.152546354291836,264.0,8.7,0.206911102,0.026922226,1.0
,710102038,-22.89346843668091,-43.152546354291836,264.0,8.7,0.206911102,0.026922226,1.0
,710102038,-22.89346843668091,-43.152546354291836,264.0,8.7,0.206911102,0.026922226,1.0
,710102038,-22.89346843668091,-43.152546354291836,264.0,8.7,0.206911102,0.026922226,1.0
,710102038,-22.89346843668091,-43.152546354291836,264.0,8.7,0.206911102,0.026922226,1.0
,710102038,-22.89346843668091,-43.152546354291836,264.0,8.7,0.206911102,0.026922226,1.0
,710102038,-22.893473164593267,-43.15258967063579,264.0,8.7,0.206911102,0.026922226,1.0
,710102038,-22.893473164593267,-43.15258967063579,264.0,8.7,0.206911102,0.026922226,1.0
,710102038,-22.893473164593267,-43.15258967063579,264.0,8.7,0.206911102,0.026922226,1.0
,710102038,-22.893473164593267,-43.15258967063579,264.0,8.7,0.206911102,0.026922226,1.0
,710102038,-22.893473164593267,-43.15258967063579,264.0,8.7,0.206911102,0.026922226,1.0
,710102038,-22.893473164593267,-43.15258967063579,264.0,8.7,0.206911102,0.026922226,1.0
,710102038,-22.893473164593267,-43.15258967063579,264.0,8.7,0.206911102,0.026922226,1.0
,710102038,-22.893473164593267,-43.15258967063579,264.0,8.7,0.206911102,0.026922226,1.0
,710102038,-22.893473164593267,-43.15258967063579,264.0,8.7,0.205127776,0.026922226,1.0
,710102038,-22.893473164593267,-43.15258967063579,264.0,8.7,0.205111101,0.0268999338,1.0
,710102038,-22.893473164593267,-43.15258967063579,264.0,8.7,0.205111101,0.0268999338,1.0
,710102038,-22.89347789249402,-43.15263298698364,264.0,8.7,0.205111101,0.0268999338,1.0
,710102038,-22.89347789249402,-43.15263298698364,264.0,8.7,0.205111101,0.0268999338,1.0
,710102038,-22.89347789249402,-43.15263298698364,264.0,8.7,0.205111101,0.0268999338,1.0
,710102038,-22.89347789249402,-43.15263298698364,264.0,8.7,0.205111101,0.0268999338,1.0
,710102038,-22.89347789249402,-43.15263298698364,264.0,8.7,0.205111101,0.0268999338,1.0
,710102038,-22.89347789249402,-43.15263298698364,264.0,8.7,0.205111101,0.0268999338,1.0
,710102038,-22.89347789249402,-43.15263298698364,264.0,8.7,0.205111101,0.0268999338,1.0
,710102038,-22.89347789249402,-43.15263298698364,264.0,8.7,0.205111101,0.0268999338,1.0
,710102038,-22.89347789249402,-43.15263298698364,264.0,8.7,0.205111101,0.0268999338,1.0
,710102038,-22.89347789249402,-43.15263298698364,264.0,8.7,0.205111101,0.0268999338,1.0
,710102038,-22.89347789249402,-43.15263298698364,264.0,8.7,0.205111101,0.0268999338,1.0
,710102038,-22.89347789249402,-43.15263298698364,264.0,8.7,0.205111101,0.0268999338,1.0
,710102038,-22.89347789249402,-43.15263298698364,264.0,8.7,0.205111101,0.0268999338,1.0
,710102038,-22.89347789249402,-43.15263298698364,264.0,8.7,0.205111101,0.0268999338,1.0
,710102038,-22.89347789249402,-43.15263298698364,264.0,8.7,0.205111101,0.0268999338,1.0
,710102038,-22.893482620383146,-43.15267630333539,264.0,8.7,0.205111101,0.0268999338,1.0
,710102038,-22.893482620383146,-43.15267630333539,264.0,8.7,0.205111101,0.0268999338,1.0
,710102038,-22.893482620383146,-43.15267630333539,264.0,8.7,0.205111101,0.0268999338,1.0
,710102038,-22.893482620383146,-43.15267630333539,264.0,8.7,0.205111101,0.0268999338,1.0
,710102038,-22.893482620383146,-43.15267630333539,264.0,8.7,0.205111101,0.0268999338,1.0
,710102038,-22.893482620383146,-43.15267630333539,264.0,8.7,0.205111101,0.0268999338,1.0
,710102038,-22.893482620383146,-43.15267630333539,264.0,8.7,0.205111101,0.0268999338,1.0
,710102038,-22.893482620383146,-43.15267630333539,264.0,8.7,0.205111101,0.0268999338,1.0
,710102038,-22.893482620383146,-43.15267630333539,264.0,8.7,0.205111101,0.0268999338,1.0
,710102038,-22.893482620383146,-43.15267630333539,264.0,8.7,0.205111101,0.0268999338,1.0
,710102038,-22.893482620383146,-43.15267630333539,264.0,8.7,0.205111101,0.0268999338,1.0
,710102038,-22.893482620383146,-43.15267630333539,264.0,8.7,0.205111101,0.0268999338,1.0
,710102038,-22.893482620383146,-43.15267630333539,264.0,8.7,0.205111101,0.0268999338,1.0
,710102038,-22.893482620383146,-43.15267630333539,264.0,8.7,0.205111101,0.0268999338,1.0
,710102038,-22.893482620383146,-43.15267630333539,264.0,8.7,0.205111101,0.0268999338,1.0
,710102038,-22.89348734826065,-43.15271961969103,264.0,8.7,0.205111101,0.0268999338,1.0
,710102038,-22.89348734826065,-43.15271961969103,264.0,8.7,0.205111101,0.0268999338,1.0
,710102038,-22.89348734826065,-43.15271961969103,264.0,8.7,0.205111101,0.0268999338,1.0
,710102038,-22.89348734826065,-43.15271961969103,264.0,8.7,0.205111101,0.0268999338,1.0
,710102038,-22.89348734826065,-43.15271961969103,264.0,8.7,0.205111101,0.0268999338,1.0
,710102038,-22.89348734826065,-43.15271961969103,264.0,8.7,0.205111101,0.0268999338,1.0
,710102038,-22.89348734826065,-43.15271961969103,264.0,8.7,0.205111101,0.0268999338,1.0
,710102038,-22.89348734826065,-43.15271961969103,264.0,8.7,0.205111101,0.0268999338,1.0
,710102038,-22.89348734826065,-43.15271961969103,264.0,8.7,0.205111101,0.0268999338,1.0
,710102038,-22.89348734826065,-43.15271961969103,264.0,8.7,0.203683317,0.0268999338,1.0
,710102038,-22.89348734826065,-43.15271961969103,264.0,8.7,0.203683317,0.0268999338,1.0
,710102038,-22.89348734826065,-43.15271961969103,264.0,8.7,0.203300014,0.0268888474,1.0
,710102038,-22.893492076126538,-43.15276293605056,264.0,8.7,0.203300014,0.0268888474,1.0
,710102038,-22.893513215091865,-43.152921117596094,263.3,8.5,0.203300014,0.0268888474,1.0
,710102038,-22.893513215091865,-43.152921117596094,263.3,8.5,0.201483324,0.0268666744,1.0
,710102038,-22.893513215091865,-43.152921117596094,263.3,8.5,0.201483324,0.0268666744,1.0
,710102038,-22.893513215091865,-43.152921117596094,263.3,8.5,0.201483324,0.0268666744,1.0
,710102038,-22.893513215091865,-43.152921117596094,263.3,8.5,0.201483324,0.0268666744,1.0
,710102038,-22.893513215091865,-43.152921117596094,263.3,8.5,0.201483324,0.0268666744,1.0
,710102038,-22.893513215091865,-43.152921117596094,263.3,8.5,0.201483324,0.0268666744,1.0
,710102038,-22.893513215091865,-43.152921117596094,263.3,8.5,0.201483324,0.0268666744,1.0
,710102038,-22.893523410701324,-43.153005630665895,263.3,8.5,0.201483324,0.0268666744,1.0
,710102038,-22.893523410701324,-43.153005630665895,263.3,8.5,0.201483324,0.0268666744,1.0
,710102038,-22.893523410701324,-43.153005630665895,263.3,8.5,0.201483324,0.0268666744,1.0
,710102038,-22.893523410701324,-43.153005630665895,263.3,8.5,0.201483324,0.0268666744,1.0
,710102038,-22.893523410701324,-43.153005630665895,263.3,8.5,0.201483324,0.0268666744,1.0
,710102038,-22.893523410701324,-43.153005630665895,263.3,8.5,0.199394435,0.0268332958,1.0
,710102038,-22.893523410701324,-43.153005630665895,263.3,8.5,0.199394435,0.0268332958,1.0
,710102038,-22.893523410701324,-43.153005630665895,263.3,8.5,0.199394435,0.0268332958,1.0
,710102038,-22.893523410701324,-43.153005630665895,263.3,8.5,0.199394435,0.0268332958,1.0
,710102038,-22.893528508489496,-43.1530478872068,263.3,8.5,0.199394435,0.0268332958,1.0
,710102038,-22.893528508489496,-43.1530478872068,263.3,8.5,0.199394435,0.0268332958,1.0
,710102038,-22.893528508489496,-43.1530478872068,263.3,8.5,0.199394435,0.0268332958,1.0
,710102038,-22.893528508489496,-43.1530478872068,263.3,8.5,0.199394435,0.0268332958,1.0
,710102038,-22.893528508489496,-43.1530478872068,263.3,8.5,0.199394435,0.0268332958,1.0
,710102038,-22.893528508489496,-43.1530478872068,263.3,8.5,0.199394435,0.0268332958,1.0
,710102038,-22.893528508489496,-43.1530478872068,263.3,8.5,0.199394435,0.0268332958,1.0
,710102038,-22.893528508489496,-43.1530478872068,263.3,8.5,0.199394435,0.0268332958,1.0
,710102038,-22.893528508489496,-43.1530478872068,263.3,8.5,0.199394435,0.0268332958,1.0
,710102038,-22.893528508489496,-43.1530478872068,263.3,8.5,0.199394435,0.0268332958,1.0
,710102038,-22.893528508489496,-43.1530478872068,263.3,8.5,0.199394435,0.0268332958,1.0
,710102038,-22.893528508489496,-43.1530478872068,263.3,8.5,0.199394435,0.0268332958,1.0
,710102038,-22.893528508489496,-43.1530478872068,263.3,8.5,0.199394435,0.0268332958,1.0
,710102038,-22.893528508489496,-43.1530478872068,263.3,8.5,0.199394435,0.0268332958,1.0
,710102038,-22.893528508489496,-43.1530478872068,263.3,8.5,0.199394435,0.0268332958,1.0
,710102038,-22.893533606266633,-43.15309014375171,263.3,8.5,0.199394435,0.0268332958,1.0
,710102038,-22.893533606266633,-43.15309014375171,263.3,8.5,0.199394435,0.0268332958,1.0
,710102038,-22.893533606266633,-43.15309014375171,263.3,8.5,0.199394435,0.0268332958,1.0
,710102038,-22.893533606266633,-43.15309014375171,263.3,8.5,0.199394435,0.0268332958,1.0
,710102038,-22.893533606266633,-43.15309014375171,263.3,8.5,0.199394435,0.0268332958,1.0
,710102038,-22.893533606266633,-43.15309014375171,263.3,8.5,0.199394435,0.0268332958,1.0
,710102038,-22.893533606266633,-43.15309014375171,263.3,8.5,0.199394435,0.0268332958,1.0
,710102038,-22.893533606266633,-43.15309014375171,263.3,8.5,0.199394435,0.0268332958,1.0
,710102038,-22.893533606266633,-43.15309014375171,263.3,8.5,0.199394435,0.0268332958,1.0
,710102038,-22.893533606266633,-43.15309014375171,263.3,8.5,0.199394435,0.0268332958,1.0
,710102038,-22.893533606266633,-43.15309014375171,263.3,8.5,0.199394435,0.0268332958,1.0
,710102038,-22.893533606266633,-43.15309014375171,263.3,8.5,0.199394435,0.0268332958,1.0
,710102038,-22.893533606266633,-43.15309014375171,263.3,8.5,0.199394435,0.0268332958,1.0
,710102038,-22.893533606266633,-43.15309014375171,263.3,8.5,0.199394435,0.0268332958,1.0
,710102038,-22.893533606266633,-43.15309014375171,263.3,8.5,0.199394435,0.0268332958,1.0
,710102038,-22.89353870403273,-43.15313240030063,263.3,8.5,0.199394435,0.0268332958,1.0
,710102038,-22.89353870403273,-43.15313240030063,263.3,8.5,0.199394435,0.0268332958,1.0
,710102038,-22.89353870403273,-43.15313240030063,263.3,8.5,0.199394435,0.0268332958,1.0
,710102038,-22.89353870403273,-43.15313240030063,263.3,8.5,0.199394435,0.0268332958,1.0
,710102038,-22.89353870403273,-43.15313240030063,263.3,8.5,0.199394435,0.0268332958,1.0
,710102038,-22.89353870403273,-43.15313240030063,263.3,8.5,0.199394435,0.0268332958,1.0
,710102038,-22.89353870403273,-43.15313240030063,263.3,8.5,0.199394435,0.0268332958,1.0
,710102038,-22.89353870403273,-43.15313240030063,263.3,8.5,0.199394435,0.0268332958,1.0
,710102038,-22.89353870403273,-43.15313240030063,263.3,8.5,0.199394435,0.0268332958,1.0
,710102038,-22.89353870403273,-43.15313240030063,263.3,8.5,0.199394435,0.0268332958,1.0
,710102038,-22.89353870403273,-43.15313240030063,263.3,8.5,0.198400006,0.0268332958,1.0
,710102038,-22.89353870403273,-43.15313240030063,263.3,8.5,0.197616667,0.0268222094,1.0
,710102038,-22.89353870403273,-43.15313240030063,263.3,8.5,0.197616667,0.0268222094,1.0
,710102038,-22.89353870403273,-43.15313240030063,263.3,8.5,0.197616667,0.0268222094,1.0
,710102038,-22.89353870403273,-43.15313240030063,263.3,8.5,0.197616667,0.0268222094,1.0
,710102038,-22.89354380178777,-43.153174656853544,263.3,8.5,0.197616667,0.0268222094,1.0
,710102038,-22.89354380178777,-43.153174656853544,263.3,8.5,0.197616667,0.0268222094,1.0
,710102038,-22.89354380178777,-43.153174656853544,263.3,8.5,0.197616667,0.0268222094,1.0
,710102038,-22.89354380178777,-43.153174656853544,263.3,8.5,0.197616667,0.0268222094,1.0
,710102038,-22.89354380178777,-43.153174656853544,263.3,8.5,0.197616667,0.0268222094,1.0
,710102038,-22.89354380178777,-43.153174656853544,263.3,8.5,0.197616667,0.0268222094,1.0
,710102038,-22.89354380178777,-43.153174656853544,263.3,8.5,0.197616667,0.0268222094,1.0
,710102038,-22.89354380178777,-43.153174656853544,263.3,8.5,0.197616667,0.0268222094,1.0
,710102038,-22.89354380178777,-43.153174656853544,263.3,8.5,0.197616667,0.0268222094,1.0
,710102038,-22.89354380178777,-43.153174656853544,263.3,8.5,0.197616667,0.0268222094,1.0
,710102038,-22.89354380178777,-43.153174656853544,263.3,8.5,0.197616667,0.0268222094,1.0
,710102038,-22.89354380178777,-43.153174656853544,263.3,8.5,0.197616667,0.0268222094,1.0
,710102038,-22.89354380178777,-43.153174656853544,263.3,8.5,0.197616667,0.0268222094,1.0
,710102038,-22.89354380178777,-43.153174656853544,263.3,8.5,0.197616667,0.0268222094,1.0
,710102038,-22.89354380178777,-43.153174656853544,263.3,8.5,0.197616667,0.0268222094,1.0
,710102038,-22.89354889953179,-43.15321691341047,263.3,8.5,0.197616667,0.0268222094,1.0
,710102038,-22.89354889953179,-43.15321691341047,263.3,8.5,0.197616667,0.0268222094,1.0
,710102038,-22.89354889953179,-43.15321691341047,263.3,8.5,0.197616667,0.0268222094,1.0
,710102038,-22.89354889953179,-43.15321691341047,263.3,8.5,0.197616667,0.0268222094,1.0
,710102038,-22.89354889953179,-43.15321691341047,263.3,8.5,0.197616667,0.0268222094,1.0
,710102038,-22.89354889953179,-43.15321691341047,263.3,8.5,0.197616667,0.0268222094,1.0
,710102038,-22.89354889953179,-43.15321691341047,263.3,8.5,0.197616667,0.0268222094,1.0
,710102038,-22.89354889953179,-43.15321691341047,263.3,8.5,0.197616667,0.0268222094,1.0
,710102038,-22.89354889953179,-43.15321691341047,263.3,8.5,0.197616667,0.0268222094,1.0
,710102038,-22.89354889953179,-43.15321691341047,263.3,8.5,0.197616667,0.0268222094,1.0
,710102038,-22.89354889953179,-43.15321691341047,263.3,8.5,0.197616667,0.0268222094,1.0
,710102038,-22.89354889953179,-43.15321691341047,263.3,8.5,0.197616667,0.0268222094,1.0
,710102038,-22.89354889953179,-43.15321691341047,263.3,8.5,0.197616667,0.0268222094,1.0
,710102038,-22.89354889953179,-43.15321691341047,263.3,8.5,0.197616667,0.0268222094,1.0
,710102038,-22.89354889953179,-43.15321691341047,263.3,8.5,0.197616667,0.0268222094,1.0
,710102038,-22.893553997264767,-43.15325916997139,263.3,8.5,0.197616667,0.0268222094,1.0
,710102038,-22.893553997264767,-43.15325916997139,263.3,8.5,0.197616667,0.0268222094,1.0
,710102038,-22.893553997264767,-43.15325916997139,263.3,8.5,0.197616667,0.0268222094,1.0
,710102038,-22.893553997264767,-43.15325916997139,263.3,8.5,0.197616667,0.0268222094,1.0
,710102038,-22.893553997264767,-43.15325916997139,263.3,8.5,0.197616667,0.0268222094,1.0
,710102038,-22.893553997264767,-43.15325916997139,263.3,8.5,0.197616667,0.0268222094,1.0
,710102038,-22.893553997264767,-43.15325916997139,263.3,8.5,0.197616667,0.0268222094,1.0
,710102038,-22.893553997264767,-43.15325916997139,263.3,8.5,0.197616667,0.0268222094,1.0
,710102038,-22.893553997264767,-43.15325916997139,263.3,8.5,0.197616667,0.0268222094,1.0
,710102038,-22.893553997264767,-43.15325916997139,263.3,8.5,0.197616667,0.0268222094,1.0
,710102038,-22.893553997264767,-43.15325916997139,263.3,8.5,0.195916668,0.0268222094,1.0
,710102038,-22.893553997264767,-43.15325916997139,263.3,8.5,0.195822224,0.0268000364,1.0
,710102038,-22.893553997264767,-43.15325916997139,263.3,8.5,0.195822224,0.0268000364,1.0
,710102038,-22.893553997264767,-43.15325916997139,263.3,8.5,0.195822224,0.0268000364,1.0
,710102038,-22.893559094986706,-43.153301426536316,263.3,8.5,0.195822224,0.0268000364,1.0
,710102038,-22.893559094986706,-43.153301426536316,263.3,8.5,0.195822224,0.0268000364,1.0
,710102038,-22.893559094986706,-43.153301426536316,263.3,8.5,0.195822224,0.0268000364,1.0
,710102038,-22.893559094986706,-43.153301426536316,263.3,8.5,0.195822224,0.0268000364,1.0
,710102038,-22.893559094986706,-43.153301426536316,263.3,8.5,0.195822224,0.0268000364,1.0
,710102038,-22.893559094986706,-43.153301426536316,263.3,8.5,0.195822224,0.0268000364,1.0
,710102038,-22.893559094986706,-43.153301426536316,263.3,8.5,0.195822224,0.0268000364,1.0
,710102038,-22.893559094986706,-43.153301426536316,263.3,8.5,0.195822224,0.0268000364,1.0
,710102038,-22.893559094986706,-43.153301426536316,263.3,8.5,0.195822224,0.0268000364,1.0
,710102038,-22.893559094986706,-43.153301426536316,263.3,8.5,0.195822224,0.0268000364,1.0
,710102038,-22.893564192697607,-43.15334368310525,263.3,8.5,0.195822224,0.0268000364,1.0
,710102038,-22.893564192697607,-43.15334368310525,263.3,8.5,0.195822224,0.0268000364,1.0
,710102038,-22.893564192697607,-43.15334368310525,263.3,8.5,0.195822224,0.0268000364,1.0
,710102038,-22.893564192697607,-43.15334368310525,263.3,8.5,0.195822224,0.0268000364,1.0
,710102038,-22.893564192697607,-43.15334368310525,263.3,8.5,0.195822224,0.0268000364,1.0
,710102038,-22.893564192697607,-43.15334368310525,263.3,8.5,0.195822224,0.0268000364,1.0
,710102038,-22.893564192697607,-43.15334368310525,263.3,8.5,0.195822224,0.0268000364,1.0
,710102038,-22.893564192697607,-43.15334368310525,263.3,8.5,0.195822224,0.0268000364,1.0
,710102038,-22.893564192697607,-43.15334368310525,263.3,8.5,0.195822224,0.0268000364,1.0
,710102038,-22.893564192697607,-43.15334368310525,263.3,8.5,0.195822224,0.0268000364,1.0
,710102038,-22.893564192697607,-43.15334368310525,263.3,8.5,0.195822224,0.0268000364,1.0
,710102038,-22.893564192697607,-43.15334368310525,263.3,8.5,0.195822224,0.0268000364,1.0
,710102038,-22.893564192697607,-43.15334368310525,263.3,8.5,0.195822224,0.0268000364,1.0
,710102038,-22.893564192697607,-43.15334368310525,263.3,8.5,0.195822224,0.0268000364,1.0
,710102038,-22.893564192697607,-43.15334368310525,263.3,8.5,0.195822224,0.0268000364,1.0
,710102038,-22.893569290397465,-43.15338593967818,263.3,8.5,0.195822224,0.0268000364,1.0
,710102038,-22.893569290397465,-43.15338593967818,263.3,8.5,0.195822224,0.0268000364,1.0
,710102038,-22.893569290397465,-43.15338593967818,263.3,8.5,0.195822224,0.0268000364,1.0
,710102038,-22.893569290397465,-43.15338593967818,263.3,8.5,0.195822224,0.0268000364,1.0
,710102038,-22.893569290397465,-43.15338593967818,263.3,8.5,0.195822224,0.0268000364,1.0
,710102038,-22.893569290397465,-43.15338593967818,263.3,8.5,0.195822224,0.0268000364,1.0
,710102038,-22.893569290397465,-43.15338593967818,263.3,8.5,0.195822224,0.0268000364,1.0
,710102038,-22.893569290397465,-43.15338593967818,263.3,8.5,0.195822224,0.0268000364,1.0
,710102038,-22.893569290397465,-43.15338593967818,263.3,8.5,0.195822224,0.0268000364,1.0
,710102038,-22.893569290397465,-43.15338593967818,263.3,8.5,0.195822224,0.0268000364,1.0
,710102038,-22.893569290397465,-43.15338593967818,263.3,8.5,0.195422217,0.0268000364,1.0
,710102038,-22.893569290397465,-43.15338593967818,263.3,8.5,0.194022223,0.0268000364,1.0
,710102038,-22.893569290397465,-43.15338593967818,263.3,8.5,0.194022223,0.0267778635,1.0
,710102038,-22.893569290397465,-43.15338593967818,263.3,8.5,0.194022223,0.0267778635,1.0
,710102038,-22.893569290397465,-43.15338593967818,263.3,8.5,0.194022223,0.0267778635,1.0
,710102038,-22.893584999999185,-43.153435,259.2,8.6,0.194022223,0.0267778635,1.0
,710102038,-22.893584999999185,-43.153435,259.2,8.6,0.194022223,0.0267778635,1.0
,710102038,-22.893584999999185,-43.153435,259.2,8.6,0.194022223,0.0267778635,1.0
,710102038,-22.893584999999185,-43.153435,259.2,8.6,0.194022223,0.0267778635,1.0
,710102038,-22.893584999999185,-43.153435,259.2,8.6,0.194022223,0.0267778635,1.0
,710102038,-22.893584999999185,-43.153435,259.2,8.6,0.194022223,0.0267778635,1.0
,710102038,-22.893584999999185,-43.153435,259.2,8.6,0.194022223,0.0267778635,1.0
,710102038,-22.893584999999185,-43.153435,259.2,8.6,0.194022223,0.0267778635,1.0
,710102038,-22.893584999999185,-43.153435,259.2,8.6,0.194022223,0.0267778635,1.0
,710102038,-22.893584999999185,-43.153435,259.2,8.6,0.194022223,0.0267778635,1.0
,710102038,-22.893584999999185,-43.153435,259.2,8.6,0.194022223,0.0267778635,1.0
,710102038,-22.893584999999185,-43.153435,259.2,8.6,0.194022223,0.0267778635,1.0
,710102038,-22.893584999999185,-43.153435,259.2,8.6,0.194022223,0.0267778635,1.0
,710102038,-22.893592976550657,-43.15347724629176,259.2,8.6,0.194022223,0.0267778635,1.0
,710102038,-22.893592976550657,-43.15347724629176,259.2,8.6,0.194022223,0.0267778635,1.0
,710102038,-22.893592976550657,-43.15347724629176,259.2,8.6,0.194022223,0.0267778635,1.0
,710102038,-22.893592976550657,-43.15347724629176,259.2,8.6,0.194022223,0.0267778635,1.0
,710102038,-22.893592976550657,-43.15347724629176,259.2,8.6,0.194022223,0.0267778635,1.0
,710102038,-22.893592976550657,-43.15347724629176,259.2,8.6,0.194022223,0.0267778635,1.0
,710102038,-22.893592976550657,-43.15347724629176,259.2,8.6,0.194022223,0.0267778635,1.0
,710102038,-22.893592976550657,-43.15347724629176,259.2,8.6,0.194022223,0.0267778635,1.0
,710102038,-22.893592976550657,-43.15347724629176,259.2,8.6,0.194022223,0.0267778635,1.0
,710102038,-22.893592976550657,-43.15347724629176,259.2,8.6,0.194022223,0.0267778635,1.0
,710102038,-22.893592976550657,-43.15347724629176,259.2,8.6,0.194022223,0.0267778635,1.0
,710102038,-22.893592976550657,-43.15347724629176,259.2,8.6,0.194022223,0.0267778635,1.0
,710102038,-22.89360095309121,-43.153519492589275,259.2,8.6,0.194022223,0.0267778635,1.0
,710102038,-22.89360095309121,-43.153519492589275,259.2,8.6,0.194022223,0.0267778635,1.0
,710102038,-22.89360095309121,-43.153519492589275,259.2,8.6,0.194022223,0.0267778635,1.0
,710102038,-22.89360095309121,-43.153519492589275,259.2,8.6,0.194022223,0.0267778635,1.0
,710102038,-22.89360095309121,-43.153519492589275,259.2,8.6,0.194022223,0.0267778635,1.0
,710102038,-22.89360095309121,-43.153519492589275,259.2,8.6,0.194022223,0.0267778635,1.0
,710102038,-22.89360095309121,-43.153519492589275,259.2,8.6,0.194022223,0.0267778635,1.0
,710102038,-22.89360095309121,-43.153519492589275,259.2,8.6,0.194022223,0.0267778635,1.0
,710102038,-22.89360095309121,-43.153519492589275,259.2,8.6,0.194022223,0.0267778635,1.0
,710102038,-22.89360095309121,-43.153519492589275,259.2,8.6,0.194022223,0.0267778635,1.0
,710102038,-22.89360095309121,-43.153519492589275,259.2,8.6,0.194022223,0.0267778635,1.0
,710102038,-22.89360095309121,-43.153519492589275,259.2,8.6,0.194022223,0.0267778635,1.0
,710102038,-22.89360095309121,-43.153519492589275,259.2,8.6,0.194022223,0.0267778635,1.0
,710102038,-22.89360095309121,-43.153519492589275,259.2,8.6,0.194022223,0.0267778635,1.0
,710102038,-22.89360095309121,-43.153519492589275,259.2,8.6,0.194022223,0.0267778635,1.0
,710102038,-22.893608929620832,-43.15356173889256,259.2,8.6,0.194022223,0.0267778635,1.0
,710102038,-22.893608929620832,-43.15356173889256,259.2,8.6,0.192255557,0.0267778635,1.0
,710102038,-22.893608929620832,-43.15356173889256,259.2,8.6,0.192227781,0.0267555714,1.0
,710102038,-22.893608929620832,-43.15356173889256,259.2,8.6,0.192227781,0.0267555714,1.0
,710102038,-22.893608929620832,-43.15356173889256,259.2,8.6,0.192227781,0.0267555714,1.0
,710102038,-22.893608929620832,-43.15356173889256,259.2,8.6,0.192227781,0.0267555714,1.0
,710102038,-22.893608929620832,-43.15356173889256,259.2,8.6,0.192227781,0.0267555714,1.0
,710102038,-22.893608929620832,-43.15356173889256,259.2,8.6,0.192227781,0.0267555714,1.0
,710102038,-22.893608929620832,-43.15356173889256,259.2,8.6,0.192227781,0.0267555714,1.0
,710102038,-22.893608929620832,-43.15356173889256,259.2,8.6,0.192227781,0.0267555714,1.0
,710102038,-22.893608929620832,-43.15356173889256,259.2,8.6,0.192227781,0.0267555714,1.0
,710102038,-22.893608929620832,-43.15356173889256,259.2,8.6,0.192227781,0.0267555714,1.0
,710102038,-22.893608929620832,-43.15356173889256,259.2,8.6,0.192227781,0.0267555714,1.0
,710102038,-22.893608929620832,-43.15356173889256,259.2,8.6,0.192227781,0.0267555714,1.0
,710102038,-22.893608929620832,-43.15356173889256,259.2,8.6,0.192227781,0.0267555714,1.0
,710102038,-22.89361690613954,-43.153603985201606,259.2,8.6,0.192227781,0.0267555714,1.0
,710102038,-22.89361690613954,-43.153603985201606,259.2,8.6,0.192227781,0.0267555714,1.0
,710102038,-22.89361690613954,-43.153603985201606,259.2,8.6,0.192227781,0.0267555714,1.0
,710102038,-22.89361690613954,-43.153603985201606,259.2,8.6,0.192227781,0.0267555714,1.0
,710102038,-22.89361690613954,-43.153603985201606,259.2,8.6,0.192227781,0.0267555714,1.0
,710102038,-22.89361690613954,-43.153603985201606,259.2,8.6,0.192227781,0.0267555714,1.0
,710102038,-22.89361690613954,-43.153603985201606,259.2,8.6,0.192227781,0.0267555714,1.0
,710102038,-22.89361690613954,-43.153603985201606,259.2,8.6,0.192227781,0.0267555714,1.0
,710102038,-22.89361690613954,-43.153603985201606,259.2,8.6,0.192227781,0.0267555714,1.0
,710102038,-22.89361690613954,-43.153603985201606,259.2,8.6,0.192227781,0.0267555714,1.0
,710102038,-22.89361690613954,-43.153603985201606,259.2,8.6,0.192227781,0.0267555714,1.0
,710102038,-22.89361690613954,-43.153603985201606,259.2,8.6,0.192227781,0.0267555714,1.0
,710102038,-22.89361690613954,-43.153603985201606,259.2,8.6,0.192227781,0.0267555714,1.0
,710102038,-22.89361690613954,-43.153603985201606,259.2,8.6,0.192227781,0.0267555714,1.0
,710102038,-22.89361690613954,-43.153603985201606,259.2,8.6,0.192227781,0.0267555714,1.0
,710102038,-22.893624882647323,-43.15364623151642,259.2,8.6,0.192227781,0.0267555714,1.0
,710102038,-22.893624882647323,-43.15364623151642,259.2,8.6,0.192227781,0.0267555714,1.0
,710102038,-22.893624882647323,-43.15364623151642,259.2,8.6,0.192227781,0.0267555714,1.0
,710102038,-22.893624882647323,-43.15364623151642,259.2,8.6,0.192227781,0.0267555714,1.0
,710102038,-22.893624882647323,-43.15364623151642,259.2,8.6,0.192227781,0.0267555714,1.0
,710102038,-22.893624882647323,-43.15364623151642,259.2,8.6,0.192227781,0.0267555714,1.0
,710102038,-22.893624882647323,-43.15364623151642,259.2,8.6,0.192227781,0.0267555714,1.0
,710102038,-22.893624882647323,-43.15364623151642,259.2,8.6,0.192227781,0.0267555714,1.0
,710102038,-22.893624882647323,-43.15364623151642,259.2,8.6,0.192227781,0.0267555714,1.0
,710102038,-22.893624882647323,-43.15364623151642,259.2,8.6,0.192227781,0.0267555714,1.0
,710102038,-22.893624882647323,-43.15364623151642,259.2,8.6,0.190438882,0.0267332792,1.0
,710102038,-22.893624882647323,-43.15364623151642,259.2,8.6,0.190438882,0.0267332792,1.0
,710102038,-22.893624882647323,-43.15364623151642,259.2,8.6,0.190438882,0.0267332792,1.0
,710102038,-22.893624882647323,-43.15364623151642,259.2,8.6,0.190438882,0.0267332792,1.0
,710102038,-22.893632859144187,-43.153688477837,259.2,8.6,0.190438882,0.0267332792,1.0
,710102038,-22.893632859144187,-43.153688477837,259.2,8.6,0.190438882,0.0267332792,1.0
,710102038,-22.893632859144187,-43.153688477837,259.2,8.6,0.190438882,0.0267332792,1.0
,710102038,-22.893632859144187,-43.153688477837,259.2,8.6,0.190438882,0.0267332792,1.0
,710102038,-22.893632859144187,-43.153688477837,259.2,8.6,0.190438882,0.0267332792,1.0
,710102038,-22.893632859144187,-43.153688477837,259.2,8.6,0.190438882,0.0267332792,1.0
,710102038,-22.893632859144187,-43.153688477837,259.2,8.6,0.190438882,0.0267332792,1.0
,710102038,-22.893632859144187,-43.153688477837,259.2,8.6,0.190438882,0.0267332792,1.0
,710102038,-22.893632859144187,-43.153688477837,259.2,8.6,0.190438882,0.0267332792,1.0
,710102038,-22.893632859144187,-43.153688477837,259.2,8.6,0.190438882,0.0267332792,1.0
,710102038,-22.893632859144187,-43.153688477837,259.2,8.6,0.190438882,0.0267332792,1.0
,710102038,-22.893632859144187,-43.153688477837,259.2,8.6,0.190438882,0.0267332792,1.0
,710102038,-22.893632859144187,-43.153688477837,259.2,8.6,0.190438882,0.0267332792,1.0
,710102038,-22.893632859144187,-43.153688477837,259.2,8.6,0.190438882,0.0267332792,1.0
,710102038,-22.893632859144187,-43.153688477837,259.2,8.6,0.190438882,0.0267332792,1.0
,710102038,-22.893640835630126,-43.153730724163346,259.2,8.6,0.190438882,0.0267332792,1.0
,710102038,-22.893640835630126,-43.153730724163346,259.2,8.6,0.190438882,0.0267332792,1.0
,710102038,-22.893640835630126,-43.153730724163346,259.2,8.6,0.190438882,0.0267332792,1.0
,710102038,-22.893640835630126,-43.153730724163346,259.2,8.6,0.190438882,0.0267332792,1.0
,710102038,-22.893640835630126,-43.153730724163346,259.2,8.6,0.190438882,0.0267332792,1.0
,710102038,-22.893640835630126,-43.153730724163346,259.2,8.6,0.190438882,0.0267332792,1.0
,710102038,-22.893640835630126,-43.153730724163346,259.2,8.6,0.190438882,0.0267332792,1.0
,710102038,-22.893640835630126,-43.153730724163346,259.2,8.6,0.190438882,0.0267332792,1.0
,710102038,-22.893640835630126,-43.153730724163346,259.2,8.6,0.190438882,0.0267332792,1.0
,710102038,-22.893640835630126,-43.153730724163346,259.2,8.6,0.190438882,0.0267332792,1.0
,710102038,-22.893640835630126,-43.153730724163346,259.2,8.6,0.190438882,0.0267332792,1.0
,710102038,-22.893640835630126,-43.153730724163346,259.2,8.6,0.190438882,0.0267332792,1.0
,710102038,-22.893640835630126,-43.153730724163346,259.2,8.6,0.190438882,0.0267332792,1.0
,710102038,-22.893640835630126,-43.153730724163346,259.2,8.6,0.190438882,0.0267332792,1.0
,710102038,-22.893640835630126,-43.153730724163346,259.2,8.6,0.190438882,0.0267332792,1.0
,710102038,-22.893648812105152,-43.15377297049545,259.2,8.6,0.190438882,0.0267332792,1.0
,710102038,-22.893679636065546,-43.15392695804583,258.4,8.5,0.190438882,0.0267332792,1.0
,710102038,-22.893679636065546,-43.15392695804583,258.4,8.5,0.190438882,0.0267332792,1.0
,710102038,-22.893679636065546,-43.15392695804583,258.4,8.5,0.190438882,0.0267332792,1.0
,710102038,-22.893679636065546,-43.15392695804583,258.4,8.5,0.190438882,0.0267332792,1.0
,710102038,-22.893679636065546,-43.15392695804583,258.4,8.5,0.190438882,0.0267332792,1.0
,710102038,-22.893679636065546,-43.15392695804583,258.4,8.5,0.190438882,0.0267332792,1.0
,710102038,-22.893679636065546,-43.15392695804583,258.4,8.5,0.190438882,0.0267332792,1.0
,710102038,-22.893679636065546,-43.15392695804583,258.4,8.5,0.190438882,0.0267332792,1.0
,710102038,-22.893679636065546,-43.15392695804583,258.4,8.5,0.190438882,0.0267332792,1.0
,710102038,-22.893679636065546,-43.15392695804583,258.4,8.5,0.190011114,0.0267332792,1.0
,710102038,-22.893679636065546,-43.15392695804583,258.4,8.5,0.186511099,0.0266778469,1.0
,710102038,-22.893679636065546,-43.15392695804583,258.4,8.5,0.186511099,0.0266778469,1.0
,710102038,-22.893679636065546,-43.15392695804583,258.4,8.5,0.186511099,0.0266778469,1.0
,710102038,-22.893679636065546,-43.15392695804583,258.4,8.5,0.186511099,0.0266778469,1.0
,710102038,-22.893679636065546,-43.15392695804583,258.4,8.5,0.186511099,0.0266778469,1.0
,710102038,-22.893688059113398,-43.153968590292585,258.4,8.5,0.186511099,0.0266778469,1.0
,710102038,-22.893688059113398,-43.153968590292585,258.4,8.5,0.186511099,0.0266778469,1.0
,710102038,-22.893688059113398,-43.153968590292585,258.4,8.5,0.186511099,0.0266778469,1.0
,710102038,-22.893688059113398,-43.153968590292585,258.4,8.5,0.186511099,0.0266778469,1.0
,710102038,-22.893688059113398,-43.153968590292585,258.4,8.5,0.186511099,0.0266778469,1.0
,710102038,-22.893688059113398,-43.153968590292585,258.4,8.5,0.186511099,0.0266778469,1.0
,710102038,-22.893688059113398,-43.153968590292585,258.4,8.5,0.186511099,0.0266778469,1.0
,710102038,-22.893688059113398,-43.153968590292585,258.4,8.5,0.186511099,0.0266778469,1.0
,710102038,-22.893688059113398,-43.153968590292585,258.4,8.5,0.186511099,0.0266778469,1.0
,710102038,-22.893688059113398,-43.153968590292585,258.4,8.5,0.186511099,0.0266778469,1.0
,710102038,-22.893688059113398,-43.153968590292585,258.4,8.5,0.186511099,0.0266778469,1.0
,710102038,-22.893688059113398,-43.153968590292585,258.4,8.5,0.186511099,0.0266778469,1.0
,710102038,-22.893688059113398,-43.153968590292585,258.4,8.5,0.186511099,0.0266778469,1.0
,710102038,-22.893688059113398,-43.153968590292585,258.4,8.5,0.186511099,0.0266778469,1.0
,710102038,-22.893688059113398,-43.153968590292585,258.4,8.5,0.186511099,0.0266778469,1.0
,710102038,-22.893696482150673,-43.15401022254529,258.4,8.5,0.186511099,0.0266778469,1.0
,710102038,-22.893696482150673,-43.15401022254529,258.4,8.5,0.186511099,0.0266778469,1.0
,710102038,-22.893696482150673,-43.15401022254529,258.4,8.5,0.186511099,0.0266778469,1.0
,710102038,-22.893696482150673,-43.15401022254529,258.4,8.5,0.186511099,0.0266778469,1.0
,710102038,-22.893696482150673,-43.15401022254529,258.4,8.5,0.186511099,0.0266778469,1.0
,710102038,-22.893696482150673,-43.15401022254529,258.4,8.5,0.186511099,0.0266778469,1.0
,710102038,-22.89370490517735,-43.15405185480392,258.4,8.5,0.186511099,0.0266778469,1.0
,710102038,-22.89371332819345,-43.15409348706849,258.4,8.5,0.186511099,0.0266778469,1.0
,710102038,-22.89371332819345,-43.15409348706849,258.4,8.5,0.186511099,0.0266778469,1.0
,710102038,-22.89371332819345,-43.15409348706849,258.4,8.5,0.186511099,0.0266778469,1.0
,710102038,-22.89371332819345,-43.15409348706849,258.4,8.5,0.186511099,0.0266778469,1.0
,710102038,-22.89371332819345,-43.15409348706849,258.4,8.5,0.184733331,0.0266555548,1.0
,710102038,-22.89371332819345,-43.15409348706849,258.4,8.5,0.184733331,0.0266555548,1.0
,710102038,-22.89371332819345,-43.15409348706849,258.4,8.5,0.184733331,0.0266555548,1.0
,710102038,-22.89371332819345,-43.15409348706849,258.4,8.5,0.184733331,0.0266555548,1.0
,710102038,-22.89371332819345,-43.15409348706849,258.4,8.5,0.184733331,0.0266555548,1.0
,710102038,-22.89371332819345,-43.15409348706849,258.4,8.5,0.184733331,0.0266555548,1.0
,710102038,-22.89371332819345,-43.15409348706849,258.4,8.5,0.184733331,0.0266555548,1.0
,710102038,-22.89371332819345,-43.15409348706849,258.4,8.5,0.184733331,0.0266555548,1.0
,710102038,-22.89371332819345,-43.15409348706849,258.4,8.5,0.184733331,0.0266555548,1.0
,710102038,-22.89371332819345,-43.15409348706849,258.4,8.5,0.184733331,0.0266555548,1.0
,710102038,-22.89371332819345,-43.15409348706849,258.4,8.5,0.184733331,0.0266555548,1.0
,710102038,-22.89372175119896,-43.15413511933899,258.4,8.5,0.184733331,0.0266555548,1.0
,710102038,-22.89372175119896,-43.15413511933899,258.4,8.5,0.184733331,0.0266555548,1.0
,710102038,-22.89372175119896,-43.15413511933899,258.4,8.5,0.184733331,0.0266555548,1.0
,710102038,-22.89372175119896,-43.15413511933899,258.4,8.5,0.184733331,0.0266555548,1.0
,710102038,-22.89372175119896,-43.15413511933899,258.4,8.5,0.184733331,0.0266555548,1.0
,710102038,-22.89372175119896,-43.15413511933899,258.4,8.5,0.184733331,0.0266555548,1.0
,710102038,-22.89372175119896,-43.15413511933899,258.4,8.5,0.184733331,0.0266555548,1.0
,710102038,-22.89372175119896,-43.15413511933899,258.4,8.5,0.184733331,0.0266555548,1.0
,710102038,-22.89372175119896,-43.15413511933899,258.4,8.5,0.184733331,0.0266555548,1.0
,710102038,-22.89372175119896,-43.15413511933899,258.4,8.5,0.184733331,0.0266555548,1.0
,710102038,-22.89372175119896,-43.15413511933899,258.4,8.5,0.184733331,0.0266555548,1.0
,710102038,-22.89372175119896,-43.15413511933899,258.4,8.5,0.184733331,0.0266555548,1.0
,710102038,-22.89372175119896,-43.15413511933899,258.4,8.5,0.184733331,0.0266555548,1.0
,710102038,-22.89372175119896,-43.15413511933899,258.4,8.5,0.184733331,0.0266555548,1.0
,710102038,-22.89372175119896,-43.15413511933899,258.4,8.5,0.184733331,0.0266555548,1.0
,710102038,-22.893730174193887,-43.154176751615424,258.4,8.5,0.184733331,0.0266555548,1.0
,710102038,-22.893730174193887,-43.154176751615424,258.4,8.5,0.184733331,0.0266555548,1.0
,710102038,-22.893730174193887,-43.154176751615424,258.4,8.5,0.184733331,0.0266555548,1.0
,710102038,-22.893730174193887,-43.154176751615424,258.4,8.5,0.184733331,0.0266555548,1.0
,710102038,-22.893730174193887,-43.154176751615424,258.4,8.5,0.184733331,0.0266555548,1.0
,710102038,-22.893730174193887,-43.154176751615424,258.4,8.5,0.184733331,0.0266555548,1.0
,710102038,-22.893730174193887,-43.154176751615424,258.4,8.5,0.184733331,0.0266555548,1.0
,710102038,-22.893730174193887,-43.154176751615424,258.4,8.5,0.184733331,0.0266555548,1.0
,710102038,-22.893730174193887,-43.154176751615424,258.4,8.5,0.184733331,0.0266555548,1.0
,710102038,-22.893730174193887,-43.154176751615424,258.4,8.5,0.184733331,0.0266555548,1.0
,710102038,-22.893730174193887,-43.154176751615424,258.4,8.5,0.182938889,0.0266333818,1.0
,710102038,-22.893730174193887,-43.154176751615424,258.4,8.5,0.182938889,0.0266333818,1.0
,710102038,-22.893730174193887,-43.154176751615424,258.4,8.5,0.182938889,0.0266333818,1.0
,710102038,-22.893730174193887,-43.154176751615424,258.4,8.5,0.182938889,0.0266333818,1.0
,710102038,-22.893730174193887,-43.154176751615424,258.4,8.5,0.182938889,0.0266333818,1.0
,710102038,-22.89373859717823,-43.154218383897806,258.4,8.5,0.182938889,0.0266333818,1.0
,710102038,-22.89373859717823,-43.154218383897806,258.4,8.5,0.182938889,0.0266333818,1.0
,710102038,-22.89373859717823,-43.154218383897806,258.4,8.5,0.182938889,0.0266333818,1.0
,710102038,-22.89373859717823,-43.154218383897806,258.4,8.5,0.182938889,0.0266333818,1.0
,710102038,-22.89373859717823,-43.154218383897806,258.4,8.5,0.182938889,0.0266333818,1.0
,710102038,-22.89373859717823,-43.154218383897806,258.4,8.5,0.182938889,0.0266333818,1.0
,710102038,-22.89373859717823,-43.154218383897806,258.4,8.5,0.182938889,0.0266333818,1.0
,710102038,-22.89374702015199,-43.15426001618612,258.4,8.5,0.182938889,0.0266333818,1.0
,710102038,-22.89374702015199,-43.15426001618612,258.4,8.5,0.182938889,0.0266333818,1.0
,710102038,-22.89374702015199,-43.15426001618612,258.4,8.5,0.182938889,0.0266333818,1.0
,710102038,-22.89374702015199,-43.15426001618612,258.4,8.5,0.182938889,0.0266333818,1.0
,710102038,-22.89374702015199,-43.15426001618612,258.4,8.5,0.182938889,0.0266333818,1.0
,710102038,-22.89374702015199,-43.15426001618612,258.4,8.5,0.182938889,0.0266333818,1.0
,710102038,-22.89374702015199,-43.15426001618612,258.4,8.5,0.182938889,0.0266333818,1.0
,710102038,-22.89374702015199,-43.15426001618612,258.4,8.5,0.182938889,0.0266333818,1.0
,710102038,-22.89374702015199,-43.15426001618612,258.4,8.5,0.182938889,0.0266333818,1.0
,710102038,-22.89374702015199,-43.15426001618612,258.4,8.5,0.182938889,0.0266333818,1.0
,710102038,-22.89374702015199,-43.15426001618612,258.4,8.5,0.182938889,0.0266333818,1.0
,710102038,-22.89374702015199,-43.15426001618612,258.4,8.5,0.182938889,0.0266333818,1.0
,710102038,-22.89374702015199,-43.15426001618612,258.4,8.5,0.182938889,0.0266333818,1.0
,710102038,-22.89374702015199,-43.15426001618612,258.4,8.5,0.182938889,0.0266333818,1.0
,710102038,-22.89374702015199,-43.15426001618612,258.4,8.5,0.182938889,0.0266333818,1.0
,710102038,-22.89374702015199,-43.15426001618612,258.4,8.5,0.182938889,0.0266333818,1.0
,710102038,-22.89375544311516,-43.15430164848037,258.4,8.5,0.182938889,0.0266333818,1.0
,710102038,-22.89375544311516,-43.15430164848037,258.4,8.5,0.182938889,0.0266333818,1.0
,710102038,-22.89375544311516,-43.15430164848037,258.4,8.5,0.182938889,0.0266333818,1.0
,710102038,-22.89375544311516,-43.15430164848037,258.4,8.5,0.182938889,0.0266333818,1.0
,710102038,-22.89375544311516,-43.15430164848037,258.4,8.5,0.182938889,0.0266333818,1.0
,710102038,-22.89375544311516,-43.15430164848037,258.4,8.5,0.182938889,0.0266333818,1.0
,710102038,-22.89375544311516,-43.15430164848037,258.4,8.5,0.182938889,0.0266333818,1.0
,710102038,-22.89375544311516,-43.15430164848037,258.4,8.5,0.182938889,0.0266333818,1.0
,710102038,-22.89375544311516,-43.15430164848037,258.4,8.5,0.182938889,0.0266333818,1.0
,710102038,-22.89375544311516,-43.15430164848037,258.4,8.5,0.181216657,0.0266333818,1.0
,710102038,-22.893754999999167,-43.15427,257.2,8.5,0.181138888,0.0266110897,1.0
,710102038,-22.893754999999167,-43.15427,257.2,8.5,0.181138888,0.0266110897,1.0
,710102038,-22.893754999999167,-43.15427,257.2,8.5,0.181138888,0.0266110897,1.0
,710102038,-22.893754999999167,-43.15427,257.2,8.5,0.181138888,0.0266110897,1.0
,710102038,-22.893754999999167,-43.15427,257.2,8.5,0.181138888,0.0266110897,1.0
,710102038,-22.893754999999167,-43.15427,257.2,8.5,0.181138888,0.0266110897,1.0
,710102038,-22.893754999999167,-43.15427,257.2,8.5,0.181138888,0.0266110897,1.0
,710102038,-22.893754999999167,-43.15427,257.2,8.5,0.181138888,0.0266110897,1.0
,710102038,-22.893754999999167,-43.15427,257.2,8.5,0.181138888,0.0266110897,1.0
,710102038,-22.893754999999167,-43.15427,257.2,8.5,0.181138888,0.0266110897,1.0
,710102038,-22.893754999999167,-43.15427,257.2,8.5,0.181138888,0.0266110897,1.0
,710102038,-22.893754999999167,-43.15427,257.2,8.5,0.181138888,0.0266110897,1.0
,710102038,-22.893754999999167,-43.15427,257.2,8.5,0.181138888,0.0266110897,1.0
,710102038,-22.893754999999167,-43.15427,257.2,8.5,0.181138888,0.0266110897,1.0
,710102038,-22.893754999999167,-43.15427,257.2,8.5,0.181138888,0.0266110897,1.0
,710102038,-22.893764228907653,-43.15431143277535,257.2,8.5,0.181138888,0.0266110897,1.0
,710102038,-22.893764228907653,-43.15431143277535,257.2,8.5,0.181138888,0.0266110897,1.0
,710102038,-22.893764228907653,-43.15431143277535,257.2,8.5,0.181138888,0.0266110897,1.0
,710102038,-22.893764228907653,-43.15431143277535,257.2,8.5,0.181138888,0.0266110897,1.0
,710102038,-22.893764228907653,-43.15431143277535,257.2,8.5,0.181138888,0.0266110897,1.0
,710102038,-22.893764228907653,-43.15431143277535,257.2,8.5,0.181138888,0.0266110897,1.0
,710102038,-22.893764228907653,-43.15431143277535,257.2,8.5,0.181138888,0.0266110897,1.0
,710102038,-22.893764228907653,-43.15431143277535,257.2,8.5,0.181138888,0.0266110897,1.0
,710102038,-22.893764228907653,-43.15431143277535,257.2,8.5,0.181138888,0.0266110897,1.0
,710102038,-22.893764228907653,-43.15431143277535,257.2,8.5,0.181138888,0.0266110897,1.0
,710102038,-22.893764228907653,-43.15431143277535,257.2,8.5,0.181138888,0.0266110897,1.0
,710102038,-22.893764228907653,-43.15431143277535,257.2,8.5,0.181138888,0.0266110897,1.0
,710102038,-22.893764228907653,-43.15431143277535,257.2,8.5,0.181138888,0.0266110897,1.0
,710102038,-22.893764228907653,-43.15431143277535,257.2,8.5,0.181138888,0.0266110897,1.0
,710102038,-22.893764228907653,-43.15431143277535,257.2,8.5,0.181138888,0.0266110897,1.0
,710102038,-22.893773457805686,-43.15435286555709,257.2,8.5,0.181138888,0.0266110897,1.0
,710102038,-22.893773457805686,-43.15435286555709,257.2,8.5,0.181138888,0.0266110897,1.0
,710102038,-22.893773457805686,-43.15435286555709,257.2,8.5,0.181138888,0.0266110897,1.0
,710102038,-22.893773457805686,-43.15435286555709,257.2,8.5,0.181138888,0.0266110897,1.0
,710102038,-22.893773457805686,-43.15435286555709,257.2,8.5,0.181138888,0.0266110897,1.0
,710102038,-22.893773457805686,-43.15435286555709,257.2,8.5,0.181138888,0.0266110897,1.0
,710102038,-22.893773457805686,-43.15435286555709,257.2,8.5,0.181138888,0.0266110897,1.0
,710102038,-22.893773457805686,-43.15435286555709,257.2,8.5,0.181138888,0.0266110897,1.0
,710102038,-22.893773457805686,-43.15435286555709,257.2,8.5,0.181138888,0.0266110897,1.0
,710102038,-22.893773457805686,-43.15435286555709,257.2,8.5,0.181138888,0.0266110897,1.0
,710102038,-22.893773457805686,-43.15435286555709,257.2,8.5,0.181138888,0.0266110897,1.0
,710102038,-22.893773457805686,-43.15435286555709,257.2,8.5,0.181138888,0.0266110897,1.0
,710102038,-22.893773457805686,-43.15435286555709,257.2,8.5,0.181138888,0.0266110897,1.0
,710102038,-22.893773457805686,-43.15435286555709,257.2,8.5,0.181138888,0.0266110897,1.0
,710102038,-22.893773457805686,-43.15435286555709,257.2,8.5,0.181138888,0.0266110897,1.0
,710102038,-22.893782686693267,-43.15439429834522,257.2,8.5,0.181138888,0.0266110897,1.0
,710102038,-22.893782686693267,-43.15439429834522,257.2,8.5,0.181138888,0.0266110897,1.0
,710102038,-22.893782686693267,-43.15439429834522,257.2,8.5,0.181138888,0.0266110897,1.0
,710102038,-22.893782686693267,-43.15439429834522,257.2,8.5,0.181138888,0.0266110897,1.0
,710102038,-22.893782686693267,-43.15439429834522,257.2,8.5,0.181138888,0.0266110897,1.0
,710102038,-22.893782686693267,-43.15439429834522,257.2,8.5,0.181138888,0.0266110897,1.0
,710102038,-22.893782686693267,-43.15439429834522,257.2,8.5,0.180449992,0.0266000032,0.999261737
,710102038,-22.893782686693267,-43.15439429834522,257.2,8.5,0.180449992,0.0266000032,0.999261737
,710102038,-22.893782686693267,-43.15439429834522,257.2,8.5,0.180449992,0.0266000032,0.999261737
,710102038,-22.893782686693267,-43.15439429834522,257.2,8.5,0.180449992,0.0266000032,1.0
,710102038,-22.893782686693267,-43.15439429834522,257.2,8.5,0.180449992,0.0266000032,1.0
,710102038,-22.893782686693267,-43.15439429834522,257.2,8.5,0.180449992,0.0266000032,1.0
,710102038,-22.893782686693267,-43.15439429834522,257.2,8.5,0.180449992,0.0266000032,1.0
,710102038,-22.893782686693267,-43.15439429834522,257.2,8.5,0.180449992,0.0266000032,1.0
,710102038,-22.893782686693267,-43.15439429834522,257.2,8.5,0.180449992,0.0266000032,1.0
,710102038,-22.89379191557039,-43.15443573113973,257.2,8.5,0.180449992,0.0266000032,1.0
,710102038,-22.89379191557039,-43.15443573113973,257.2,8.5,0.180449992,0.0266000032,1.0
,710102038,-22.89379191557039,-43.15443573113973,257.2,8.5,0.180449992,0.0266000032,1.0
,710102038,-22.89379191557039,-43.15443573113973,257.2,8.5,0.180449992,0.0266000032,1.0
,710102038,-22.89379191557039,-43.15443573113973,257.2,8.5,0.180449992,0.0266000032,1.0
,710102038,-22.89379191557039,-43.15443573113973,257.2,8.5,0.180449992,0.0266000032,1.0
,710102038,-22.89379191557039,-43.15443573113973,257.2,8.5,0.180449992,0.0266000032,1.0
,710102038,-22.89379191557039,-43.15443573113973,257.2,8.5,0.180449992,0.0266000032,1.0
,710102038,-22.89379191557039,-43.15443573113973,257.2,8.5,0.180449992,0.0266000032,1.0
,710102038,-22.89379191557039,-43.15443573113973,257.2,8.5,0.180449992,0.0266000032,1.0
,710102038,-22.89379191557039,-43.15443573113973,257.2,8.5,0.180449992,0.0266000032,1.0
,710102038,-22.89379191557039,-43.15443573113973,257.2,8.5,0.180449992,0.0266000032,1.0
,710102038,-22.89379191557039,-43.15443573113973,257.2,8.5,0.180449992,0.0266000032,1.0
,710102038,-22.89379191557039,-43.15443573113973,257.2,8.5,0.180449992,0.0266000032,1.0
,710102038,-22.89379191557039,-43.15443573113973,257.2,8.5,0.180449992,0.0266000032,1.0
,710102038,-22.89380114443707,-43.154477163940626,257.2,8.5,0.180449992,0.0266000032,1.0
,710102038,-22.89380114443707,-43.154477163940626,257.2,8.5,0.180449992,0.0266000032,1.0
,710102038,-22.89380114443707,-43.154477163940626,257.2,8.5,0.180449992,0.0266000032,1.0
,710102038,-22.89380114443707,-43.154477163940626,257.2,8.5,0.180449992,0.0266000032,1.0
,710102038,-22.89380114443707,-43.154477163940626,257.2,8.5,0.180449992,0.0266000032,1.0
,710102038,-22.89380114443707,-43.154477163940626,257.2,8.5,0.180449992,0.0266000032,1.0
,710102038,-22.89380114443707,-43.154477163940626,257.2,8.5,0.180449992,0.0266000032,1.0
,710102038,-22.89380114443707,-43.154477163940626,257.2,8.5,0.180449992,0.0266000032,1.0
,710102038,-22.89380114443707,-43.154477163940626,257.2,8.5,0.180449992,0.0266000032,1.0
,710102038,-22.89380114443707,-43.154477163940626,257.2,8.5,0.180449992,0.0266000032,1.0
,710102038,-22.89380114443707,-43.154477163940626,257.2,8.5,0.180449992,0.0266000032,1.0
,710102038,-22.89380114443707,-43.154477163940626,257.2,8.5,0.180449992,0.0266000032,1.0
,710102038,-22.89380114443707,-43.154477163940626,257.2,8.5,0.180449992,0.0266000032,1.0
,710102038,-22.89381037329329,-43.15451859674791,257.2,8.5,0.180449992,0.0266000032,1.0
,710102038,-22.89381037329329,-43.15451859674791,257.2,8.5,0.178650007,0.0265777111,1.0
,710102038,-22.89381037329329,-43.15451859674791,257.2,8.5,0.178650007,0.0265777111,1.0
,710102038,-22.89381037329329,-43.15451859674791,257.2,8.5,0.178650007,0.0265777111,1.0
,710102038,-22.89381037329329,-43.15451859674791,257.2,8.5,0.178650007,0.0265777111,1.0
,710102038,-22.89381037329329,-43.15451859674791,257.2,8.5,0.178650007,0.0265777111,1.0
,710102038,-22.89381037329329,-43.15451859674791,257.2,8.5,0.178650007,0.0265777111,1.0
,710102038,-22.89381037329329,-43.15451859674791,257.2,8.5,0.178650007,0.0265777111,1.0
,710102038,-22.89381037329329,-43.15451859674791,257.2,8.5,0.178650007,0.0265777111,1.0
,710102038,-22.89381037329329,-43.15451859674791,257.2,8.5,0.178650007,0.0265777111,1.0
,710102038,-22.89381037329329,-43.15451859674791,257.2,8.5,0.178650007,0.0265777111,1.0
,710102038,-22.893819602139065,-43.15456002956158,257.2,8.5,0.178650007,0.0265777111,1.0
,710102038,-22.893819602139065,-43.15456002956158,257.2,8.5,0.178650007,0.0265777111,1.0
,710102038,-22.893819602139065,-43.15456002956158,257.2,8.5,0.178650007,0.0265777111,1.0
,710102038,-22.893819602139065,-43.15456002956158,257.2,8.5,0.178650007,0.0265777111,1.0
,710102038,-22.893819602139065,-43.15456002956158,257.2,8.5,0.178650007,0.0265777111,1.0
,710102038,-22.893819602139065,-43.15456002956158,257.2,8.5,0.178650007,0.0265777111,1.0
,710102038,-22.893819602139065,-43.15456002956158,257.2,8.5,0.178650007,0.0265777111,1.0
,710102038,-22.893819602139065,-43.15456002956158,257.2,8.5,0.178650007,0.0265777111,1.0
,710102038,-22.893819602139065,-43.15456002956158,257.2,8.5,0.178650007,0.0265777111,1.0
,710102038,-22.893819602139065,-43.15456002956158,257.2,8.5,0.178650007,0.0265777111,1.0
,710102038,-22.893819602139065,-43.15456002956158,257.2,8.5,0.178650007,0.0265777111,1.0
,710102038,-22.893819602139065,-43.15456002956158,257.2,8.5,0.178650007,0.0265777111,1.0
,710102038,-22.893819602139065,-43.15456002956158,257.2,8.5,0.178650007,0.0265777111,1.0
,710102038,-22.893819602139065,-43.15456002956158,257.2,8.5,0.178650007,0.0265777111,1.0
,710102038,-22.893819602139065,-43.15456002956158,257.2,8.5,0.178650007,0.0265777111,1.0
,710102038,-22.893828830974385,-43.15460146238163,257.2,8.5,0.178650007,0.0265777111,1.0
,710102038,-22.893828830974385,-43.15460146238163,257.2,8.5,0.178650007,0.0265777111,1.0
,710102038,-22.893828830974385,-43.15460146238163,257.2,8.5,0.178650007,0.0265777111,1.0
,710102038,-22.893828830974385,-43.15460146238163,257.2,8.5,0.178650007,0.0265777111,1.0
,710102038,-22.893828830974385,-43.15460146238163,257.2,8.5,0.178650007,0.0265777111,1.0
,710102038,-22.893828830974385,-43.15460146238163,257.2,8.5,0.178650007,0.0265777111,1.0
,710102038,-22.893828830974385,-43.15460146238163,257.2,8.5,0.178650007,0.0265777111,1.0
,710102038,-22.893828830974385,-43.15460146238163,257.2,8.5,0.178650007,0.0265777111,1.0
,710102038,-22.893828830974385,-43.15460146238163,257.2,8.5,0.178650007,0.0265777111,1.0
,710102038,-22.893828830974385,-43.15460146238163,257.2,8.5,0.178650007,0.0265777111,1.0
,710102038,-22.893828830974385,-43.15460146238163,257.2,8.5,0.178650007,0.0265777111,1.0
,710102038,-22.893828830974385,-43.15460146238163,257.2,8.5,0.178650007,0.0265777111,1.0
,710102038,-22.893828830974385,-43.15460146238163,257.2,8.5,0.178650007,0.0265777111,1.0
,710102038,-22.893828830974385,-43.15460146238163,257.2,8.5,0.178650007,0.0265777111,1.0
,710102038,-22.893828830974385,-43.15460146238163,257.2,8.5,0.178650007,0.0265777111,1.0
,710102038,-22.893838059799254,-43.15464289520807,257.2,8.5,0.178650007,0.0265777111,1.0
,710102038,-22.893838059799254,-43.15464289520807,257.2,8.5,0.178650007,0.0265777111,1.0
,710102038,-22.893838059799254,-43.15464289520807,257.2,8.5,0.178650007,0.0265777111,1.0
,710102038,-22.893838059799254,-43.15464289520807,257.2,8.5,0.178650007,0.0265777111,1.0
,710102038,-22.893838059799254,-43.15464289520807,257.2,8.5,0.178650007,0.0265777111,1.0
,710102038,-22.893838059799254,-43.15464289520807,257.2,8.5,0.178650007,0.0265777111,1.0
,710102038,-22.893838059799254,-43.15464289520807,257.2,8.5,0.176844448,0.0265555382,0.994197667
,710102038,-22.893838059799254,-43.15464289520807,257.2,8.5,0.176844448,0.0265555382,1.0
,710102038,-22.893838059799254,-43.15464289520807,257.2,8.5,0.176844448,0.0265555382,1.0
,710102038,-22.893838059799254,-43.15464289520807,257.2,8.5,0.176844448,0.0265555382,1.0
,710102038,-22.893838059799254,-43.15464289520807,257.2,8.5,0.176844448,0.0265555382,1.0
,710102038,-22.89383563031531,-43.154653051685216,257.2,8.5,0.176844448,0.0265555382,1.0
,710102038,-22.89383563031531,-43.154653051685216,257.2,8.5,0.176844448,0.0265555382,1.0
,710102038,-22.89383563031531,-43.154653051685216,257.2,8.5,0.176844448,0.0265555382,1.0
,710102038,-22.89383563031531,-43.154653051685216,257.2,8.5,0.176844448,0.0265555382,1.0
,710102038,-22.89383563031531,-43.154653051685216,257.2,8.5,0.176844448,0.0265555382,1.0
,710102038,-22.89383563031531,-43.154653051685216,257.2,8.5,0.176844448,0.0265555382,1.0
,710102038,-22.89383563031531,-43.154653051685216,257.2,8.5,0.176844448,0.0265555382,1.0
,710102038,-22.89383563031531,-43.154653051685216,257.2,8.5,0.176844448,0.0265555382,1.0
,710102038,-22.89383563031531,-43.154653051685216,257.2,8.5,0.176844448,0.0265555382,1.0
,710102038,-22.89383563031531,-43.154653051685216,257.2,8.5,0.176844448,0.0265555382,1.0
,710102038,-22.89383563031531,-43.154653051685216,257.2,8.5,0.176844448,0.0265555382,1.0
,710102038,-22.89383563031531,-43.154653051685216,257.2,8.5,0.176844448,0.0265555382,1.0
,710102038,-22.89383563031531,-43.154653051685216,257.2,8.5,0.176844448,0.0265555382,1.0
,710102038,-22.89383563031531,-43.154653051685216,257.2,8.5,0.176844448,0.0265555382,1.0
,710102038,-22.89383563031531,-43.154653051685216,257.2,8.5,0.176844448,0.0265555382,1.0
,710102038,-22.89383563031531,-43.154653051685216,257.2,8.5,0.176844448,0.0265555382,1.0
,710102038,-22.89384485912707,-43.1546944845182,257.2,8.5,0.176844448,0.0265555382,1.0
,710102038,-22.89384485912707,-43.1546944845182,257.2,8.5,0.176844448,0.0265555382,1.0
,710102038,-22.89384485912707,-43.1546944845182,257.2,8.5,0.176844448,0.0265555382,1.0
,710102038,-22.89384485912707,-43.1546944845182,257.2,8.5,0.176844448,0.0265555382,1.0
,710102038,-22.89384485912707,-43.1546944845182,257.2,8.5,0.176844448,0.0265555382,1.0
,710102038,-22.89384485912707,-43.1546944845182,257.2,8.5,0.176844448,0.0265555382,1.0
,710102038,-22.89384485912707,-43.1546944845182,257.2,8.5,0.176844448,0.0265555382,1.0
,710102038,-22.89384485912707,-43.1546944845182,257.2,8.5,0.176844448,0.0265555382,1.0
,710102038,-22.89384485912707,-43.1546944845182,257.2,8.5,0.176844448,0.0265555382,1.0
,710102038,-22.89384485912707,-43.1546944845182,257.2,8.5,0.176844448,0.0265555382,1.0
,710102038,-22.89384485912707,-43.1546944845182,257.2,8.5,0.176844448,0.0265555382,1.0
,710102038,-22.89384485912707,-43.1546944845182,257.2,8.5,0.176844448,0.0265555382,1.0
,710102038,-22.89384485912707,-43.1546944845182,257.2,8.5,0.176844448,0.0265555382,1.0
,710102038,-22.89384485912707,-43.1546944845182,257.2,8.5,0.176844448,0.0265555382,1.0
,710102038,-22.89384485912707,-43.1546944845182,257.2,8.5,0.176844448,0.0265555382,1.0
,710102038,-22.893854087928386,-43.15473591735758,257.2,8.5,0.176844448,0.0265555382,1.0
,710102038,-22.893854087928386,-43.15473591735758,257.2,8.5,0.176844448,0.0265555382,1.0
,710102038,-22.893854087928386,-43.15473591735758,257.2,8.5,0.176844448,0.0265555382,1.0
,710102038,-22.893854087928386,-43.15473591735758,257.2,8.5,0.176844448,0.0265555382,1.0
,710102038,-22.893854087928386,-43.15473591735758,257.2,8.5,0.176844448,0.0265555382,1.0
,710102038,-22.893854087928386,-43.15473591735758,257.2,8.5,0.176844448,0.0265555382,1.0
,710102038,-22.893854087928386,-43.15473591735758,257.2,8.5,0.176844448,0.0265555382,1.0
,710102038,-22.893854087928386,-43.15473591735758,257.2,8.5,0.176844448,0.0265555382,1.0
,710102038,-22.893854087928386,-43.15473591735758,257.2,8.5,0.176844448,0.0265555382,1.0
,710102038,-22.893854087928386,-43.15473591735758,257.2,8.5,0.175477773,0.0265444517,0.99258554
,710102038,-22.893854087928386,-43.15473591735758,257.2,8.5,0.175477773,0.0265444517,0.99258554
,710102038,-22.893854087928386,-43.15473591735758,257.2,8.5,0.175477773,0.0265444517,1.0
,710102038,-22.893854087928386,-43.15473591735758,257.2,8.5,0.175477773,0.0265444517,1.0
,710102038,-22.893854087928386,-43.15473591735758,257.2,8.5,0.175477773,0.0265444517,1.0
,710102038,-22.893854087928386,-43.15473591735758,257.2,8.5,0.175477773,0.0265444517,1.0
,710102038,-22.89386331671925,-43.15477735020334,257.2,8.5,0.175477773,0.0265444517,1.0
,710102038,-22.89386331671925,-43.15477735020334,257.2,8.5,0.175477773,0.0265444517,1.0
,710102038,-22.89386331671925,-43.15477735020334,257.2,8.5,0.175477773,0.0265444517,1.0
,710102038,-22.89386331671925,-43.15477735020334,257.2,8.5,0.175477773,0.0265444517,1.0
,710102038,-22.89386331671925,-43.15477735020334,257.2,8.5,0.175477773,0.0265444517,1.0
,710102038,-22.89386331671925,-43.15477735020334,257.2,8.5,0.175477773,0.0265444517,1.0
,710102038,-22.89386331671925,-43.15477735020334,257.2,8.5,0.175477773,0.0265444517,1.0
,710102038,-22.89386331671925,-43.15477735020334,257.2,8.5,0.175477773,0.0265444517,1.0
,710102038,-22.89386331671925,-43.15477735020334,257.2,8.5,0.175477773,0.0265444517,1.0
,710102038,-22.89386331671925,-43.15477735020334,257.2,8.5,0.175477773,0.0265444517,1.0
,710102038,-22.89386331671925,-43.15477735020334,257.2,8.5,0.175477773,0.0265444517,1.0
,710102038,-22.89386331671925,-43.15477735020334,257.2,8.5,0.175477773,0.0265444517,1.0
,710102038,-22.89386331671925,-43.15477735020334,257.2,8.5,0.175477773,0.0265444517,1.0
,710102038,-22.89386331671925,-43.15477735020334,257.2,8.5,0.175477773,0.0265444517,1.0
,710102038,-22.893872545499654,-43.15481878305549,257.2,8.5,0.175477773,0.0265444517,1.0
,710102038,-22.893872545499654,-43.15481878305549,257.2,8.5,0.175477773,0.0265444517,1.0
,710102038,-22.893872545499654,-43.15481878305549,257.2,8.5,0.175477773,0.0265444517,1.0
,710102038,-22.893872545499654,-43.15481878305549,257.2,8.5,0.175477773,0.0265444517,1.0
,710102038,-22.893872545499654,-43.15481878305549,257.2,8.5,0.175477773,0.0265444517,1.0
,710102038,-22.893872545499654,-43.15481878305549,257.2,8.5,0.175477773,0.0265444517,1.0
,710102038,-22.893872545499654,-43.15481878305549,257.2,8.5,0.175477773,0.0265444517,1.0
,710102038,-22.893872545499654,-43.15481878305549,257.2,8.5,0.175477773,0.0265444517,1.0
,710102038,-22.893872545499654,-43.15481878305549,257.2,8.5,0.175477773,0.0265444517,1.0
,710102038,-22.893872545499654,-43.15481878305549,257.2,8.5,0.175477773,0.0265444517,1.0
,710102038,-22.893872545499654,-43.15481878305549,257.2,8.5,0.175477773,0.0265444517,1.0
,710102038,-22.893872545499654,-43.15481878305549,257.2,8.5,0.175477773,0.0265444517,1.0
,710102038,-22.893872545499654,-43.15481878305549,257.2,8.5,0.175477773,0.0265444517,1.0
,710102038,-22.893872545499654,-43.15481878305549,257.2,8.5,0.175477773,0.0265444517,1.0
,710102038,-22.893881774269616,-43.15486021591402,257.2,8.5,0.175477773,0.0265444517,1.0
,710102038,-22.893881774269616,-43.15486021591402,257.2,8.5,0.175477773,0.0265444517,1.0
,710102038,-22.893881774269616,-43.15486021591402,257.2,8.5,0.175477773,0.0265444517,1.0
,710102038,-22.893881774269616,-43.15486021591402,257.2,8.5,0.175477773,0.0265444517,1.0
,710102038,-22.893881774269616,-43.15486021591402,257.2,8.5,0.175477773,0.0265444517,1.0
,710102038,-22.893881774269616,-43.15486021591402,257.2,8.5,0.175477773,0.0265444517,1.0
,710102038,-22.893881774269616,-43.15486021591402,257.2,8.5,0.175477773,0.0265444517,1.0
,710102038,-22.893881774269616,-43.15486021591402,257.2,8.5,0.175477773,0.0265444517,1.0
,710102038,-22.893881774269616,-43.15486021591402,257.2,8.5,0.175477773,0.0265444517,1.0
,710102038,-22.893881774269616,-43.15486021591402,257.2,8.5,0.173655555,0.0265222788,0.990128577
,710102038,-22.893881774269616,-43.15486021591402,257.2,8.5,0.173655555,0.0265222788,1.0
,710102038,-22.893881774269616,-43.15486021591402,257.2,8.5,0.173655555,0.0265222788,1.0
,710102038,-22.893881774269616,-43.15486021591402,257.2,8.5,0.173655555,0.0265222788,1.0
,710102038,-22.893881774269616,-43.15486021591402,257.2,8.5,0.173655555,0.0265222788,1.0
,710102038,-22.893881774269616,-43.15486021591402,257.2,8.5,0.173655555,0.0265222788,1.0
,710102038,-22.893891003029125,-43.15490164877894,257.2,8.5,0.173655555,0.0265222788,1.0
,710102038,-22.893891003029125,-43.15490164877894,257.2,8.5,0.173655555,0.0265222788,1.0
,710102038,-22.893891003029125,-43.15490164877894,257.2,8.5,0.173655555,0.0265222788,1.0
,710102038,-22.893891003029125,-43.15490164877894,257.2,8.5,0.173655555,0.0265222788,1.0
,710102038,-22.893891003029125,-43.15490164877894,257.2,8.5,0.173655555,0.0265222788,1.0
,710102038,-22.893891003029125,-43.15490164877894,257.2,8.5,0.173655555,0.0265222788,1.0
,710102038,-22.893891003029125,-43.15490164877894,257.2,8.5,0.173655555,0.0265222788,1.0
,710102038,-22.893891003029125,-43.15490164877894,257.2,8.5,0.173655555,0.0265222788,1.0
,710102038,-22.893891003029125,-43.15490164877894,257.2,8.5,0.173655555,0.0265222788,1.0
,710102038,-22.893891003029125,-43.15490164877894,257.2,8.5,0.173655555,0.0265222788,1.0
,710102038,-22.893891003029125,-43.15490164877894,257.2,8.5,0.173655555,0.0265222788,1.0
,710102038,-22.893891003029125,-43.15490164877894,257.2,8.5,0.173655555,0.0265222788,1.0
,710102038,-22.893891003029125,-43.15490164877894,257.2,8.5,0.173655555,0.0265222788,1.0
,710102038,-22.893891003029125,-43.15490164877894,257.2,8.5,0.173655555,0.0265222788,1.0
,710102038,-22.893891003029125,-43.15490164877894,257.2,8.5,0.173655555,0.0265222788,1.0
,710102038,-22.893900231778176,-43.154943081650245,257.2,8.5,0.173655555,0.0265222788,1.0
