id_categoria,id_test,lat,lon,rumo,velocidade,pan,tilt,zoom
,305792000,-22.93449205570951,-43.14061398288473,356.5,11.3,0.917311072,0.0291777849,0.382206887
,305792000,-22.93449205570951,-43.14061398288473,356.5,11.3,0.917311072,0.0291777849,0.382206887
,305792000,-22.93449205570951,-43.14061398288473,356.5,11.3,0.917311072,0.0291777849,0.382206887
,305792000,-22.93449205570951,-43.14061398288473,356.5,11.3,0.917311072,0.0291777849,0.382206887
,305792000,-22.93449205570951,-43.14061398288473,356.5,11.3,0.917311072,0.0291777849,0.382206887
,305792000,-22.93449205570951,-43.14061398288473,356.5,11.3,0.917311072,0.0291777849,0.382206887
,305792000,-22.93449205570951,-43.14061398288473,356.5,11.3,0.917311072,0.0291777849,0.382206887
,305792000,-22.93449205570951,-43.14061398288473,356.5,11.3,0.917311072,0.0291777849,0.382206887
,305792000,-22.93449205570951,-43.14061398288473,356.5,11.3,0.917311072,0.0291777849,0.382206887
,305792000,-22.93449205570951,-43.14061398288473,356.5,11.3,0.917311072,0.0291777849,0.382206887
,305792000,-22.93449205570951,-43.14061398288473,356.5,11.3,0.917311072,0.0291777849,0.382206887
,305792000,-22.93449205570951,-43.14061398288473,356.5,11.3,0.917311072,0.0291777849,0.382206887
,305792000,-22.93449205570951,-43.14061398288473,356.5,11.3,0.917311072,0.0291777849,0.382206887
,305792000,-22.93449205570951,-43.14061398288473,356.5,11.3,0.917311072,0.0291777849,0.382206887
,305792000,-22.93449205570951,-43.14061398288473,356.5,11.3,0.917311072,0.0291777849,0.382206887
,305792000,-22.934439712243154,-43.140618157534895,356.5,11.3,0.917311072,0.0291777849,0.382206887
,305792000,-22.934439712243154,-43.140618157534895,356.5,11.3,0.917311072,0.0291777849,0.382206887
,305792000,-22.934439712243154,-43.140618157534895,356.5,11.3,0.917311072,0.0291777849,0.382206887
,305792000,-22.934439712243154,-43.140618157534895,356.5,11.3,0.917311072,0.0291777849,0.382206887
,305792000,-22.934439712243154,-43.140618157534895,356.5,11.3,0.917311072,0.0291777849,0.382206887
,305792000,-22.934439712243154,-43.140618157534895,356.5,11.3,0.917311072,0.0291777849,0.382206887
,305792000,-22.934439712243154,-43.140618157534895,356.5,11.3,0.917311072,0.0291777849,0.382206887
,305792000,-22.934439712243154,-43.140618157534895,356.5,11.3,0.917311072,0.0291777849,0.382206887
,305792000,-22.934439712243154,-43.140618157534895,356.5,11.3,0.917311072,0.0291777849,0.382206887
,305792000,-22.934439712243154,-43.140618157534895,356.5,11.3,0.917311072,0.0291777849,0.382206887
,305792000,-22.934439712243154,-43.140618157534895,356.5,11.3,0.917311072,0.0291777849,0.382206887
,305792000,-22.934439712243154,-43.140618157534895,356.5,11.3,0.917311072,0.0291777849,0.382206887
,305792000,-22.934439712243154,-43.140618157534895,356.5,11.3,0.917311072,0.0291777849,0.382206887
,305792000,-22.934439712243154,-43.140618157534895,356.5,11.3,0.917311072,0.0291777849,0.382206887
,305792000,-22.934439712243154,-43.140618157534895,356.5,11.3,0.917311072,0.0291777849,0.382206887
,305792000,-22.934387368776164,-43.14062233218031,356.5,11.3,0.917311072,0.0291777849,0.382206887
,305792000,-22.934387368776164,-43.14062233218031,356.5,11.3,0.917311072,0.0291777849,0.382206887
,305792000,-22.934387368776164,-43.14062233218031,356.5,11.3,0.917311072,0.0291777849,0.382206887
,305792000,-22.934387368776164,-43.14062233218031,356.5,11.3,0.917311072,0.0291777849,0.382206887
,305792000,-22.934387368776164,-43.14062233218031,356.5,11.3,0.917311072,0.0291777849,0.382206887
,305792000,-22.934387368776164,-43.14062233218031,356.5,11.3,0.917311072,0.0291777849,0.382206887
,305792000,-22.934387368776164,-43.14062233218031,356.5,11.3,0.91616112,0.029155612,0.377320647
,305792000,-22.934387368776164,-43.14062233218031,356.5,11.3,0.91616112,0.029155612,0.377320647
,305792000,-22.934387368776164,-43.14062233218031,356.5,11.3,0.91616112,0.029155612,0.376697034
,305792000,-22.934387368776164,-43.14062233218031,356.5,11.3,0.91616112,0.029155612,0.376697034
,305792000,-22.934387368776164,-43.14062233218031,356.5,11.3,0.91616112,0.029155612,0.376697034
,305792000,-22.934387368776164,-43.14062233218031,356.5,11.3,0.91616112,0.029155612,0.376697034
,305792000,-22.934387368776164,-43.14062233218031,356.5,11.3,0.91616112,0.029155612,0.376697034
,305792000,-22.934387368776164,-43.14062233218031,356.5,11.3,0.91616112,0.029155612,0.376697034
,305792000,-22.93433502530852,-43.14062650682098,356.5,11.3,0.91616112,0.029155612,0.376697034
,305792000,-22.93433502530852,-43.14062650682098,356.5,11.3,0.91616112,0.029155612,0.376697034
,305792000,-22.93433502530852,-43.14062650682098,356.5,11.3,0.91616112,0.029155612,0.376697034
,305792000,-22.93433502530852,-43.14062650682098,356.5,11.3,0.91616112,0.029155612,0.376697034
,305792000,-22.93433502530852,-43.14062650682098,356.5,11.3,0.91616112,0.029155612,0.376697034
,305792000,-22.93433502530852,-43.14062650682098,356.5,11.3,0.91616112,0.029155612,0.376697034
,305792000,-22.93433502530852,-43.14062650682098,356.5,11.3,0.91616112,0.029155612,0.376697034
,305792000,-22.93433502530852,-43.14062650682098,356.5,11.3,0.91616112,0.029155612,0.376697034
,305792000,-22.93433502530852,-43.14062650682098,356.5,11.3,0.91616112,0.029155612,0.376697034
,305792000,-22.93433502530852,-43.14062650682098,356.5,11.3,0.91616112,0.029155612,0.376697034
,305792000,-22.93433502530852,-43.14062650682098,356.5,11.3,0.91616112,0.029155612,0.376697034
,305792000,-22.93433502530852,-43.14062650682098,356.5,11.3,0.91616112,0.029155612,0.376697034
,305792000,-22.934282681840223,-43.140630681456905,356.5,11.3,0.91616112,0.029155612,0.376697034
,305792000,-22.934282681840223,-43.140630681456905,356.5,11.3,0.91616112,0.029155612,0.376697034
,305792000,-22.934282681840223,-43.140630681456905,356.5,11.3,0.91616112,0.029155612,0.376697034
,305792000,-22.934282681840223,-43.140630681456905,356.5,11.3,0.91616112,0.029155612,0.376697034
,305792000,-22.934282681840223,-43.140630681456905,356.5,11.3,0.91616112,0.029155612,0.376697034
,305792000,-22.934282681840223,-43.140630681456905,356.5,11.3,0.91616112,0.029155612,0.376697034
,305792000,-22.934282681840223,-43.140630681456905,356.5,11.3,0.91616112,0.029155612,0.376697034
,305792000,-22.934282681840223,-43.140630681456905,356.5,11.3,0.91616112,0.029155612,0.376697034
,305792000,-22.934282681840223,-43.140630681456905,356.5,11.3,0.91616112,0.029155612,0.376697034
,305792000,-22.934282681840223,-43.140630681456905,356.5,11.3,0.91616112,0.029155612,0.376697034
,305792000,-22.934282681840223,-43.140630681456905,356.5,11.3,0.91616112,0.029155612,0.376697034
,305792000,-22.934282681840223,-43.140630681456905,356.5,11.3,0.91616112,0.029155612,0.376697034
,305792000,-22.934282681840223,-43.140630681456905,356.5,11.3,0.91616112,0.029155612,0.376697034
,305792000,-22.934282681840223,-43.140630681456905,356.5,11.3,0.91616112,0.029155612,0.376697034
,305792000,-22.934282681840223,-43.140630681456905,356.5,11.3,0.91616112,0.029155612,0.376697034
,305792000,-22.934230338371286,-43.14063485608808,356.5,11.3,0.91616112,0.029155612,0.376697034
,305792000,-22.934230338371286,-43.14063485608808,356.5,11.3,0.91616112,0.029155612,0.376697034
,305792000,-22.934230338371286,-43.14063485608808,356.5,11.3,0.91616112,0.029155612,0.376697034
,305792000,-22.934230338371286,-43.14063485608808,356.5,11.3,0.91616112,0.029155612,0.376697034
,305792000,-22.934230338371286,-43.14063485608808,356.5,11.3,0.91616112,0.029155612,0.376697034
,305792000,-22.934230338371286,-43.14063485608808,356.5,11.3,0.91616112,0.029155612,0.376697034
,305792000,-22.934230338371286,-43.14063485608808,356.5,11.3,0.91616112,0.029155612,0.376697034
,305792000,-22.934230338371286,-43.14063485608808,356.5,11.3,0.91616112,0.029155612,0.376697034
,305792000,-22.934230338371286,-43.14063485608808,356.5,11.3,0.915144444,0.0291333199,0.370243132
,305792000,-22.934230338371286,-43.14063485608808,356.5,11.3,0.915144444,0.0291333199,0.370243132
,305792000,-22.934230338371286,-43.14063485608808,356.5,11.3,0.915144444,0.0291333199,0.371342987
,305792000,-22.934230338371286,-43.14063485608808,356.5,11.3,0.915144444,0.0291333199,0.371342987
,305792000,-22.934230338371286,-43.14063485608808,356.5,11.3,0.915144444,0.0291333199,0.371342987
,305792000,-22.934230338371286,-43.14063485608808,356.5,11.3,0.915144444,0.0291333199,0.371342987
,305792000,-22.934230338371286,-43.14063485608808,356.5,11.3,0.915144444,0.0291333199,0.371342987
,305792000,-22.9341779949017,-43.1406390307145,356.5,11.3,0.915144444,0.0291333199,0.371342987
,305792000,-22.9341779949017,-43.1406390307145,356.5,11.3,0.915144444,0.0291333199,0.371342987
,305792000,-22.9341779949017,-43.1406390307145,356.5,11.3,0.915144444,0.0291333199,0.371342987
,305792000,-22.9341779949017,-43.1406390307145,356.5,11.3,0.915144444,0.0291333199,0.371342987
,305792000,-22.9341779949017,-43.1406390307145,356.5,11.3,0.915144444,0.0291333199,0.371342987
,305792000,-22.9341779949017,-43.1406390307145,356.5,11.3,0.915144444,0.0291333199,0.371342987
,305792000,-22.9341779949017,-43.1406390307145,356.5,11.3,0.915144444,0.0291333199,0.371342987
,305792000,-22.9341779949017,-43.1406390307145,356.5,11.3,0.915144444,0.0291333199,0.371342987
,305792000,-22.9341779949017,-43.1406390307145,356.5,11.3,0.915144444,0.0291333199,0.371342987
,305792000,-22.9341779949017,-43.1406390307145,356.5,11.3,0.915144444,0.0291333199,0.371342987
,305792000,-22.9341779949017,-43.1406390307145,356.5,11.3,0.915144444,0.0291333199,0.371342987
,305792000,-22.934073307960578,-43.14064737995312,356.5,11.3,0.915144444,0.0291333199,0.371342987
,305792000,-22.934073307960578,-43.14064737995312,356.5,11.3,0.915144444,0.0291333199,0.371342987
,305792000,-22.934073307960578,-43.14064737995312,356.5,11.3,0.915144444,0.0291333199,0.371342987
,305792000,-22.934073307960578,-43.14064737995312,356.5,11.3,0.915144444,0.0291333199,0.371342987
,305792000,-22.934073307960578,-43.14064737995312,356.5,11.3,0.915144444,0.0291333199,0.371342987
,305792000,-22.934073307960578,-43.14064737995312,356.5,11.3,0.915144444,0.0291333199,0.371342987
,305792000,-22.934073307960578,-43.14064737995312,356.5,11.3,0.915144444,0.0291333199,0.371342987
,305792000,-22.934073307960578,-43.14064737995312,356.5,11.3,0.915144444,0.0291333199,0.371342987
,305792000,-22.934073307960578,-43.14064737995312,356.5,11.3,0.915144444,0.0291333199,0.371342987
,305792000,-22.934073307960578,-43.14064737995312,356.5,11.3,0.915144444,0.0291333199,0.371342987
,305792000,-22.934073307960578,-43.14064737995312,356.5,11.3,0.915144444,0.0291333199,0.371342987
,305792000,-22.934073307960578,-43.14064737995312,356.5,11.3,0.915144444,0.0291333199,0.371342987
,305792000,-22.934020964489054,-43.14065155456531,356.5,11.3,0.915144444,0.0291333199,0.371342987
,305792000,-22.934020964489054,-43.14065155456531,356.5,11.3,0.913761139,0.0290888548,0.360829741
,305792000,-22.934020964489054,-43.14065155456531,356.5,11.3,0.913761139,0.0290888548,0.360762298
,305792000,-22.934020964489054,-43.14065155456531,356.5,11.3,0.913761139,0.0290888548,0.360762298
,305792000,-22.934020964489054,-43.14065155456531,356.5,11.3,0.913761139,0.0290888548,0.360762298
,305792000,-22.934020964489054,-43.14065155456531,356.5,11.3,0.913761139,0.0290888548,0.360762298
,305792000,-22.934020964489054,-43.14065155456531,356.5,11.3,0.913761139,0.0290888548,0.360762298
,305792000,-22.934020964489054,-43.14065155456531,356.5,11.3,0.913761139,0.0290888548,0.360762298
,305792000,-22.934020964489054,-43.14065155456531,356.5,11.3,0.913761139,0.0290888548,0.360762298
,305792000,-22.934020964489054,-43.14065155456531,356.5,11.3,0.913761139,0.0290888548,0.360762298
,305792000,-22.934020964489054,-43.14065155456531,356.5,11.3,0.913761139,0.0290888548,0.360762298
,305792000,-22.934020964489054,-43.14065155456531,356.5,11.3,0.913761139,0.0290888548,0.360762298
,305792000,-22.934020964489054,-43.14065155456531,356.5,11.3,0.913761139,0.0290888548,0.360762298
,305792000,-22.934020964489054,-43.14065155456531,356.5,11.3,0.913761139,0.0290888548,0.360762298
,305792000,-22.934020964489054,-43.14065155456531,356.5,11.3,0.913761139,0.0290888548,0.360762298
,305792000,-22.933968621016874,-43.14065572917276,356.5,11.3,0.913761139,0.0290888548,0.360762298
,305792000,-22.933968621016874,-43.14065572917276,356.5,11.3,0.913761139,0.0290888548,0.360762298
,305792000,-22.933968621016874,-43.14065572917276,356.5,11.3,0.913761139,0.0290888548,0.360762298
,305792000,-22.933838701542108,-43.14063940952551,357.1,11.6,0.913761139,0.0290888548,0.360762298
,305792000,-22.933838701542108,-43.14063940952551,357.1,11.6,0.913761139,0.0290888548,0.360762298
,305792000,-22.933838701542108,-43.14063940952551,357.1,11.6,0.913761139,0.0290888548,0.360762298
,305792000,-22.933838701542108,-43.14063940952551,357.1,11.6,0.913761139,0.0290888548,0.360762298
,305792000,-22.933838701542108,-43.14063940952551,357.1,11.6,0.913761139,0.0290888548,0.360762298
,305792000,-22.933838701542108,-43.14063940952551,357.1,11.6,0.913761139,0.0290888548,0.360762298
,305792000,-22.933838701542108,-43.14063940952551,357.1,11.6,0.913761139,0.0290888548,0.360762298
,305792000,-22.933838701542108,-43.14063940952551,357.1,11.6,0.913761139,0.0290888548,0.360762298
,305792000,-22.933838701542108,-43.14063940952551,357.1,11.6,0.913761139,0.0290888548,0.360762298
,305792000,-22.933838701542108,-43.14063940952551,357.1,11.6,0.913761139,0.0290888548,0.360762298
,305792000,-22.933838701542108,-43.14063940952551,357.1,11.6,0.913761139,0.0290888548,0.360762298
,305792000,-22.933838701542108,-43.14063940952551,357.1,11.6,0.913761139,0.0290888548,0.360762298
,305792000,-22.933838701542108,-43.14063940952551,357.1,11.6,0.913761139,0.0290888548,0.360762298
,305792000,-22.933784929800403,-43.14064308721855,357.1,11.6,0.913761139,0.0290888548,0.360762298
,305792000,-22.933784929800403,-43.14064308721855,357.1,11.6,0.913761139,0.0290888548,0.360762298
,305792000,-22.933784929800403,-43.14064308721855,357.1,11.6,0.913761139,0.0290888548,0.360762298
,305792000,-22.933784929800403,-43.14064308721855,357.1,11.6,0.913761139,0.0290888548,0.360762298
,305792000,-22.933784929800403,-43.14064308721855,357.1,11.6,0.913761139,0.0290888548,0.360762298
,305792000,-22.933784929800403,-43.14064308721855,357.1,11.6,0.913761139,0.0290888548,0.360762298
,305792000,-22.933784929800403,-43.14064308721855,357.1,11.6,0.911888897,0.0290443897,0.350906491
,305792000,-22.933784929800403,-43.14064308721855,357.1,11.6,0.911888897,0.0290443897,0.350906491
,305792000,-22.933784929800403,-43.14064308721855,357.1,11.6,0.911888897,0.0290443897,0.350117922
,305792000,-22.933784929800403,-43.14064308721855,357.1,11.6,0.911888897,0.0290443897,0.350117922
,305792000,-22.933784929800403,-43.14064308721855,357.1,11.6,0.911888897,0.0290443897,0.350117922
,305792000,-22.933784929800403,-43.14064308721855,357.1,11.6,0.911888897,0.0290443897,0.350117922
,305792000,-22.933784929800403,-43.14064308721855,357.1,11.6,0.911888897,0.0290443897,0.350117922
,305792000,-22.933784929800403,-43.14064308721855,357.1,11.6,0.911888897,0.0290443897,0.350117922
,305792000,-22.933784929800403,-43.14064308721855,357.1,11.6,0.911888897,0.0290443897,0.350117922
,305792000,-22.933731158058077,-43.14064676490706,357.1,11.6,0.911888897,0.0290443897,0.350117922
,305792000,-22.933731158058077,-43.14064676490706,357.1,11.6,0.911888897,0.0290443897,0.350117922
,305792000,-22.933731158058077,-43.14064676490706,357.1,11.6,0.911888897,0.0290443897,0.350117922
,305792000,-22.933731158058077,-43.14064676490706,357.1,11.6,0.911888897,0.0290443897,0.350117922
,305792000,-22.933731158058077,-43.14064676490706,357.1,11.6,0.911888897,0.0290443897,0.350117922
,305792000,-22.933731158058077,-43.14064676490706,357.1,11.6,0.911888897,0.0290443897,0.350117922
,305792000,-22.933731158058077,-43.14064676490706,357.1,11.6,0.911888897,0.0290443897,0.350117922
,305792000,-22.933731158058077,-43.14064676490706,357.1,11.6,0.911888897,0.0290443897,0.350117922
,305792000,-22.933731158058077,-43.14064676490706,357.1,11.6,0.911888897,0.0290443897,0.350117922
,305792000,-22.933731158058077,-43.14064676490706,357.1,11.6,0.911888897,0.0290443897,0.350117922
,305792000,-22.933731158058077,-43.14064676490706,357.1,11.6,0.911888897,0.0290443897,0.350117922
,305792000,-22.933731158058077,-43.14064676490706,357.1,11.6,0.911888897,0.0290443897,0.350117922
,305792000,-22.933731158058077,-43.14064676490706,357.1,11.6,0.911888897,0.0290443897,0.350117922
,305792000,-22.933731158058077,-43.14064676490706,357.1,11.6,0.911888897,0.0290443897,0.350117922
,305792000,-22.933731158058077,-43.14064676490706,357.1,11.6,0.911888897,0.0290443897,0.350117922
,305792000,-22.93367738631513,-43.14065044259104,357.1,11.6,0.911888897,0.0290443897,0.350117922
,305792000,-22.93367738631513,-43.14065044259104,357.1,11.6,0.911888897,0.0290443897,0.350117922
,305792000,-22.93367738631513,-43.14065044259104,357.1,11.6,0.911888897,0.0290443897,0.350117922
,305792000,-22.93367738631513,-43.14065044259104,357.1,11.6,0.911888897,0.0290443897,0.350117922
,305792000,-22.93367738631513,-43.14065044259104,357.1,11.6,0.911888897,0.0290443897,0.350117922
,305792000,-22.93367738631513,-43.14065044259104,357.1,11.6,0.911888897,0.0290443897,0.350117922
,305792000,-22.93367738631513,-43.14065044259104,357.1,11.6,0.911888897,0.0290443897,0.350117922
,305792000,-22.93367738631513,-43.14065044259104,357.1,11.6,0.911888897,0.0290443897,0.350117922
,305792000,-22.93367738631513,-43.14065044259104,357.1,11.6,0.911888897,0.0290443897,0.350117922
,305792000,-22.93367738631513,-43.14065044259104,357.1,11.6,0.911888897,0.0290443897,0.350117922
,305792000,-22.93367738631513,-43.14065044259104,357.1,11.6,0.911888897,0.0290443897,0.350117922
,305792000,-22.93367738631513,-43.14065044259104,357.1,11.6,0.911888897,0.0290443897,0.350117922
,305792000,-22.93367738631513,-43.14065044259104,357.1,11.6,0.911888897,0.0290443897,0.350117922
,305792000,-22.93367738631513,-43.14065044259104,357.1,11.6,0.911888897,0.0290443897,0.350117922
,305792000,-22.93367738631513,-43.14065044259104,357.1,11.6,0.911888897,0.0290443897,0.350117922
,305792000,-22.933623614571566,-43.14065412027048,357.1,11.6,0.911888897,0.0290443897,0.350117922
,305792000,-22.933623614571566,-43.14065412027048,357.1,11.6,0.911888897,0.0290443897,0.350117922
,305792000,-22.933623614571566,-43.14065412027048,357.1,11.6,0.911888897,0.0290443897,0.350117922
,305792000,-22.933623614571566,-43.14065412027048,357.1,11.6,0.911888897,0.0290443897,0.350117922
,305792000,-22.933623614571566,-43.14065412027048,357.1,11.6,0.911888897,0.0290443897,0.350117922
,305792000,-22.933623614571566,-43.14065412027048,357.1,11.6,0.910783291,0.0290000439,0.343757331
,305792000,-22.933623614571566,-43.14065412027048,357.1,11.6,0.910783291,0.0290000439,0.344827592
,305792000,-22.933623614571566,-43.14065412027048,357.1,11.6,0.910783291,0.0290000439,0.344827592
,305792000,-22.933623614571566,-43.14065412027048,357.1,11.6,0.910783291,0.0290000439,0.344827592
,305792000,-22.933623614571566,-43.14065412027048,357.1,11.6,0.910783291,0.0290000439,0.344827592
,305792000,-22.933623614571566,-43.14065412027048,357.1,11.6,0.910783291,0.0290000439,0.344827592
,305792000,-22.933623614571566,-43.14065412027048,357.1,11.6,0.910783291,0.0290000439,0.344827592
,305792000,-22.93356984282737,-43.14065779794541,357.1,11.6,0.910783291,0.0290000439,0.344827592
,305792000,-22.93356984282737,-43.14065779794541,357.1,11.6,0.910783291,0.0290000439,0.344827592
,305792000,-22.93356984282737,-43.14065779794541,357.1,11.6,0.910783291,0.0290000439,0.344827592
,305792000,-22.93356984282737,-43.14065779794541,357.1,11.6,0.910783291,0.0290000439,0.344827592
,305792000,-22.93356984282737,-43.14065779794541,357.1,11.6,0.910783291,0.0290000439,0.344827592
,305792000,-22.93356984282737,-43.14065779794541,357.1,11.6,0.910783291,0.0290000439,0.344827592
,305792000,-22.93356984282737,-43.14065779794541,357.1,11.6,0.910783291,0.0290000439,0.344827592
,305792000,-22.93356984282737,-43.14065779794541,357.1,11.6,0.910783291,0.0290000439,0.344827592
,305792000,-22.93356984282737,-43.14065779794541,357.1,11.6,0.910783291,0.0290000439,0.344827592
,305792000,-22.93356984282737,-43.14065779794541,357.1,11.6,0.910783291,0.0290000439,0.344827592
,305792000,-22.93356984282737,-43.14065779794541,357.1,11.6,0.910783291,0.0290000439,0.344827592
,305792000,-22.93356984282737,-43.14065779794541,357.1,11.6,0.910783291,0.0290000439,0.344827592
,305792000,-22.93356984282737,-43.14065779794541,357.1,11.6,0.910783291,0.0290000439,0.344827592
,305792000,-22.93356984282737,-43.14065779794541,357.1,11.6,0.910783291,0.0290000439,0.344827592
,305792000,-22.93356984282737,-43.14065779794541,357.1,11.6,0.910783291,0.0290000439,0.344827592
,305792000,-22.93351607108256,-43.1406614756158,357.1,11.6,0.910783291,0.0290000439,0.344827592
,305792000,-22.93351607108256,-43.1406614756158,357.1,11.6,0.910783291,0.0290000439,0.344827592
,305792000,-22.93351607108256,-43.1406614756158,357.1,11.6,0.910783291,0.0290000439,0.344827592
,305792000,-22.93351607108256,-43.1406614756158,357.1,11.6,0.910783291,0.0290000439,0.344827592
,305792000,-22.93351607108256,-43.1406614756158,357.1,11.6,0.910783291,0.0290000439,0.344827592
,305792000,-22.93351607108256,-43.1406614756158,357.1,11.6,0.910783291,0.0290000439,0.344827592
,305792000,-22.93351607108256,-43.1406614756158,357.1,11.6,0.910783291,0.0290000439,0.344827592
,305792000,-22.93351607108256,-43.1406614756158,357.1,11.6,0.910783291,0.0290000439,0.344827592
,305792000,-22.93351607108256,-43.1406614756158,357.1,11.6,0.910783291,0.0290000439,0.344827592
,305792000,-22.93351607108256,-43.1406614756158,357.1,11.6,0.910783291,0.0290000439,0.344827592
,305792000,-22.93351607108256,-43.1406614756158,357.1,11.6,0.910783291,0.0290000439,0.344827592
,305792000,-22.93351607108256,-43.1406614756158,357.1,11.6,0.910783291,0.0290000439,0.344827592
,305792000,-22.93351607108256,-43.1406614756158,357.1,11.6,0.910783291,0.0290000439,0.344827592
,305792000,-22.93351607108256,-43.1406614756158,357.1,11.6,0.910783291,0.0290000439,0.344827592
,305792000,-22.93351607108256,-43.1406614756158,357.1,11.6,0.910783291,0.0290000439,0.344827592
,305792000,-22.93346229933713,-43.14066515328167,357.1,11.6,0.910783291,0.0290000439,0.344827592
,305792000,-22.93346229933713,-43.14066515328167,357.1,11.6,0.910783291,0.0290000439,0.344827592
,305792000,-22.93346229933713,-43.14066515328167,357.1,11.6,0.910783291,0.0290000439,0.344827592
,305792000,-22.93346229933713,-43.14066515328167,357.1,11.6,0.910783291,0.0290000439,0.344827592
,305792000,-22.93346229933713,-43.14066515328167,357.1,11.6,0.910783291,0.0290000439,0.344827592
,305792000,-22.93346229933713,-43.14066515328167,357.1,11.6,0.909666717,0.0289666653,0.336625427
,305792000,-22.93346229933713,-43.14066515328167,357.1,11.6,0.909666717,0.0289666653,0.33686024
,305792000,-22.93346229933713,-43.14066515328167,357.1,11.6,0.909666717,0.0289666653,0.33686024
,305792000,-22.93346229933713,-43.14066515328167,357.1,11.6,0.909666717,0.0289666653,0.33686024
,305792000,-22.93346229933713,-43.14066515328167,357.1,11.6,0.909666717,0.0289666653,0.33686024
,305792000,-22.93346229933713,-43.14066515328167,357.1,11.6,0.909666717,0.0289666653,0.33686024
,305792000,-22.93346229933713,-43.14066515328167,357.1,11.6,0.909666717,0.0289666653,0.33686024
,305792000,-22.93346229933713,-43.14066515328167,357.1,11.6,0.909666717,0.0289666653,0.33686024
,305792000,-22.93346229933713,-43.14066515328167,357.1,11.6,0.909666717,0.0289666653,0.33686024
,305792000,-22.93346229933713,-43.14066515328167,357.1,11.6,0.909666717,0.0289666653,0.33686024
,305792000,-22.933408527591084,-43.140668830943,357.1,11.6,0.909666717,0.0289666653,0.33686024
,305792000,-22.933408527591084,-43.140668830943,357.1,11.6,0.909666717,0.0289666653,0.33686024
,305792000,-22.933408527591084,-43.140668830943,357.1,11.6,0.909666717,0.0289666653,0.33686024
,305792000,-22.933408527591084,-43.140668830943,357.1,11.6,0.909666717,0.0289666653,0.33686024
,305792000,-22.933408527591084,-43.140668830943,357.1,11.6,0.909666717,0.0289666653,0.33686024
,305792000,-22.933408527591084,-43.140668830943,357.1,11.6,0.909666717,0.0289666653,0.33686024
,305792000,-22.933408527591084,-43.140668830943,357.1,11.6,0.909666717,0.0289666653,0.33686024
,305792000,-22.933408527591084,-43.140668830943,357.1,11.6,0.909666717,0.0289666653,0.33686024
,305792000,-22.933408527591084,-43.140668830943,357.1,11.6,0.909666717,0.0289666653,0.33686024
,305792000,-22.933408527591084,-43.140668830943,357.1,11.6,0.909666717,0.0289666653,0.33686024
,305792000,-22.93330731158045,-43.14064953729337,358.1,12.0,0.909666717,0.0289666653,0.33686024
,305792000,-22.93330731158045,-43.14064953729337,358.1,12.0,0.909666717,0.0289666653,0.33686024
,305792000,-22.93330731158045,-43.14064953729337,358.1,12.0,0.909666717,0.0289666653,0.33686024
,305792000,-22.93330731158045,-43.14064953729337,358.1,12.0,0.909666717,0.0289666653,0.33686024
,305792000,-22.93330731158045,-43.14064953729337,358.1,12.0,0.909666717,0.0289666653,0.33686024
,305792000,-22.93330731158045,-43.14064953729337,358.1,12.0,0.909666717,0.0289666653,0.33686024
,305792000,-22.93330731158045,-43.14064953729337,358.1,12.0,0.909666717,0.0289666653,0.33686024
,305792000,-22.93330731158045,-43.14064953729337,358.1,12.0,0.909666717,0.0289666653,0.33686024
,305792000,-22.933251632609164,-43.140652293054345,358.1,12.0,0.909666717,0.0289666653,0.33686024
,305792000,-22.933251632609164,-43.140652293054345,358.1,12.0,0.909666717,0.0289666653,0.33686024
,305792000,-22.933251632609164,-43.140652293054345,358.1,12.0,0.909666717,0.0289666653,0.33686024
,305792000,-22.933251632609164,-43.140652293054345,358.1,12.0,0.909666717,0.0289666653,0.33686024
,305792000,-22.933251632609164,-43.140652293054345,358.1,12.0,0.909666717,0.0289666653,0.33686024
,305792000,-22.933251632609164,-43.140652293054345,358.1,12.0,0.909666717,0.0289666653,0.33686024
,305792000,-22.933251632609164,-43.140652293054345,358.1,12.0,0.90785557,0.0289334059,0.327983171
,305792000,-22.933251632609164,-43.140652293054345,358.1,12.0,0.90785557,0.0289334059,0.327983171
,305792000,-22.933251632609164,-43.140652293054345,358.1,12.0,0.90785557,0.0289334059,0.327983171
,305792000,-22.933251632609164,-43.140652293054345,358.1,12.0,0.90785557,0.0289334059,0.328892887
,305792000,-22.933251632609164,-43.140652293054345,358.1,12.0,0.90785557,0.0289334059,0.328892887
,305792000,-22.933251632609164,-43.140652293054345,358.1,12.0,0.90785557,0.0289334059,0.328892887
,305792000,-22.933251632609164,-43.140652293054345,358.1,12.0,0.90785557,0.0289334059,0.328892887
,305792000,-22.933251632609164,-43.140652293054345,358.1,12.0,0.90785557,0.0289334059,0.328892887
,305792000,-22.933251632609164,-43.140652293054345,358.1,12.0,0.90785557,0.0289334059,0.328892887
,305792000,-22.933195953637316,-43.14065504881132,358.1,12.0,0.90785557,0.0289334059,0.328892887
,305792000,-22.933195953637316,-43.14065504881132,358.1,12.0,0.90785557,0.0289334059,0.328892887
,305792000,-22.933195953637316,-43.14065504881132,358.1,12.0,0.90785557,0.0289334059,0.328892887
,305792000,-22.933195953637316,-43.14065504881132,358.1,12.0,0.90785557,0.0289334059,0.328892887
,305792000,-22.933195953637316,-43.14065504881132,358.1,12.0,0.90785557,0.0289334059,0.328892887
,305792000,-22.933195953637316,-43.14065504881132,358.1,12.0,0.90785557,0.0289334059,0.328892887
,305792000,-22.933195953637316,-43.14065504881132,358.1,12.0,0.90785557,0.0289334059,0.328892887
,305792000,-22.933195953637316,-43.14065504881132,358.1,12.0,0.90785557,0.0289334059,0.328892887
,305792000,-22.933195953637316,-43.14065504881132,358.1,12.0,0.90785557,0.0289334059,0.328892887
,305792000,-22.933195953637316,-43.14065504881132,358.1,12.0,0.90785557,0.0289334059,0.328892887
,305792000,-22.933195953637316,-43.14065504881132,358.1,12.0,0.90785557,0.0289334059,0.328892887
,305792000,-22.933195953637316,-43.14065504881132,358.1,12.0,0.90785557,0.0289334059,0.328892887
,305792000,-22.933195953637316,-43.14065504881132,358.1,12.0,0.90785557,0.0289334059,0.328892887
,305792000,-22.933195953637316,-43.14065504881132,358.1,12.0,0.90785557,0.0289334059,0.328892887
,305792000,-22.933195953637316,-43.14065504881132,358.1,12.0,0.90785557,0.0289334059,0.328892887
,305792000,-22.933140274664897,-43.1406578045643,358.1,12.0,0.90785557,0.0289334059,0.328892887
,305792000,-22.933140274664897,-43.1406578045643,358.1,12.0,0.90785557,0.0289334059,0.328892887
,305792000,-22.933140274664897,-43.1406578045643,358.1,12.0,0.90785557,0.0289334059,0.328892887
,305792000,-22.933140274664897,-43.1406578045643,358.1,12.0,0.90785557,0.0289334059,0.328892887
,305792000,-22.933140274664897,-43.1406578045643,358.1,12.0,0.90785557,0.0289334059,0.328892887
,305792000,-22.933140274664897,-43.1406578045643,358.1,12.0,0.90785557,0.0289334059,0.328892887
,305792000,-22.933140274664897,-43.1406578045643,358.1,12.0,0.90785557,0.0289334059,0.328892887
,305792000,-22.933140274664897,-43.1406578045643,358.1,12.0,0.90785557,0.0289334059,0.328892887
,305792000,-22.933140274664897,-43.1406578045643,358.1,12.0,0.90785557,0.0289334059,0.328892887
,305792000,-22.933140274664897,-43.1406578045643,358.1,12.0,0.90785557,0.0289334059,0.328892887
,305792000,-22.933140274664897,-43.1406578045643,358.1,12.0,0.90785557,0.0289334059,0.328892887
,305792000,-22.933140274664897,-43.1406578045643,358.1,12.0,0.90785557,0.0289334059,0.328892887
,305792000,-22.933084595691923,-43.14066056031328,358.1,12.0,0.90785557,0.0289334059,0.328892887
,305792000,-22.933084595691923,-43.14066056031328,358.1,12.0,0.90785557,0.0289334059,0.328892887
,305792000,-22.933084595691923,-43.14066056031328,358.1,12.0,0.90785557,0.0289334059,0.328892887
,305792000,-22.933084595691923,-43.14066056031328,358.1,12.0,0.90785557,0.0289334059,0.328892887
,305792000,-22.933084595691923,-43.14066056031328,358.1,12.0,0.90785557,0.0289334059,0.328892887
,305792000,-22.933084595691923,-43.14066056031328,358.1,12.0,0.90785557,0.0289334059,0.328892887
,305792000,-22.933084595691923,-43.14066056031328,358.1,12.0,0.90785557,0.0289334059,0.328892887
,305792000,-22.933084595691923,-43.14066056031328,358.1,12.0,0.906644464,0.0289000273,0.32074517
,305792000,-22.933084595691923,-43.14066056031328,358.1,12.0,0.906644464,0.0289000273,0.32074517
,305792000,-22.933084595691923,-43.14066056031328,358.1,12.0,0.906644464,0.0289000273,0.320925474
,305792000,-22.933084595691923,-43.14066056031328,358.1,12.0,0.906644464,0.0289000273,0.320925474
,305792000,-22.933084595691923,-43.14066056031328,358.1,12.0,0.906644464,0.0289000273,0.320925474
,305792000,-22.933084595691923,-43.14066056031328,358.1,12.0,0.906644464,0.0289000273,0.320925474
,305792000,-22.933084595691923,-43.14066056031328,358.1,12.0,0.906644464,0.0289000273,0.320925474
,305792000,-22.933084595691923,-43.14066056031328,358.1,12.0,0.906644464,0.0289000273,0.320925474
,305792000,-22.933028916718374,-43.14066331605826,358.1,12.0,0.906644464,0.0289000273,0.320925474
,305792000,-22.933028916718374,-43.14066331605826,358.1,12.0,0.906644464,0.0289000273,0.320925474
,305792000,-22.933028916718374,-43.14066331605826,358.1,12.0,0.906644464,0.0289000273,0.320925474
,305792000,-22.933028916718374,-43.14066331605826,358.1,12.0,0.906644464,0.0289000273,0.320925474
,305792000,-22.933028916718374,-43.14066331605826,358.1,12.0,0.906644464,0.0289000273,0.320925474
,305792000,-22.933028916718374,-43.14066331605826,358.1,12.0,0.906644464,0.0289000273,0.320925474
,305792000,-22.933028916718374,-43.14066331605826,358.1,12.0,0.906644464,0.0289000273,0.320925474
,305792000,-22.933028916718374,-43.14066331605826,358.1,12.0,0.906644464,0.0289000273,0.320925474
,305792000,-22.933028916718374,-43.14066331605826,358.1,12.0,0.906644464,0.0289000273,0.320925474
,305792000,-22.933028916718374,-43.14066331605826,358.1,12.0,0.906644464,0.0289000273,0.320925474
,305792000,-22.933028916718374,-43.14066331605826,358.1,12.0,0.906644464,0.0289000273,0.320925474
,305792000,-22.933028916718374,-43.14066331605826,358.1,12.0,0.906644464,0.0289000273,0.320925474
,305792000,-22.933028916718374,-43.14066331605826,358.1,12.0,0.906644464,0.0289000273,0.320925474
,305792000,-22.933028916718374,-43.14066331605826,358.1,12.0,0.906644464,0.0289000273,0.320925474
,305792000,-22.933028916718374,-43.14066331605826,358.1,12.0,0.906644464,0.0289000273,0.320925474
,305792000,-22.932973237744267,-43.140666071799245,358.1,12.0,0.906644464,0.0289000273,0.320925474
,305792000,-22.932973237744267,-43.140666071799245,358.1,12.0,0.906644464,0.0289000273,0.320925474
,305792000,-22.932973237744267,-43.140666071799245,358.1,12.0,0.906644464,0.0289000273,0.320925474
,305792000,-22.932973237744267,-43.140666071799245,358.1,12.0,0.906644464,0.0289000273,0.320925474
,305792000,-22.932973237744267,-43.140666071799245,358.1,12.0,0.906644464,0.0289000273,0.320925474
,305792000,-22.932973237744267,-43.140666071799245,358.1,12.0,0.906644464,0.0289000273,0.320925474
,305792000,-22.932973237744267,-43.140666071799245,358.1,12.0,0.906644464,0.0289000273,0.320925474
,305792000,-22.932973237744267,-43.140666071799245,358.1,12.0,0.906644464,0.0289000273,0.320925474
,305792000,-22.932973237744267,-43.140666071799245,358.1,12.0,0.906644464,0.0289000273,0.320925474
,305792000,-22.932973237744267,-43.140666071799245,358.1,12.0,0.906644464,0.0289000273,0.320925474
,305792000,-22.932973237744267,-43.140666071799245,358.1,12.0,0.906644464,0.0289000273,0.320925474
,305792000,-22.932973237744267,-43.140666071799245,358.1,12.0,0.906644464,0.0289000273,0.320925474
,305792000,-22.932973237744267,-43.140666071799245,358.1,12.0,0.906644464,0.0289000273,0.320925474
,305792000,-22.932973237744267,-43.140666071799245,358.1,12.0,0.906644464,0.0289000273,0.320925474
,305792000,-22.932973237744267,-43.140666071799245,358.1,12.0,0.906644464,0.0289000273,0.320925474
,305792000,-22.932917558769574,-43.14066882753624,358.1,12.0,0.906644464,0.0289000273,0.320925474
,305792000,-22.932917558769574,-43.14066882753624,358.1,12.0,0.906644464,0.0289000273,0.320925474
,305792000,-22.932917558769574,-43.14066882753624,358.1,12.0,0.906644464,0.0289000273,0.320925474
,305792000,-22.932917558769574,-43.14066882753624,358.1,12.0,0.906644464,0.0289000273,0.320925474
,305792000,-22.932917558769574,-43.14066882753624,358.1,12.0,0.906644464,0.0289000273,0.320925474
,305792000,-22.932917558769574,-43.14066882753624,358.1,12.0,0.906644464,0.0289000273,0.320925474
,305792000,-22.932917558769574,-43.14066882753624,358.1,12.0,0.906644464,0.0289000273,0.320925474
,305792000,-22.932917558769574,-43.14066882753624,358.1,12.0,0.905416727,0.0288666487,0.313527644
,305792000,-22.932917558769574,-43.14066882753624,358.1,12.0,0.905416727,0.0288666487,0.313021868
,305792000,-22.932917558769574,-43.14066882753624,358.1,12.0,0.905416727,0.0288666487,0.313021868
,305792000,-22.932917558769574,-43.14066882753624,358.1,12.0,0.905416727,0.0288666487,0.313021868
,305792000,-22.932917558769574,-43.14066882753624,358.1,12.0,0.905416727,0.0288666487,0.313021868
,305792000,-22.932917558769574,-43.14066882753624,358.1,12.0,0.905416727,0.0288666487,0.313021868
,305792000,-22.932917558769574,-43.14066882753624,358.1,12.0,0.905416727,0.0288666487,0.313021868
,305792000,-22.932917558769574,-43.14066882753624,358.1,12.0,0.905416727,0.0288666487,0.313021868
,305792000,-22.932861879794334,-43.140671583269224,358.1,12.0,0.905416727,0.0288666487,0.313021868
,305792000,-22.932861879794334,-43.140671583269224,358.1,12.0,0.905416727,0.0288666487,0.313021868
,305792000,-22.932861879794334,-43.140671583269224,358.1,12.0,0.905416727,0.0288666487,0.313021868
,305792000,-22.932861879794334,-43.140671583269224,358.1,12.0,0.905416727,0.0288666487,0.313021868
,305792000,-22.932861879794334,-43.140671583269224,358.1,12.0,0.905416727,0.0288666487,0.313021868
,305792000,-22.932861879794334,-43.140671583269224,358.1,12.0,0.905416727,0.0288666487,0.313021868
,305792000,-22.932861879794334,-43.140671583269224,358.1,12.0,0.905416727,0.0288666487,0.313021868
,305792000,-22.932861879794334,-43.140671583269224,358.1,12.0,0.905416727,0.0288666487,0.313021868
,305792000,-22.932861879794334,-43.140671583269224,358.1,12.0,0.905416727,0.0288666487,0.313021868
,305792000,-22.932861879794334,-43.140671583269224,358.1,12.0,0.905416727,0.0288666487,0.313021868
,305792000,-22.932861879794334,-43.140671583269224,358.1,12.0,0.905416727,0.0288666487,0.313021868
,305792000,-22.932861879794334,-43.140671583269224,358.1,12.0,0.905416727,0.0288666487,0.313021868
,305792000,-22.932861879794334,-43.140671583269224,358.1,12.0,0.905416727,0.0288666487,0.313021868
,305792000,-22.932861879794334,-43.140671583269224,358.1,12.0,0.905416727,0.0288666487,0.313021868
,305792000,-22.932861879794334,-43.140671583269224,358.1,12.0,0.905416727,0.0288666487,0.313021868
,305792000,-22.932806200818526,-43.14067433899821,358.1,12.0,0.905416727,0.0288666487,0.313021868
,305792000,-22.932806200818526,-43.14067433899821,358.1,12.0,0.905416727,0.0288666487,0.313021868
,305792000,-22.932806200818526,-43.14067433899821,358.1,12.0,0.905416727,0.0288666487,0.313021868
,305792000,-22.932806200818526,-43.14067433899821,358.1,12.0,0.905416727,0.0288666487,0.313021868
,305792000,-22.932806200818526,-43.14067433899821,358.1,12.0,0.905416727,0.0288666487,0.313021868
,305792000,-22.932806200818526,-43.14067433899821,358.1,12.0,0.905416727,0.0288666487,0.313021868
,305792000,-22.932806200818526,-43.14067433899821,358.1,12.0,0.905416727,0.0288666487,0.313021868
,305792000,-22.932781583234995,-43.140653749101325,358.5,12.3,0.905416727,0.0288666487,0.313021868
,305792000,-22.932781583234995,-43.140653749101325,358.5,12.3,0.905416727,0.0288666487,0.313021868
,305792000,-22.932781583234995,-43.140653749101325,358.5,12.3,0.905416727,0.0288666487,0.313021868
,305792000,-22.932781583234995,-43.140653749101325,358.5,12.3,0.905416727,0.0288666487,0.313021868
,305792000,-22.932781583234995,-43.140653749101325,358.5,12.3,0.905416727,0.0288666487,0.313021868
,305792000,-22.932781583234995,-43.140653749101325,358.5,12.3,0.905416727,0.0288666487,0.313021868
,305792000,-22.932781583234995,-43.140653749101325,358.5,12.3,0.905416727,0.0288666487,0.313021868
,305792000,-22.932781583234995,-43.140653749101325,358.5,12.3,0.905416727,0.0288666487,0.313021868
,305792000,-22.932781583234995,-43.140653749101325,358.5,12.3,0.905416727,0.0288666487,0.313021868
,305792000,-22.932781583234995,-43.140653749101325,358.5,12.3,0.905416727,0.0288666487,0.313021868
,305792000,-22.93272449541103,-43.14065614349662,358.5,12.3,0.905416727,0.0288666487,0.313021868
,305792000,-22.93272449541103,-43.14065614349662,358.5,12.3,0.903722227,0.0288221836,0.305758178
,305792000,-22.93272449541103,-43.14065614349662,358.5,12.3,0.903722227,0.0288221836,0.305758178
,305792000,-22.93272449541103,-43.14065614349662,358.5,12.3,0.903722227,0.0288221836,0.305758178
,305792000,-22.93272449541103,-43.14065614349662,358.5,12.3,0.903722227,0.0288221836,0.305758178
,305792000,-22.93272449541103,-43.14065614349662,358.5,12.3,0.903722227,0.0288221836,0.305758178
,305792000,-22.93272449541103,-43.14065614349662,358.5,12.3,0.903722227,0.0288221836,0.305758178
,305792000,-22.93272449541103,-43.14065614349662,358.5,12.3,0.903722227,0.0288221836,0.305758178
,305792000,-22.93272449541103,-43.14065614349662,358.5,12.3,0.903722227,0.0288221836,0.305758178
,305792000,-22.93272449541103,-43.14065614349662,358.5,12.3,0.903722227,0.0288221836,0.305758178
,305792000,-22.93272449541103,-43.14065614349662,358.5,12.3,0.903722227,0.0288221836,0.305758178
,305792000,-22.93272449541103,-43.14065614349662,358.5,12.3,0.903722227,0.0288221836,0.305758178
,305792000,-22.93272449541103,-43.14065614349662,358.5,12.3,0.903722227,0.0288221836,0.305758178
,305792000,-22.93272449541103,-43.14065614349662,358.5,12.3,0.903722227,0.0288221836,0.305758178
,305792000,-22.93272449541103,-43.14065614349662,358.5,12.3,0.903722227,0.0288221836,0.305758178
,305792000,-22.93272449541103,-43.14065614349662,358.5,12.3,0.903722227,0.0288221836,0.305758178
,305792000,-22.93272449541103,-43.14065614349662,358.5,12.3,0.903722227,0.0288221836,0.305758178
,305792000,-22.932667407586518,-43.14065853788807,358.5,12.3,0.903722227,0.0288221836,0.305758178
,305792000,-22.932667407586518,-43.14065853788807,358.5,12.3,0.903722227,0.0288221836,0.305758178
,305792000,-22.932667407586518,-43.14065853788807,358.5,12.3,0.903722227,0.0288221836,0.305758178
,305792000,-22.932667407586518,-43.14065853788807,358.5,12.3,0.903722227,0.0288221836,0.305758178
,305792000,-22.932667407586518,-43.14065853788807,358.5,12.3,0.903722227,0.0288221836,0.305758178
,305792000,-22.932667407586518,-43.14065853788807,358.5,12.3,0.903722227,0.0288221836,0.305758178
,305792000,-22.932667407586518,-43.14065853788807,358.5,12.3,0.903722227,0.0288221836,0.305758178
,305792000,-22.932667407586518,-43.14065853788807,358.5,12.3,0.903722227,0.0288221836,0.305758178
,305792000,-22.932667407586518,-43.14065853788807,358.5,12.3,0.903722227,0.0288221836,0.305758178
,305792000,-22.932667407586518,-43.14065853788807,358.5,12.3,0.903722227,0.0288221836,0.305758178
,305792000,-22.932667407586518,-43.14065853788807,358.5,12.3,0.903722227,0.0288221836,0.305758178
,305792000,-22.932667407586518,-43.14065853788807,358.5,12.3,0.903722227,0.0288221836,0.305758178
,305792000,-22.932667407586518,-43.14065853788807,358.5,12.3,0.903722227,0.0288221836,0.305758178
,305792000,-22.932667407586518,-43.14065853788807,358.5,12.3,0.903722227,0.0288221836,0.305758178
,305792000,-22.932667407586518,-43.14065853788807,358.5,12.3,0.903722227,0.0288221836,0.305758178
,305792000,-22.932610319761437,-43.140660932275686,358.5,12.3,0.903722227,0.0288221836,0.305758178
,305792000,-22.932610319761437,-43.140660932275686,358.5,12.3,0.903722227,0.0288221836,0.305758178
,305792000,-22.932610319761437,-43.140660932275686,358.5,12.3,0.903722227,0.0288221836,0.305758178
,305792000,-22.932610319761437,-43.140660932275686,358.5,12.3,0.903722227,0.0288221836,0.305758178
,305792000,-22.932610319761437,-43.140660932275686,358.5,12.3,0.903722227,0.0288221836,0.305758178
,305792000,-22.932610319761437,-43.140660932275686,358.5,12.3,0.903722227,0.0288221836,0.305758178
,305792000,-22.932610319761437,-43.140660932275686,358.5,12.3,0.903722227,0.0288221836,0.305758178
,305792000,-22.932610319761437,-43.140660932275686,358.5,12.3,0.903722227,0.0288221836,0.305758178
,305792000,-22.932610319761437,-43.140660932275686,358.5,12.3,0.903722227,0.0288221836,0.305758178
,305792000,-22.932610319761437,-43.140660932275686,358.5,12.3,0.903722227,0.0288221836,0.305758178
,305792000,-22.932610319761437,-43.140660932275686,358.5,12.3,0.903722227,0.0288221836,0.305758178
,305792000,-22.932610319761437,-43.140660932275686,358.5,12.3,0.903722227,0.0288221836,0.305758178
,305792000,-22.932610319761437,-43.140660932275686,358.5,12.3,0.903722227,0.0288221836,0.305758178
,305792000,-22.932610319761437,-43.140660932275686,358.5,12.3,0.903722227,0.0288221836,0.305758178
,305792000,-22.932610319761437,-43.140660932275686,358.5,12.3,0.902427733,0.0287889242,0.298850596
,305792000,-22.932553231935813,-43.14066332665946,358.5,12.3,0.902427733,0.0287889242,0.298850596
,305792000,-22.932553231935813,-43.14066332665946,358.5,12.3,0.902427733,0.0287889242,0.298850596
,305792000,-22.932553231935813,-43.14066332665946,358.5,12.3,0.902427733,0.0287889242,0.298850596
,305792000,-22.932553231935813,-43.14066332665946,358.5,12.3,0.902427733,0.0287889242,0.298850596
,305792000,-22.932553231935813,-43.14066332665946,358.5,12.3,0.902427733,0.0287889242,0.298850596
,305792000,-22.932553231935813,-43.14066332665946,358.5,12.3,0.902427733,0.0287889242,0.298850596
,305792000,-22.932553231935813,-43.14066332665946,358.5,12.3,0.902427733,0.0287889242,0.298850596
,305792000,-22.932553231935813,-43.14066332665946,358.5,12.3,0.902427733,0.0287889242,0.298850596
,305792000,-22.932553231935813,-43.14066332665946,358.5,12.3,0.902427733,0.0287889242,0.298850596
,305792000,-22.932553231935813,-43.14066332665946,358.5,12.3,0.902427733,0.0287889242,0.298850596
,305792000,-22.932553231935813,-43.14066332665946,358.5,12.3,0.902427733,0.0287889242,0.298850596
,305792000,-22.932553231935813,-43.14066332665946,358.5,12.3,0.902427733,0.0287889242,0.298850596
,305792000,-22.932553231935813,-43.14066332665946,358.5,12.3,0.902427733,0.0287889242,0.298850596
,305792000,-22.93249614410963,-43.140665721039376,358.5,12.3,0.902427733,0.0287889242,0.298850596
,305792000,-22.93249614410963,-43.140665721039376,358.5,12.3,0.902427733,0.0287889242,0.298850596
,305792000,-22.93249614410963,-43.140665721039376,358.5,12.3,0.902427733,0.0287889242,0.298850596
,305792000,-22.93249614410963,-43.140665721039376,358.5,12.3,0.902427733,0.0287889242,0.298850596
,305792000,-22.93249614410963,-43.140665721039376,358.5,12.3,0.902427733,0.0287889242,0.298850596
,305792000,-22.93249614410963,-43.140665721039376,358.5,12.3,0.902427733,0.0287889242,0.298850596
,305792000,-22.93249614410963,-43.140665721039376,358.5,12.3,0.902427733,0.0287889242,0.298850596
,305792000,-22.93249614410963,-43.140665721039376,358.5,12.3,0.902427733,0.0287889242,0.298850596
,305792000,-22.93249614410963,-43.140665721039376,358.5,12.3,0.902427733,0.0287889242,0.298850596
,305792000,-22.93249614410963,-43.140665721039376,358.5,12.3,0.902427733,0.0287889242,0.298850596
,305792000,-22.93249614410963,-43.140665721039376,358.5,12.3,0.902427733,0.0287889242,0.298850596
,305792000,-22.93249614410963,-43.140665721039376,358.5,12.3,0.902427733,0.0287889242,0.298850596
,305792000,-22.93249614410963,-43.140665721039376,358.5,12.3,0.902427733,0.0287889242,0.298850596
,305792000,-22.93249614410963,-43.140665721039376,358.5,12.3,0.902427733,0.0287889242,0.298850596
,305792000,-22.93249614410963,-43.140665721039376,358.5,12.3,0.902427733,0.0287889242,0.298850596
,305792000,-22.932439056282885,-43.140668115415465,358.5,12.3,0.902427733,0.0287889242,0.298850596
,305792000,-22.932439056282885,-43.140668115415465,358.5,12.3,0.902427733,0.0287889242,0.298850596
,305792000,-22.932439056282885,-43.140668115415465,358.5,12.3,0.902427733,0.0287889242,0.298850596
,305792000,-22.932439056282885,-43.140668115415465,358.5,12.3,0.902427733,0.0287889242,0.298850596
,305792000,-22.932439056282885,-43.140668115415465,358.5,12.3,0.902427733,0.0287889242,0.298850596
,305792000,-22.932439056282885,-43.140668115415465,358.5,12.3,0.902427733,0.0287889242,0.298850596
,305792000,-22.932439056282885,-43.140668115415465,358.5,12.3,0.902427733,0.0287889242,0.298850596
,305792000,-22.932439056282885,-43.140668115415465,358.5,12.3,0.902427733,0.0287889242,0.298850596
,305792000,-22.932439056282885,-43.140668115415465,358.5,12.3,0.902427733,0.0287889242,0.298850596
,305792000,-22.932439056282885,-43.140668115415465,358.5,12.3,0.902427733,0.0287889242,0.298850596
,305792000,-22.932439056282885,-43.140668115415465,358.5,12.3,0.902427733,0.0287889242,0.298850596
,305792000,-22.932439056282885,-43.140668115415465,358.5,12.3,0.902427733,0.0287889242,0.298850596
,305792000,-22.932439056282885,-43.140668115415465,358.5,12.3,0.902427733,0.0287889242,0.298850596
,305792000,-22.932439056282885,-43.140668115415465,358.5,12.3,0.902427733,0.0287889242,0.298850596
,305792000,-22.932439056282885,-43.140668115415465,358.5,12.3,0.901116669,0.0287555456,0.291134953
,305792000,-22.932381968455587,-43.140670509787704,358.5,12.3,0.901116669,0.0287555456,0.291134953
,305792000,-22.932381968455587,-43.140670509787704,358.5,12.3,0.901116669,0.0287555456,0.291942954
,305792000,-22.932381968455587,-43.140670509787704,358.5,12.3,0.901116669,0.0287555456,0.291942954
,305792000,-22.932381968455587,-43.140670509787704,358.5,12.3,0.901116669,0.0287555456,0.291942954
,305792000,-22.932381968455587,-43.140670509787704,358.5,12.3,0.901116669,0.0287555456,0.291942954
,305792000,-22.932381968455587,-43.140670509787704,358.5,12.3,0.901116669,0.0287555456,0.291942954
,305792000,-22.932381968455587,-43.140670509787704,358.5,12.3,0.901116669,0.0287555456,0.291942954
,305792000,-22.932381968455587,-43.140670509787704,358.5,12.3,0.901116669,0.0287555456,0.291942954
,305792000,-22.932381968455587,-43.140670509787704,358.5,12.3,0.901116669,0.0287555456,0.291942954
,305792000,-22.932381968455587,-43.140670509787704,358.5,12.3,0.901116669,0.0287555456,0.291942954
,305792000,-22.932381968455587,-43.140670509787704,358.5,12.3,0.901116669,0.0287555456,0.291942954
,305792000,-22.932381968455587,-43.140670509787704,358.5,12.3,0.901116669,0.0287555456,0.291942954
,305792000,-22.932381968455587,-43.140670509787704,358.5,12.3,0.901116669,0.0287555456,0.291942954
,305792000,-22.932381968455587,-43.140670509787704,358.5,12.3,0.901116669,0.0287555456,0.291942954
,305792000,-22.932381968455587,-43.140670509787704,358.5,12.3,0.901116669,0.0287555456,0.291942954
,305792000,-22.932324880627725,-43.14067290415611,358.5,12.3,0.901116669,0.0287555456,0.291942954
,305792000,-22.932324880627725,-43.14067290415611,358.5,12.3,0.901116669,0.0287555456,0.291942954
,305792000,-22.932324880627725,-43.14067290415611,358.5,12.3,0.901116669,0.0287555456,0.291942954
,305792000,-22.932324880627725,-43.14067290415611,358.5,12.3,0.901116669,0.0287555456,0.291942954
,305792000,-22.932324880627725,-43.14067290415611,358.5,12.3,0.901116669,0.0287555456,0.291942954
,305792000,-22.93219022343419,-43.14065321143042,359.4,12.6,0.901116669,0.0287555456,0.291942954
,305792000,-22.93219022343419,-43.14065321143042,359.4,12.6,0.901116669,0.0287555456,0.291942954
,305792000,-22.93219022343419,-43.14065321143042,359.4,12.6,0.901116669,0.0287555456,0.291942954
,305792000,-22.93219022343419,-43.14065321143042,359.4,12.6,0.901116669,0.0287555456,0.291942954
,305792000,-22.93219022343419,-43.14065321143042,359.4,12.6,0.901116669,0.0287555456,0.291942954
,305792000,-22.93219022343419,-43.14065321143042,359.4,12.6,0.901116669,0.0287555456,0.291942954
,305792000,-22.93219022343419,-43.14065321143042,359.4,12.6,0.901116669,0.0287555456,0.291942954
,305792000,-22.93219022343419,-43.14065321143042,359.4,12.6,0.901116669,0.0287555456,0.291942954
,305792000,-22.93219022343419,-43.14065321143042,359.4,12.6,0.901116669,0.0287555456,0.291942954
,305792000,-22.93219022343419,-43.14065321143042,359.4,12.6,0.901116669,0.0287555456,0.291942954
,305792000,-22.93219022343419,-43.14065321143042,359.4,12.6,0.901116669,0.0287555456,0.291942954
,305792000,-22.93219022343419,-43.14065321143042,359.4,12.6,0.901116669,0.0287555456,0.291942954
,305792000,-22.93213171474972,-43.140654672167734,359.4,12.6,0.901116669,0.0287555456,0.291942954
,305792000,-22.93213171474972,-43.140654672167734,359.4,12.6,0.901116669,0.0287555456,0.291942954
,305792000,-22.93213171474972,-43.140654672167734,359.4,12.6,0.899338841,0.0287110806,0.281458199
,305792000,-22.932073206064757,-43.140656132901874,359.4,12.6,0.899338841,0.0287110806,0.281458199
,305792000,-22.932073206064757,-43.140656132901874,359.4,12.6,0.899338841,0.0287110806,0.280448705
,305792000,-22.932073206064757,-43.140656132901874,359.4,12.6,0.899338841,0.0287110806,0.280448705
,305792000,-22.932073206064757,-43.140656132901874,359.4,12.6,0.899338841,0.0287110806,0.280448705
,305792000,-22.932073206064757,-43.140656132901874,359.4,12.6,0.899338841,0.0287110806,0.280448705
,305792000,-22.932073206064757,-43.140656132901874,359.4,12.6,0.899338841,0.0287110806,0.280448705
,305792000,-22.932073206064757,-43.140656132901874,359.4,12.6,0.899338841,0.0287110806,0.280448705
,305792000,-22.932073206064757,-43.140656132901874,359.4,12.6,0.899338841,0.0287110806,0.280448705
,305792000,-22.932073206064757,-43.140656132901874,359.4,12.6,0.899338841,0.0287110806,0.280448705
,305792000,-22.932073206064757,-43.140656132901874,359.4,12.6,0.899338841,0.0287110806,0.280448705
,305792000,-22.932073206064757,-43.140656132901874,359.4,12.6,0.899338841,0.0287110806,0.280448705
,305792000,-22.932073206064757,-43.140656132901874,359.4,12.6,0.899338841,0.0287110806,0.280448705
,305792000,-22.932073206064757,-43.140656132901874,359.4,12.6,0.899338841,0.0287110806,0.280448705
,305792000,-22.932014697379284,-43.140657593632824,359.4,12.6,0.899338841,0.0287110806,0.280448705
,305792000,-22.932014697379284,-43.140657593632824,359.4,12.6,0.897916675,0.0286778212,0.276397198
,305792000,-22.932014697379284,-43.140657593632824,359.4,12.6,0.897916675,0.0286778212,0.275862068
,305792000,-22.932014697379284,-43.140657593632824,359.4,12.6,0.897916675,0.0286778212,0.275862068
,305792000,-22.932014697379284,-43.140657593632824,359.4,12.6,0.897916675,0.0286778212,0.275862068
,305792000,-22.932014697379284,-43.140657593632824,359.4,12.6,0.897916675,0.0286778212,0.275862068
,305792000,-22.932014697379284,-43.140657593632824,359.4,12.6,0.897916675,0.0286778212,0.275862068
,305792000,-22.932014697379284,-43.140657593632824,359.4,12.6,0.897916675,0.0286778212,0.275862068
,305792000,-22.932014697379284,-43.140657593632824,359.4,12.6,0.897916675,0.0286778212,0.275862068
,305792000,-22.932014697379284,-43.140657593632824,359.4,12.6,0.897916675,0.0286778212,0.275862068
,305792000,-22.932014697379284,-43.140657593632824,359.4,12.6,0.897916675,0.0286778212,0.275862068
,305792000,-22.932014697379284,-43.140657593632824,359.4,12.6,0.897916675,0.0286778212,0.275862068
,305792000,-22.932014697379284,-43.140657593632824,359.4,12.6,0.897916675,0.0286778212,0.275862068
,305792000,-22.932014697379284,-43.140657593632824,359.4,12.6,0.897916675,0.0286778212,0.275862068
,305792000,-22.932014697379284,-43.140657593632824,359.4,12.6,0.897916675,0.0286778212,0.275862068
,305792000,-22.931956188693302,-43.1406590543606,359.4,12.6,0.897916675,0.0286778212,0.275862068
,305792000,-22.931956188693302,-43.1406590543606,359.4,12.6,0.897916675,0.0286778212,0.275862068
,305792000,-22.931956188693302,-43.1406590543606,359.4,12.6,0.897916675,0.0286778212,0.275862068
,305792000,-22.931956188693302,-43.1406590543606,359.4,12.6,0.897916675,0.0286778212,0.275862068
,305792000,-22.931956188693302,-43.1406590543606,359.4,12.6,0.897916675,0.0286778212,0.275862068
,305792000,-22.931956188693302,-43.1406590543606,359.4,12.6,0.897916675,0.0286778212,0.275862068
,305792000,-22.931956188693302,-43.1406590543606,359.4,12.6,0.897916675,0.0286778212,0.275862068
,305792000,-22.931956188693302,-43.1406590543606,359.4,12.6,0.897916675,0.0286778212,0.275862068
,305792000,-22.931956188693302,-43.1406590543606,359.4,12.6,0.897916675,0.0286778212,0.275862068
,305792000,-22.931956188693302,-43.1406590543606,359.4,12.6,0.897916675,0.0286778212,0.275862068
,305792000,-22.931956188693302,-43.1406590543606,359.4,12.6,0.897916675,0.0286778212,0.275862068
,305792000,-22.931956188693302,-43.1406590543606,359.4,12.6,0.897916675,0.0286778212,0.275862068
,305792000,-22.931956188693302,-43.1406590543606,359.4,12.6,0.897916675,0.0286778212,0.275862068
,305792000,-22.931956188693302,-43.1406590543606,359.4,12.6,0.897916675,0.0286778212,0.275862068
,305792000,-22.931956188693302,-43.1406590543606,359.4,12.6,0.897916675,0.0286778212,0.275862068
,305792000,-22.931956188693302,-43.1406590543606,359.4,12.6,0.897916675,0.0286778212,0.275862068
,305792000,-22.93189768000682,-43.14066051508519,359.4,12.6,0.897916675,0.0286778212,0.275862068
,305792000,-22.93189768000682,-43.14066051508519,359.4,12.6,0.897916675,0.0286778212,0.275862068
,305792000,-22.93189768000682,-43.14066051508519,359.4,12.6,0.897916675,0.0286778212,0.275862068
,305792000,-22.93189768000682,-43.14066051508519,359.4,12.6,0.897916675,0.0286778212,0.275862068
,305792000,-22.93189768000682,-43.14066051508519,359.4,12.6,0.897916675,0.0286778212,0.275862068
,305792000,-22.93189768000682,-43.14066051508519,359.4,12.6,0.897916675,0.0286778212,0.275862068
,305792000,-22.93189768000682,-43.14066051508519,359.4,12.6,0.897916675,0.0286778212,0.275862068
,305792000,-22.93189768000682,-43.14066051508519,359.4,12.6,0.897916675,0.0286778212,0.275862068
,305792000,-22.93189768000682,-43.14066051508519,359.4,12.6,0.897916675,0.0286778212,0.275862068
,305792000,-22.93189768000682,-43.14066051508519,359.4,12.6,0.897916675,0.0286778212,0.275862068
,305792000,-22.93189768000682,-43.14066051508519,359.4,12.6,0.897916675,0.0286778212,0.275862068
,305792000,-22.93189768000682,-43.14066051508519,359.4,12.6,0.897916675,0.0286778212,0.275862068
,305792000,-22.93189768000682,-43.14066051508519,359.4,12.6,0.897916675,0.0286778212,0.275862068
,305792000,-22.93189768000682,-43.14066051508519,359.4,12.6,0.896494448,0.0286444426,0.269111097
,305792000,-22.93189768000682,-43.14066051508519,359.4,12.6,0.896494448,0.0286444426,0.26977402
,305792000,-22.931839171319833,-43.14066197580659,359.4,12.6,0.896494448,0.0286444426,0.26977402
,305792000,-22.931839171319833,-43.14066197580659,359.4,12.6,0.896494448,0.0286444426,0.26977402
,305792000,-22.931839171319833,-43.14066197580659,359.4,12.6,0.896494448,0.0286444426,0.26977402
,305792000,-22.931839171319833,-43.14066197580659,359.4,12.6,0.896494448,0.0286444426,0.26977402
,305792000,-22.931839171319833,-43.14066197580659,359.4,12.6,0.896494448,0.0286444426,0.26977402
,305792000,-22.931839171319833,-43.14066197580659,359.4,12.6,0.896494448,0.0286444426,0.26977402
,305792000,-22.931839171319833,-43.14066197580659,359.4,12.6,0.896494448,0.0286444426,0.26977402
,305792000,-22.931839171319833,-43.14066197580659,359.4,12.6,0.896494448,0.0286444426,0.26977402
,305792000,-22.931839171319833,-43.14066197580659,359.4,12.6,0.896494448,0.0286444426,0.26977402
,305792000,-22.931839171319833,-43.14066197580659,359.4,12.6,0.896494448,0.0286444426,0.26977402
,305792000,-22.931839171319833,-43.14066197580659,359.4,12.6,0.896494448,0.0286444426,0.26977402
,305792000,-22.931839171319833,-43.14066197580659,359.4,12.6,0.896494448,0.0286444426,0.26977402
,305792000,-22.931839171319833,-43.14066197580659,359.4,12.6,0.896494448,0.0286444426,0.26977402
,305792000,-22.931839171319833,-43.14066197580659,359.4,12.6,0.896494448,0.0286444426,0.26977402
,305792000,-22.931780662632345,-43.140663436524804,359.4,12.6,0.896494448,0.0286444426,0.26977402
,305792000,-22.931780662632345,-43.140663436524804,359.4,12.6,0.896494448,0.0286444426,0.26977402
,305792000,-22.931780662632345,-43.140663436524804,359.4,12.6,0.896494448,0.0286444426,0.26977402
,305792000,-22.931780662632345,-43.140663436524804,359.4,12.6,0.896494448,0.0286444426,0.26977402
,305792000,-22.931780662632345,-43.140663436524804,359.4,12.6,0.896494448,0.0286444426,0.26977402
,305792000,-22.931780662632345,-43.140663436524804,359.4,12.6,0.896494448,0.0286444426,0.26977402
,305792000,-22.931780662632345,-43.140663436524804,359.4,12.6,0.896494448,0.0286444426,0.26977402
,305792000,-22.931780662632345,-43.140663436524804,359.4,12.6,0.896494448,0.0286444426,0.26977402
,305792000,-22.931780662632345,-43.140663436524804,359.4,12.6,0.896494448,0.0286444426,0.26977402
,305792000,-22.931780662632345,-43.140663436524804,359.4,12.6,0.896494448,0.0286444426,0.26977402
,305792000,-22.931780662632345,-43.140663436524804,359.4,12.6,0.896494448,0.0286444426,0.26977402
,305792000,-22.931780662632345,-43.140663436524804,359.4,12.6,0.896494448,0.0286444426,0.26977402
,305792000,-22.931780662632345,-43.140663436524804,359.4,12.6,0.896494448,0.0286444426,0.26977402
,305792000,-22.931780662632345,-43.140663436524804,359.4,12.6,0.896494448,0.0286444426,0.26977402
,305792000,-22.931780662632345,-43.140663436524804,359.4,12.6,0.896494448,0.0286444426,0.26977402
,305792000,-22.931722153944353,-43.14066489723984,359.4,12.6,0.896494448,0.0286444426,0.26977402
,305792000,-22.931722153944353,-43.14066489723984,359.4,12.6,0.896494448,0.0286444426,0.26977402
,305792000,-22.931722153944353,-43.14066489723984,359.4,12.6,0.896494448,0.0286444426,0.26977402
,305792000,-22.931722153944353,-43.14066489723984,359.4,12.6,0.896494448,0.0286444426,0.26977402
,305792000,-22.931722153944353,-43.14066489723984,359.4,12.6,0.896494448,0.0286444426,0.26977402
,305792000,-22.931722153944353,-43.14066489723984,359.4,12.6,0.896494448,0.0286444426,0.26977402
,305792000,-22.931722153944353,-43.14066489723984,359.4,12.6,0.896494448,0.0286444426,0.26977402
,305792000,-22.931722153944353,-43.14066489723984,359.4,12.6,0.896494448,0.0286444426,0.26977402
,305792000,-22.931722153944353,-43.14066489723984,359.4,12.6,0.896494448,0.0286444426,0.26977402
,305792000,-22.931722153944353,-43.14066489723984,359.4,12.6,0.896494448,0.0286444426,0.26977402
,305792000,-22.931722153944353,-43.14066489723984,359.4,12.6,0.896494448,0.0286444426,0.26977402
,305792000,-22.931722153944353,-43.14066489723984,359.4,12.6,0.896494448,0.0286444426,0.26977402
,305792000,-22.931722153944353,-43.14066489723984,359.4,12.6,0.896494448,0.0286444426,0.26977402
,305792000,-22.931722153944353,-43.14066489723984,359.4,12.6,0.896494448,0.0286444426,0.26977402
,305792000,-22.931722153944353,-43.14066489723984,359.4,12.6,0.896494448,0.0286444426,0.26977402
,305792000,-22.93166364525585,-43.140666357951694,359.4,12.6,0.895061076,0.0285999775,0.26164034
,305792000,-22.93166364525585,-43.140666357951694,359.4,12.6,0.895061076,0.0285999775,0.26164034
,305792000,-22.93166364525585,-43.140666357951694,359.4,12.6,0.895061076,0.0285999775,0.26164034
,305792000,-22.93166364525585,-43.140666357951694,359.4,12.6,0.895061076,0.0285999775,0.26164034
,305792000,-22.93166364525585,-43.140666357951694,359.4,12.6,0.895061076,0.0285999775,0.26164034
,305792000,-22.93166364525585,-43.140666357951694,359.4,12.6,0.895061076,0.0285999775,0.26164034
,305792000,-22.93166364525585,-43.140666357951694,359.4,12.6,0.895061076,0.0285999775,0.26164034
,305792000,-22.93166364525585,-43.140666357951694,359.4,12.6,0.895061076,0.0285999775,0.26164034
,305792000,-22.93166364525585,-43.140666357951694,359.4,12.6,0.895061076,0.0285999775,0.26164034
,305792000,-22.93166364525585,-43.140666357951694,359.4,12.6,0.895061076,0.0285999775,0.26164034
,305792000,-22.93166364525585,-43.140666357951694,359.4,12.6,0.895061076,0.0285999775,0.26164034
,305792000,-22.93166364525585,-43.140666357951694,359.4,12.6,0.895061076,0.0285999775,0.26164034
,305792000,-22.93166364525585,-43.140666357951694,359.4,12.6,0.895061076,0.0285999775,0.26164034
,305792000,-22.93166364525585,-43.140666357951694,359.4,12.6,0.895061076,0.0285999775,0.26164034
,305792000,-22.93166364525585,-43.140666357951694,359.4,12.6,0.895061076,0.0285999775,0.26164034
,305792000,-22.93160513656685,-43.14066781866037,359.4,12.6,0.895061076,0.0285999775,0.26164034
,305792000,-22.93160513656685,-43.14066781866037,359.4,12.6,0.895061076,0.0285999775,0.26164034
,305792000,-22.93160513656685,-43.14066781866037,359.4,12.6,0.895061076,0.0285999775,0.26164034
,305792000,-22.93160513656685,-43.14066781866037,359.4,12.6,0.895061076,0.0285999775,0.26164034
,305792000,-22.93160513656685,-43.14066781866037,359.4,12.6,0.895061076,0.0285999775,0.26164034
,305792000,-22.93160513656685,-43.14066781866037,359.4,12.6,0.895061076,0.0285999775,0.26164034
,305792000,-22.93160513656685,-43.14066781866037,359.4,12.6,0.895061076,0.0285999775,0.26164034
,305792000,-22.93160513656685,-43.14066781866037,359.4,12.6,0.895061076,0.0285999775,0.26164034
,305792000,-22.93160513656685,-43.14066781866037,359.4,12.6,0.895061076,0.0285999775,0.26164034
,305792000,-22.93160513656685,-43.14066781866037,359.4,12.6,0.895061076,0.0285999775,0.26164034
,305792000,-22.93160513656685,-43.14066781866037,359.4,12.6,0.895061076,0.0285999775,0.26164034
,305792000,-22.931650917438688,-43.14065930905174,359.4,12.6,0.895061076,0.0285999775,0.26164034
,305792000,-22.931650917438688,-43.14065930905174,359.4,12.6,0.895061076,0.0285999775,0.26164034
,305792000,-22.931650917438688,-43.14065930905174,359.4,12.6,0.895061076,0.0285999775,0.26164034
,305792000,-22.931650917438688,-43.14065930905174,359.4,12.6,0.895061076,0.0285999775,0.26164034
,305792000,-22.931650917438688,-43.14065930905174,359.4,12.6,0.895061076,0.0285999775,0.26164034
,305792000,-22.931650917438688,-43.14065930905174,359.4,12.6,0.895061076,0.0285999775,0.26164034
,305792000,-22.931650917438688,-43.14065930905174,359.4,12.6,0.895061076,0.0285999775,0.26164034
,305792000,-22.931650917438688,-43.14065930905174,359.4,12.6,0.895061076,0.0285999775,0.26164034
,305792000,-22.931650917438688,-43.14065930905174,359.4,12.6,0.895061076,0.0285999775,0.26164034
,305792000,-22.931650917438688,-43.14065930905174,359.4,12.6,0.895061076,0.0285999775,0.26164034
,305792000,-22.931650917438688,-43.14065930905174,359.4,12.6,0.895061076,0.0285999775,0.26164034
,305792000,-22.931650917438688,-43.14065930905174,359.4,12.6,0.895061076,0.0285999775,0.26164034
,305792000,-22.931650917438688,-43.14065930905174,359.4,12.6,0.895061076,0.0285999775,0.26164034
,305792000,-22.931650917438688,-43.14065930905174,359.4,12.6,0.895061076,0.0285999775,0.26164034
,305792000,-22.93159240874985,-43.14066076976288,359.4,12.6,0.895061076,0.0285999775,0.26164034
,305792000,-22.93159240874985,-43.14066076976288,359.4,12.6,0.895061076,0.0285999775,0.26164034
,305792000,-22.93159240874985,-43.14066076976288,359.4,12.6,0.895061076,0.0285999775,0.26164034
,305792000,-22.93159240874985,-43.14066076976288,359.4,12.6,0.895061076,0.0285999775,0.26164034
,305792000,-22.93159240874985,-43.14066076976288,359.4,12.6,0.894405544,0.028588891,0.259155154
,305792000,-22.93159240874985,-43.14066076976288,359.4,12.6,0.894405544,0.028588891,0.259594798
,305792000,-22.93159240874985,-43.14066076976288,359.4,12.6,0.894405544,0.028588891,0.259594798
,305792000,-22.93159240874985,-43.14066076976288,359.4,12.6,0.894405544,0.028588891,0.259594798
,305792000,-22.93159240874985,-43.14066076976288,359.4,12.6,0.894405544,0.028588891,0.259594798
,305792000,-22.93159240874985,-43.14066076976288,359.4,12.6,0.894405544,0.028588891,0.259594798
,305792000,-22.93159240874985,-43.14066076976288,359.4,12.6,0.894405544,0.028588891,0.259594798
,305792000,-22.93159240874985,-43.14066076976288,359.4,12.6,0.894405544,0.028588891,0.259594798
,305792000,-22.93159240874985,-43.14066076976288,359.4,12.6,0.894405544,0.028588891,0.259594798
,305792000,-22.93159240874985,-43.14066076976288,359.4,12.6,0.894405544,0.028588891,0.259594798
,305792000,-22.93159240874985,-43.14066076976288,359.4,12.6,0.894405544,0.028588891,0.259594798
,305792000,-22.93153390006051,-43.14066223047084,359.4,12.6,0.894405544,0.028588891,0.259594798
,305792000,-22.93153390006051,-43.14066223047084,359.4,12.6,0.894405544,0.028588891,0.259594798
,305792000,-22.93153390006051,-43.14066223047084,359.4,12.6,0.894405544,0.028588891,0.259594798
,305792000,-22.93153390006051,-43.14066223047084,359.4,12.6,0.894405544,0.028588891,0.259594798
,305792000,-22.93153390006051,-43.14066223047084,359.4,12.6,0.894405544,0.028588891,0.259594798
,305792000,-22.93153390006051,-43.14066223047084,359.4,12.6,0.894405544,0.028588891,0.259594798
,305792000,-22.93153390006051,-43.14066223047084,359.4,12.6,0.894405544,0.028588891,0.259594798
,305792000,-22.93153390006051,-43.14066223047084,359.4,12.6,0.894405544,0.028588891,0.259594798
,305792000,-22.93153390006051,-43.14066223047084,359.4,12.6,0.894405544,0.028588891,0.259594798
,305792000,-22.93153390006051,-43.14066223047084,359.4,12.6,0.894405544,0.028588891,0.259594798
,305792000,-22.93153390006051,-43.14066223047084,359.4,12.6,0.894405544,0.028588891,0.259594798
,305792000,-22.93153390006051,-43.14066223047084,359.4,12.6,0.894405544,0.028588891,0.259594798
,305792000,-22.93153390006051,-43.14066223047084,359.4,12.6,0.894405544,0.028588891,0.259594798
,305792000,-22.93153390006051,-43.14066223047084,359.4,12.6,0.894405544,0.028588891,0.259594798
,305792000,-22.93153390006051,-43.14066223047084,359.4,12.6,0.894405544,0.028588891,0.259594798
,305792000,-22.931475391370665,-43.14066369117561,359.4,12.6,0.894405544,0.028588891,0.259594798
,305792000,-22.931475391370665,-43.14066369117561,359.4,12.6,0.894405544,0.028588891,0.259594798
,305792000,-22.931475391370665,-43.14066369117561,359.4,12.6,0.894405544,0.028588891,0.259594798
,305792000,-22.931475391370665,-43.14066369117561,359.4,12.6,0.894405544,0.028588891,0.259594798
,305792000,-22.931475391370665,-43.14066369117561,359.4,12.6,0.894405544,0.028588891,0.259594798
,305792000,-22.931475391370665,-43.14066369117561,359.4,12.6,0.894405544,0.028588891,0.259594798
,305792000,-22.931475391370665,-43.14066369117561,359.4,12.6,0.894405544,0.028588891,0.259594798
,305792000,-22.931475391370665,-43.14066369117561,359.4,12.6,0.894405544,0.028588891,0.259594798
,305792000,-22.931475391370665,-43.14066369117561,359.4,12.6,0.894405544,0.028588891,0.259594798
,305792000,-22.931475391370665,-43.14066369117561,359.4,12.6,0.894405544,0.028588891,0.259594798
,305792000,-22.931475391370665,-43.14066369117561,359.4,12.6,0.894405544,0.028588891,0.259594798
,305792000,-22.931475391370665,-43.14066369117561,359.4,12.6,0.894405544,0.028588891,0.259594798
,305792000,-22.931475391370665,-43.14066369117561,359.4,12.6,0.894405544,0.028588891,0.259594798
,305792000,-22.931475391370665,-43.14066369117561,359.4,12.6,0.894405544,0.028588891,0.259594798
,305792000,-22.931475391370665,-43.14066369117561,359.4,12.6,0.894405544,0.028588891,0.259594798
,305792000,-22.931475391370665,-43.14066369117561,359.4,12.6,0.894405544,0.028588891,0.259594798
,305792000,-22.931416882680317,-43.1406651518772,359.4,12.6,0.894405544,0.028588891,0.259594798
,305792000,-22.931416882680317,-43.1406651518772,359.4,12.6,0.894405544,0.028588891,0.259594798
,305792000,-22.931416882680317,-43.1406651518772,359.4,12.6,0.894405544,0.028588891,0.259594798
,305792000,-22.931416882680317,-43.1406651518772,359.4,12.6,0.894405544,0.028588891,0.259594798
,305792000,-22.931416882680317,-43.1406651518772,359.4,12.6,0.894405544,0.028588891,0.259594798
,305792000,-22.931416882680317,-43.1406651518772,359.4,12.6,0.892949998,0.0285555124,0.251935869
,305792000,-22.931416882680317,-43.1406651518772,359.4,12.6,0.892949998,0.0285555124,0.251935869
,305792000,-22.931416882680317,-43.1406651518772,359.4,12.6,0.892949998,0.0285555124,0.251935869
,305792000,-22.931416882680317,-43.1406651518772,359.4,12.6,0.892949998,0.0285555124,0.251509845
,305792000,-22.931416882680317,-43.1406651518772,359.4,12.6,0.892949998,0.0285555124,0.251509845
,305792000,-22.931416882680317,-43.1406651518772,359.4,12.6,0.892949998,0.0285555124,0.251509845
,305792000,-22.931416882680317,-43.1406651518772,359.4,12.6,0.892949998,0.0285555124,0.251509845
,305792000,-22.931416882680317,-43.1406651518772,359.4,12.6,0.892949998,0.0285555124,0.251509845
,305792000,-22.931416882680317,-43.1406651518772,359.4,12.6,0.892949998,0.0285555124,0.251509845
,305792000,-22.931358373989458,-43.14066661257561,359.4,12.6,0.892949998,0.0285555124,0.251509845
,305792000,-22.931358373989458,-43.14066661257561,359.4,12.6,0.892949998,0.0285555124,0.251509845
,305792000,-22.931358373989458,-43.14066661257561,359.4,12.6,0.892949998,0.0285555124,0.251509845
,305792000,-22.931358373989458,-43.14066661257561,359.4,12.6,0.892949998,0.0285555124,0.251509845
,305792000,-22.931358373989458,-43.14066661257561,359.4,12.6,0.892949998,0.0285555124,0.251509845
,305792000,-22.931358373989458,-43.14066661257561,359.4,12.6,0.892949998,0.0285555124,0.251509845
,305792000,-22.931358373989458,-43.14066661257561,359.4,12.6,0.892949998,0.0285555124,0.251509845
,305792000,-22.931358373989458,-43.14066661257561,359.4,12.6,0.892949998,0.0285555124,0.251509845
,305792000,-22.931358373989458,-43.14066661257561,359.4,12.6,0.892949998,0.0285555124,0.251509845
,305792000,-22.931358373989458,-43.14066661257561,359.4,12.6,0.892949998,0.0285555124,0.251509845
,305792000,-22.931358373989458,-43.14066661257561,359.4,12.6,0.892949998,0.0285555124,0.251509845
,305792000,-22.931358373989458,-43.14066661257561,359.4,12.6,0.892949998,0.0285555124,0.251509845
,305792000,-22.931358373989458,-43.14066661257561,359.4,12.6,0.892949998,0.0285555124,0.251509845
,305792000,-22.931358373989458,-43.14066661257561,359.4,12.6,0.892949998,0.0285555124,0.251509845
,305792000,-22.931358373989458,-43.14066661257561,359.4,12.6,0.892949998,0.0285555124,0.251509845
,305792000,-22.931299865298104,-43.14066807327083,359.4,12.6,0.892949998,0.0285555124,0.251509845
,305792000,-22.931299865298104,-43.14066807327083,359.4,12.6,0.892949998,0.0285555124,0.251509845
,305792000,-22.931299865298104,-43.14066807327083,359.4,12.6,0.892949998,0.0285555124,0.251509845
,305792000,-22.931299865298104,-43.14066807327083,359.4,12.6,0.892949998,0.0285555124,0.251509845
,305792000,-22.931299865298104,-43.14066807327083,359.4,12.6,0.892949998,0.0285555124,0.251509845
,305792000,-22.931299865298104,-43.14066807327083,359.4,12.6,0.892949998,0.0285555124,0.251509845
,305792000,-22.931299865298104,-43.14066807327083,359.4,12.6,0.892949998,0.0285555124,0.251509845
,305792000,-22.931299865298104,-43.14066807327083,359.4,12.6,0.892949998,0.0285555124,0.251509845
,305792000,-22.931299865298104,-43.14066807327083,359.4,12.6,0.892949998,0.0285555124,0.251509845
,305792000,-22.931299865298104,-43.14066807327083,359.4,12.6,0.892949998,0.0285555124,0.251509845
,305792000,-22.931299865298104,-43.14066807327083,359.4,12.6,0.892949998,0.0285555124,0.251509845
,305792000,-22.931299865298104,-43.14066807327083,359.4,12.6,0.892949998,0.0285555124,0.251509845
,305792000,-22.931299865298104,-43.14066807327083,359.4,12.6,0.892949998,0.0285555124,0.251509845
,305792000,-22.931299865298104,-43.14066807327083,359.4,12.6,0.892949998,0.0285555124,0.251509845
,305792000,-22.931299865298104,-43.14066807327083,359.4,12.6,0.892949998,0.0285555124,0.251509845
,305792000,-22.93124135660624,-43.14066953396287,359.4,12.6,0.892949998,0.0285555124,0.251509845
,305792000,-22.93124135660624,-43.14066953396287,359.4,12.6,0.892949998,0.0285555124,0.251509845
,305792000,-22.93124135660624,-43.14066953396287,359.4,12.6,0.892949998,0.0285555124,0.251509845
,305792000,-22.93124135660624,-43.14066953396287,359.4,12.6,0.892949998,0.0285555124,0.251509845
,305792000,-22.93124135660624,-43.14066953396287,359.4,12.6,0.892949998,0.0285555124,0.251509845
,305792000,-22.93124135660624,-43.14066953396287,359.4,12.6,0.892949998,0.0285555124,0.251509845
,305792000,-22.93124135660624,-43.14066953396287,359.4,12.6,0.891477823,0.0285111666,0.244744569
,305792000,-22.93124135660624,-43.14066953396287,359.4,12.6,0.891477823,0.0285111666,0.245421767
,305792000,-22.93124135660624,-43.14066953396287,359.4,12.6,0.891477823,0.0285111666,0.245421767
,305792000,-22.93124135660624,-43.14066953396287,359.4,12.6,0.891477823,0.0285111666,0.245421767
,305792000,-22.93124135660624,-43.14066953396287,359.4,12.6,0.891477823,0.0285111666,0.245421767
,305792000,-22.93124135660624,-43.14066953396287,359.4,12.6,0.891477823,0.0285111666,0.245421767
,305792000,-22.93124135660624,-43.14066953396287,359.4,12.6,0.891477823,0.0285111666,0.245421767
,305792000,-22.93124135660624,-43.14066953396287,359.4,12.6,0.891477823,0.0285111666,0.245421767
,305792000,-22.93124135660624,-43.14066953396287,359.4,12.6,0.891477823,0.0285111666,0.245421767
,305792000,-22.93124135660624,-43.14066953396287,359.4,12.6,0.891477823,0.0285111666,0.245421767
,305792000,-22.931182847913874,-43.14067099465173,359.4,12.6,0.891477823,0.0285111666,0.245421767
,305792000,-22.931182847913874,-43.14067099465173,359.4,12.6,0.891477823,0.0285111666,0.245421767
,305792000,-22.931182847913874,-43.14067099465173,359.4,12.6,0.891477823,0.0285111666,0.245421767
,305792000,-22.931182847913874,-43.14067099465173,359.4,12.6,0.891477823,0.0285111666,0.245421767
,305792000,-22.931182847913874,-43.14067099465173,359.4,12.6,0.891477823,0.0285111666,0.245421767
,305792000,-22.931182847913874,-43.14067099465173,359.4,12.6,0.891477823,0.0285111666,0.245421767
,305792000,-22.931182847913874,-43.14067099465173,359.4,12.6,0.891477823,0.0285111666,0.245421767
,305792000,-22.931182847913874,-43.14067099465173,359.4,12.6,0.891477823,0.0285111666,0.245421767
,305792000,-22.931182847913874,-43.14067099465173,359.4,12.6,0.891477823,0.0285111666,0.245421767
,305792000,-22.931182847913874,-43.14067099465173,359.4,12.6,0.891477823,0.0285111666,0.245421767
,305792000,-22.931182847913874,-43.14067099465173,359.4,12.6,0.891477823,0.0285111666,0.245421767
,305792000,-22.931182847913874,-43.14067099465173,359.4,12.6,0.891477823,0.0285111666,0.245421767
,305792000,-22.931182847913874,-43.14067099465173,359.4,12.6,0.891477823,0.0285111666,0.245421767
,305792000,-22.931182847913874,-43.14067099465173,359.4,12.6,0.891477823,0.0285111666,0.245421767
,305792000,-22.931124339221007,-43.140672455337395,359.4,12.6,0.891477823,0.0285111666,0.245421767
,305792000,-22.931124339221007,-43.140672455337395,359.4,12.6,0.891477823,0.0285111666,0.245421767
,305792000,-22.931124339221007,-43.140672455337395,359.4,12.6,0.891477823,0.0285111666,0.245421767
,305792000,-22.931124339221007,-43.140672455337395,359.4,12.6,0.891477823,0.0285111666,0.245421767
,305792000,-22.931124339221007,-43.140672455337395,359.4,12.6,0.891477823,0.0285111666,0.245421767
,305792000,-22.930886723337117,-43.14076382340365,356.1,13.1,0.891477823,0.0285111666,0.245421767
,305792000,-22.930886723337117,-43.14076382340365,356.1,13.1,0.891477823,0.0285111666,0.245421767
,305792000,-22.930886723337117,-43.14076382340365,356.1,13.1,0.891477823,0.0285111666,0.245421767
,305792000,-22.930886723337117,-43.14076382340365,356.1,13.1,0.891477823,0.0285111666,0.245421767
,305792000,-22.930886723337117,-43.14076382340365,356.1,13.1,0.891477823,0.0285111666,0.245421767
,305792000,-22.930886723337117,-43.14076382340365,356.1,13.1,0.891477823,0.0285111666,0.245421767
,305792000,-22.930886723337117,-43.14076382340365,356.1,13.1,0.891477823,0.0285111666,0.245421767
,305792000,-22.930886723337117,-43.14076382340365,356.1,13.1,0.891477823,0.0285111666,0.245421767
,305792000,-22.930886723337117,-43.14076382340365,356.1,13.1,0.891477823,0.0285111666,0.245421767
,305792000,-22.930886723337117,-43.14076382340365,356.1,13.1,0.891477823,0.0285111666,0.245421767
,305792000,-22.930886723337117,-43.14076382340365,356.1,13.1,0.891477823,0.0285111666,0.245421767
,305792000,-22.930886723337117,-43.14076382340365,356.1,13.1,0.891477823,0.0285111666,0.245421767
,305792000,-22.930886723337117,-43.14076382340365,356.1,13.1,0.891477823,0.0285111666,0.245421767
,305792000,-22.930886723337117,-43.14076382340365,356.1,13.1,0.891477823,0.0285111666,0.245421767
,305792000,-22.930886723337117,-43.14076382340365,356.1,13.1,0.891477823,0.0285111666,0.245421767
,305792000,-22.930826074701304,-43.140769119973925,356.1,13.1,0.891477823,0.0285111666,0.245421767
,305792000,-22.930826074701304,-43.140769119973925,356.1,13.1,0.891477823,0.0285111666,0.245421767
,305792000,-22.930826074701304,-43.140769119973925,356.1,13.1,0.888788879,0.0283999443,0.224002749
,305792000,-22.930826074701304,-43.140769119973925,356.1,13.1,0.888788879,0.0283999443,0.224002749
,305792000,-22.930826074701304,-43.140769119973925,356.1,13.1,0.888788879,0.0283999443,0.22415863
,305792000,-22.930826074701304,-43.140769119973925,356.1,13.1,0.888788879,0.0283999443,0.22415863
,305792000,-22.930826074701304,-43.140769119973925,356.1,13.1,0.888788879,0.0283999443,0.22415863
,305792000,-22.930826074701304,-43.140769119973925,356.1,13.1,0.888788879,0.0283999443,0.22415863
,305792000,-22.930826074701304,-43.140769119973925,356.1,13.1,0.888788879,0.0283999443,0.22415863
,305792000,-22.930826074701304,-43.140769119973925,356.1,13.1,0.888788879,0.0283999443,0.22415863
,305792000,-22.930826074701304,-43.140769119973925,356.1,13.1,0.888788879,0.0283999443,0.22415863
,305792000,-22.930826074701304,-43.140769119973925,356.1,13.1,0.888788879,0.0283999443,0.22415863
,305792000,-22.930826074701304,-43.140769119973925,356.1,13.1,0.888788879,0.0283999443,0.22415863
,305792000,-22.930826074701304,-43.140769119973925,356.1,13.1,0.888788879,0.0283999443,0.22415863
,305792000,-22.93076542606456,-43.14077441653742,356.1,13.1,0.888788879,0.0283999443,0.22415863
,305792000,-22.93076542606456,-43.14077441653742,356.1,13.1,0.888788879,0.0283999443,0.22415863
,305792000,-22.93076542606456,-43.14077441653742,356.1,13.1,0.888788879,0.0283999443,0.22415863
,305792000,-22.93076542606456,-43.14077441653742,356.1,13.1,0.888788879,0.0283999443,0.22415863
,305792000,-22.93076542606456,-43.14077441653742,356.1,13.1,0.888788879,0.0283999443,0.22415863
,305792000,-22.93076542606456,-43.14077441653742,356.1,13.1,0.888788879,0.0283999443,0.22415863
,305792000,-22.93076542606456,-43.14077441653742,356.1,13.1,0.888788879,0.0283999443,0.22415863
,305792000,-22.93076542606456,-43.14077441653742,356.1,13.1,0.888788879,0.0283999443,0.22415863
,305792000,-22.93076542606456,-43.14077441653742,356.1,13.1,0.888788879,0.0283999443,0.22415863
,305792000,-22.93076542606456,-43.14077441653742,356.1,13.1,0.888788879,0.0283999443,0.22415863
,305792000,-22.93076542606456,-43.14077441653742,356.1,13.1,0.888788879,0.0283999443,0.22415863
,305792000,-22.93076542606456,-43.14077441653742,356.1,13.1,0.888788879,0.0283999443,0.22415863
,305792000,-22.93076542606456,-43.14077441653742,356.1,13.1,0.888788879,0.0283999443,0.22415863
,305792000,-22.93076542606456,-43.14077441653742,356.1,13.1,0.888788879,0.0283999443,0.22415863
,305792000,-22.93076542606456,-43.14077441653742,356.1,13.1,0.888788879,0.0283999443,0.22415863
,305792000,-22.93070477742689,-43.14077971309413,356.1,13.1,0.888788879,0.0283999443,0.22415863
,305792000,-22.93070477742689,-43.14077971309413,356.1,13.1,0.888788879,0.0283999443,0.22415863
,305792000,-22.93070477742689,-43.14077971309413,356.1,13.1,0.888788879,0.0283999443,0.22415863
,305792000,-22.93070477742689,-43.14077971309413,356.1,13.1,0.888788879,0.0283999443,0.22415863
,305792000,-22.93070477742689,-43.14077971309413,356.1,13.1,0.888788879,0.0283999443,0.22415863
,305792000,-22.93070477742689,-43.14077971309413,356.1,13.1,0.888788879,0.0283999443,0.22415863
,305792000,-22.93070477742689,-43.14077971309413,356.1,13.1,0.888788879,0.0283999443,0.22415863
,305792000,-22.93070477742689,-43.14077971309413,356.1,13.1,0.888788879,0.0283999443,0.22415863
,305792000,-22.93070477742689,-43.14077971309413,356.1,13.1,0.888788879,0.0283999443,0.22415863
,305792000,-22.93070477742689,-43.14077971309413,356.1,13.1,0.888788879,0.0283999443,0.22415863
,305792000,-22.93070477742689,-43.14077971309413,356.1,13.1,0.888788879,0.0283999443,0.22415863
,305792000,-22.93070477742689,-43.14077971309413,356.1,13.1,0.888788879,0.0283999443,0.22415863
,305792000,-22.93070477742689,-43.14077971309413,356.1,13.1,0.888788879,0.0283999443,0.22415863
,305792000,-22.93070477742689,-43.14077971309413,356.1,13.1,0.888788879,0.0283999443,0.22415863
,305792000,-22.93070477742689,-43.14077971309413,356.1,13.1,0.888788879,0.0283999443,0.22415863
,305792000,-22.930644128788295,-43.14078500964407,356.1,13.1,0.887311101,0.0283555984,0.215506896
,305792000,-22.930644128788295,-43.14078500964407,356.1,13.1,0.887311101,0.0283555984,0.215506896
,305792000,-22.930644128788295,-43.14078500964407,356.1,13.1,0.887311101,0.0283555984,0.215506896
,305792000,-22.930644128788295,-43.14078500964407,356.1,13.1,0.887311101,0.0283555984,0.215506896
,305792000,-22.930644128788295,-43.14078500964407,356.1,13.1,0.887311101,0.0283555984,0.215506896
,305792000,-22.930644128788295,-43.14078500964407,356.1,13.1,0.887311101,0.0283555984,0.215506896
,305792000,-22.930644128788295,-43.14078500964407,356.1,13.1,0.887311101,0.0283555984,0.215506896
,305792000,-22.930644128788295,-43.14078500964407,356.1,13.1,0.887311101,0.0283555984,0.215506896
,305792000,-22.930644128788295,-43.14078500964407,356.1,13.1,0.887311101,0.0283555984,0.215506896
,305792000,-22.930644128788295,-43.14078500964407,356.1,13.1,0.887311101,0.0283555984,0.215506896
,305792000,-22.930644128788295,-43.14078500964407,356.1,13.1,0.887311101,0.0283555984,0.215506896
,305792000,-22.930644128788295,-43.14078500964407,356.1,13.1,0.887311101,0.0283555984,0.215506896
,305792000,-22.930644128788295,-43.14078500964407,356.1,13.1,0.887311101,0.0283555984,0.215506896
,305792000,-22.930644128788295,-43.14078500964407,356.1,13.1,0.887311101,0.0283555984,0.215506896
,305792000,-22.930644128788295,-43.14078500964407,356.1,13.1,0.887311101,0.0283555984,0.215506896
,305792000,-22.930583480148776,-43.14079030618723,356.1,13.1,0.887311101,0.0283555984,0.215506896
,305792000,-22.930583480148776,-43.14079030618723,356.1,13.1,0.887311101,0.0283555984,0.215506896
,305792000,-22.930583480148776,-43.14079030618723,356.1,13.1,0.887311101,0.0283555984,0.215506896
,305792000,-22.930583480148776,-43.14079030618723,356.1,13.1,0.887311101,0.0283555984,0.215506896
,305792000,-22.930583480148776,-43.14079030618723,356.1,13.1,0.887311101,0.0283555984,0.215506896
,305792000,-22.930583480148776,-43.14079030618723,356.1,13.1,0.887311101,0.0283555984,0.215506896
,305792000,-22.930583480148776,-43.14079030618723,356.1,13.1,0.887311101,0.0283555984,0.215506896
,305792000,-22.930583480148776,-43.14079030618723,356.1,13.1,0.887311101,0.0283555984,0.215506896
,305792000,-22.930583480148776,-43.14079030618723,356.1,13.1,0.887311101,0.0283555984,0.215506896
,305792000,-22.930522831508327,-43.14079560272361,356.1,13.1,0.887311101,0.0283555984,0.215506896
,305792000,-22.930522831508327,-43.14079560272361,356.1,13.1,0.887311101,0.0283555984,0.215506896
,305792000,-22.930522831508327,-43.14079560272361,356.1,13.1,0.887311101,0.0283555984,0.215506896
,305792000,-22.930522831508327,-43.14079560272361,356.1,13.1,0.887311101,0.0283555984,0.215506896
,305792000,-22.930522831508327,-43.14079560272361,356.1,13.1,0.887311101,0.0283555984,0.215506896
,305792000,-22.930522831508327,-43.14079560272361,356.1,13.1,0.887311101,0.0283555984,0.215506896
,305792000,-22.930462182866957,-43.1408008992532,356.1,13.1,0.887311101,0.0283555984,0.215506896
,305792000,-22.930462182866957,-43.1408008992532,356.1,13.1,0.887311101,0.0283555984,0.215506896
,305792000,-22.930462182866957,-43.1408008992532,356.1,13.1,0.887311101,0.0283555984,0.215506896
,305792000,-22.930462182866957,-43.1408008992532,356.1,13.1,0.887311101,0.0283555984,0.215506896
,305792000,-22.930462182866957,-43.1408008992532,356.1,13.1,0.887311101,0.0283555984,0.215506896
,305792000,-22.930462182866957,-43.1408008992532,356.1,13.1,0.88581109,0.0283110142,0.208527952
,305792000,-22.930462182866957,-43.1408008992532,356.1,13.1,0.88581109,0.0283110142,0.208527952
,305792000,-22.930462182866957,-43.1408008992532,356.1,13.1,0.88581109,0.0283110142,0.208527952
,305792000,-22.930462182866957,-43.1408008992532,356.1,13.1,0.88581109,0.0283110142,0.208635181
,305792000,-22.930462182866957,-43.1408008992532,356.1,13.1,0.88581109,0.0283110142,0.208635181
,305792000,-22.930462182866957,-43.1408008992532,356.1,13.1,0.88581109,0.0283110142,0.208635181
,305792000,-22.930462182866957,-43.1408008992532,356.1,13.1,0.88581109,0.0283110142,0.208635181
,305792000,-22.930462182866957,-43.1408008992532,356.1,13.1,0.88581109,0.0283110142,0.208635181
,305792000,-22.930462182866957,-43.1408008992532,356.1,13.1,0.88581109,0.0283110142,0.208635181
,305792000,-22.930462182866957,-43.1408008992532,356.1,13.1,0.88581109,0.0283110142,0.208635181
,305792000,-22.930462182866957,-43.1408008992532,356.1,13.1,0.88581109,0.0283110142,0.208635181
,305792000,-22.930401534224657,-43.14080619577602,356.1,13.1,0.88581109,0.0283110142,0.208635181
,305792000,-22.930401534224657,-43.14080619577602,356.1,13.1,0.88581109,0.0283110142,0.208635181
,305792000,-22.930401534224657,-43.14080619577602,356.1,13.1,0.88581109,0.0283110142,0.208635181
,305792000,-22.930401534224657,-43.14080619577602,356.1,13.1,0.88581109,0.0283110142,0.208635181
,305792000,-22.930401534224657,-43.14080619577602,356.1,13.1,0.88581109,0.0283110142,0.208635181
,305792000,-22.930401534224657,-43.14080619577602,356.1,13.1,0.88581109,0.0283110142,0.208635181
,305792000,-22.930340885581433,-43.140811492292066,356.1,13.1,0.88581109,0.0283110142,0.208635181
,305792000,-22.930340885581433,-43.140811492292066,356.1,13.1,0.88581109,0.0283110142,0.208635181
,305792000,-22.930340885581433,-43.140811492292066,356.1,13.1,0.88581109,0.0283110142,0.208635181
,305792000,-22.930340885581433,-43.140811492292066,356.1,13.1,0.88581109,0.0283110142,0.208635181
,305792000,-22.930340885581433,-43.140811492292066,356.1,13.1,0.88581109,0.0283110142,0.208635181
,305792000,-22.930338708533917,-43.14083849764891,354.1,13.2,0.88581109,0.0283110142,0.208635181
,305792000,-22.930338708533917,-43.14083849764891,354.1,13.2,0.88581109,0.0283110142,0.208635181
,305792000,-22.930338708533917,-43.14083849764891,354.1,13.2,0.88581109,0.0283110142,0.208635181
,305792000,-22.930338708533917,-43.14083849764891,354.1,13.2,0.88581109,0.0283110142,0.208635181
,305792000,-22.930338708533917,-43.14083849764891,354.1,13.2,0.88581109,0.0283110142,0.208635181
,305792000,-22.930338708533917,-43.14083849764891,354.1,13.2,0.88581109,0.0283110142,0.208635181
,305792000,-22.930338708533917,-43.14083849764891,354.1,13.2,0.88581109,0.0283110142,0.208635181
,305792000,-22.930338708533917,-43.14083849764891,354.1,13.2,0.88581109,0.0283110142,0.208635181
,305792000,-22.930338708533917,-43.14083849764891,354.1,13.2,0.88581109,0.0283110142,0.208635181
,305792000,-22.930338708533917,-43.14083849764891,354.1,13.2,0.884288847,0.0282666683,0.200833365
,305792000,-22.930338708533917,-43.14083849764891,354.1,13.2,0.884288847,0.0282666683,0.200640664
,305792000,-22.930338708533917,-43.14083849764891,354.1,13.2,0.884288847,0.0282666683,0.200640664
,305792000,-22.930338708533917,-43.14083849764891,354.1,13.2,0.884288847,0.0282666683,0.200640664
,305792000,-22.930338708533917,-43.14083849764891,354.1,13.2,0.884288847,0.0282666683,0.200640664
,305792000,-22.930338708533917,-43.14083849764891,354.1,13.2,0.884288847,0.0282666683,0.200640664
,305792000,-22.93027780666739,-43.14084613391993,354.1,13.2,0.884288847,0.0282666683,0.200640664
,305792000,-22.93027780666739,-43.14084613391993,354.1,13.2,0.884288847,0.0282666683,0.200640664
,305792000,-22.93027780666739,-43.14084613391993,354.1,13.2,0.884288847,0.0282666683,0.200640664
,305792000,-22.93027780666739,-43.14084613391993,354.1,13.2,0.884288847,0.0282666683,0.200640664
,305792000,-22.93027780666739,-43.14084613391993,354.1,13.2,0.884288847,0.0282666683,0.200640664
,305792000,-22.93027780666739,-43.14084613391993,354.1,13.2,0.884288847,0.0282666683,0.200640664
,305792000,-22.93027780666739,-43.14084613391993,354.1,13.2,0.884288847,0.0282666683,0.200640664
,305792000,-22.93027780666739,-43.14084613391993,354.1,13.2,0.884288847,0.0282666683,0.200640664
,305792000,-22.93027780666739,-43.14084613391993,354.1,13.2,0.884288847,0.0282666683,0.200640664
,305792000,-22.93027780666739,-43.14084613391993,354.1,13.2,0.884288847,0.0282666683,0.200640664
,305792000,-22.93027780666739,-43.14084613391993,354.1,13.2,0.884288847,0.0282666683,0.200640664
,305792000,-22.93027780666739,-43.14084613391993,354.1,13.2,0.884288847,0.0282666683,0.200640664
,305792000,-22.93027780666739,-43.14084613391993,354.1,13.2,0.884288847,0.0282666683,0.200640664
,305792000,-22.93027780666739,-43.14084613391993,354.1,13.2,0.884288847,0.0282666683,0.200640664
,305792000,-22.93027780666739,-43.14084613391993,354.1,13.2,0.884288847,0.0282666683,0.200640664
,305792000,-22.9302169047996,-43.14085377018204,354.1,13.2,0.884288847,0.0282666683,0.200640664
,305792000,-22.9302169047996,-43.14085377018204,354.1,13.2,0.884288847,0.0282666683,0.200640664
,305792000,-22.9302169047996,-43.14085377018204,354.1,13.2,0.884288847,0.0282666683,0.200640664
,305792000,-22.9302169047996,-43.14085377018204,354.1,13.2,0.884288847,0.0282666683,0.200640664
,305792000,-22.9302169047996,-43.14085377018204,354.1,13.2,0.884288847,0.0282666683,0.200640664
,305792000,-22.9302169047996,-43.14085377018204,354.1,13.2,0.884288847,0.0282666683,0.200640664
,305792000,-22.9302169047996,-43.14085377018204,354.1,13.2,0.884288847,0.0282666683,0.200640664
,305792000,-22.9302169047996,-43.14085377018204,354.1,13.2,0.884288847,0.0282666683,0.200640664
,305792000,-22.9302169047996,-43.14085377018204,354.1,13.2,0.884288847,0.0282666683,0.200640664
,305792000,-22.9302169047996,-43.14085377018204,354.1,13.2,0.884288847,0.0282666683,0.200640664
,305792000,-22.9302169047996,-43.14085377018204,354.1,13.2,0.884288847,0.0282666683,0.200640664
,305792000,-22.9302169047996,-43.14085377018204,354.1,13.2,0.884288847,0.0282666683,0.200640664
,305792000,-22.9302169047996,-43.14085377018204,354.1,13.2,0.884288847,0.0282666683,0.200640664
,305792000,-22.9302169047996,-43.14085377018204,354.1,13.2,0.884288847,0.0282666683,0.200640664
,305792000,-22.9302169047996,-43.14085377018204,354.1,13.2,0.884288847,0.0282666683,0.200640664
,305792000,-22.93015600293055,-43.14086140643527,354.1,13.2,0.884288847,0.0282666683,0.200640664
,305792000,-22.93015600293055,-43.14086140643527,354.1,13.2,0.884288847,0.0282666683,0.200640664
,305792000,-22.93015600293055,-43.14086140643527,354.1,13.2,0.883627772,0.0282222033,0.194347084
,305792000,-22.93015600293055,-43.14086140643527,354.1,13.2,0.883627772,0.0282222033,0.194347084
,305792000,-22.93015600293055,-43.14086140643527,354.1,13.2,0.883627772,0.0282222033,0.194347084
,305792000,-22.93015600293055,-43.14086140643527,354.1,13.2,0.883627772,0.0282222033,0.194347084
,305792000,-22.93015600293055,-43.14086140643527,354.1,13.2,0.883627772,0.0282222033,0.194347084
,305792000,-22.93015600293055,-43.14086140643527,354.1,13.2,0.883627772,0.0282222033,0.194347084
,305792000,-22.93015600293055,-43.14086140643527,354.1,13.2,0.883627772,0.0282222033,0.194347084
,305792000,-22.93015600293055,-43.14086140643527,354.1,13.2,0.883627772,0.0282222033,0.194347084
,305792000,-22.93015600293055,-43.14086140643527,354.1,13.2,0.883627772,0.0282222033,0.194347084
,305792000,-22.93015600293055,-43.14086140643527,354.1,13.2,0.883627772,0.0282222033,0.194347084
,305792000,-22.93015600293055,-43.14086140643527,354.1,13.2,0.883627772,0.0282222033,0.194347084
,305792000,-22.930095101060235,-43.1408690426796,354.1,13.2,0.883627772,0.0282222033,0.194347084
,305792000,-22.930095101060235,-43.1408690426796,354.1,13.2,0.883627772,0.0282222033,0.194347084
,305792000,-22.930095101060235,-43.1408690426796,354.1,13.2,0.883627772,0.0282222033,0.194347084
,305792000,-22.930095101060235,-43.1408690426796,354.1,13.2,0.883627772,0.0282222033,0.194347084
,305792000,-22.930095101060235,-43.1408690426796,354.1,13.2,0.883627772,0.0282222033,0.194347084
,305792000,-22.930095101060235,-43.1408690426796,354.1,13.2,0.883627772,0.0282222033,0.194347084
,305792000,-22.930095101060235,-43.1408690426796,354.1,13.2,0.883627772,0.0282222033,0.194347084
,305792000,-22.930095101060235,-43.1408690426796,354.1,13.2,0.883627772,0.0282222033,0.194347084
,305792000,-22.930095101060235,-43.1408690426796,354.1,13.2,0.883627772,0.0282222033,0.194347084
,305792000,-22.930095101060235,-43.1408690426796,354.1,13.2,0.883627772,0.0282222033,0.194347084
,305792000,-22.930095101060235,-43.1408690426796,354.1,13.2,0.883627772,0.0282222033,0.194347084
,305792000,-22.930095101060235,-43.1408690426796,354.1,13.2,0.883627772,0.0282222033,0.194347084
,305792000,-22.930095101060235,-43.1408690426796,354.1,13.2,0.883627772,0.0282222033,0.194347084
,305792000,-22.930095101060235,-43.1408690426796,354.1,13.2,0.883627772,0.0282222033,0.194347084
,305792000,-22.930095101060235,-43.1408690426796,354.1,13.2,0.883627772,0.0282222033,0.194347084
,305792000,-22.930034199188665,-43.140876678915035,354.1,13.2,0.883627772,0.0282222033,0.194347084
,305792000,-22.930034199188665,-43.140876678915035,354.1,13.2,0.883627772,0.0282222033,0.194347084
,305792000,-22.930034199188665,-43.140876678915035,354.1,13.2,0.883627772,0.0282222033,0.194347084
,305792000,-22.930034199188665,-43.140876678915035,354.1,13.2,0.883627772,0.0282222033,0.194347084
,305792000,-22.930034199188665,-43.140876678915035,354.1,13.2,0.883627772,0.0282222033,0.194347084
,305792000,-22.930034199188665,-43.140876678915035,354.1,13.2,0.883627772,0.0282222033,0.194347084
,305792000,-22.930034199188665,-43.140876678915035,354.1,13.2,0.883627772,0.0282222033,0.194347084
,305792000,-22.930034199188665,-43.140876678915035,354.1,13.2,0.883627772,0.0282222033,0.194347084
,305792000,-22.930034199188665,-43.140876678915035,354.1,13.2,0.883627772,0.0282222033,0.194347084
,305792000,-22.930034199188665,-43.140876678915035,354.1,13.2,0.883627772,0.0282222033,0.194347084
,305792000,-22.930034199188665,-43.140876678915035,354.1,13.2,0.883627772,0.0282222033,0.194347084
,305792000,-22.930034199188665,-43.140876678915035,354.1,13.2,0.883627772,0.0282222033,0.194347084
,305792000,-22.930034199188665,-43.140876678915035,354.1,13.2,0.883627772,0.0282222033,0.194347084
,305792000,-22.930034199188665,-43.140876678915035,354.1,13.2,0.883627772,0.0282222033,0.194347084
,305792000,-22.930034199188665,-43.140876678915035,354.1,13.2,0.883627772,0.0282222033,0.194347084
,305792000,-22.929973297315836,-43.14088431514158,354.1,13.2,0.883627772,0.0282222033,0.194347084
,305792000,-22.929973297315836,-43.14088431514158,354.1,13.2,0.882138908,0.0281889439,0.186165541
,305792000,-22.929973297315836,-43.14088431514158,354.1,13.2,0.882138908,0.0281889439,0.186165541
,305792000,-22.929973297315836,-43.14088431514158,354.1,13.2,0.882138908,0.0281889439,0.186508372
,305792000,-22.929973297315836,-43.14088431514158,354.1,13.2,0.882138908,0.0281889439,0.186508372
,305792000,-22.929973297315836,-43.14088431514158,354.1,13.2,0.882138908,0.0281889439,0.186508372
,305792000,-22.929973297315836,-43.14088431514158,354.1,13.2,0.882138908,0.0281889439,0.186508372
,305792000,-22.929973297315836,-43.14088431514158,354.1,13.2,0.882138908,0.0281889439,0.186508372
,305792000,-22.929973297315836,-43.14088431514158,354.1,13.2,0.882138908,0.0281889439,0.186508372
,305792000,-22.929973297315836,-43.14088431514158,354.1,13.2,0.882138908,0.0281889439,0.186508372
,305792000,-22.929973297315836,-43.14088431514158,354.1,13.2,0.882138908,0.0281889439,0.186508372
,305792000,-22.929973297315836,-43.14088431514158,354.1,13.2,0.882138908,0.0281889439,0.186508372
,305792000,-22.929912395441754,-43.140891951359215,354.1,13.2,0.882138908,0.0281889439,0.186508372
,305792000,-22.929912395441754,-43.140891951359215,354.1,13.2,0.882138908,0.0281889439,0.186508372
,305792000,-22.929912395441754,-43.140891951359215,354.1,13.2,0.882138908,0.0281889439,0.186508372
,305792000,-22.929912395441754,-43.140891951359215,354.1,13.2,0.882138908,0.0281889439,0.186508372
,305792000,-22.929912395441754,-43.140891951359215,354.1,13.2,0.882138908,0.0281889439,0.186508372
,305792000,-22.929912395441754,-43.140891951359215,354.1,13.2,0.882138908,0.0281889439,0.186508372
,305792000,-22.929912395441754,-43.140891951359215,354.1,13.2,0.882138908,0.0281889439,0.186508372
,305792000,-22.929912395441754,-43.140891951359215,354.1,13.2,0.882138908,0.0281889439,0.186508372
,305792000,-22.929912395441754,-43.140891951359215,354.1,13.2,0.882138908,0.0281889439,0.186508372
,305792000,-22.929912395441754,-43.140891951359215,354.1,13.2,0.882138908,0.0281889439,0.186508372
,305792000,-22.929912395441754,-43.140891951359215,354.1,13.2,0.882138908,0.0281889439,0.186508372
,305792000,-22.929912395441754,-43.140891951359215,354.1,13.2,0.882138908,0.0281889439,0.186508372
,305792000,-22.929912395441754,-43.140891951359215,354.1,13.2,0.882138908,0.0281889439,0.186508372
,305792000,-22.929912395441754,-43.140891951359215,354.1,13.2,0.882138908,0.0281889439,0.186508372
,305792000,-22.929912395441754,-43.140891951359215,354.1,13.2,0.882138908,0.0281889439,0.186508372
,305792000,-22.929851493566403,-43.140899587567965,354.1,13.2,0.882138908,0.0281889439,0.186508372
,305792000,-22.929851493566403,-43.140899587567965,354.1,13.2,0.882138908,0.0281889439,0.186508372
,305792000,-22.929851493566403,-43.140899587567965,354.1,13.2,0.882138908,0.0281889439,0.186508372
,305792000,-22.929851493566403,-43.140899587567965,354.1,13.2,0.882138908,0.0281889439,0.186508372
,305792000,-22.929851493566403,-43.140899587567965,354.1,13.2,0.882138908,0.0281889439,0.186508372
,305792000,-22.929851493566403,-43.140899587567965,354.1,13.2,0.882138908,0.0281889439,0.186508372
,305792000,-22.929851493566403,-43.140899587567965,354.1,13.2,0.882138908,0.0281889439,0.186508372
,305792000,-22.929851493566403,-43.140899587567965,354.1,13.2,0.882138908,0.0281889439,0.186508372
,305792000,-22.929851493566403,-43.140899587567965,354.1,13.2,0.882138908,0.0281889439,0.186508372
,305792000,-22.929851493566403,-43.140899587567965,354.1,13.2,0.882138908,0.0281889439,0.186508372
,305792000,-22.929851493566403,-43.140899587567965,354.1,13.2,0.882138908,0.0281889439,0.186508372
,305792000,-22.929851493566403,-43.140899587567965,354.1,13.2,0.882138908,0.0281889439,0.186508372
,305792000,-22.929851493566403,-43.140899587567965,354.1,13.2,0.882138908,0.0281889439,0.186508372
,305792000,-22.929851493566403,-43.140899587567965,354.1,13.2,0.882138908,0.0281889439,0.186508372
,305792000,-22.929851493566403,-43.140899587567965,354.1,13.2,0.882138908,0.0281889439,0.186508372
,305792000,-22.929790591689795,-43.14090722376782,354.1,13.2,0.880627751,0.0281332731,0.178271234
,305792000,-22.929790591689795,-43.14090722376782,354.1,13.2,0.880627751,0.0281332731,0.178271234
,305792000,-22.929790591689795,-43.14090722376782,354.1,13.2,0.880627751,0.0281332731,0.178669676
,305792000,-22.929790591689795,-43.14090722376782,354.1,13.2,0.880627751,0.0281332731,0.178669676
,305792000,-22.929790591689795,-43.14090722376782,354.1,13.2,0.880627751,0.0281332731,0.178669676
,305792000,-22.929790591689795,-43.14090722376782,354.1,13.2,0.880627751,0.0281332731,0.178669676
,305792000,-22.929790591689795,-43.14090722376782,354.1,13.2,0.880627751,0.0281332731,0.178669676
,305792000,-22.929790591689795,-43.14090722376782,354.1,13.2,0.880627751,0.0281332731,0.178669676
,305792000,-22.929790591689795,-43.14090722376782,354.1,13.2,0.880627751,0.0281332731,0.178669676
,305792000,-22.929790591689795,-43.14090722376782,354.1,13.2,0.880627751,0.0281332731,0.178669676
,305792000,-22.929790591689795,-43.14090722376782,354.1,13.2,0.880627751,0.0281332731,0.178669676
,305792000,-22.929790591689795,-43.14090722376782,354.1,13.2,0.880627751,0.0281332731,0.178669676
,305792000,-22.929790591689795,-43.14090722376782,354.1,13.2,0.880627751,0.0281332731,0.178669676
,305792000,-22.929790591689795,-43.14090722376782,354.1,13.2,0.880627751,0.0281332731,0.178669676
,305792000,-22.929790591689795,-43.14090722376782,354.1,13.2,0.880627751,0.0281332731,0.178669676
,305792000,-22.929729689811932,-43.14091485995877,354.1,13.2,0.880627751,0.0281332731,0.178669676
,305792000,-22.929711986809608,-43.1409826391403,350.8,13.4,0.880627751,0.0281332731,0.178669676
,305792000,-22.929711986809608,-43.1409826391403,350.8,13.4,0.880627751,0.0281332731,0.178669676
,305792000,-22.929711986809608,-43.1409826391403,350.8,13.4,0.880627751,0.0281332731,0.178669676
,305792000,-22.929711986809608,-43.1409826391403,350.8,13.4,0.880627751,0.0281332731,0.178669676
,305792000,-22.929711986809608,-43.1409826391403,350.8,13.4,0.880627751,0.0281332731,0.178669676
,305792000,-22.92958936919505,-43.141005801610596,350.8,13.4,0.880627751,0.0281332731,0.178669676
,305792000,-22.92958936919505,-43.141005801610596,350.8,13.4,0.880627751,0.0281332731,0.178669676
,305792000,-22.92958936919505,-43.141005801610596,350.8,13.4,0.880627751,0.0281332731,0.178669676
,305792000,-22.92958936919505,-43.141005801610596,350.8,13.4,0.880627751,0.0281332731,0.178669676
,305792000,-22.92958936919505,-43.141005801610596,350.8,13.4,0.880627751,0.0281332731,0.178669676
,305792000,-22.92958936919505,-43.141005801610596,350.8,13.4,0.880627751,0.0281332731,0.178669676
,305792000,-22.92958936919505,-43.141005801610596,350.8,13.4,0.880627751,0.0281332731,0.178669676
,305792000,-22.92946675157257,-43.14102896403095,350.8,13.4,0.880627751,0.0281332731,0.178669676
,305792000,-22.92946675157257,-43.14102896403095,350.8,13.4,0.880627751,0.0281332731,0.178669676
,305792000,-22.92946675157257,-43.14102896403095,350.8,13.4,0.880627751,0.0281332731,0.178669676
,305792000,-22.92946675157257,-43.14102896403095,350.8,13.4,0.880627751,0.0281332731,0.178669676
,305792000,-22.929405442758362,-43.141040545222396,350.8,13.4,0.880627751,0.0281332731,0.178669676
,305792000,-22.929405442758362,-43.141040545222396,350.8,13.4,0.880627751,0.0281332731,0.178669676
,305792000,-22.929405442758362,-43.141040545222396,350.8,13.4,0.880627751,0.0281332731,0.178669676
,305792000,-22.929405442758362,-43.141040545222396,350.8,13.4,0.878294468,0.0280110836,0.15816389
,305792000,-22.929405442758362,-43.141040545222396,350.8,13.4,0.878294468,0.0280110836,0.15816389
,305792000,-22.929405442758362,-43.141040545222396,350.8,13.4,0.878294468,0.0280110836,0.15816389
,305792000,-22.929405442758362,-43.141040545222396,350.8,13.4,0.878294468,0.0280110836,0.15816389
,305792000,-22.929405442758362,-43.141040545222396,350.8,13.4,0.878294468,0.0280110836,0.15816389
,305792000,-22.929405442758362,-43.141040545222396,350.8,13.4,0.878294468,0.0280110836,0.15816389
,305792000,-22.929405442758362,-43.141040545222396,350.8,13.4,0.878294468,0.0280110836,0.15816389
,305792000,-22.929405442758362,-43.141040545222396,350.8,13.4,0.878294468,0.0280110836,0.15816389
,305792000,-22.929405442758362,-43.141040545222396,350.8,13.4,0.878294468,0.0280110836,0.15816389
,305792000,-22.929405442758362,-43.141040545222396,350.8,13.4,0.877805591,0.0279999971,0.155400902
,305792000,-22.929405442758362,-43.141040545222396,350.8,13.4,0.877805591,0.0279999971,0.155400902
,305792000,-22.929344133942177,-43.141052126401355,350.8,13.4,0.877805591,0.0279999971,0.155400902
,305792000,-22.929344133942177,-43.141052126401355,350.8,13.4,0.877805591,0.0279999971,0.155771866
,305792000,-22.929344133942177,-43.141052126401355,350.8,13.4,0.877805591,0.0279999971,0.155771866
,305792000,-22.929344133942177,-43.141052126401355,350.8,13.4,0.877805591,0.0279999971,0.155771866
,305792000,-22.929344133942177,-43.141052126401355,350.8,13.4,0.877805591,0.0279999971,0.155771866
,305792000,-22.929344133942177,-43.141052126401355,350.8,13.4,0.877805591,0.0279999971,0.155771866
,305792000,-22.929344133942177,-43.141052126401355,350.8,13.4,0.877805591,0.0279999971,0.155771866
,305792000,-22.929344133942177,-43.141052126401355,350.8,13.4,0.877805591,0.0279999971,0.155771866
,305792000,-22.929344133942177,-43.141052126401355,350.8,13.4,0.877805591,0.0279999971,0.155771866
,305792000,-22.929344133942177,-43.141052126401355,350.8,13.4,0.877805591,0.0279999971,0.155771866
,305792000,-22.929344133942177,-43.141052126401355,350.8,13.4,0.877805591,0.0279999971,0.155771866
,305792000,-22.929344133942177,-43.141052126401355,350.8,13.4,0.877805591,0.0279999971,0.155771866
,305792000,-22.929344133942177,-43.141052126401355,350.8,13.4,0.877805591,0.0279999971,0.155771866
,305792000,-22.929344133942177,-43.141052126401355,350.8,13.4,0.877805591,0.0279999971,0.155771866
,305792000,-22.929344133942177,-43.141052126401355,350.8,13.4,0.877805591,0.0279999971,0.155771866
,305792000,-22.929344133942177,-43.141052126401355,350.8,13.4,0.877805591,0.0279999971,0.155771866
,305792000,-22.929282825124012,-43.14106370756783,350.8,13.4,0.877805591,0.0279999971,0.155771866
,305792000,-22.929282825124012,-43.14106370756783,350.8,13.4,0.877805591,0.0279999971,0.155771866
,305792000,-22.929282825124012,-43.14106370756783,350.8,13.4,0.877805591,0.0279999971,0.155771866
,305792000,-22.929282825124012,-43.14106370756783,350.8,13.4,0.877805591,0.0279999971,0.155771866
,305792000,-22.929282825124012,-43.14106370756783,350.8,13.4,0.877805591,0.0279999971,0.155771866
,305792000,-22.929282825124012,-43.14106370756783,350.8,13.4,0.877805591,0.0279999971,0.155771866
,305792000,-22.929282825124012,-43.14106370756783,350.8,13.4,0.877805591,0.0279999971,0.155771866
,305792000,-22.929282825124012,-43.14106370756783,350.8,13.4,0.877805591,0.0279999971,0.155771866
,305792000,-22.929282825124012,-43.14106370756783,350.8,13.4,0.877805591,0.0279999971,0.155771866
,305792000,-22.929282825124012,-43.14106370756783,350.8,13.4,0.877805591,0.0279999971,0.155771866
,305792000,-22.929282825124012,-43.14106370756783,350.8,13.4,0.877805591,0.0279999971,0.155771866
,305792000,-22.929282825124012,-43.14106370756783,350.8,13.4,0.877805591,0.0279999971,0.155771866
,305792000,-22.929282825124012,-43.14106370756783,350.8,13.4,0.877805591,0.0279999971,0.155771866
,305792000,-22.929282825124012,-43.14106370756783,350.8,13.4,0.877805591,0.0279999971,0.155771866
,305792000,-22.929221516303862,-43.14107528872182,350.8,13.4,0.876822233,0.0279666185,0.149883628
,305792000,-22.929221516303862,-43.14107528872182,350.8,13.4,0.876822233,0.0279666185,0.149883628
,305792000,-22.929221516303862,-43.14107528872182,350.8,13.4,0.876822233,0.0279666185,0.149883628
,305792000,-22.929221516303862,-43.14107528872182,350.8,13.4,0.876822233,0.0279666185,0.149834439
,305792000,-22.929221516303862,-43.14107528872182,350.8,13.4,0.876822233,0.0279666185,0.149834439
,305792000,-22.929221516303862,-43.14107528872182,350.8,13.4,0.876822233,0.0279666185,0.149834439
,305792000,-22.929221516303862,-43.14107528872182,350.8,13.4,0.876822233,0.0279666185,0.149834439
,305792000,-22.929221516303862,-43.14107528872182,350.8,13.4,0.876822233,0.0279666185,0.149834439
,305792000,-22.929221516303862,-43.14107528872182,350.8,13.4,0.876822233,0.0279666185,0.149834439
,305792000,-22.929221516303862,-43.14107528872182,350.8,13.4,0.876822233,0.0279666185,0.149834439
,305792000,-22.929221516303862,-43.14107528872182,350.8,13.4,0.876822233,0.0279666185,0.149834439
,305792000,-22.929221516303862,-43.14107528872182,350.8,13.4,0.876822233,0.0279666185,0.149834439
,305792000,-22.929221516303862,-43.14107528872182,350.8,13.4,0.876822233,0.0279666185,0.149834439
,305792000,-22.929221516303862,-43.14107528872182,350.8,13.4,0.876822233,0.0279666185,0.149834439
,305792000,-22.929160207481736,-43.14108686986332,350.8,13.4,0.876822233,0.0279666185,0.149834439
,305792000,-22.929160207481736,-43.14108686986332,350.8,13.4,0.876822233,0.0279666185,0.149834439
,305792000,-22.929160207481736,-43.14108686986332,350.8,13.4,0.876822233,0.0279666185,0.149834439
,305792000,-22.929160207481736,-43.14108686986332,350.8,13.4,0.876822233,0.0279666185,0.149834439
,305792000,-22.929160207481736,-43.14108686986332,350.8,13.4,0.876822233,0.0279666185,0.149834439
,305792000,-22.929160207481736,-43.14108686986332,350.8,13.4,0.876822233,0.0279666185,0.149834439
,305792000,-22.929160207481736,-43.14108686986332,350.8,13.4,0.876822233,0.0279666185,0.149834439
,305792000,-22.929160207481736,-43.14108686986332,350.8,13.4,0.876822233,0.0279666185,0.149834439
,305792000,-22.929160207481736,-43.14108686986332,350.8,13.4,0.876822233,0.0279666185,0.149834439
,305792000,-22.929160207481736,-43.14108686986332,350.8,13.4,0.876822233,0.0279666185,0.149834439
,305792000,-22.929160207481736,-43.14108686986332,350.8,13.4,0.876822233,0.0279666185,0.149834439
,305792000,-22.929160207481736,-43.14108686986332,350.8,13.4,0.876822233,0.0279666185,0.149834439
,305792000,-22.929160207481736,-43.14108686986332,350.8,13.4,0.876822233,0.0279666185,0.149834439
,305792000,-22.929160207481736,-43.14108686986332,350.8,13.4,0.876822233,0.0279666185,0.149834439
,305792000,-22.929160207481736,-43.14108686986332,350.8,13.4,0.876822233,0.0279666185,0.149834439
,305792000,-22.929160207481736,-43.14108686986332,350.8,13.4,0.876822233,0.0279666185,0.149834439
,305792000,-22.929098898657628,-43.14109845099234,350.8,13.4,0.876822233,0.0279666185,0.149834439
,305792000,-22.929098898657628,-43.14109845099234,350.8,13.4,0.876822233,0.0279666185,0.149834439
,305792000,-22.929098898657628,-43.14109845099234,350.8,13.4,0.876822233,0.0279666185,0.149834439
,305792000,-22.929098898657628,-43.14109845099234,350.8,13.4,0.876822233,0.0279666185,0.149834439
,305792000,-22.929098898657628,-43.14109845099234,350.8,13.4,0.876822233,0.0279666185,0.149834439
,305792000,-22.929098898657628,-43.14109845099234,350.8,13.4,0.876822233,0.0279666185,0.149834439
,305792000,-22.929098898657628,-43.14109845099234,350.8,13.4,0.876822233,0.0279666185,0.149834439
,305792000,-22.929098898657628,-43.14109845099234,350.8,13.4,0.876822233,0.0279666185,0.149834439
,305792000,-22.929098898657628,-43.14109845099234,350.8,13.4,0.876822233,0.0279666185,0.149834439
,305792000,-22.929098898657628,-43.14109845099234,350.8,13.4,0.876822233,0.0279666185,0.149834439
,305792000,-22.929098898657628,-43.14109845099234,350.8,13.4,0.876822233,0.0279666185,0.149834439
,305792000,-22.929098898657628,-43.14109845099234,350.8,13.4,0.876822233,0.0279666185,0.149834439
,305792000,-22.929098898657628,-43.14109845099234,350.8,13.4,0.876822233,0.0279666185,0.149834439
,305792000,-22.929098898657628,-43.14109845099234,350.8,13.4,0.876822233,0.0279666185,0.149834439
,305792000,-22.92902968478453,-43.14114942228865,348.9,13.5,0.875327826,0.027911067,0.141629785
,305792000,-22.92902968478453,-43.14114942228865,348.9,13.5,0.875327826,0.027911067,0.141629785
,305792000,-22.92902968478453,-43.14114942228865,348.9,13.5,0.875327826,0.027911067,0.141499206
,305792000,-22.92902968478453,-43.14114942228865,348.9,13.5,0.875327826,0.027911067,0.141499206
,305792000,-22.92902968478453,-43.14114942228865,348.9,13.5,0.875327826,0.027911067,0.141499206
,305792000,-22.92902968478453,-43.14114942228865,348.9,13.5,0.875327826,0.027911067,0.141499206
,305792000,-22.92902968478453,-43.14114942228865,348.9,13.5,0.875327826,0.027911067,0.141499206
,305792000,-22.92902968478453,-43.14114942228865,348.9,13.5,0.875327826,0.027911067,0.141499206
,305792000,-22.92902968478453,-43.14114942228865,348.9,13.5,0.875327826,0.027911067,0.141499206
,305792000,-22.92902968478453,-43.14114942228865,348.9,13.5,0.875327826,0.027911067,0.141499206
,305792000,-22.92902968478453,-43.14114942228865,348.9,13.5,0.875327826,0.027911067,0.141499206
,305792000,-22.92902968478453,-43.14114942228865,348.9,13.5,0.875327826,0.027911067,0.141499206
,305792000,-22.92902968478453,-43.14114942228865,348.9,13.5,0.875327826,0.027911067,0.141499206
,305792000,-22.92902968478453,-43.14114942228865,348.9,13.5,0.875327826,0.027911067,0.141499206
,305792000,-22.92902968478453,-43.14114942228865,348.9,13.5,0.875327826,0.027911067,0.141499206
,305792000,-22.92896831069209,-43.14116329430824,348.9,13.5,0.875327826,0.027911067,0.141499206
,305792000,-22.92896831069209,-43.14116329430824,348.9,13.5,0.875327826,0.027911067,0.141499206
,305792000,-22.92896831069209,-43.14116329430824,348.9,13.5,0.875327826,0.027911067,0.141499206
,305792000,-22.92896831069209,-43.14116329430824,348.9,13.5,0.875327826,0.027911067,0.141499206
,305792000,-22.92896831069209,-43.14116329430824,348.9,13.5,0.875327826,0.027911067,0.141499206
,305792000,-22.92896831069209,-43.14116329430824,348.9,13.5,0.875327826,0.027911067,0.141499206
,305792000,-22.92896831069209,-43.14116329430824,348.9,13.5,0.875327826,0.027911067,0.141499206
,305792000,-22.92896831069209,-43.14116329430824,348.9,13.5,0.875327826,0.027911067,0.141499206
,305792000,-22.92896831069209,-43.14116329430824,348.9,13.5,0.875327826,0.027911067,0.141499206
,305792000,-22.92896831069209,-43.14116329430824,348.9,13.5,0.875327826,0.027911067,0.141499206
,305792000,-22.92896831069209,-43.14116329430824,348.9,13.5,0.875327826,0.027911067,0.141499206
,305792000,-22.92896831069209,-43.14116329430824,348.9,13.5,0.875327826,0.027911067,0.141499206
,305792000,-22.92896831069209,-43.14116329430824,348.9,13.5,0.875327826,0.027911067,0.141499206
,305792000,-22.92896831069209,-43.14116329430824,348.9,13.5,0.875327826,0.027911067,0.141499206
,305792000,-22.92896831069209,-43.14116329430824,348.9,13.5,0.875327826,0.027911067,0.141499206
,305792000,-22.928906936597173,-43.1411771663133,348.9,13.5,0.875327826,0.027911067,0.141499206
,305792000,-22.928906936597173,-43.1411771663133,348.9,13.5,0.875327826,0.027911067,0.141499206
,305792000,-22.928906936597173,-43.1411771663133,348.9,13.5,0.875327826,0.027911067,0.141499206
,305792000,-22.928906936597173,-43.1411771663133,348.9,13.5,0.875327826,0.027911067,0.141499206
,305792000,-22.928906936597173,-43.1411771663133,348.9,13.5,0.875327826,0.027911067,0.141499206
,305792000,-22.928906936597173,-43.1411771663133,348.9,13.5,0.875327826,0.027911067,0.141499206
,305792000,-22.928906936597173,-43.1411771663133,348.9,13.5,0.875327826,0.027911067,0.141499206
,305792000,-22.928906936597173,-43.1411771663133,348.9,13.5,0.875327826,0.027911067,0.141499206
,305792000,-22.928906936597173,-43.1411771663133,348.9,13.5,0.875327826,0.027911067,0.141499206
,305792000,-22.928906936597173,-43.1411771663133,348.9,13.5,0.875327826,0.027911067,0.141499206
,305792000,-22.928906936597173,-43.1411771663133,348.9,13.5,0.875327826,0.027911067,0.141499206
,305792000,-22.928906936597173,-43.1411771663133,348.9,13.5,0.875327826,0.027911067,0.141499206
,305792000,-22.928845562499763,-43.14119103830381,348.9,13.5,0.875327826,0.027911067,0.141499206
,305792000,-22.928845562499763,-43.14119103830381,348.9,13.5,0.874250054,0.027844429,0.131138548
,305792000,-22.928845562499763,-43.14119103830381,348.9,13.5,0.874250054,0.027844429,0.131138548
,305792000,-22.928845562499763,-43.14119103830381,348.9,13.5,0.874250054,0.027844429,0.130668059
,305792000,-22.928845562499763,-43.14119103830381,348.9,13.5,0.874250054,0.027844429,0.130668059
,305792000,-22.928845562499763,-43.14119103830381,348.9,13.5,0.874250054,0.027844429,0.130668059
,305792000,-22.928845562499763,-43.14119103830381,348.9,13.5,0.874250054,0.027844429,0.130668059
,305792000,-22.928845562499763,-43.14119103830381,348.9,13.5,0.874250054,0.027844429,0.130668059
,305792000,-22.928845562499763,-43.14119103830381,348.9,13.5,0.874250054,0.027844429,0.130668059
,305792000,-22.928845562499763,-43.14119103830381,348.9,13.5,0.874250054,0.027844429,0.130668059
,305792000,-22.928845562499763,-43.14119103830381,348.9,13.5,0.874250054,0.027844429,0.130668059
,305792000,-22.928845562499763,-43.14119103830381,348.9,13.5,0.874250054,0.027844429,0.130668059
,305792000,-22.928845562499763,-43.14119103830381,348.9,13.5,0.874250054,0.027844429,0.130668059
,305792000,-22.928845562499763,-43.14119103830381,348.9,13.5,0.874250054,0.027844429,0.130668059
,305792000,-22.928845562499763,-43.14119103830381,348.9,13.5,0.874250054,0.027844429,0.130668059
,305792000,-22.928784188399874,-43.14120491027979,348.9,13.5,0.874250054,0.027844429,0.130668059
,305792000,-22.928784188399874,-43.14120491027979,348.9,13.5,0.874250054,0.027844429,0.130668059
,305792000,-22.928784188399874,-43.14120491027979,348.9,13.5,0.874250054,0.027844429,0.130668059
,305792000,-22.928784188399874,-43.14120491027979,348.9,13.5,0.874250054,0.027844429,0.130668059
,305792000,-22.928784188399874,-43.14120491027979,348.9,13.5,0.874250054,0.027844429,0.130668059
,305792000,-22.928784188399874,-43.14120491027979,348.9,13.5,0.874250054,0.027844429,0.130668059
,305792000,-22.928784188399874,-43.14120491027979,348.9,13.5,0.874250054,0.027844429,0.130668059
,305792000,-22.928784188399874,-43.14120491027979,348.9,13.5,0.874250054,0.027844429,0.130668059
,305792000,-22.928784188399874,-43.14120491027979,348.9,13.5,0.874250054,0.027844429,0.130668059
,305792000,-22.928784188399874,-43.14120491027979,348.9,13.5,0.874250054,0.027844429,0.130668059
,305792000,-22.928784188399874,-43.14120491027979,348.9,13.5,0.874250054,0.027844429,0.130668059
,305792000,-22.928784188399874,-43.14120491027979,348.9,13.5,0.874250054,0.027844429,0.130668059
,305792000,-22.928784188399874,-43.14120491027979,348.9,13.5,0.874250054,0.027844429,0.130668059
,305792000,-22.928784188399874,-43.14120491027979,348.9,13.5,0.874250054,0.027844429,0.130668059
,305792000,-22.928784188399874,-43.14120491027979,348.9,13.5,0.874250054,0.027844429,0.130668059
,305792000,-22.928722814297497,-43.14121878224123,348.9,13.5,0.874250054,0.027844429,0.130668059
,305792000,-22.928722814297497,-43.14121878224123,348.9,13.5,0.874250054,0.027844429,0.130668059
,305792000,-22.928722814297497,-43.14121878224123,348.9,13.5,0.874250054,0.027844429,0.130668059
,305792000,-22.928722814297497,-43.14121878224123,348.9,13.5,0.874250054,0.027844429,0.130668059
,305792000,-22.928722814297497,-43.14121878224123,348.9,13.5,0.874250054,0.027844429,0.130668059
,305792000,-22.928722814297497,-43.14121878224123,348.9,13.5,0.874250054,0.027844429,0.130668059
,305792000,-22.928722814297497,-43.14121878224123,348.9,13.5,0.874250054,0.027844429,0.130668059
,305792000,-22.928722814297497,-43.14121878224123,348.9,13.5,0.874250054,0.027844429,0.130668059
,305792000,-22.928722814297497,-43.14121878224123,348.9,13.5,0.874250054,0.027844429,0.130668059
,305792000,-22.928722814297497,-43.14121878224123,348.9,13.5,0.874250054,0.027844429,0.130668059
,305792000,-22.928722814297497,-43.14121878224123,348.9,13.5,0.874250054,0.027844429,0.130668059
,305792000,-22.928722814297497,-43.14121878224123,348.9,13.5,0.874250054,0.027844429,0.130668059
,305792000,-22.928722814297497,-43.14121878224123,348.9,13.5,0.874250054,0.027844429,0.130668059
,305792000,-22.928722814297497,-43.14121878224123,348.9,13.5,0.874250054,0.027844429,0.130668059
,305792000,-22.928722814297497,-43.14121878224123,348.9,13.5,0.874250054,0.027844429,0.130668059
,305792000,-22.92866144019263,-43.14123265418813,348.9,13.5,0.874250054,0.027844429,0.130668059
,305792000,-22.92866144019263,-43.14123265418813,348.9,13.5,0.87277782,0.0277888775,0.122681648
,305792000,-22.92866144019263,-43.14123265418813,348.9,13.5,0.87277782,0.0277888775,0.122681648
,305792000,-22.92866144019263,-43.14123265418813,348.9,13.5,0.87277782,0.0277888775,0.122510843
,305792000,-22.92866144019263,-43.14123265418813,348.9,13.5,0.87277782,0.0277888775,0.122510843
,305792000,-22.92866144019263,-43.14123265418813,348.9,13.5,0.87277782,0.0277888775,0.122510843
,305792000,-22.92866144019263,-43.14123265418813,348.9,13.5,0.87277782,0.0277888775,0.122510843
,305792000,-22.92866144019263,-43.14123265418813,348.9,13.5,0.87277782,0.0277888775,0.122510843
,305792000,-22.92866144019263,-43.14123265418813,348.9,13.5,0.87277782,0.0277888775,0.122510843
,305792000,-22.92866144019263,-43.14123265418813,348.9,13.5,0.87277782,0.0277888775,0.122510843
,305792000,-22.92866144019263,-43.14123265418813,348.9,13.5,0.87277782,0.0277888775,0.122510843
,305792000,-22.92866144019263,-43.14123265418813,348.9,13.5,0.87277782,0.0277888775,0.122510843
,305792000,-22.92866144019263,-43.14123265418813,348.9,13.5,0.87277782,0.0277888775,0.122510843
,305792000,-22.92866144019263,-43.14123265418813,348.9,13.5,0.87277782,0.0277888775,0.122510843
,305792000,-22.92866144019263,-43.14123265418813,348.9,13.5,0.87277782,0.0277888775,0.122510843
,305792000,-22.928600066085284,-43.14124652612048,348.9,13.5,0.87277782,0.0277888775,0.122510843
,305792000,-22.928600066085284,-43.14124652612048,348.9,13.5,0.87277782,0.0277888775,0.122510843
,305792000,-22.928600066085284,-43.14124652612048,348.9,13.5,0.87277782,0.0277888775,0.122510843
,305792000,-22.928600066085284,-43.14124652612048,348.9,13.5,0.87277782,0.0277888775,0.122510843
,305792000,-22.928600066085284,-43.14124652612048,348.9,13.5,0.87277782,0.0277888775,0.122510843
,305792000,-22.928600066085284,-43.14124652612048,348.9,13.5,0.87277782,0.0277888775,0.122510843
,305792000,-22.928600066085284,-43.14124652612048,348.9,13.5,0.87277782,0.0277888775,0.122510843
,305792000,-22.928600066085284,-43.14124652612048,348.9,13.5,0.87277782,0.0277888775,0.122510843
,305792000,-22.928600066085284,-43.14124652612048,348.9,13.5,0.87277782,0.0277888775,0.122510843
,305792000,-22.928600066085284,-43.14124652612048,348.9,13.5,0.87277782,0.0277888775,0.122510843
,305792000,-22.928600066085284,-43.14124652612048,348.9,13.5,0.87277782,0.0277888775,0.122510843
,305792000,-22.928600066085284,-43.14124652612048,348.9,13.5,0.87277782,0.0277888775,0.122510843
,305792000,-22.928600066085284,-43.14124652612048,348.9,13.5,0.87277782,0.0277888775,0.122510843
,305792000,-22.928600066085284,-43.14124652612048,348.9,13.5,0.87277782,0.0277888775,0.122510843
,305792000,-22.928600066085284,-43.14124652612048,348.9,13.5,0.87277782,0.0277888775,0.122510843
,305792000,-22.928538691975458,-43.141260398038305,348.9,13.5,0.87277782,0.0277888775,0.122510843
,305792000,-22.928538691975458,-43.141260398038305,348.9,13.5,0.87277782,0.0277888775,0.122510843
,305792000,-22.928538691975458,-43.141260398038305,348.9,13.5,0.87277782,0.0277888775,0.122510843
,305792000,-22.928538691975458,-43.141260398038305,348.9,13.5,0.87277782,0.0277888775,0.122510843
,305792000,-22.928538691975458,-43.141260398038305,348.9,13.5,0.87277782,0.0277888775,0.122510843
,305792000,-22.928538691975458,-43.141260398038305,348.9,13.5,0.87277782,0.0277888775,0.122510843
,305792000,-22.928538691975458,-43.141260398038305,348.9,13.5,0.87277782,0.0277888775,0.122510843
,305792000,-22.928538691975458,-43.141260398038305,348.9,13.5,0.87277782,0.0277888775,0.122510843
,305792000,-22.928538691975458,-43.141260398038305,348.9,13.5,0.87277782,0.0277888775,0.122510843
,305792000,-22.928538691975458,-43.141260398038305,348.9,13.5,0.87277782,0.0277888775,0.122510843
,305792000,-22.928538691975458,-43.141260398038305,348.9,13.5,0.87277782,0.0277888775,0.122510843
,305792000,-22.928538691975458,-43.141260398038305,348.9,13.5,0.87277782,0.0277888775,0.122510843
,305792000,-22.928538691975458,-43.141260398038305,348.9,13.5,0.87277782,0.0277888775,0.122510843
,305792000,-22.928538691975458,-43.141260398038305,348.9,13.5,0.87277782,0.0277888775,0.122510843
,305792000,-22.928538691975458,-43.141260398038305,348.9,13.5,0.87277782,0.0277888775,0.122510843
,305792000,-22.928407988960483,-43.14128180073248,348.9,13.6,0.871283293,0.027733326,0.114250563
,305792000,-22.928407988960483,-43.14128180073248,348.9,13.6,0.871283293,0.027733326,0.114250563
,305792000,-22.928407988960483,-43.14128180073248,348.9,13.6,0.871283293,0.027733326,0.114250563
,305792000,-22.928407988960483,-43.14128180073248,348.9,13.6,0.871283293,0.027733326,0.114331834
,305792000,-22.928407988960483,-43.14128180073248,348.9,13.6,0.871283293,0.027733326,0.114331834
,305792000,-22.928407988960483,-43.14128180073248,348.9,13.6,0.871283293,0.027733326,0.114331834
,305792000,-22.928407988960483,-43.14128180073248,348.9,13.6,0.871283293,0.027733326,0.114331834
,305792000,-22.928407988960483,-43.14128180073248,348.9,13.6,0.871283293,0.027733326,0.114331834
,305792000,-22.928407988960483,-43.14128180073248,348.9,13.6,0.871283293,0.027733326,0.114331834
,305792000,-22.928407988960483,-43.14128180073248,348.9,13.6,0.871283293,0.027733326,0.114331834
,305792000,-22.928407988960483,-43.14128180073248,348.9,13.6,0.871283293,0.027733326,0.114331834
,305792000,-22.928407988960483,-43.14128180073248,348.9,13.6,0.871283293,0.027733326,0.114331834
,305792000,-22.928407988960483,-43.14128180073248,348.9,13.6,0.871283293,0.027733326,0.114331834
,305792000,-22.928407988960483,-43.14128180073248,348.9,13.6,0.871283293,0.027733326,0.114331834
,305792000,-22.928407988960483,-43.14128180073248,348.9,13.6,0.871283293,0.027733326,0.114331834
,305792000,-22.928346160220737,-43.14129577536299,348.9,13.6,0.871283293,0.027733326,0.114331834
,305792000,-22.928346160220737,-43.14129577536299,348.9,13.6,0.871283293,0.027733326,0.114331834
,305792000,-22.928346160220737,-43.14129577536299,348.9,13.6,0.871283293,0.027733326,0.114331834
,305792000,-22.928346160220737,-43.14129577536299,348.9,13.6,0.871283293,0.027733326,0.114331834
,305792000,-22.928346160220737,-43.14129577536299,348.9,13.6,0.871283293,0.027733326,0.114331834
,305792000,-22.928346160220737,-43.14129577536299,348.9,13.6,0.871283293,0.027733326,0.114331834
,305792000,-22.928346160220737,-43.14129577536299,348.9,13.6,0.871283293,0.027733326,0.114331834
,305792000,-22.928346160220737,-43.14129577536299,348.9,13.6,0.871283293,0.027733326,0.114331834
,305792000,-22.928346160220737,-43.14129577536299,348.9,13.6,0.871283293,0.027733326,0.114331834
,305792000,-22.928346160220737,-43.14129577536299,348.9,13.6,0.871283293,0.027733326,0.114331834
,305792000,-22.928346160220737,-43.14129577536299,348.9,13.6,0.871283293,0.027733326,0.114331834
,305792000,-22.928346160220737,-43.14129577536299,348.9,13.6,0.871283293,0.027733326,0.114331834
,305792000,-22.928346160220737,-43.14129577536299,348.9,13.6,0.871283293,0.027733326,0.114331834
,305792000,-22.928346160220737,-43.14129577536299,348.9,13.6,0.871283293,0.027733326,0.114331834
,305792000,-22.928346160220737,-43.14129577536299,348.9,13.6,0.871283293,0.027733326,0.114331834
,305792000,-22.928284331478466,-43.14130974997875,348.9,13.6,0.871283293,0.027733326,0.114331834
,305792000,-22.928284331478466,-43.14130974997875,348.9,13.6,0.871283293,0.027733326,0.114331834
,305792000,-22.928284331478466,-43.14130974997875,348.9,13.6,0.871283293,0.027733326,0.114331834
,305792000,-22.928284331478466,-43.14130974997875,348.9,13.6,0.871283293,0.027733326,0.114331834
,305792000,-22.928284331478466,-43.14130974997875,348.9,13.6,0.871283293,0.027733326,0.114331834
,305792000,-22.928284331478466,-43.14130974997875,348.9,13.6,0.871283293,0.027733326,0.114331834
,305792000,-22.928284331478466,-43.14130974997875,348.9,13.6,0.871283293,0.027733326,0.114331834
,305792000,-22.928284331478466,-43.14130974997875,348.9,13.6,0.871283293,0.027733326,0.114331834
,305792000,-22.928284331478466,-43.14130974997875,348.9,13.6,0.871283293,0.027733326,0.114331834
,305792000,-22.928284331478466,-43.14130974997875,348.9,13.6,0.871283293,0.027733326,0.114331834
,305792000,-22.928284331478466,-43.14130974997875,348.9,13.6,0.871283293,0.027733326,0.114331834
,305792000,-22.928284331478466,-43.14130974997875,348.9,13.6,0.871283293,0.027733326,0.114331834
,305792000,-22.928284331478466,-43.14130974997875,348.9,13.6,0.871283293,0.027733326,0.114331834
,305792000,-22.928284331478466,-43.14130974997875,348.9,13.6,0.871283293,0.027733326,0.114331834
,305792000,-22.928284331478466,-43.14130974997875,348.9,13.6,0.871283293,0.027733326,0.114331834
,305792000,-22.928222502733675,-43.14132372457976,348.9,13.6,0.871283293,0.027733326,0.114331834
,305792000,-22.928222502733675,-43.14132372457976,348.9,13.6,0.869094431,0.0276554823,0.102833442
,305792000,-22.928222502733675,-43.14132372457976,348.9,13.6,0.869094431,0.0276554823,0.102833442
,305792000,-22.928222502733675,-43.14132372457976,348.9,13.6,0.869094431,0.0276554823,0.102815844
,305792000,-22.928222502733675,-43.14132372457976,348.9,13.6,0.869094431,0.0276554823,0.102815844
,305792000,-22.928222502733675,-43.14132372457976,348.9,13.6,0.869094431,0.0276554823,0.102815844
,305792000,-22.928222502733675,-43.14132372457976,348.9,13.6,0.869094431,0.0276554823,0.102815844
,305792000,-22.928222502733675,-43.14132372457976,348.9,13.6,0.869094431,0.0276554823,0.102815844
,305792000,-22.928222502733675,-43.14132372457976,348.9,13.6,0.869094431,0.0276554823,0.102815844
,305792000,-22.928222502733675,-43.14132372457976,348.9,13.6,0.869094431,0.0276554823,0.102815844
,305792000,-22.928222502733675,-43.14132372457976,348.9,13.6,0.869094431,0.0276554823,0.102815844
,305792000,-22.928222502733675,-43.14132372457976,348.9,13.6,0.869094431,0.0276554823,0.102815844
,305792000,-22.928222502733675,-43.14132372457976,348.9,13.6,0.869094431,0.0276554823,0.102815844
,305792000,-22.928222502733675,-43.14132372457976,348.9,13.6,0.869094431,0.0276554823,0.102815844
,305792000,-22.928222502733675,-43.14132372457976,348.9,13.6,0.869094431,0.0276554823,0.102815844
,305792000,-22.928160673986362,-43.141337699166016,348.9,13.6,0.869094431,0.0276554823,0.102815844
,305792000,-22.928160673986362,-43.141337699166016,348.9,13.6,0.869094431,0.0276554823,0.102815844
,305792000,-22.928160673986362,-43.141337699166016,348.9,13.6,0.869094431,0.0276554823,0.102815844
,305792000,-22.928160673986362,-43.141337699166016,348.9,13.6,0.869094431,0.0276554823,0.102815844
,305792000,-22.928160673986362,-43.141337699166016,348.9,13.6,0.869094431,0.0276554823,0.102815844
,305792000,-22.928160673986362,-43.141337699166016,348.9,13.6,0.869094431,0.0276554823,0.102815844
,305792000,-22.928160673986362,-43.141337699166016,348.9,13.6,0.869094431,0.0276554823,0.102815844
,305792000,-22.928160673986362,-43.141337699166016,348.9,13.6,0.869094431,0.0276554823,0.102815844
,305792000,-22.928160673986362,-43.141337699166016,348.9,13.6,0.869094431,0.0276554823,0.102815844
,305792000,-22.928160673986362,-43.141337699166016,348.9,13.6,0.869094431,0.0276554823,0.102815844
,305792000,-22.928160673986362,-43.141337699166016,348.9,13.6,0.869094431,0.0276554823,0.102815844
,305792000,-22.928160673986362,-43.141337699166016,348.9,13.6,0.869094431,0.0276554823,0.102815844
,305792000,-22.928160673986362,-43.141337699166016,348.9,13.6,0.869094431,0.0276554823,0.102815844
,305792000,-22.928160673986362,-43.141337699166016,348.9,13.6,0.869094431,0.0276554823,0.102815844
,305792000,-22.928160673986362,-43.141337699166016,348.9,13.6,0.869094431,0.0276554823,0.102815844
,305792000,-22.928098845236526,-43.14135167373751,348.9,13.6,0.869094431,0.0276554823,0.102815844
,305792000,-22.928098845236526,-43.14135167373751,348.9,13.6,0.869094431,0.0276554823,0.102815844
,305792000,-22.928098845236526,-43.14135167373751,348.9,13.6,0.869094431,0.0276554823,0.102815844
,305792000,-22.928098845236526,-43.14135167373751,348.9,13.6,0.869094431,0.0276554823,0.102815844
,305792000,-22.928098845236526,-43.14135167373751,348.9,13.6,0.869094431,0.0276554823,0.102815844
,305792000,-22.928098845236526,-43.14135167373751,348.9,13.6,0.869094431,0.0276554823,0.102815844
,305792000,-22.928098845236526,-43.14135167373751,348.9,13.6,0.869094431,0.0276554823,0.102815844
,305792000,-22.928098845236526,-43.14135167373751,348.9,13.6,0.869094431,0.0276554823,0.102815844
,305792000,-22.928098845236526,-43.14135167373751,348.9,13.6,0.869094431,0.0276554823,0.102815844
,305792000,-22.928098845236526,-43.14135167373751,348.9,13.6,0.869094431,0.0276554823,0.102815844
,305792000,-22.928098845236526,-43.14135167373751,348.9,13.6,0.869094431,0.0276554823,0.102815844
,305792000,-22.928098845236526,-43.14135167373751,348.9,13.6,0.869094431,0.0276554823,0.102815844
,305792000,-22.928098845236526,-43.14135167373751,348.9,13.6,0.869094431,0.0276554823,0.102815844
,305792000,-22.928098845236526,-43.14135167373751,348.9,13.6,0.869094431,0.0276554823,0.102815844
,305792000,-22.928098845236526,-43.14135167373751,348.9,13.6,0.869094431,0.0276554823,0.102815844
,305792000,-22.92803701648417,-43.141365648294254,348.9,13.6,0.869094431,0.0276554823,0.102815844
,305792000,-22.92803701648417,-43.141365648294254,348.9,13.6,0.867538869,0.02760005,0.0944059491
,305792000,-22.92803701648417,-43.141365648294254,348.9,13.6,0.867538869,0.02760005,0.0944059491
,305792000,-22.92803701648417,-43.141365648294254,348.9,13.6,0.867538869,0.02760005,0.0944059491
,305792000,-22.92803701648417,-43.141365648294254,348.9,13.6,0.867538869,0.02760005,0.0946694762
,305792000,-22.92803701648417,-43.141365648294254,348.9,13.6,0.867538869,0.02760005,0.0946694762
,305792000,-22.92803701648417,-43.141365648294254,348.9,13.6,0.867538869,0.02760005,0.0946694762
,305792000,-22.92803701648417,-43.141365648294254,348.9,13.6,0.867538869,0.02760005,0.0946694762
,305792000,-22.92803701648417,-43.141365648294254,348.9,13.6,0.867538869,0.02760005,0.0946694762
,305792000,-22.92803701648417,-43.141365648294254,348.9,13.6,0.867538869,0.02760005,0.0946694762
,305792000,-22.92803701648417,-43.141365648294254,348.9,13.6,0.867538869,0.02760005,0.0946694762
,305792000,-22.92803701648417,-43.141365648294254,348.9,13.6,0.867538869,0.02760005,0.0946694762
,305792000,-22.927975187729285,-43.14137962283624,348.9,13.6,0.867538869,0.02760005,0.0946694762
,305792000,-22.927975187729285,-43.14137962283624,348.9,13.6,0.867538869,0.02760005,0.0946694762
,305792000,-22.927975187729285,-43.14137962283624,348.9,13.6,0.867538869,0.02760005,0.0946694762
,305792000,-22.927975187729285,-43.14137962283624,348.9,13.6,0.867538869,0.02760005,0.0946694762
,305792000,-22.927975187729285,-43.14137962283624,348.9,13.6,0.867538869,0.02760005,0.0946694762
,305792000,-22.927975187729285,-43.14137962283624,348.9,13.6,0.867538869,0.02760005,0.0946694762
,305792000,-22.927975187729285,-43.14137962283624,348.9,13.6,0.867538869,0.02760005,0.0946694762
,305792000,-22.927975187729285,-43.14137962283624,348.9,13.6,0.867538869,0.02760005,0.0946694762
,305792000,-22.927975187729285,-43.14137962283624,348.9,13.6,0.867538869,0.02760005,0.0946694762
,305792000,-22.927975187729285,-43.14137962283624,348.9,13.6,0.867538869,0.02760005,0.0946694762
,305792000,-22.927975187729285,-43.14137962283624,348.9,13.6,0.867538869,0.02760005,0.0946694762
,305792000,-22.927975187729285,-43.14137962283624,348.9,13.6,0.867538869,0.02760005,0.0946694762
,305792000,-22.927975187729285,-43.14137962283624,348.9,13.6,0.867538869,0.02760005,0.0946694762
,305792000,-22.927975187729285,-43.14137962283624,348.9,13.6,0.867538869,0.02760005,0.0946694762
,305792000,-22.927975187729285,-43.14137962283624,348.9,13.6,0.867538869,0.02760005,0.0946694762
,305792000,-22.927913358971885,-43.141393597363475,348.9,13.6,0.867538869,0.02760005,0.0946694762
,305792000,-22.927913358971885,-43.141393597363475,348.9,13.6,0.867538869,0.02760005,0.0946694762
,305792000,-22.927913358971885,-43.141393597363475,348.9,13.6,0.867538869,0.02760005,0.0946694762
,305792000,-22.927913358971885,-43.141393597363475,348.9,13.6,0.867538869,0.02760005,0.0946694762
,305792000,-22.927913358971885,-43.141393597363475,348.9,13.6,0.867538869,0.02760005,0.0946694762
,305792000,-22.927913358971885,-43.141393597363475,348.9,13.6,0.867538869,0.02760005,0.0946694762
,305792000,-22.927913358971885,-43.141393597363475,348.9,13.6,0.867538869,0.02760005,0.0946694762
,305792000,-22.927913358971885,-43.141393597363475,348.9,13.6,0.867538869,0.02760005,0.0946694762
,305792000,-22.927913358971885,-43.141393597363475,348.9,13.6,0.867538869,0.02760005,0.0946694762
,305792000,-22.927913358971885,-43.141393597363475,348.9,13.6,0.867538869,0.02760005,0.0946694762
,305792000,-22.927913358971885,-43.141393597363475,348.9,13.6,0.867538869,0.02760005,0.0946694762
,305792000,-22.927913358971885,-43.141393597363475,348.9,13.6,0.867538869,0.02760005,0.0946694762
,305792000,-22.927913358971885,-43.141393597363475,348.9,13.6,0.867538869,0.02760005,0.0946694762
,305792000,-22.927913358971885,-43.141393597363475,348.9,13.6,0.867538869,0.02760005,0.0946694762
,305792000,-22.927913358971885,-43.141393597363475,348.9,13.6,0.867538869,0.02760005,0.0946694762
,305792000,-22.92785153021197,-43.14140757187595,348.9,13.6,0.867538869,0.02760005,0.0946694762
,305792000,-22.92785153021197,-43.14140757187595,348.9,13.6,0.865955532,0.0275444984,0.0860066563
,305792000,-22.92785153021197,-43.14140757187595,348.9,13.6,0.865955532,0.0275444984,0.0860066563
,305792000,-22.92785153021197,-43.14140757187595,348.9,13.6,0.865955532,0.0275444984,0.0858906806
,305792000,-22.92785153021197,-43.14140757187595,348.9,13.6,0.865955532,0.0275444984,0.0858906806
,305792000,-22.92785153021197,-43.14140757187595,348.9,13.6,0.865955532,0.0275444984,0.0858906806
,305792000,-22.92785153021197,-43.14140757187595,348.9,13.6,0.865955532,0.0275444984,0.0858906806
,305792000,-22.92785153021197,-43.14140757187595,348.9,13.6,0.865955532,0.0275444984,0.0858906806
,305792000,-22.92785153021197,-43.14140757187595,348.9,13.6,0.865955532,0.0275444984,0.0858906806
,305792000,-22.92785153021197,-43.14140757187595,348.9,13.6,0.865955532,0.0275444984,0.0858906806
,305792000,-22.92785153021197,-43.14140757187595,348.9,13.6,0.865955532,0.0275444984,0.0858906806
,305792000,-22.92785153021197,-43.14140757187595,348.9,13.6,0.865955532,0.0275444984,0.0858906806
,305792000,-22.92785153021197,-43.14140757187595,348.9,13.6,0.865955532,0.0275444984,0.0858906806
,305792000,-22.927829476715516,-43.14143419613722,347.6,13.8,0.865955532,0.0275444984,0.0858906806
,305792000,-22.927829476715516,-43.14143419613722,347.6,13.8,0.865955532,0.0275444984,0.0858906806
,305792000,-22.927829476715516,-43.14143419613722,347.6,13.8,0.865955532,0.0275444984,0.0858906806
,305792000,-22.927829476715516,-43.14143419613722,347.6,13.8,0.865955532,0.0275444984,0.0858906806
,305792000,-22.927829476715516,-43.14143419613722,347.6,13.8,0.865955532,0.0275444984,0.0858906806
,305792000,-22.927829476715516,-43.14143419613722,347.6,13.8,0.865955532,0.0275444984,0.0858906806
,305792000,-22.927829476715516,-43.14143419613722,347.6,13.8,0.865955532,0.0275444984,0.0858906806
,305792000,-22.927829476715516,-43.14143419613722,347.6,13.8,0.865955532,0.0275444984,0.0858906806
,305792000,-22.927829476715516,-43.14143419613722,347.6,13.8,0.865955532,0.0275444984,0.0858906806
,305792000,-22.927829476715516,-43.14143419613722,347.6,13.8,0.865955532,0.0275444984,0.0858906806
,305792000,-22.927829476715516,-43.14143419613722,347.6,13.8,0.865955532,0.0275444984,0.0858906806
,305792000,-22.927829476715516,-43.14143419613722,347.6,13.8,0.865955532,0.0275444984,0.0858906806
,305792000,-22.927704628951847,-43.14146562213979,347.6,13.8,0.865955532,0.0275444984,0.0858906806
,305792000,-22.927704628951847,-43.14146562213979,347.6,13.8,0.865955532,0.0275444984,0.0858906806
,305792000,-22.927704628951847,-43.14146562213979,347.6,13.8,0.865955532,0.0275444984,0.0858906806
,305792000,-22.927642205065567,-43.141481335116346,347.6,13.8,0.865955532,0.0275444984,0.0858906806
,305792000,-22.927642205065567,-43.141481335116346,347.6,13.8,0.865955532,0.0275444984,0.0858906806
,305792000,-22.927642205065567,-43.141481335116346,347.6,13.8,0.865955532,0.0275444984,0.0858906806
,305792000,-22.927642205065567,-43.141481335116346,347.6,13.8,0.865955532,0.0275444984,0.0858906806
,305792000,-22.927642205065567,-43.141481335116346,347.6,13.8,0.865955532,0.0275444984,0.0858906806
,305792000,-22.927642205065567,-43.141481335116346,347.6,13.8,0.865955532,0.0275444984,0.0858906806
,305792000,-22.927642205065567,-43.141481335116346,347.6,13.8,0.865955532,0.0275444984,0.0858906806
,305792000,-22.927642205065567,-43.141481335116346,347.6,13.8,0.865955532,0.0275444984,0.0858906806
,305792000,-22.927642205065567,-43.141481335116346,347.6,13.8,0.865955532,0.0275444984,0.0858906806
,305792000,-22.927642205065567,-43.141481335116346,347.6,13.8,0.865955532,0.0275444984,0.0858906806
,305792000,-22.927642205065567,-43.141481335116346,347.6,13.8,0.865955532,0.0275444984,0.0858906806
,305792000,-22.927642205065567,-43.141481335116346,347.6,13.8,0.865955532,0.0275444984,0.0858906806
,305792000,-22.927579781176316,-43.14149704807641,347.6,13.8,0.865955532,0.0275444984,0.0858906806
,305792000,-22.927579781176316,-43.14149704807641,347.6,13.8,0.865955532,0.0275444984,0.0858906806
,305792000,-22.927579781176316,-43.14149704807641,347.6,13.8,0.865955532,0.0275444984,0.0858906806
,305792000,-22.927579781176316,-43.14149704807641,347.6,13.8,0.864966691,0.0274888277,1.0
,305792000,-22.927579781176316,-43.14149704807641,347.6,13.8,0.864966691,0.0274888277,1.0
,305792000,-22.927579781176316,-43.14149704807641,347.6,13.8,0.864966691,0.0274888277,1.0
,305792000,-22.927579781176316,-43.14149704807641,347.6,13.8,0.864966691,0.0274888277,1.0
,305792000,-22.927579781176316,-43.14149704807641,347.6,13.8,0.863427818,0.0274888277,1.0
,305792000,-22.927579781176316,-43.14149704807641,347.6,13.8,0.863427818,0.0274888277,1.0
,305792000,-22.927579781176316,-43.14149704807641,347.6,13.8,0.86337781,0.0274333954,1.0
,305792000,-22.927579781176316,-43.14149704807641,347.6,13.8,0.86337781,0.0274333954,1.0
,305792000,-22.927579781176316,-43.14149704807641,347.6,13.8,0.86337781,0.0274333954,1.0
,305792000,-22.927579781176316,-43.14149704807641,347.6,13.8,0.86337781,0.0274333954,1.0
,305792000,-22.927579781176316,-43.14149704807641,347.6,13.8,0.86337781,0.0274333954,1.0
,305792000,-22.927579781176316,-43.14149704807641,347.6,13.8,0.86337781,0.0274333954,1.0
,305792000,-22.927579781176316,-43.14149704807641,347.6,13.8,0.86337781,0.0274333954,1.0
,305792000,-22.927579781176316,-43.14149704807641,347.6,13.8,0.86337781,0.0274333954,1.0
,305792000,-22.927579781176316,-43.14149704807641,347.6,13.8,0.86337781,0.0274333954,1.0
,305792000,-22.927579781176316,-43.14149704807641,347.6,13.8,0.86337781,0.0274333954,1.0
,305792000,-22.927579781176316,-43.14149704807641,347.6,13.8,0.86337781,0.0274333954,1.0
,305792000,-22.927579781176316,-43.14149704807641,347.6,13.8,0.86337781,0.0274333954,1.0
,305792000,-22.92751735728409,-43.14151276101998,347.6,13.8,0.86337781,0.0274333954,1.0
,305792000,-22.92751735728409,-43.14151276101998,347.6,13.8,0.86337781,0.0274333954,1.0
,305792000,-22.92751735728409,-43.14151276101998,347.6,13.8,0.86337781,0.0274333954,1.0
,305792000,-22.92751735728409,-43.14151276101998,347.6,13.8,0.86337781,0.0274333954,1.0
,305792000,-22.92751735728409,-43.14151276101998,347.6,13.8,0.86337781,0.0274333954,1.0
,305792000,-22.92751735728409,-43.14151276101998,347.6,13.8,0.86337781,0.0274333954,1.0
,305792000,-22.92751735728409,-43.14151276101998,347.6,13.8,0.86337781,0.0274333954,1.0
,305792000,-22.92751735728409,-43.14151276101998,347.6,13.8,0.86337781,0.0274333954,1.0
,305792000,-22.92751735728409,-43.14151276101998,347.6,13.8,0.86337781,0.0274333954,1.0
,305792000,-22.92751735728409,-43.14151276101998,347.6,13.8,0.86337781,0.0274333954,1.0
,305792000,-22.92751735728409,-43.14151276101998,347.6,13.8,0.86337781,0.0274333954,1.0
,305792000,-22.92751735728409,-43.14151276101998,347.6,13.8,0.86337781,0.0274333954,1.0
,305792000,-22.92751735728409,-43.14151276101998,347.6,13.8,0.86337781,0.0274333954,1.0
,305792000,-22.92751735728409,-43.14151276101998,347.6,13.8,0.86337781,0.0274333954,1.0
,305792000,-22.92751735728409,-43.14151276101998,347.6,13.8,0.86337781,0.0274333954,1.0
,305792000,-22.92751735728409,-43.14151276101998,347.6,13.8,0.86337781,0.0274333954,1.0
,305792000,-22.92751735728409,-43.14151276101998,347.6,13.8,0.86337781,0.0274333954,1.0
,305792000,-22.92751735728409,-43.14151276101998,347.6,13.8,0.86337781,0.0274333954,1.0
,305792000,-22.92751735728409,-43.14151276101998,347.6,13.8,0.86337781,0.0274333954,1.0
,305792000,-22.92751735728409,-43.14151276101998,347.6,13.8,0.86337781,0.0274333954,1.0
,305792000,-22.92751735728409,-43.14151276101998,347.6,13.8,0.86337781,0.0274333954,1.0
,305792000,-22.92751735728409,-43.14151276101998,347.6,13.8,0.86337781,0.0274333954,1.0
,305792000,-22.92751735728409,-43.14151276101998,347.6,13.8,0.86337781,0.0274333954,1.0
,305792000,-22.92751735728409,-43.14151276101998,347.6,13.8,0.86337781,0.0274333954,1.0
,305792000,-22.92751735728409,-43.14151276101998,347.6,13.8,0.86337781,0.0274333954,1.0
,305792000,-22.92751735728409,-43.14151276101998,347.6,13.8,0.86337781,0.0274333954,1.0
,305792000,-22.92751735728409,-43.14151276101998,347.6,13.8,0.86337781,0.0274333954,1.0
,305792000,-22.92751735728409,-43.14151276101998,347.6,13.8,0.86337781,0.0274333954,1.0
,305792000,-22.92751735728409,-43.14151276101998,347.6,13.8,0.86337781,0.0274333954,1.0
,305792000,-22.92751735728409,-43.14151276101998,347.6,13.8,0.86337781,0.0274333954,1.0
,305792000,-22.9274549333889,-43.141528473947076,347.6,13.8,0.86337781,0.0274333954,1.0
,305792000,-22.9274549333889,-43.141528473947076,347.6,13.8,0.86337781,0.0274333954,1.0
,305792000,-22.9274549333889,-43.141528473947076,347.6,13.8,0.86337781,0.0274333954,1.0
,305792000,-22.9274549333889,-43.141528473947076,347.6,13.8,0.86337781,0.0274333954,1.0
,305792000,-22.9274549333889,-43.141528473947076,347.6,13.8,0.86337781,0.0274333954,1.0
,305792000,-22.9274549333889,-43.141528473947076,347.6,13.8,0.86337781,0.0274333954,1.0
,305792000,-22.9274549333889,-43.141528473947076,347.6,13.8,0.86337781,0.0274333954,1.0
,305792000,-22.9274549333889,-43.141528473947076,347.6,13.8,0.86337781,0.0274333954,1.0
,305792000,-22.9274549333889,-43.141528473947076,347.6,13.8,0.86337781,0.0274333954,1.0
,305792000,-22.9274549333889,-43.141528473947076,347.6,13.8,0.86337781,0.0274333954,1.0
,305792000,-22.9274549333889,-43.141528473947076,347.6,13.8,0.86337781,0.0274333954,1.0
,305792000,-22.9274549333889,-43.141528473947076,347.6,13.8,0.86337781,0.0274333954,1.0
,305792000,-22.9274549333889,-43.141528473947076,347.6,13.8,0.86337781,0.0274333954,1.0
,305792000,-22.9274549333889,-43.141528473947076,347.6,13.8,0.86337781,0.0274333954,1.0
,305792000,-22.9274549333889,-43.141528473947076,347.6,13.8,0.86337781,0.0274333954,1.0
,305792000,-22.9274549333889,-43.141528473947076,347.6,13.8,0.86337781,0.0274333954,1.0
,305792000,-22.9274549333889,-43.141528473947076,347.6,13.8,0.86337781,0.0274333954,1.0
,305792000,-22.9274549333889,-43.141528473947076,347.6,13.8,0.86337781,0.0274333954,1.0
,305792000,-22.9274549333889,-43.141528473947076,347.6,13.8,0.86337781,0.0274333954,1.0
,305792000,-22.9274549333889,-43.141528473947076,347.6,13.8,0.86337781,0.0274333954,1.0
,305792000,-22.9274549333889,-43.141528473947076,347.6,13.8,0.86337781,0.0274333954,1.0
,305792000,-22.9274549333889,-43.141528473947076,347.6,13.8,0.86337781,0.0274333954,1.0
,305792000,-22.9274549333889,-43.141528473947076,347.6,13.8,0.86337781,0.0274333954,1.0
,305792000,-22.9274549333889,-43.141528473947076,347.6,13.8,0.86337781,0.0274333954,1.0
,305792000,-22.9274549333889,-43.141528473947076,347.6,13.8,0.86337781,0.0274333954,1.0
,305792000,-22.9274549333889,-43.141528473947076,347.6,13.8,0.86337781,0.0274333954,1.0
,305792000,-22.9274549333889,-43.141528473947076,347.6,13.8,0.86337781,0.0274333954,1.0
,305792000,-22.9274549333889,-43.141528473947076,347.6,13.8,0.86337781,0.0274333954,1.0
,305792000,-22.9274549333889,-43.141528473947076,347.6,13.8,0.86337781,0.0274333954,1.0
,305792000,-22.9274549333889,-43.141528473947076,347.6,13.8,0.86337781,0.0274333954,1.0
,305792000,-22.927392509490748,-43.14154418685768,347.6,13.8,0.86337781,0.0274333954,1.0
,305792000,-22.927392509490748,-43.14154418685768,347.6,13.8,0.86337781,0.0274333954,1.0
,305792000,-22.927392509490748,-43.14154418685768,347.6,13.8,0.86337781,0.0274333954,1.0
,305792000,-22.927392509490748,-43.14154418685768,347.6,13.8,0.86337781,0.0274333954,1.0
,305792000,-22.927392509490748,-43.14154418685768,347.6,13.8,0.86337781,0.0274333954,1.0
,305792000,-22.927392509490748,-43.14154418685768,347.6,13.8,0.86337781,0.0274333954,1.0
,305792000,-22.927392509490748,-43.14154418685768,347.6,13.8,0.86337781,0.0274333954,1.0
,305792000,-22.927392509490748,-43.14154418685768,347.6,13.8,0.86337781,0.0274333954,1.0
,305792000,-22.927392509490748,-43.14154418685768,347.6,13.8,0.86337781,0.0274333954,1.0
,305792000,-22.927392509490748,-43.14154418685768,347.6,13.8,0.86337781,0.0274333954,1.0
,305792000,-22.927392509490748,-43.14154418685768,347.6,13.8,0.86337781,0.0274333954,1.0
,305792000,-22.927392509490748,-43.14154418685768,347.6,13.8,0.86337781,0.0274333954,1.0
,305792000,-22.927392509490748,-43.14154418685768,347.6,13.8,0.86337781,0.0274333954,1.0
,305792000,-22.927392509490748,-43.14154418685768,347.6,13.8,0.86337781,0.0274333954,1.0
,305792000,-22.927392509490748,-43.14154418685768,347.6,13.8,0.862927735,0.0274333954,1.0
,305792000,-22.927392509490748,-43.14154418685768,347.6,13.8,0.862927735,0.0274333954,1.0
,305792000,-22.927392509490748,-43.14154418685768,347.6,13.8,0.861761153,0.0274333954,1.0
,305792000,-22.927392509490748,-43.14154418685768,347.6,13.8,0.861761153,0.0274333954,1.0
,305792000,-22.927392509490748,-43.14154418685768,347.6,13.8,0.861761153,0.0273666382,1.0
,305792000,-22.927392509490748,-43.14154418685768,347.6,13.8,0.861761153,0.0273666382,1.0
,305792000,-22.927392509490748,-43.14154418685768,347.6,13.8,0.861761153,0.0273666382,1.0
,305792000,-22.927392509490748,-43.14154418685768,347.6,13.8,0.861761153,0.0273666382,1.0
,305792000,-22.927392509490748,-43.14154418685768,347.6,13.8,0.861761153,0.0273666382,1.0
,305792000,-22.927392509490748,-43.14154418685768,347.6,13.8,0.861761153,0.0273666382,1.0
,305792000,-22.927392509490748,-43.14154418685768,347.6,13.8,0.861761153,0.0273666382,1.0
,305792000,-22.927392509490748,-43.14154418685768,347.6,13.8,0.861761153,0.0273666382,1.0
,305792000,-22.927392509490748,-43.14154418685768,347.6,13.8,0.861761153,0.0273666382,1.0
,305792000,-22.927392509490748,-43.14154418685768,347.6,13.8,0.861761153,0.0273666382,1.0
,305792000,-22.927392509490748,-43.14154418685768,347.6,13.8,0.861761153,0.0273666382,1.0
,305792000,-22.927392509490748,-43.14154418685768,347.6,13.8,0.861761153,0.0273666382,1.0
,305792000,-22.927330085589617,-43.14155989975179,347.6,13.8,0.861761153,0.0273666382,1.0
,305792000,-22.927330085589617,-43.14155989975179,347.6,13.8,0.861761153,0.0273666382,1.0
,305792000,-22.927330085589617,-43.14155989975179,347.6,13.8,0.861761153,0.0273666382,1.0
,305792000,-22.927330085589617,-43.14155989975179,347.6,13.8,0.861761153,0.0273666382,1.0
,305792000,-22.927330085589617,-43.14155989975179,347.6,13.8,0.861761153,0.0273666382,1.0
,305792000,-22.927330085589617,-43.14155989975179,347.6,13.8,0.861761153,0.0273666382,1.0
,305792000,-22.927330085589617,-43.14155989975179,347.6,13.8,0.861761153,0.0273666382,1.0
,305792000,-22.927330085589617,-43.14155989975179,347.6,13.8,0.861761153,0.0273666382,1.0
,305792000,-22.927330085589617,-43.14155989975179,347.6,13.8,0.861761153,0.0273666382,1.0
,305792000,-22.927330085589617,-43.14155989975179,347.6,13.8,0.861761153,0.0273666382,1.0
,305792000,-22.927330085589617,-43.14155989975179,347.6,13.8,0.861761153,0.0273666382,1.0
,305792000,-22.927330085589617,-43.14155989975179,347.6,13.8,0.861761153,0.0273666382,1.0
,305792000,-22.927330085589617,-43.14155989975179,347.6,13.8,0.861761153,0.0273666382,1.0
,305792000,-22.927330085589617,-43.14155989975179,347.6,13.8,0.861761153,0.0273666382,1.0
,305792000,-22.927330085589617,-43.14155989975179,347.6,13.8,0.861761153,0.0273666382,1.0
,305792000,-22.927330085589617,-43.14155989975179,347.6,13.8,0.861761153,0.0273666382,1.0
,305792000,-22.927330085589617,-43.14155989975179,347.6,13.8,0.861761153,0.0273666382,1.0
,305792000,-22.927330085589617,-43.14155989975179,347.6,13.8,0.861761153,0.0273666382,1.0
,305792000,-22.927330085589617,-43.14155989975179,347.6,13.8,0.861761153,0.0273666382,1.0
,305792000,-22.927330085589617,-43.14155989975179,347.6,13.8,0.861761153,0.0273666382,1.0
,305792000,-22.927330085589617,-43.14155989975179,347.6,13.8,0.861761153,0.0273666382,1.0
,305792000,-22.927330085589617,-43.14155989975179,347.6,13.8,0.861761153,0.0273666382,1.0
,305792000,-22.927330085589617,-43.14155989975179,347.6,13.8,0.861761153,0.0273666382,1.0
,305792000,-22.927330085589617,-43.14155989975179,347.6,13.8,0.861761153,0.0273666382,1.0
,305792000,-22.927330085589617,-43.14155989975179,347.6,13.8,0.861761153,0.0273666382,1.0
,305792000,-22.927330085589617,-43.14155989975179,347.6,13.8,0.861761153,0.0273666382,1.0
,305792000,-22.927330085589617,-43.14155989975179,347.6,13.8,0.861761153,0.0273666382,1.0
,305792000,-22.927330085589617,-43.14155989975179,347.6,13.8,0.861761153,0.0273666382,1.0
,305792000,-22.927330085589617,-43.14155989975179,347.6,13.8,0.861761153,0.0273666382,1.0
,305792000,-22.927330085589617,-43.14155989975179,347.6,13.8,0.861761153,0.0273666382,1.0
,305792000,-22.927267661685526,-43.14157561262941,347.6,13.8,0.861761153,0.0273666382,1.0
,305792000,-22.927267661685526,-43.14157561262941,347.6,13.8,0.861761153,0.0273666382,1.0
,305792000,-22.927267661685526,-43.14157561262941,347.6,13.8,0.861761153,0.0273666382,1.0
,305792000,-22.927267661685526,-43.14157561262941,347.6,13.8,0.861761153,0.0273666382,1.0
,305792000,-22.927267661685526,-43.14157561262941,347.6,13.8,0.861761153,0.0273666382,1.0
,305792000,-22.927267661685526,-43.14157561262941,347.6,13.8,0.861761153,0.0273666382,1.0
,305792000,-22.927267661685526,-43.14157561262941,347.6,13.8,0.861761153,0.0273666382,1.0
,305792000,-22.927267661685526,-43.14157561262941,347.6,13.8,0.861761153,0.0273666382,1.0
,305792000,-22.927267661685526,-43.14157561262941,347.6,13.8,0.861761153,0.0273666382,1.0
,305792000,-22.927267661685526,-43.14157561262941,347.6,13.8,0.861761153,0.0273666382,1.0
,305792000,-22.927267661685526,-43.14157561262941,347.6,13.8,0.861761153,0.0273666382,1.0
,305792000,-22.927267661685526,-43.14157561262941,347.6,13.8,0.861761153,0.0273666382,1.0
,305792000,-22.927267661685526,-43.14157561262941,347.6,13.8,0.861761153,0.0273666382,1.0
,305792000,-22.927267661685526,-43.14157561262941,347.6,13.8,0.861761153,0.0273666382,1.0
,305792000,-22.927267661685526,-43.14157561262941,347.6,13.8,0.861761153,0.0273666382,1.0
,305792000,-22.927267661685526,-43.14157561262941,347.6,13.8,0.861761153,0.0273666382,1.0
,305792000,-22.927267661685526,-43.14157561262941,347.6,13.8,0.861761153,0.0273666382,1.0
,305792000,-22.927267661685526,-43.14157561262941,347.6,13.8,0.861761153,0.0273666382,1.0
,305792000,-22.927267661685526,-43.14157561262941,347.6,13.8,0.861761153,0.0273666382,1.0
,305792000,-22.927267661685526,-43.14157561262941,347.6,13.8,0.861761153,0.0273666382,1.0
,305792000,-22.927267661685526,-43.14157561262941,347.6,13.8,0.861761153,0.0273666382,1.0
,305792000,-22.927267661685526,-43.14157561262941,347.6,13.8,0.861761153,0.0273666382,1.0
,305792000,-22.927267661685526,-43.14157561262941,347.6,13.8,0.861761153,0.0273666382,1.0
,305792000,-22.927267661685526,-43.14157561262941,347.6,13.8,0.861761153,0.0273666382,1.0
,305792000,-22.927267661685526,-43.14157561262941,347.6,13.8,0.861761153,0.0273666382,1.0
,305792000,-22.927267661685526,-43.14157561262941,347.6,13.8,0.861761153,0.0273666382,1.0
,305792000,-22.927267661685526,-43.14157561262941,347.6,13.8,0.861761153,0.0273666382,1.0
,305792000,-22.927267661685526,-43.14157561262941,347.6,13.8,0.861761153,0.0273666382,1.0
,305792000,-22.927267661685526,-43.14157561262941,347.6,13.8,0.861761153,0.0273666382,1.0
,305792000,-22.927267661685526,-43.14157561262941,347.6,13.8,0.861761153,0.0273666382,1.0
,305792000,-22.927198420146453,-43.14156386226262,348.3,13.8,0.861761153,0.0273666382,1.0
,305792000,-22.927198420146453,-43.14156386226262,348.3,13.8,0.861761153,0.0273666382,1.0
,305792000,-22.927198420146453,-43.14156386226262,348.3,13.8,0.861761153,0.0273666382,1.0
,305792000,-22.927198420146453,-43.14156386226262,348.3,13.8,0.861761153,0.0273666382,1.0
,305792000,-22.927198420146453,-43.14156386226262,348.3,13.8,0.861761153,0.0273666382,1.0
,305792000,-22.927198420146453,-43.14156386226262,348.3,13.8,0.861761153,0.0273666382,1.0
,305792000,-22.927198420146453,-43.14156386226262,348.3,13.8,0.861761153,0.0273666382,1.0
,305792000,-22.927198420146453,-43.14156386226262,348.3,13.8,0.861761153,0.0273666382,1.0
,305792000,-22.927198420146453,-43.14156386226262,348.3,13.8,0.861761153,0.0273666382,1.0
,305792000,-22.927198420146453,-43.14156386226262,348.3,13.8,0.861761153,0.0273666382,1.0
,305792000,-22.927198420146453,-43.14156386226262,348.3,13.8,0.861761153,0.0273666382,1.0
,305792000,-22.927198420146453,-43.14156386226262,348.3,13.8,0.861761153,0.0273666382,1.0
,305792000,-22.927198420146453,-43.14156386226262,348.3,13.8,0.861761153,0.0273666382,1.0
,305792000,-22.927198420146453,-43.14156386226262,348.3,13.8,0.861761153,0.0273666382,1.0
,305792000,-22.927198420146453,-43.14156386226262,348.3,13.8,0.861761153,0.0273666382,1.0
,305792000,-22.927198420146453,-43.14156386226262,348.3,13.8,0.861761153,0.0273666382,1.0
,305792000,-22.927198420146453,-43.14156386226262,348.3,13.8,0.859738946,0.0273110867,1.0
,305792000,-22.927198420146453,-43.14156386226262,348.3,13.8,0.859738946,0.0273110867,1.0
,305792000,-22.927198420146453,-43.14156386226262,348.3,13.8,0.859738946,0.0273110867,1.0
,305792000,-22.927198420146453,-43.14156386226262,348.3,13.8,0.859738946,0.0273110867,1.0
,305792000,-22.927198420146453,-43.14156386226262,348.3,13.8,0.859738946,0.0273110867,1.0
,305792000,-22.927198420146453,-43.14156386226262,348.3,13.8,0.859738946,0.0273110867,1.0
,305792000,-22.927198420146453,-43.14156386226262,348.3,13.8,0.859738946,0.0273110867,1.0
,305792000,-22.927198420146453,-43.14156386226262,348.3,13.8,0.859738946,0.0273110867,1.0
,305792000,-22.927135823088946,-43.141578750604914,348.3,13.8,0.859738946,0.0273110867,1.0
,305792000,-22.927135823088946,-43.141578750604914,348.3,13.8,0.859738946,0.0273110867,1.0
,305792000,-22.927135823088946,-43.141578750604914,348.3,13.8,0.859738946,0.0273110867,1.0
,305792000,-22.927135823088946,-43.141578750604914,348.3,13.8,0.859738946,0.0273110867,1.0
,305792000,-22.927135823088946,-43.141578750604914,348.3,13.8,0.859738946,0.0273110867,1.0
,305792000,-22.927135823088946,-43.141578750604914,348.3,13.8,0.859738946,0.0273110867,1.0
,305792000,-22.927135823088946,-43.141578750604914,348.3,13.8,0.859738946,0.0273110867,1.0
,305792000,-22.927135823088946,-43.141578750604914,348.3,13.8,0.859738946,0.0273110867,1.0
,305792000,-22.927135823088946,-43.141578750604914,348.3,13.8,0.859738946,0.0273110867,1.0
,305792000,-22.927135823088946,-43.141578750604914,348.3,13.8,0.859738946,0.0273110867,1.0
,305792000,-22.927135823088946,-43.141578750604914,348.3,13.8,0.859738946,0.0273110867,1.0
,305792000,-22.927135823088946,-43.141578750604914,348.3,13.8,0.859738946,0.0273110867,1.0
,305792000,-22.927135823088946,-43.141578750604914,348.3,13.8,0.859738946,0.0273110867,1.0
,305792000,-22.927135823088946,-43.141578750604914,348.3,13.8,0.859738946,0.0273110867,1.0
,305792000,-22.927135823088946,-43.141578750604914,348.3,13.8,0.859738946,0.0273110867,1.0
,305792000,-22.927135823088946,-43.141578750604914,348.3,13.8,0.859738946,0.0273110867,1.0
,305792000,-22.927135823088946,-43.141578750604914,348.3,13.8,0.859738946,0.0273110867,1.0
,305792000,-22.927135823088946,-43.141578750604914,348.3,13.8,0.859738946,0.0273110867,1.0
,305792000,-22.927135823088946,-43.141578750604914,348.3,13.8,0.859738946,0.0273110867,1.0
,305792000,-22.927135823088946,-43.141578750604914,348.3,13.8,0.859738946,0.0273110867,1.0
,305792000,-22.927135823088946,-43.141578750604914,348.3,13.8,0.859738946,0.0273110867,1.0
,305792000,-22.927135823088946,-43.141578750604914,348.3,13.8,0.859738946,0.0273110867,1.0
,305792000,-22.927135823088946,-43.141578750604914,348.3,13.8,0.859738946,0.0273110867,1.0
,305792000,-22.927135823088946,-43.141578750604914,348.3,13.8,0.859738946,0.0273110867,1.0
,305792000,-22.927135823088946,-43.141578750604914,348.3,13.8,0.859738946,0.0273110867,1.0
,305792000,-22.927135823088946,-43.141578750604914,348.3,13.8,0.859738946,0.0273110867,1.0
,305792000,-22.927135823088946,-43.141578750604914,348.3,13.8,0.859738946,0.0273110867,1.0
,305792000,-22.927135823088946,-43.141578750604914,348.3,13.8,0.859738946,0.0273110867,1.0
,305792000,-22.927135823088946,-43.141578750604914,348.3,13.8,0.859738946,0.0273110867,1.0
,305792000,-22.927135823088946,-43.141578750604914,348.3,13.8,0.859738946,0.0273110867,1.0
,305792000,-22.927073226028686,-43.14159363893141,348.3,13.8,0.859738946,0.0273110867,1.0
,305792000,-22.927073226028686,-43.14159363893141,348.3,13.8,0.859738946,0.0273110867,1.0
,305792000,-22.927073226028686,-43.14159363893141,348.3,13.8,0.859738946,0.0273110867,1.0
,305792000,-22.927073226028686,-43.14159363893141,348.3,13.8,0.859738946,0.0273110867,1.0
,305792000,-22.927073226028686,-43.14159363893141,348.3,13.8,0.859738946,0.0273110867,1.0
,305792000,-22.927073226028686,-43.14159363893141,348.3,13.8,0.859738946,0.0273110867,1.0
,305792000,-22.927073226028686,-43.14159363893141,348.3,13.8,0.859738946,0.0273110867,1.0
,305792000,-22.927073226028686,-43.14159363893141,348.3,13.8,0.859738946,0.0273110867,1.0
,305792000,-22.927073226028686,-43.14159363893141,348.3,13.8,0.859738946,0.0273110867,1.0
,305792000,-22.927073226028686,-43.14159363893141,348.3,13.8,0.859738946,0.0273110867,1.0
,305792000,-22.927073226028686,-43.14159363893141,348.3,13.8,0.859738946,0.0273110867,1.0
,305792000,-22.927073226028686,-43.14159363893141,348.3,13.8,0.859738946,0.0273110867,1.0
,305792000,-22.927073226028686,-43.14159363893141,348.3,13.8,0.859738946,0.0273110867,1.0
,305792000,-22.927073226028686,-43.14159363893141,348.3,13.8,0.859738946,0.0273110867,1.0
,305792000,-22.927073226028686,-43.14159363893141,348.3,13.8,0.859738946,0.0273110867,1.0
,305792000,-22.927073226028686,-43.14159363893141,348.3,13.8,0.859738946,0.0273110867,1.0
,305792000,-22.927073226028686,-43.14159363893141,348.3,13.8,0.859738946,0.0273110867,1.0
,305792000,-22.927073226028686,-43.14159363893141,348.3,13.8,0.859738946,0.0273110867,1.0
,305792000,-22.927073226028686,-43.14159363893141,348.3,13.8,0.859738946,0.0273110867,1.0
,305792000,-22.927073226028686,-43.14159363893141,348.3,13.8,0.859738946,0.0273110867,1.0
,305792000,-22.927073226028686,-43.14159363893141,348.3,13.8,0.859738946,0.0273110867,1.0
,305792000,-22.927073226028686,-43.14159363893141,348.3,13.8,0.859738946,0.0273110867,1.0
,305792000,-22.927073226028686,-43.14159363893141,348.3,13.8,0.859738946,0.0273110867,1.0
,305792000,-22.927073226028686,-43.14159363893141,348.3,13.8,0.859738946,0.0273110867,1.0
,305792000,-22.927073226028686,-43.14159363893141,348.3,13.8,0.859738946,0.0273110867,1.0
,305792000,-22.927073226028686,-43.14159363893141,348.3,13.8,0.859738946,0.0273110867,1.0
,305792000,-22.927073226028686,-43.14159363893141,348.3,13.8,0.859738946,0.0273110867,1.0
,305792000,-22.927073226028686,-43.14159363893141,348.3,13.8,0.859738946,0.0273110867,1.0
,305792000,-22.927073226028686,-43.14159363893141,348.3,13.8,0.859738946,0.0273110867,1.0
,305792000,-22.927073226028686,-43.14159363893141,348.3,13.8,0.859738946,0.0273110867,1.0
,305792000,-22.927010628965643,-43.14160852724211,348.3,13.8,0.859738946,0.0273110867,1.0
,305792000,-22.927010628965643,-43.14160852724211,348.3,13.8,0.859738946,0.0273110867,1.0
,305792000,-22.927010628965643,-43.14160852724211,348.3,13.8,0.859738946,0.0273110867,1.0
,305792000,-22.927010628965643,-43.14160852724211,348.3,13.8,0.859738946,0.0273110867,1.0
,305792000,-22.927010628965643,-43.14160852724211,348.3,13.8,0.859738946,0.0273110867,1.0
,305792000,-22.927010628965643,-43.14160852724211,348.3,13.8,0.859738946,0.0273110867,1.0
,305792000,-22.927010628965643,-43.14160852724211,348.3,13.8,0.859738946,0.0273110867,1.0
,305792000,-22.927010628965643,-43.14160852724211,348.3,13.8,0.859738946,0.0273110867,1.0
,305792000,-22.927010628965643,-43.14160852724211,348.3,13.8,0.859738946,0.0273110867,1.0
,305792000,-22.927010628965643,-43.14160852724211,348.3,13.8,0.859738946,0.0273110867,1.0
,305792000,-22.927010628965643,-43.14160852724211,348.3,13.8,0.859738946,0.0273110867,1.0
,305792000,-22.927010628965643,-43.14160852724211,348.3,13.8,0.859738946,0.0273110867,1.0
,305792000,-22.927010628965643,-43.14160852724211,348.3,13.8,0.859738946,0.0273110867,1.0
,305792000,-22.927010628965643,-43.14160852724211,348.3,13.8,0.859738946,0.0273110867,1.0
,305792000,-22.927010628965643,-43.14160852724211,348.3,13.8,0.858333349,0.0273110867,1.0
,305792000,-22.927010628965643,-43.14160852724211,348.3,13.8,0.858333349,0.0273110867,1.0
,305792000,-22.927010628965643,-43.14160852724211,348.3,13.8,0.858044446,0.0272444487,1.0
,305792000,-22.927010628965643,-43.14160852724211,348.3,13.8,0.858044446,0.0272444487,1.0
,305792000,-22.927010628965643,-43.14160852724211,348.3,13.8,0.858044446,0.0272444487,1.0
,305792000,-22.927010628965643,-43.14160852724211,348.3,13.8,0.858044446,0.0272444487,1.0
,305792000,-22.927010628965643,-43.14160852724211,348.3,13.8,0.858044446,0.0272444487,1.0
,305792000,-22.927010628965643,-43.14160852724211,348.3,13.8,0.858044446,0.0272444487,1.0
,305792000,-22.927010628965643,-43.14160852724211,348.3,13.8,0.858044446,0.0272444487,1.0
,305792000,-22.927010628965643,-43.14160852724211,348.3,13.8,0.858044446,0.0272444487,1.0
,305792000,-22.927010628965643,-43.14160852724211,348.3,13.8,0.858044446,0.0272444487,1.0
,305792000,-22.927010628965643,-43.14160852724211,348.3,13.8,0.858044446,0.0272444487,1.0
,305792000,-22.927010628965643,-43.14160852724211,348.3,13.8,0.858044446,0.0272444487,1.0
,305792000,-22.927010628965643,-43.14160852724211,348.3,13.8,0.858044446,0.0272444487,1.0
,305792000,-22.927010628965643,-43.14160852724211,348.3,13.8,0.858044446,0.0272444487,1.0
,305792000,-22.927010628965643,-43.14160852724211,348.3,13.8,0.858044446,0.0272444487,1.0
,305792000,-22.92694803189985,-43.141623415537026,348.3,13.8,0.858044446,0.0272444487,1.0
,305792000,-22.92694803189985,-43.141623415537026,348.3,13.8,0.858044446,0.0272444487,1.0
,305792000,-22.92694803189985,-43.141623415537026,348.3,13.8,0.858044446,0.0272444487,1.0
,305792000,-22.92694803189985,-43.141623415537026,348.3,13.8,0.858044446,0.0272444487,1.0
,305792000,-22.92694803189985,-43.141623415537026,348.3,13.8,0.858044446,0.0272444487,1.0
,305792000,-22.92694803189985,-43.141623415537026,348.3,13.8,0.858044446,0.0272444487,1.0
,305792000,-22.92694803189985,-43.141623415537026,348.3,13.8,0.858044446,0.0272444487,1.0
,305792000,-22.92694803189985,-43.141623415537026,348.3,13.8,0.858044446,0.0272444487,1.0
,305792000,-22.92694803189985,-43.141623415537026,348.3,13.8,0.858044446,0.0272444487,1.0
,305792000,-22.92694803189985,-43.141623415537026,348.3,13.8,0.858044446,0.0272444487,1.0
,305792000,-22.92694803189985,-43.141623415537026,348.3,13.8,0.858044446,0.0272444487,1.0
,305792000,-22.92694803189985,-43.141623415537026,348.3,13.8,0.858044446,0.0272444487,1.0
,305792000,-22.92694803189985,-43.141623415537026,348.3,13.8,0.858044446,0.0272444487,1.0
,305792000,-22.92694803189985,-43.141623415537026,348.3,13.8,0.858044446,0.0272444487,1.0
,305792000,-22.92694803189985,-43.141623415537026,348.3,13.8,0.858044446,0.0272444487,1.0
,305792000,-22.92694803189985,-43.141623415537026,348.3,13.8,0.858044446,0.0272444487,1.0
,305792000,-22.92694803189985,-43.141623415537026,348.3,13.8,0.858044446,0.0272444487,1.0
,305792000,-22.92694803189985,-43.141623415537026,348.3,13.8,0.858044446,0.0272444487,1.0
,305792000,-22.926885434831288,-43.141638303816144,348.3,13.8,0.858044446,0.0272444487,1.0
,305792000,-22.926885434831288,-43.141638303816144,348.3,13.8,0.858044446,0.0272444487,1.0
,305792000,-22.926885434831288,-43.141638303816144,348.3,13.8,0.858044446,0.0272444487,1.0
,305792000,-22.926885434831288,-43.141638303816144,348.3,13.8,0.858044446,0.0272444487,1.0
,305792000,-22.926885434831288,-43.141638303816144,348.3,13.8,0.858044446,0.0272444487,1.0
,305792000,-22.926885434831288,-43.141638303816144,348.3,13.8,0.858044446,0.0272444487,1.0
,305792000,-22.926885434831288,-43.141638303816144,348.3,13.8,0.858044446,0.0272444487,1.0
,305792000,-22.926885434831288,-43.141638303816144,348.3,13.8,0.858044446,0.0272444487,1.0
,305792000,-22.926885434831288,-43.141638303816144,348.3,13.8,0.858044446,0.0272444487,1.0
,305792000,-22.926885434831288,-43.141638303816144,348.3,13.8,0.858044446,0.0272444487,1.0
,305792000,-22.926885434831288,-43.141638303816144,348.3,13.8,0.858044446,0.0272444487,1.0
,305792000,-22.926885434831288,-43.141638303816144,348.3,13.8,0.858044446,0.0272444487,1.0
,305792000,-22.926885434831288,-43.141638303816144,348.3,13.8,0.858044446,0.0272444487,1.0
,305792000,-22.926885434831288,-43.141638303816144,348.3,13.8,0.858044446,0.0272444487,1.0
,305792000,-22.926885434831288,-43.141638303816144,348.3,13.8,0.858044446,0.0272444487,1.0
,305792000,-22.926885434831288,-43.141638303816144,348.3,13.8,0.858044446,0.0272444487,1.0
,305792000,-22.926885434831288,-43.141638303816144,348.3,13.8,0.858044446,0.0272444487,1.0
,305792000,-22.926885434831288,-43.141638303816144,348.3,13.8,0.858044446,0.0272444487,1.0
,305792000,-22.926885434831288,-43.141638303816144,348.3,13.8,0.858044446,0.0272444487,1.0
,305792000,-22.926885434831288,-43.141638303816144,348.3,13.8,0.858044446,0.0272444487,1.0
,305792000,-22.926885434831288,-43.141638303816144,348.3,13.8,0.858044446,0.0272444487,1.0
,305792000,-22.926885434831288,-43.141638303816144,348.3,13.8,0.858044446,0.0272444487,1.0
,305792000,-22.926885434831288,-43.141638303816144,348.3,13.8,0.858044446,0.0272444487,1.0
,305792000,-22.926885434831288,-43.141638303816144,348.3,13.8,0.858044446,0.0272444487,1.0
,305792000,-22.926885434831288,-43.141638303816144,348.3,13.8,0.858044446,0.0272444487,1.0
,305792000,-22.926885434831288,-43.141638303816144,348.3,13.8,0.858044446,0.0272444487,1.0
,305792000,-22.926822837759964,-43.141653192079474,348.3,13.8,0.858044446,0.0272444487,1.0
,305792000,-22.926822837759964,-43.141653192079474,348.3,13.8,0.858044446,0.0272444487,1.0
,305792000,-22.926822837759964,-43.141653192079474,348.3,13.8,0.858044446,0.0272444487,1.0
,305792000,-22.926822837759964,-43.141653192079474,348.3,13.8,0.858044446,0.0272444487,1.0
,305792000,-22.926822837759964,-43.141653192079474,348.3,13.8,0.858044446,0.0272444487,1.0
,305792000,-22.926822837759964,-43.141653192079474,348.3,13.8,0.858044446,0.0272444487,1.0
,305792000,-22.926822837759964,-43.141653192079474,348.3,13.8,0.858044446,0.0272444487,1.0
,305792000,-22.926822837759964,-43.141653192079474,348.3,13.8,0.856322229,0.0271888971,1.0
,305792000,-22.926822837759964,-43.141653192079474,348.3,13.8,0.856322229,0.0271888971,1.0
,305792000,-22.926822837759964,-43.141653192079474,348.3,13.8,0.856322229,0.0271888971,1.0
,305792000,-22.926822837759964,-43.141653192079474,348.3,13.8,0.856322229,0.0271888971,1.0
,305792000,-22.926822837759964,-43.141653192079474,348.3,13.8,0.856322229,0.0271888971,1.0
,305792000,-22.926822837759964,-43.141653192079474,348.3,13.8,0.856322229,0.0271888971,1.0
,305792000,-22.926760240685866,-43.141668080327,348.3,13.8,0.856322229,0.0271888971,1.0
,305792000,-22.926760240685866,-43.141668080327,348.3,13.8,0.856322229,0.0271888971,1.0
,305792000,-22.926760240685866,-43.141668080327,348.3,13.8,0.856322229,0.0271888971,1.0
,305792000,-22.926760240685866,-43.141668080327,348.3,13.8,0.856322229,0.0271888971,1.0
,305792000,-22.926760240685866,-43.141668080327,348.3,13.8,0.856322229,0.0271888971,1.0
,305792000,-22.926760240685866,-43.141668080327,348.3,13.8,0.856322229,0.0271888971,1.0
,305792000,-22.926760240685866,-43.141668080327,348.3,13.8,0.856322229,0.0271888971,1.0
,305792000,-22.926760240685866,-43.141668080327,348.3,13.8,0.856322229,0.0271888971,1.0
,305792000,-22.926760240685866,-43.141668080327,348.3,13.8,0.856322229,0.0271888971,1.0
,305792000,-22.926760240685866,-43.141668080327,348.3,13.8,0.856322229,0.0271888971,1.0
,305792000,-22.926760240685866,-43.141668080327,348.3,13.8,0.856322229,0.0271888971,1.0
,305792000,-22.926760240685866,-43.141668080327,348.3,13.8,0.856322229,0.0271888971,1.0
,305792000,-22.926760240685866,-43.141668080327,348.3,13.8,0.856322229,0.0271888971,1.0
,305792000,-22.926760240685866,-43.141668080327,348.3,13.8,0.856322229,0.0271888971,1.0
,305792000,-22.926760240685866,-43.141668080327,348.3,13.8,0.856322229,0.0271888971,1.0
,305792000,-22.92669764360901,-43.14168296855874,348.3,13.8,0.856322229,0.0271888971,1.0
,305792000,-22.92669764360901,-43.14168296855874,348.3,13.8,0.856322229,0.0271888971,1.0
,305792000,-22.92669764360901,-43.14168296855874,348.3,13.8,0.856322229,0.0271888971,1.0
,305792000,-22.926635046529384,-43.14169785677469,348.3,13.8,0.856322229,0.0271888971,1.0
,305792000,-22.926635046529384,-43.14169785677469,348.3,13.8,0.856322229,0.0271888971,1.0
,305792000,-22.926439669796395,-43.141730319178336,348.2,13.9,0.856322229,0.0271888971,1.0
,305792000,-22.926439669796395,-43.141730319178336,348.2,13.9,0.856322229,0.0271888971,1.0
,305792000,-22.926439669796395,-43.141730319178336,348.2,13.9,0.856322229,0.0271888971,1.0
,305792000,-22.926439669796395,-43.141730319178336,348.2,13.9,0.856322229,0.0271888971,1.0
,305792000,-22.926439669796395,-43.141730319178336,348.2,13.9,0.856322229,0.0271888971,1.0
,305792000,-22.926439669796395,-43.141730319178336,348.2,13.9,0.856322229,0.0271888971,1.0
,305792000,-22.926439669796395,-43.141730319178336,348.2,13.9,0.852583289,0.0270555019,1.0
,305792000,-22.926439669796395,-43.141730319178336,348.2,13.9,0.852583289,0.0270555019,1.0
,305792000,-22.926439669796395,-43.141730319178336,348.2,13.9,0.852583289,0.0270555019,1.0
,305792000,-22.926439669796395,-43.141730319178336,348.2,13.9,0.852583289,0.0270555019,1.0
,305792000,-22.926439669796395,-43.141730319178336,348.2,13.9,0.852583289,0.0270555019,1.0
,305792000,-22.926439669796395,-43.141730319178336,348.2,13.9,0.852583289,0.0270555019,1.0
,305792000,-22.926439669796395,-43.141730319178336,348.2,13.9,0.852583289,0.0270555019,1.0
,305792000,-22.926439669796395,-43.141730319178336,348.2,13.9,0.852583289,0.0270555019,1.0
,305792000,-22.926439669796395,-43.141730319178336,348.2,13.9,0.852583289,0.0270555019,1.0
,305792000,-22.926439669796395,-43.141730319178336,348.2,13.9,0.852583289,0.0270555019,1.0
,305792000,-22.92637664344435,-43.14174543400121,348.2,13.9,0.852583289,0.0270555019,1.0
,305792000,-22.92637664344435,-43.14174543400121,348.2,13.9,0.852583289,0.0270555019,1.0
,305792000,-22.92637664344435,-43.14174543400121,348.2,13.9,0.852583289,0.0270555019,1.0
,305792000,-22.92637664344435,-43.14174543400121,348.2,13.9,0.852583289,0.0270555019,1.0
,305792000,-22.92637664344435,-43.14174543400121,348.2,13.9,0.852583289,0.0270555019,1.0
,305792000,-22.92637664344435,-43.14174543400121,348.2,13.9,0.852583289,0.0270555019,1.0
,305792000,-22.92637664344435,-43.14174543400121,348.2,13.9,0.852583289,0.0270555019,1.0
,305792000,-22.92637664344435,-43.14174543400121,348.2,13.9,0.852583289,0.0270555019,1.0
,305792000,-22.92637664344435,-43.14174543400121,348.2,13.9,0.852583289,0.0270555019,1.0
,305792000,-22.92637664344435,-43.14174543400121,348.2,13.9,0.852583289,0.0270555019,1.0
,305792000,-22.92637664344435,-43.14174543400121,348.2,13.9,0.852583289,0.0270555019,1.0
,305792000,-22.92637664344435,-43.14174543400121,348.2,13.9,0.852583289,0.0270555019,1.0
,305792000,-22.92637664344435,-43.14174543400121,348.2,13.9,0.852583289,0.0270555019,1.0
,305792000,-22.92637664344435,-43.14174543400121,348.2,13.9,0.852583289,0.0270555019,1.0
,305792000,-22.92637664344435,-43.14174543400121,348.2,13.9,0.852583289,0.0270555019,1.0
,305792000,-22.92637664344435,-43.14174543400121,348.2,13.9,0.852583289,0.0270555019,1.0
,305792000,-22.92637664344435,-43.14174543400121,348.2,13.9,0.852583289,0.0270555019,1.0
,305792000,-22.92637664344435,-43.14174543400121,348.2,13.9,0.852583289,0.0270555019,1.0
,305792000,-22.92637664344435,-43.14174543400121,348.2,13.9,0.852583289,0.0270555019,1.0
,305792000,-22.92637664344435,-43.14174543400121,348.2,13.9,0.852583289,0.0270555019,1.0
,305792000,-22.92637664344435,-43.14174543400121,348.2,13.9,0.852583289,0.0270555019,1.0
,305792000,-22.92631361708947,-43.14176054880796,348.2,13.9,0.852583289,0.0270555019,1.0
,305792000,-22.92631361708947,-43.14176054880796,348.2,13.9,0.852583289,0.0270555019,1.0
,305792000,-22.92631361708947,-43.14176054880796,348.2,13.9,0.852583289,0.0270555019,1.0
,305792000,-22.92631361708947,-43.14176054880796,348.2,13.9,0.852583289,0.0270555019,1.0
,305792000,-22.92631361708947,-43.14176054880796,348.2,13.9,0.852583289,0.0270555019,1.0
,305792000,-22.92631361708947,-43.14176054880796,348.2,13.9,0.852583289,0.0270555019,1.0
,305792000,-22.92631361708947,-43.14176054880796,348.2,13.9,0.852583289,0.0270555019,1.0
,305792000,-22.92631361708947,-43.14176054880796,348.2,13.9,0.852583289,0.0270555019,1.0
,305792000,-22.92631361708947,-43.14176054880796,348.2,13.9,0.852583289,0.0270555019,1.0
,305792000,-22.92631361708947,-43.14176054880796,348.2,13.9,0.852583289,0.0270555019,1.0
,305792000,-22.92631361708947,-43.14176054880796,348.2,13.9,0.852583289,0.0270555019,1.0
,305792000,-22.92631361708947,-43.14176054880796,348.2,13.9,0.852583289,0.0270555019,1.0
,305792000,-22.92631361708947,-43.14176054880796,348.2,13.9,0.852583289,0.0270555019,1.0
,305792000,-22.92631361708947,-43.14176054880796,348.2,13.9,0.852583289,0.0270555019,1.0
,305792000,-22.92631361708947,-43.14176054880796,348.2,13.9,0.852583289,0.0270555019,1.0
,305792000,-22.92631361708947,-43.14176054880796,348.2,13.9,0.852583289,0.0270555019,1.0
,305792000,-22.92631361708947,-43.14176054880796,348.2,13.9,0.852583289,0.0270555019,1.0
,305792000,-22.92631361708947,-43.14176054880796,348.2,13.9,0.852583289,0.0270555019,1.0
,305792000,-22.92631361708947,-43.14176054880796,348.2,13.9,0.852583289,0.0270555019,1.0
,305792000,-22.92631361708947,-43.14176054880796,348.2,13.9,0.852583289,0.0270555019,1.0
,305792000,-22.92631361708947,-43.14176054880796,348.2,13.9,0.852583289,0.0270555019,1.0
,305792000,-22.92631361708947,-43.14176054880796,348.2,13.9,0.852583289,0.0270555019,1.0
,305792000,-22.92631361708947,-43.14176054880796,348.2,13.9,0.852583289,0.0270555019,1.0
,305792000,-22.92631361708947,-43.14176054880796,348.2,13.9,0.852583289,0.0270555019,1.0
,305792000,-22.92631361708947,-43.14176054880796,348.2,13.9,0.852583289,0.0270555019,1.0
,305792000,-22.92631361708947,-43.14176054880796,348.2,13.9,0.852583289,0.0270555019,1.0
,305792000,-22.92631361708947,-43.14176054880796,348.2,13.9,0.852583289,0.0270555019,1.0
,305792000,-22.92631361708947,-43.14176054880796,348.2,13.9,0.852583289,0.0270555019,1.0
,305792000,-22.92631361708947,-43.14176054880796,348.2,13.9,0.852583289,0.0270555019,1.0
,305792000,-22.92631361708947,-43.14176054880796,348.2,13.9,0.852583289,0.0270555019,1.0
,305792000,-22.92631361708947,-43.14176054880796,348.2,13.9,0.852583289,0.0270555019,1.0
,305792000,-22.92631361708947,-43.14176054880796,348.2,13.9,0.852583289,0.0270555019,1.0
,305792000,-22.92631361708947,-43.14176054880796,348.2,13.9,0.852583289,0.0270555019,1.0
,305792000,-22.92631361708947,-43.14176054880796,348.2,13.9,0.852583289,0.0270555019,1.0
,305792000,-22.92631361708947,-43.14176054880796,348.2,13.9,0.852583289,0.0270555019,1.0
,305792000,-22.92631361708947,-43.14176054880796,348.2,13.9,0.852583289,0.0270555019,1.0
,305792000,-22.92631361708947,-43.14176054880796,348.2,13.9,0.852583289,0.0270555019,1.0
,305792000,-22.92631361708947,-43.14176054880796,348.2,13.9,0.852583289,0.0270555019,1.0
,305792000,-22.92631361708947,-43.14176054880796,348.2,13.9,0.852583289,0.0270555019,1.0
,305792000,-22.92625059073175,-43.14177566359859,348.2,13.9,0.852583289,0.0270555019,1.0
,305792000,-22.92625059073175,-43.14177566359859,348.2,13.9,0.852583289,0.0270555019,1.0
,305792000,-22.92625059073175,-43.14177566359859,348.2,13.9,0.852583289,0.0270555019,1.0
,305792000,-22.92625059073175,-43.14177566359859,348.2,13.9,0.852583289,0.0270555019,1.0
,305792000,-22.92625059073175,-43.14177566359859,348.2,13.9,0.852583289,0.0270555019,1.0
,305792000,-22.92625059073175,-43.14177566359859,348.2,13.9,0.852583289,0.0270555019,1.0
,305792000,-22.92625059073175,-43.14177566359859,348.2,13.9,0.852583289,0.0270555019,1.0
,305792000,-22.92625059073175,-43.14177566359859,348.2,13.9,0.852583289,0.0270555019,1.0
,305792000,-22.92625059073175,-43.14177566359859,348.2,13.9,0.852583289,0.0270555019,1.0
,305792000,-22.92625059073175,-43.14177566359859,348.2,13.9,0.852583289,0.0270555019,1.0
,305792000,-22.92625059073175,-43.14177566359859,348.2,13.9,0.852583289,0.0270555019,1.0
,305792000,-22.92625059073175,-43.14177566359859,348.2,13.9,0.852583289,0.0270555019,1.0
,305792000,-22.92625059073175,-43.14177566359859,348.2,13.9,0.852583289,0.0270555019,1.0
,305792000,-22.92625059073175,-43.14177566359859,348.2,13.9,0.852583289,0.0270555019,1.0
,305792000,-22.92625059073175,-43.14177566359859,348.2,13.9,0.852583289,0.0270555019,1.0
,305792000,-22.92625059073175,-43.14177566359859,348.2,13.9,0.852583289,0.0270555019,1.0
,305792000,-22.92625059073175,-43.14177566359859,348.2,13.9,0.852583289,0.0270555019,1.0
,305792000,-22.92625059073175,-43.14177566359859,348.2,13.9,0.852583289,0.0270555019,1.0
,305792000,-22.92625059073175,-43.14177566359859,348.2,13.9,0.852583289,0.0270555019,1.0
,305792000,-22.92625059073175,-43.14177566359859,348.2,13.9,0.852583289,0.0270555019,1.0
,305792000,-22.92625059073175,-43.14177566359859,348.2,13.9,0.852583289,0.0270555019,1.0
,305792000,-22.92625059073175,-43.14177566359859,348.2,13.9,0.852583289,0.0270555019,1.0
,305792000,-22.92625059073175,-43.14177566359859,348.2,13.9,0.852583289,0.0270555019,1.0
,305792000,-22.92625059073175,-43.14177566359859,348.2,13.9,0.852583289,0.0270555019,1.0
,305792000,-22.92625059073175,-43.14177566359859,348.2,13.9,0.852583289,0.0270555019,1.0
,305792000,-22.92625059073175,-43.14177566359859,348.2,13.9,0.852583289,0.0270555019,1.0
,305792000,-22.92625059073175,-43.14177566359859,348.2,13.9,0.852583289,0.0270555019,1.0
,305792000,-22.9261875643712,-43.141790778373085,348.2,13.9,0.850772262,0.0269888639,1.0
,305792000,-22.9261875643712,-43.141790778373085,348.2,13.9,0.850772262,0.0269888639,1.0
,305792000,-22.9261875643712,-43.141790778373085,348.2,13.9,0.850772262,0.0269888639,1.0
,305792000,-22.9261875643712,-43.141790778373085,348.2,13.9,0.850772262,0.0269888639,1.0
,305792000,-22.9261875643712,-43.141790778373085,348.2,13.9,0.850772262,0.0269888639,1.0
,305792000,-22.9261875643712,-43.141790778373085,348.2,13.9,0.850772262,0.0269888639,1.0
,305792000,-22.9261875643712,-43.141790778373085,348.2,13.9,0.850772262,0.0269888639,1.0
,305792000,-22.9261875643712,-43.141790778373085,348.2,13.9,0.850772262,0.0269888639,1.0
,305792000,-22.9261875643712,-43.141790778373085,348.2,13.9,0.850772262,0.0269888639,1.0
,305792000,-22.9261875643712,-43.141790778373085,348.2,13.9,0.850772262,0.0269888639,1.0
,305792000,-22.9261875643712,-43.141790778373085,348.2,13.9,0.850772262,0.0269888639,1.0
,305792000,-22.9261875643712,-43.141790778373085,348.2,13.9,0.850772262,0.0269888639,1.0
,305792000,-22.9261875643712,-43.141790778373085,348.2,13.9,0.850772262,0.0269888639,1.0
,305792000,-22.9261875643712,-43.141790778373085,348.2,13.9,0.850772262,0.0269888639,1.0
,305792000,-22.9261875643712,-43.141790778373085,348.2,13.9,0.850772262,0.0269888639,1.0
,305792000,-22.9261875643712,-43.141790778373085,348.2,13.9,0.850772262,0.0269888639,1.0
,305792000,-22.9261875643712,-43.141790778373085,348.2,13.9,0.850772262,0.0269888639,1.0
,305792000,-22.9261875643712,-43.141790778373085,348.2,13.9,0.850772262,0.0269888639,1.0
,305792000,-22.9261875643712,-43.141790778373085,348.2,13.9,0.850772262,0.0269888639,1.0
,305792000,-22.9261875643712,-43.141790778373085,348.2,13.9,0.850772262,0.0269888639,1.0
,305792000,-22.9261875643712,-43.141790778373085,348.2,13.9,0.850772262,0.0269888639,1.0
,305792000,-22.9261875643712,-43.141790778373085,348.2,13.9,0.850772262,0.0269888639,1.0
,305792000,-22.9261875643712,-43.141790778373085,348.2,13.9,0.850772262,0.0269888639,1.0
,305792000,-22.9261875643712,-43.141790778373085,348.2,13.9,0.850772262,0.0269888639,1.0
,305792000,-22.9261875643712,-43.141790778373085,348.2,13.9,0.850772262,0.0269888639,1.0
,305792000,-22.9261875643712,-43.141790778373085,348.2,13.9,0.850772262,0.0269888639,1.0
,305792000,-22.9261875643712,-43.141790778373085,348.2,13.9,0.850772262,0.0269888639,1.0
,305792000,-22.9261875643712,-43.141790778373085,348.2,13.9,0.850772262,0.0269888639,1.0
,305792000,-22.9261875643712,-43.141790778373085,348.2,13.9,0.850772262,0.0269888639,1.0
,305792000,-22.9261875643712,-43.141790778373085,348.2,13.9,0.850772262,0.0269888639,1.0
,305792000,-22.9261875643712,-43.141790778373085,348.2,13.9,0.850772262,0.0269888639,1.0
,305792000,-22.9261875643712,-43.141790778373085,348.2,13.9,0.850772262,0.0269888639,1.0
,305792000,-22.9261875643712,-43.141790778373085,348.2,13.9,0.850772262,0.0269888639,1.0
,305792000,-22.9261875643712,-43.141790778373085,348.2,13.9,0.850772262,0.0269888639,1.0
,305792000,-22.9261875643712,-43.141790778373085,348.2,13.9,0.850772262,0.0269888639,1.0
,305792000,-22.9261875643712,-43.141790778373085,348.2,13.9,0.850772262,0.0269888639,1.0
,305792000,-22.9261875643712,-43.141790778373085,348.2,13.9,0.850772262,0.0269888639,1.0
,305792000,-22.9261875643712,-43.141790778373085,348.2,13.9,0.850772262,0.0269888639,1.0
,305792000,-22.9261875643712,-43.141790778373085,348.2,13.9,0.850772262,0.0269888639,1.0
,305792000,-22.9261875643712,-43.141790778373085,348.2,13.9,0.850772262,0.0269888639,1.0
,305792000,-22.9261875643712,-43.141790778373085,348.2,13.9,0.850772262,0.0269888639,1.0
,305792000,-22.9261875643712,-43.141790778373085,348.2,13.9,0.850772262,0.0269888639,1.0
,305792000,-22.926124538007823,-43.14180589313147,348.2,13.9,0.850772262,0.0269888639,1.0
,305792000,-22.926124538007823,-43.14180589313147,348.2,13.9,0.850772262,0.0269888639,1.0
,305792000,-22.926124538007823,-43.14180589313147,348.2,13.9,0.850772262,0.0269888639,1.0
,305792000,-22.926124538007823,-43.14180589313147,348.2,13.9,0.850772262,0.0269888639,1.0
,305792000,-22.926124538007823,-43.14180589313147,348.2,13.9,0.850772262,0.0269888639,1.0
,305792000,-22.926124538007823,-43.14180589313147,348.2,13.9,0.850772262,0.0269888639,1.0
,305792000,-22.926124538007823,-43.14180589313147,348.2,13.9,0.850772262,0.0269888639,1.0
,305792000,-22.926124538007823,-43.14180589313147,348.2,13.9,0.850772262,0.0269888639,1.0
,305792000,-22.926124538007823,-43.14180589313147,348.2,13.9,0.850772262,0.0269888639,1.0
,305792000,-22.926124538007823,-43.14180589313147,348.2,13.9,0.850772262,0.0269888639,1.0
,305792000,-22.926124538007823,-43.14180589313147,348.2,13.9,0.850772262,0.0269888639,1.0
,305792000,-22.926124538007823,-43.14180589313147,348.2,13.9,0.850772262,0.0269888639,1.0
,305792000,-22.926124538007823,-43.14180589313147,348.2,13.9,0.850772262,0.0269888639,1.0
,305792000,-22.926124538007823,-43.14180589313147,348.2,13.9,0.850772262,0.0269888639,1.0
,305792000,-22.926124538007823,-43.14180589313147,348.2,13.9,0.850772262,0.0269888639,1.0
,305792000,-22.926124538007823,-43.14180589313147,348.2,13.9,0.850772262,0.0269888639,1.0
,305792000,-22.926124538007823,-43.14180589313147,348.2,13.9,0.850772262,0.0269888639,1.0
,305792000,-22.926124538007823,-43.14180589313147,348.2,13.9,0.850772262,0.0269888639,1.0
,305792000,-22.926124538007823,-43.14180589313147,348.2,13.9,0.850772262,0.0269888639,1.0
,305792000,-22.926124538007823,-43.14180589313147,348.2,13.9,0.850772262,0.0269888639,1.0
,305792000,-22.926124538007823,-43.14180589313147,348.2,13.9,0.850772262,0.0269888639,1.0
,305792000,-22.926124538007823,-43.14180589313147,348.2,13.9,0.850772262,0.0269888639,1.0
,305792000,-22.926124538007823,-43.14180589313147,348.2,13.9,0.850772262,0.0269888639,1.0
,305792000,-22.926124538007823,-43.14180589313147,348.2,13.9,0.850772262,0.0269888639,1.0
,305792000,-22.926124538007823,-43.14180589313147,348.2,13.9,0.850772262,0.0269888639,1.0
,305792000,-22.926124538007823,-43.14180589313147,348.2,13.9,0.850772262,0.0269888639,1.0
,305792000,-22.926124538007823,-43.14180589313147,348.2,13.9,0.850772262,0.0269888639,1.0
,305792000,-22.926124538007823,-43.14180589313147,348.2,13.9,0.850772262,0.0269888639,1.0
,305792000,-22.926124538007823,-43.14180589313147,348.2,13.9,0.850772262,0.0269888639,1.0
,305792000,-22.926124538007823,-43.14180589313147,348.2,13.9,0.850772262,0.0269888639,1.0
,305792000,-22.926124538007823,-43.14180589313147,348.2,13.9,0.850772262,0.0269888639,1.0
,305792000,-22.926124538007823,-43.14180589313147,348.2,13.9,0.850772262,0.0269888639,1.0
,305792000,-22.926124538007823,-43.14180589313147,348.2,13.9,0.850772262,0.0269888639,1.0
,305792000,-22.926124538007823,-43.14180589313147,348.2,13.9,0.850772262,0.0269888639,1.0
,305792000,-22.926124538007823,-43.14180589313147,348.2,13.9,0.850772262,0.0269888639,1.0
,305792000,-22.926124538007823,-43.14180589313147,348.2,13.9,0.850772262,0.0269888639,1.0
,305792000,-22.926124538007823,-43.14180589313147,348.2,13.9,0.850772262,0.0269888639,1.0
,305792000,-22.926124538007823,-43.14180589313147,348.2,13.9,0.850772262,0.0269888639,1.0
,305792000,-22.926124538007823,-43.14180589313147,348.2,13.9,0.850772262,0.0269888639,1.0
,305792000,-22.926124538007823,-43.14180589313147,348.2,13.9,0.850772262,0.0269888639,1.0
,305792000,-22.926124538007823,-43.14180589313147,348.2,13.9,0.850772262,0.0269888639,1.0
,305792000,-22.926124538007823,-43.14180589313147,348.2,13.9,0.850772262,0.0269888639,1.0
,305792000,-22.926124538007823,-43.14180589313147,348.2,13.9,0.850772262,0.0269888639,1.0
,305792000,-22.926124538007823,-43.14180589313147,348.2,13.9,0.850772262,0.0269888639,1.0
,305792000,-22.926124538007823,-43.14180589313147,348.2,13.9,0.850772262,0.0269888639,1.0
,305792000,-22.9260615116416,-43.14182100787373,348.2,13.9,0.850772262,0.0269888639,1.0
,305792000,-22.9260615116416,-43.14182100787373,348.2,13.9,0.850772262,0.0269888639,1.0
,305792000,-22.9260615116416,-43.14182100787373,348.2,13.9,0.850772262,0.0269888639,1.0
,305792000,-22.9260615116416,-43.14182100787373,348.2,13.9,0.850772262,0.0269888639,1.0
,305792000,-22.9260615116416,-43.14182100787373,348.2,13.9,0.850772262,0.0269888639,1.0
,305792000,-22.9260615116416,-43.14182100787373,348.2,13.9,0.850772262,0.0269888639,1.0
,305792000,-22.9260615116416,-43.14182100787373,348.2,13.9,0.850772262,0.0269888639,1.0
,305792000,-22.9260615116416,-43.14182100787373,348.2,13.9,0.850772262,0.0269888639,1.0
,305792000,-22.9260615116416,-43.14182100787373,348.2,13.9,0.850772262,0.0269888639,1.0
,305792000,-22.9260615116416,-43.14182100787373,348.2,13.9,0.850772262,0.0269888639,1.0
,305792000,-22.9260615116416,-43.14182100787373,348.2,13.9,0.850772262,0.0269888639,1.0
,305792000,-22.9260615116416,-43.14182100787373,348.2,13.9,0.850772262,0.0269888639,1.0
,305792000,-22.9260615116416,-43.14182100787373,348.2,13.9,0.850772262,0.0269888639,1.0
,305792000,-22.9260615116416,-43.14182100787373,348.2,13.9,0.850772262,0.0269888639,1.0
,305792000,-22.9260615116416,-43.14182100787373,348.2,13.9,0.850772262,0.0269888639,1.0
,305792000,-22.9260615116416,-43.14182100787373,348.2,13.9,0.850772262,0.0269888639,1.0
,305792000,-22.9260615116416,-43.14182100787373,348.2,13.9,0.850772262,0.0269888639,1.0
,305792000,-22.9260615116416,-43.14182100787373,348.2,13.9,0.850772262,0.0269888639,1.0
,305792000,-22.9260615116416,-43.14182100787373,348.2,13.9,0.850772262,0.0269888639,1.0
,305792000,-22.9260615116416,-43.14182100787373,348.2,13.9,0.850772262,0.0269888639,1.0
,305792000,-22.9260615116416,-43.14182100787373,348.2,13.9,0.850772262,0.0269888639,1.0
,305792000,-22.9260615116416,-43.14182100787373,348.2,13.9,0.850772262,0.0269888639,1.0
,305792000,-22.9260615116416,-43.14182100787373,348.2,13.9,0.850772262,0.0269888639,1.0
,305792000,-22.9260615116416,-43.14182100787373,348.2,13.9,0.850772262,0.0269888639,1.0
,305792000,-22.9260615116416,-43.14182100787373,348.2,13.9,0.848927796,0.026922226,1.0
,305792000,-22.9260615116416,-43.14182100787373,348.2,13.9,0.848927796,0.026922226,1.0
,305792000,-22.9260615116416,-43.14182100787373,348.2,13.9,0.848927796,0.026922226,1.0
,305792000,-22.9260615116416,-43.14182100787373,348.2,13.9,0.848927796,0.026922226,1.0
,305792000,-22.9260615116416,-43.14182100787373,348.2,13.9,0.848927796,0.026922226,1.0
,305792000,-22.9260615116416,-43.14182100787373,348.2,13.9,0.848927796,0.026922226,1.0
,305792000,-22.9260615116416,-43.14182100787373,348.2,13.9,0.848927796,0.026922226,1.0
,305792000,-22.9260615116416,-43.14182100787373,348.2,13.9,0.848927796,0.026922226,1.0
,305792000,-22.9260615116416,-43.14182100787373,348.2,13.9,0.848927796,0.026922226,1.0
,305792000,-22.9260615116416,-43.14182100787373,348.2,13.9,0.848927796,0.026922226,1.0
,305792000,-22.9260615116416,-43.14182100787373,348.2,13.9,0.848927796,0.026922226,1.0
,305792000,-22.9260615116416,-43.14182100787373,348.2,13.9,0.848927796,0.026922226,1.0
,305792000,-22.9260615116416,-43.14182100787373,348.2,13.9,0.848927796,0.026922226,1.0
,305792000,-22.9260615116416,-43.14182100787373,348.2,13.9,0.848927796,0.026922226,1.0
,305792000,-22.9260615116416,-43.14182100787373,348.2,13.9,0.848927796,0.026922226,1.0
,305792000,-22.9260615116416,-43.14182100787373,348.2,13.9,0.848927796,0.026922226,1.0
,305792000,-22.9260615116416,-43.14182100787373,348.2,13.9,0.848927796,0.026922226,1.0
,305792000,-22.9260615116416,-43.14182100787373,348.2,13.9,0.848927796,0.026922226,1.0
,305792000,-22.9260615116416,-43.14182100787373,348.2,13.9,0.848927796,0.026922226,1.0
,305792000,-22.9260615116416,-43.14182100787373,348.2,13.9,0.848927796,0.026922226,1.0
,305792000,-22.9260615116416,-43.14182100787373,348.2,13.9,0.848927796,0.026922226,1.0
,305792000,-22.925998485272554,-43.14183612259986,348.2,13.9,0.848927796,0.026922226,1.0
,305792000,-22.925998485272554,-43.14183612259986,348.2,13.9,0.848927796,0.026922226,1.0
,305792000,-22.925998485272554,-43.14183612259986,348.2,13.9,0.848927796,0.026922226,1.0
,305792000,-22.925998485272554,-43.14183612259986,348.2,13.9,0.848927796,0.026922226,1.0
,305792000,-22.925998485272554,-43.14183612259986,348.2,13.9,0.848927796,0.026922226,1.0
,305792000,-22.925998485272554,-43.14183612259986,348.2,13.9,0.848927796,0.026922226,1.0
,305792000,-22.925998485272554,-43.14183612259986,348.2,13.9,0.848927796,0.026922226,1.0
,305792000,-22.925998485272554,-43.14183612259986,348.2,13.9,0.848927796,0.026922226,1.0
,305792000,-22.925998485272554,-43.14183612259986,348.2,13.9,0.848927796,0.026922226,1.0
,305792000,-22.925998485272554,-43.14183612259986,348.2,13.9,0.848927796,0.026922226,1.0
,305792000,-22.925998485272554,-43.14183612259986,348.2,13.9,0.848927796,0.026922226,1.0
,305792000,-22.925998485272554,-43.14183612259986,348.2,13.9,0.848927796,0.026922226,1.0
,305792000,-22.925998485272554,-43.14183612259986,348.2,13.9,0.848927796,0.026922226,1.0
,305792000,-22.925998485272554,-43.14183612259986,348.2,13.9,0.848927796,0.026922226,1.0
,305792000,-22.925998485272554,-43.14183612259986,348.2,13.9,0.848927796,0.026922226,1.0
,305792000,-22.925998485272554,-43.14183612259986,348.2,13.9,0.848927796,0.026922226,1.0
,305792000,-22.925998485272554,-43.14183612259986,348.2,13.9,0.848927796,0.026922226,1.0
,305792000,-22.925998485272554,-43.14183612259986,348.2,13.9,0.848927796,0.026922226,1.0
,305792000,-22.925998485272554,-43.14183612259986,348.2,13.9,0.848927796,0.026922226,1.0
,305792000,-22.925998485272554,-43.14183612259986,348.2,13.9,0.848927796,0.026922226,1.0
,305792000,-22.925998485272554,-43.14183612259986,348.2,13.9,0.848927796,0.026922226,1.0
,305792000,-22.925998485272554,-43.14183612259986,348.2,13.9,0.848927796,0.026922226,1.0
,305792000,-22.925998485272554,-43.14183612259986,348.2,13.9,0.848927796,0.026922226,1.0
,305792000,-22.925998485272554,-43.14183612259986,348.2,13.9,0.848927796,0.026922226,1.0
,305792000,-22.925998485272554,-43.14183612259986,348.2,13.9,0.848927796,0.026922226,1.0
,305792000,-22.925998485272554,-43.14183612259986,348.2,13.9,0.848927796,0.026922226,1.0
,305792000,-22.925998485272554,-43.14183612259986,348.2,13.9,0.848927796,0.026922226,1.0
,305792000,-22.925998485272554,-43.14183612259986,348.2,13.9,0.848927796,0.026922226,1.0
,305792000,-22.925998485272554,-43.14183612259986,348.2,13.9,0.848927796,0.026922226,1.0
,305792000,-22.925998485272554,-43.14183612259986,348.2,13.9,0.848927796,0.026922226,1.0
,305792000,-22.925998485272554,-43.14183612259986,348.2,13.9,0.848927796,0.026922226,1.0
,305792000,-22.925998485272554,-43.14183612259986,348.2,13.9,0.848927796,0.026922226,1.0
,305792000,-22.925998485272554,-43.14183612259986,348.2,13.9,0.848927796,0.026922226,1.0
,305792000,-22.925998485272554,-43.14183612259986,348.2,13.9,0.848927796,0.026922226,1.0
,305792000,-22.925998485272554,-43.14183612259986,348.2,13.9,0.848927796,0.026922226,1.0
,305792000,-22.925998485272554,-43.14183612259986,348.2,13.9,0.848927796,0.026922226,1.0
,305792000,-22.925998485272554,-43.14183612259986,348.2,13.9,0.848927796,0.026922226,1.0
,305792000,-22.925998485272554,-43.14183612259986,348.2,13.9,0.848927796,0.026922226,1.0
,305792000,-22.925998485272554,-43.14183612259986,348.2,13.9,0.848927796,0.026922226,1.0
,305792000,-22.925929007086133,-43.14186538621041,347.1,13.9,0.848927796,0.026922226,1.0
,305792000,-22.925929007086133,-43.14186538621041,347.1,13.9,0.848927796,0.026922226,1.0
,305792000,-22.925929007086133,-43.14186538621041,347.1,13.9,0.848927796,0.026922226,1.0
,305792000,-22.925929007086133,-43.14186538621041,347.1,13.9,0.848927796,0.026922226,1.0
,305792000,-22.925929007086133,-43.14186538621041,347.1,13.9,0.848927796,0.026922226,1.0
,305792000,-22.925929007086133,-43.14186538621041,347.1,13.9,0.848927796,0.026922226,1.0
,305792000,-22.925929007086133,-43.14186538621041,347.1,13.9,0.848927796,0.026922226,1.0
,305792000,-22.925929007086133,-43.14186538621041,347.1,13.9,0.848927796,0.026922226,1.0
,305792000,-22.925929007086133,-43.14186538621041,347.1,13.9,0.848927796,0.026922226,1.0
,305792000,-22.925929007086133,-43.14186538621041,347.1,13.9,0.848927796,0.026922226,1.0
,305792000,-22.925929007086133,-43.14186538621041,347.1,13.9,0.848927796,0.026922226,1.0
,305792000,-22.925929007086133,-43.14186538621041,347.1,13.9,0.848927796,0.026922226,1.0
,305792000,-22.925929007086133,-43.14186538621041,347.1,13.9,0.848927796,0.026922226,1.0
,305792000,-22.925929007086133,-43.14186538621041,347.1,13.9,0.848927796,0.026922226,1.0
,305792000,-22.925929007086133,-43.14186538621041,347.1,13.9,0.848927796,0.026922226,1.0
,305792000,-22.925929007086133,-43.14186538621041,347.1,13.9,0.848927796,0.026922226,1.0
,305792000,-22.925929007086133,-43.14186538621041,347.1,13.9,0.848927796,0.026922226,1.0
,305792000,-22.925929007086133,-43.14186538621041,347.1,13.9,0.848927796,0.026922226,1.0
,305792000,-22.925929007086133,-43.14186538621041,347.1,13.9,0.848927796,0.026922226,1.0
,305792000,-22.925929007086133,-43.14186538621041,347.1,13.9,0.848927796,0.026922226,1.0
,305792000,-22.925929007086133,-43.14186538621041,347.1,13.9,0.848927796,0.026922226,1.0
,305792000,-22.925929007086133,-43.14186538621041,347.1,13.9,0.848927796,0.026922226,1.0
,305792000,-22.925929007086133,-43.14186538621041,347.1,13.9,0.848927796,0.026922226,1.0
,305792000,-22.925929007086133,-43.14186538621041,347.1,13.9,0.848927796,0.026922226,1.0
,305792000,-22.925929007086133,-43.14186538621041,347.1,13.9,0.848927796,0.026922226,1.0
,305792000,-22.925929007086133,-43.14186538621041,347.1,13.9,0.848927796,0.026922226,1.0
,305792000,-22.925929007086133,-43.14186538621041,347.1,13.9,0.848927796,0.026922226,1.0
,305792000,-22.925929007086133,-43.14186538621041,347.1,13.9,0.848927796,0.026922226,1.0
,305792000,-22.925929007086133,-43.14186538621041,347.1,13.9,0.848927796,0.026922226,1.0
,305792000,-22.925929007086133,-43.14186538621041,347.1,13.9,0.848927796,0.026922226,1.0
,305792000,-22.925929007086133,-43.14186538621041,347.1,13.9,0.848927796,0.026922226,1.0
,305792000,-22.925929007086133,-43.14186538621041,347.1,13.9,0.848927796,0.026922226,1.0
,305792000,-22.925929007086133,-43.14186538621041,347.1,13.9,0.848927796,0.026922226,1.0
,305792000,-22.925929007086133,-43.14186538621041,347.1,13.9,0.848927796,0.026922226,1.0
,305792000,-22.925929007086133,-43.14186538621041,347.1,13.9,0.848927796,0.026922226,1.0
,305792000,-22.925929007086133,-43.14186538621041,347.1,13.9,0.848927796,0.026922226,1.0
,305792000,-22.92586626109539,-43.141881804360025,347.1,13.9,0.848927796,0.026922226,1.0
,305792000,-22.92586626109539,-43.141881804360025,347.1,13.9,0.848927796,0.026922226,1.0
,305792000,-22.92586626109539,-43.141881804360025,347.1,13.9,0.848927796,0.026922226,1.0
,305792000,-22.92586626109539,-43.141881804360025,347.1,13.9,0.848927796,0.026922226,1.0
,305792000,-22.92586626109539,-43.141881804360025,347.1,13.9,0.848927796,0.026922226,1.0
,305792000,-22.92586626109539,-43.141881804360025,347.1,13.9,0.848927796,0.026922226,1.0
,305792000,-22.92586626109539,-43.141881804360025,347.1,13.9,0.848927796,0.026922226,1.0
,305792000,-22.92586626109539,-43.141881804360025,347.1,13.9,0.848927796,0.026922226,1.0
,305792000,-22.92586626109539,-43.141881804360025,347.1,13.9,0.848927796,0.026922226,1.0
,305792000,-22.92586626109539,-43.141881804360025,347.1,13.9,0.848927796,0.026922226,1.0
,305792000,-22.92586626109539,-43.141881804360025,347.1,13.9,0.848927796,0.026922226,1.0
,305792000,-22.92586626109539,-43.141881804360025,347.1,13.9,0.848927796,0.026922226,1.0
,305792000,-22.92586626109539,-43.141881804360025,347.1,13.9,0.848927796,0.026922226,1.0
,305792000,-22.92586626109539,-43.141881804360025,347.1,13.9,0.848927796,0.026922226,1.0
,305792000,-22.92586626109539,-43.141881804360025,347.1,13.9,0.848927796,0.026922226,1.0
,305792000,-22.92586626109539,-43.141881804360025,347.1,13.9,0.848927796,0.026922226,1.0
,305792000,-22.92586626109539,-43.141881804360025,347.1,13.9,0.848927796,0.026922226,1.0
,305792000,-22.92586626109539,-43.141881804360025,347.1,13.9,0.848927796,0.026922226,1.0
,305792000,-22.92586626109539,-43.141881804360025,347.1,13.9,0.848927796,0.026922226,1.0
,305792000,-22.92586626109539,-43.141881804360025,347.1,13.9,0.848927796,0.026922226,1.0
,305792000,-22.92586626109539,-43.141881804360025,347.1,13.9,0.848927796,0.026922226,1.0
,305792000,-22.92586626109539,-43.141881804360025,347.1,13.9,0.848927796,0.026922226,1.0
,305792000,-22.92586626109539,-43.141881804360025,347.1,13.9,0.848927796,0.026922226,1.0
,305792000,-22.92586626109539,-43.141881804360025,347.1,13.9,0.848927796,0.026922226,1.0
,305792000,-22.92586626109539,-43.141881804360025,347.1,13.9,0.847438872,0.026922226,1.0
,305792000,-22.92586626109539,-43.141881804360025,347.1,13.9,0.847438872,0.026922226,1.0
,305792000,-22.92586626109539,-43.141881804360025,347.1,13.9,0.847438872,0.026922226,1.0
,305792000,-22.92586626109539,-43.141881804360025,347.1,13.9,0.847216606,0.0268445015,1.0
,305792000,-22.92586626109539,-43.141881804360025,347.1,13.9,0.847216606,0.0268445015,1.0
,305792000,-22.92586626109539,-43.141881804360025,347.1,13.9,0.847216606,0.0268445015,1.0
,305792000,-22.92586626109539,-43.141881804360025,347.1,13.9,0.847216606,0.0268445015,1.0
,305792000,-22.92586626109539,-43.141881804360025,347.1,13.9,0.847216606,0.0268445015,1.0
,305792000,-22.92586626109539,-43.141881804360025,347.1,13.9,0.847216606,0.0268445015,1.0
,305792000,-22.92586626109539,-43.141881804360025,347.1,13.9,0.847216606,0.0268445015,1.0
,305792000,-22.92586626109539,-43.141881804360025,347.1,13.9,0.847216606,0.0268445015,1.0
,305792000,-22.92586626109539,-43.141881804360025,347.1,13.9,0.847216606,0.0268445015,1.0
,305792000,-22.92586626109539,-43.141881804360025,347.1,13.9,0.847216606,0.0268445015,1.0
,305792000,-22.92586626109539,-43.141881804360025,347.1,13.9,0.847216606,0.0268445015,1.0
,305792000,-22.92586626109539,-43.141881804360025,347.1,13.9,0.847216606,0.0268445015,1.0
,305792000,-22.92586626109539,-43.141881804360025,347.1,13.9,0.847216606,0.0268445015,1.0
,305792000,-22.92586626109539,-43.141881804360025,347.1,13.9,0.847216606,0.0268445015,1.0
,305792000,-22.92586626109539,-43.141881804360025,347.1,13.9,0.847216606,0.0268445015,1.0
,305792000,-22.92586626109539,-43.141881804360025,347.1,13.9,0.847216606,0.0268445015,1.0
,305792000,-22.92586626109539,-43.141881804360025,347.1,13.9,0.847216606,0.0268445015,1.0
,305792000,-22.92586626109539,-43.141881804360025,347.1,13.9,0.847216606,0.0268445015,1.0
,305792000,-22.925803515101496,-43.14189822249241,347.1,13.9,0.847216606,0.0268445015,1.0
,305792000,-22.925803515101496,-43.14189822249241,347.1,13.9,0.847216606,0.0268445015,1.0
,305792000,-22.925803515101496,-43.14189822249241,347.1,13.9,0.847216606,0.0268445015,1.0
,305792000,-22.925803515101496,-43.14189822249241,347.1,13.9,0.847216606,0.0268445015,1.0
,305792000,-22.925803515101496,-43.14189822249241,347.1,13.9,0.847216606,0.0268445015,1.0
,305792000,-22.925803515101496,-43.14189822249241,347.1,13.9,0.847216606,0.0268445015,1.0
,305792000,-22.925803515101496,-43.14189822249241,347.1,13.9,0.847216606,0.0268445015,1.0
,305792000,-22.925803515101496,-43.14189822249241,347.1,13.9,0.847216606,0.0268445015,1.0
,305792000,-22.925803515101496,-43.14189822249241,347.1,13.9,0.847216606,0.0268445015,1.0
,305792000,-22.925803515101496,-43.14189822249241,347.1,13.9,0.847216606,0.0268445015,1.0
,305792000,-22.925803515101496,-43.14189822249241,347.1,13.9,0.847216606,0.0268445015,1.0
,305792000,-22.925803515101496,-43.14189822249241,347.1,13.9,0.847216606,0.0268445015,1.0
,305792000,-22.925803515101496,-43.14189822249241,347.1,13.9,0.847216606,0.0268445015,1.0
,305792000,-22.925803515101496,-43.14189822249241,347.1,13.9,0.847216606,0.0268445015,1.0
,305792000,-22.925803515101496,-43.14189822249241,347.1,13.9,0.847216606,0.0268445015,1.0
,305792000,-22.925803515101496,-43.14189822249241,347.1,13.9,0.847216606,0.0268445015,1.0
,305792000,-22.925803515101496,-43.14189822249241,347.1,13.9,0.847216606,0.0268445015,1.0
,305792000,-22.925803515101496,-43.14189822249241,347.1,13.9,0.847216606,0.0268445015,1.0
,305792000,-22.925803515101496,-43.14189822249241,347.1,13.9,0.847216606,0.0268445015,1.0
,305792000,-22.925803515101496,-43.14189822249241,347.1,13.9,0.847216606,0.0268445015,1.0
,305792000,-22.925803515101496,-43.14189822249241,347.1,13.9,0.847216606,0.0268445015,1.0
,305792000,-22.925803515101496,-43.14189822249241,347.1,13.9,0.847216606,0.0268445015,1.0
,305792000,-22.925803515101496,-43.14189822249241,347.1,13.9,0.847216606,0.0268445015,1.0
,305792000,-22.925803515101496,-43.14189822249241,347.1,13.9,0.847216606,0.0268445015,1.0
,305792000,-22.925803515101496,-43.14189822249241,347.1,13.9,0.847216606,0.0268445015,1.0
,305792000,-22.925803515101496,-43.14189822249241,347.1,13.9,0.847216606,0.0268445015,1.0
,305792000,-22.925803515101496,-43.14189822249241,347.1,13.9,0.847216606,0.0268445015,1.0
,305792000,-22.925803515101496,-43.14189822249241,347.1,13.9,0.847216606,0.0268445015,1.0
,305792000,-22.925803515101496,-43.14189822249241,347.1,13.9,0.847216606,0.0268445015,1.0
,305792000,-22.925803515101496,-43.14189822249241,347.1,13.9,0.847216606,0.0268445015,1.0
,305792000,-22.925803515101496,-43.14189822249241,347.1,13.9,0.847216606,0.0268445015,1.0
,305792000,-22.925803515101496,-43.14189822249241,347.1,13.9,0.847216606,0.0268445015,1.0
,305792000,-22.925803515101496,-43.14189822249241,347.1,13.9,0.847216606,0.0268445015,1.0
,305792000,-22.925803515101496,-43.14189822249241,347.1,13.9,0.847216606,0.0268445015,1.0
,305792000,-22.925803515101496,-43.14189822249241,347.1,13.9,0.847216606,0.0268445015,1.0
,305792000,-22.925803515101496,-43.14189822249241,347.1,13.9,0.847216606,0.0268445015,1.0
,305792000,-22.925803515101496,-43.14189822249241,347.1,13.9,0.847216606,0.0268445015,1.0
,305792000,-22.925803515101496,-43.14189822249241,347.1,13.9,0.847216606,0.0268445015,1.0
,305792000,-22.925803515101496,-43.14189822249241,347.1,13.9,0.847216606,0.0268445015,1.0
,305792000,-22.925803515101496,-43.14189822249241,347.1,13.9,0.847216606,0.0268445015,1.0
,305792000,-22.925803515101496,-43.14189822249241,347.1,13.9,0.847216606,0.0268445015,1.0
,305792000,-22.925803515101496,-43.14189822249241,347.1,13.9,0.847216606,0.0268445015,1.0
,305792000,-22.925803515101496,-43.14189822249241,347.1,13.9,0.847216606,0.0268445015,1.0
,305792000,-22.925803515101496,-43.14189822249241,347.1,13.9,0.847216606,0.0268445015,1.0
,305792000,-22.925803515101496,-43.14189822249241,347.1,13.9,0.847216606,0.0268445015,1.0
,305792000,-22.925740769104426,-43.141914640607574,347.1,13.9,0.847216606,0.0268445015,1.0
,305792000,-22.925740769104426,-43.141914640607574,347.1,13.9,0.847216606,0.0268445015,1.0
,305792000,-22.925740769104426,-43.141914640607574,347.1,13.9,0.847216606,0.0268445015,1.0
,305792000,-22.925740769104426,-43.141914640607574,347.1,13.9,0.847216606,0.0268445015,1.0
,305792000,-22.925740769104426,-43.141914640607574,347.1,13.9,0.847216606,0.0268445015,1.0
,305792000,-22.925740769104426,-43.141914640607574,347.1,13.9,0.847216606,0.0268445015,1.0
,305792000,-22.925740769104426,-43.141914640607574,347.1,13.9,0.847216606,0.0268445015,1.0
,305792000,-22.925740769104426,-43.141914640607574,347.1,13.9,0.847216606,0.0268445015,1.0
,305792000,-22.925740769104426,-43.141914640607574,347.1,13.9,0.847216606,0.0268445015,1.0
,305792000,-22.925740769104426,-43.141914640607574,347.1,13.9,0.847216606,0.0268445015,1.0
,305792000,-22.925740769104426,-43.141914640607574,347.1,13.9,0.847216606,0.0268445015,1.0
,305792000,-22.925740769104426,-43.141914640607574,347.1,13.9,0.847216606,0.0268445015,1.0
,305792000,-22.925740769104426,-43.141914640607574,347.1,13.9,0.847216606,0.0268445015,1.0
,305792000,-22.925740769104426,-43.141914640607574,347.1,13.9,0.847216606,0.0268445015,1.0
,305792000,-22.925740769104426,-43.141914640607574,347.1,13.9,0.847216606,0.0268445015,1.0
,305792000,-22.925740769104426,-43.141914640607574,347.1,13.9,0.847216606,0.0268445015,1.0
,305792000,-22.925740769104426,-43.141914640607574,347.1,13.9,0.847216606,0.0268445015,1.0
,305792000,-22.925740769104426,-43.141914640607574,347.1,13.9,0.847216606,0.0268445015,1.0
,305792000,-22.925740769104426,-43.141914640607574,347.1,13.9,0.847216606,0.0268445015,1.0
,305792000,-22.925740769104426,-43.141914640607574,347.1,13.9,0.847216606,0.0268445015,1.0
,305792000,-22.925740769104426,-43.141914640607574,347.1,13.9,0.847216606,0.0268445015,1.0
,305792000,-22.925740769104426,-43.141914640607574,347.1,13.9,0.847216606,0.0268445015,1.0
,305792000,-22.925740769104426,-43.141914640607574,347.1,13.9,0.847216606,0.0268445015,1.0
,305792000,-22.925740769104426,-43.141914640607574,347.1,13.9,0.847216606,0.0268445015,1.0
,305792000,-22.925740769104426,-43.141914640607574,347.1,13.9,0.847216606,0.0268445015,1.0
,305792000,-22.925740769104426,-43.141914640607574,347.1,13.9,0.847216606,0.0268445015,1.0
,305792000,-22.925740769104426,-43.141914640607574,347.1,13.9,0.847216606,0.0268445015,1.0
,305792000,-22.925740769104426,-43.141914640607574,347.1,13.9,0.847216606,0.0268445015,1.0
,305792000,-22.925740769104426,-43.141914640607574,347.1,13.9,0.847216606,0.0268445015,1.0
,305792000,-22.925740769104426,-43.141914640607574,347.1,13.9,0.847216606,0.0268445015,1.0
,305792000,-22.925740769104426,-43.141914640607574,347.1,13.9,0.847216606,0.0268445015,1.0
,305792000,-22.925740769104426,-43.141914640607574,347.1,13.9,0.847216606,0.0268445015,1.0
,305792000,-22.925740769104426,-43.141914640607574,347.1,13.9,0.847216606,0.0268445015,1.0
,305792000,-22.925678023104197,-43.14193105870551,347.1,13.9,0.847216606,0.0268445015,1.0
,305792000,-22.925678023104197,-43.14193105870551,347.1,13.9,0.847216606,0.0268445015,1.0
,305792000,-22.925678023104197,-43.14193105870551,347.1,13.9,0.847216606,0.0268445015,1.0
,305792000,-22.925678023104197,-43.14193105870551,347.1,13.9,0.847216606,0.0268445015,1.0
,305792000,-22.925678023104197,-43.14193105870551,347.1,13.9,0.847216606,0.0268445015,1.0
,305792000,-22.925678023104197,-43.14193105870551,347.1,13.9,0.847216606,0.0268445015,1.0
,305792000,-22.925678023104197,-43.14193105870551,347.1,13.9,0.847216606,0.0268445015,1.0
,305792000,-22.925678023104197,-43.14193105870551,347.1,13.9,0.847216606,0.0268445015,1.0
,305792000,-22.925678023104197,-43.14193105870551,347.1,13.9,0.847216606,0.0268445015,1.0
,305792000,-22.925678023104197,-43.14193105870551,347.1,13.9,0.847216606,0.0268445015,1.0
,305792000,-22.925678023104197,-43.14193105870551,347.1,13.9,0.847216606,0.0268445015,1.0
,305792000,-22.925678023104197,-43.14193105870551,347.1,13.9,0.847216606,0.0268445015,1.0
,305792000,-22.925678023104197,-43.14193105870551,347.1,13.9,0.847216606,0.0268445015,1.0
,305792000,-22.925678023104197,-43.14193105870551,347.1,13.9,0.847216606,0.0268445015,1.0
,305792000,-22.925678023104197,-43.14193105870551,347.1,13.9,0.847216606,0.0268445015,1.0
,305792000,-22.925678023104197,-43.14193105870551,347.1,13.9,0.847216606,0.0268445015,1.0
,305792000,-22.925678023104197,-43.14193105870551,347.1,13.9,0.847216606,0.0268445015,1.0
,305792000,-22.925678023104197,-43.14193105870551,347.1,13.9,0.847216606,0.0268445015,1.0
,305792000,-22.925678023104197,-43.14193105870551,347.1,13.9,0.847216606,0.0268445015,1.0
,305792000,-22.925678023104197,-43.14193105870551,347.1,13.9,0.847216606,0.0268445015,1.0
,305792000,-22.925678023104197,-43.14193105870551,347.1,13.9,0.847216606,0.0268445015,1.0
,305792000,-22.925678023104197,-43.14193105870551,347.1,13.9,0.847216606,0.0268445015,1.0
,305792000,-22.925678023104197,-43.14193105870551,347.1,13.9,0.847216606,0.0268445015,1.0
,305792000,-22.925678023104197,-43.14193105870551,347.1,13.9,0.847216606,0.0268445015,1.0
,305792000,-22.925678023104197,-43.14193105870551,347.1,13.9,0.845366657,0.0267778635,1.0
,305792000,-22.925678023104197,-43.14193105870551,347.1,13.9,0.845366657,0.0267778635,1.0
,305792000,-22.925678023104197,-43.14193105870551,347.1,13.9,0.845366657,0.0267778635,1.0
,305792000,-22.925678023104197,-43.14193105870551,347.1,13.9,0.845366657,0.0267778635,1.0
,305792000,-22.925678023104197,-43.14193105870551,347.1,13.9,0.845366657,0.0267778635,1.0
,305792000,-22.925678023104197,-43.14193105870551,347.1,13.9,0.845366657,0.0267778635,1.0
,305792000,-22.925678023104197,-43.14193105870551,347.1,13.9,0.845366657,0.0267778635,1.0
,305792000,-22.925678023104197,-43.14193105870551,347.1,13.9,0.845366657,0.0267778635,1.0
,305792000,-22.925678023104197,-43.14193105870551,347.1,13.9,0.845366657,0.0267778635,1.0
,305792000,-22.925678023104197,-43.14193105870551,347.1,13.9,0.845366657,0.0267778635,1.0
,305792000,-22.925678023104197,-43.14193105870551,347.1,13.9,0.845366657,0.0267778635,1.0
,305792000,-22.925678023104197,-43.14193105870551,347.1,13.9,0.845366657,0.0267778635,1.0
,305792000,-22.925678023104197,-43.14193105870551,347.1,13.9,0.845366657,0.0267778635,1.0
,305792000,-22.925678023104197,-43.14193105870551,347.1,13.9,0.845366657,0.0267778635,1.0
,305792000,-22.925678023104197,-43.14193105870551,347.1,13.9,0.845366657,0.0267778635,1.0
,305792000,-22.925678023104197,-43.14193105870551,347.1,13.9,0.845366657,0.0267778635,1.0
,305792000,-22.925678023104197,-43.14193105870551,347.1,13.9,0.845366657,0.0267778635,1.0
,305792000,-22.925678023104197,-43.14193105870551,347.1,13.9,0.845366657,0.0267778635,1.0
,305792000,-22.925678023104197,-43.14193105870551,347.1,13.9,0.845366657,0.0267778635,1.0
,305792000,-22.925678023104197,-43.14193105870551,347.1,13.9,0.845366657,0.0267778635,1.0
,305792000,-22.925678023104197,-43.14193105870551,347.1,13.9,0.845366657,0.0267778635,1.0
,305792000,-22.925615277100803,-43.14194747678623,347.1,13.9,0.845366657,0.0267778635,1.0
,305792000,-22.925615277100803,-43.14194747678623,347.1,13.9,0.845366657,0.0267778635,1.0
,305792000,-22.925615277100803,-43.14194747678623,347.1,13.9,0.845366657,0.0267778635,1.0
,305792000,-22.925615277100803,-43.14194747678623,347.1,13.9,0.845366657,0.0267778635,1.0
,305792000,-22.925615277100803,-43.14194747678623,347.1,13.9,0.845366657,0.0267778635,1.0
,305792000,-22.925615277100803,-43.14194747678623,347.1,13.9,0.845366657,0.0267778635,1.0
,305792000,-22.925615277100803,-43.14194747678623,347.1,13.9,0.845366657,0.0267778635,1.0
,305792000,-22.925615277100803,-43.14194747678623,347.1,13.9,0.845366657,0.0267778635,1.0
,305792000,-22.925615277100803,-43.14194747678623,347.1,13.9,0.845366657,0.0267778635,1.0
,305792000,-22.925615277100803,-43.14194747678623,347.1,13.9,0.845366657,0.0267778635,1.0
,305792000,-22.925615277100803,-43.14194747678623,347.1,13.9,0.845366657,0.0267778635,1.0
,305792000,-22.925615277100803,-43.14194747678623,347.1,13.9,0.845366657,0.0267778635,1.0
,305792000,-22.925615277100803,-43.14194747678623,347.1,13.9,0.845366657,0.0267778635,1.0
,305792000,-22.925615277100803,-43.14194747678623,347.1,13.9,0.845366657,0.0267778635,1.0
,305792000,-22.925615277100803,-43.14194747678623,347.1,13.9,0.845366657,0.0267778635,1.0
,305792000,-22.925615277100803,-43.14194747678623,347.1,13.9,0.845366657,0.0267778635,1.0
,305792000,-22.925615277100803,-43.14194747678623,347.1,13.9,0.845366657,0.0267778635,1.0
,305792000,-22.925615277100803,-43.14194747678623,347.1,13.9,0.845366657,0.0267778635,1.0
,305792000,-22.925615277100803,-43.14194747678623,347.1,13.9,0.845366657,0.0267778635,1.0
,305792000,-22.925615277100803,-43.14194747678623,347.1,13.9,0.845366657,0.0267778635,1.0
,305792000,-22.925615277100803,-43.14194747678623,347.1,13.9,0.845366657,0.0267778635,1.0
,305792000,-22.925615277100803,-43.14194747678623,347.1,13.9,0.845366657,0.0267778635,1.0
,305792000,-22.925615277100803,-43.14194747678623,347.1,13.9,0.845366657,0.0267778635,1.0
,305792000,-22.925615277100803,-43.14194747678623,347.1,13.9,0.845366657,0.0267778635,1.0
,305792000,-22.925615277100803,-43.14194747678623,347.1,13.9,0.845366657,0.0267778635,1.0
,305792000,-22.925615277100803,-43.14194747678623,347.1,13.9,0.845366657,0.0267778635,1.0
,305792000,-22.925615277100803,-43.14194747678623,347.1,13.9,0.845366657,0.0267778635,1.0
,305792000,-22.925615277100803,-43.14194747678623,347.1,13.9,0.845366657,0.0267778635,1.0
,305792000,-22.925615277100803,-43.14194747678623,347.1,13.9,0.845366657,0.0267778635,1.0
,305792000,-22.925615277100803,-43.14194747678623,347.1,13.9,0.845366657,0.0267778635,1.0
,305792000,-22.925615277100803,-43.14194747678623,347.1,13.9,0.845366657,0.0267778635,1.0
,305792000,-22.925615277100803,-43.14194747678623,347.1,13.9,0.845366657,0.0267778635,1.0
,305792000,-22.925615277100803,-43.14194747678623,347.1,13.9,0.845366657,0.0267778635,1.0
,305792000,-22.925615277100803,-43.14194747678623,347.1,13.9,0.845366657,0.0267778635,1.0
,305792000,-22.925615277100803,-43.14194747678623,347.1,13.9,0.845366657,0.0267778635,1.0
,305792000,-22.925615277100803,-43.14194747678623,347.1,13.9,0.845366657,0.0267778635,1.0
,305792000,-22.925615277100803,-43.14194747678623,347.1,13.9,0.845366657,0.0267778635,1.0
,305792000,-22.925615277100803,-43.14194747678623,347.1,13.9,0.845366657,0.0267778635,1.0
,305792000,-22.925615277100803,-43.14194747678623,347.1,13.9,0.845366657,0.0267778635,1.0
,305792000,-22.925552531094255,-43.141963894849724,347.1,13.9,0.845366657,0.0267778635,1.0
,305792000,-22.925552531094255,-43.141963894849724,347.1,13.9,0.845366657,0.0267778635,1.0
,305792000,-22.925552531094255,-43.141963894849724,347.1,13.9,0.845366657,0.0267778635,1.0
,305792000,-22.925552531094255,-43.141963894849724,347.1,13.9,0.845366657,0.0267778635,1.0
,305792000,-22.925552531094255,-43.141963894849724,347.1,13.9,0.845366657,0.0267778635,1.0
,305792000,-22.925552531094255,-43.141963894849724,347.1,13.9,0.845366657,0.0267778635,1.0
,305792000,-22.925552531094255,-43.141963894849724,347.1,13.9,0.845366657,0.0267778635,1.0
,305792000,-22.925552531094255,-43.141963894849724,347.1,13.9,0.845366657,0.0267778635,1.0
,305792000,-22.925552531094255,-43.141963894849724,347.1,13.9,0.845366657,0.0267778635,1.0
,305792000,-22.925552531094255,-43.141963894849724,347.1,13.9,0.845366657,0.0267778635,1.0
,305792000,-22.925552531094255,-43.141963894849724,347.1,13.9,0.845366657,0.0267778635,1.0
,305792000,-22.925552531094255,-43.141963894849724,347.1,13.9,0.845366657,0.0267778635,1.0
,305792000,-22.925552531094255,-43.141963894849724,347.1,13.9,0.845366657,0.0267778635,1.0
,305792000,-22.925552531094255,-43.141963894849724,347.1,13.9,0.845366657,0.0267778635,1.0
,305792000,-22.925552531094255,-43.141963894849724,347.1,13.9,0.845366657,0.0267778635,1.0
,305792000,-22.925552531094255,-43.141963894849724,347.1,13.9,0.845366657,0.0267778635,1.0
,305792000,-22.925552531094255,-43.141963894849724,347.1,13.9,0.845366657,0.0267778635,1.0
,305792000,-22.925552531094255,-43.141963894849724,347.1,13.9,0.845366657,0.0267778635,1.0
,305792000,-22.925552531094255,-43.141963894849724,347.1,13.9,0.845366657,0.0267778635,1.0
,305792000,-22.925552531094255,-43.141963894849724,347.1,13.9,0.845366657,0.0267778635,1.0
,305792000,-22.925552531094255,-43.141963894849724,347.1,13.9,0.845366657,0.0267778635,1.0
,305792000,-22.925552531094255,-43.141963894849724,347.1,13.9,0.845366657,0.0267778635,1.0
,305792000,-22.925552531094255,-43.141963894849724,347.1,13.9,0.845366657,0.0267778635,1.0
,305792000,-22.925552531094255,-43.141963894849724,347.1,13.9,0.845366657,0.0267778635,1.0
,305792000,-22.925552531094255,-43.141963894849724,347.1,13.9,0.845366657,0.0267778635,1.0
,305792000,-22.925552531094255,-43.141963894849724,347.1,13.9,0.845366657,0.0267778635,1.0
,305792000,-22.92548978508453,-43.141980312896,347.1,13.9,0.845366657,0.0267778635,1.0
,305792000,-22.92548978508453,-43.141980312896,347.1,13.9,0.845366657,0.0267778635,1.0
,305792000,-22.92548978508453,-43.141980312896,347.1,13.9,0.845366657,0.0267778635,1.0
,305792000,-22.92548978508453,-43.141980312896,347.1,13.9,0.845366657,0.0267778635,1.0
,305792000,-22.92548978508453,-43.141980312896,347.1,13.9,0.845366657,0.0267778635,1.0
,305792000,-22.92548978508453,-43.141980312896,347.1,13.9,0.845366657,0.0267778635,1.0
,305792000,-22.92548978508453,-43.141980312896,347.1,13.9,0.845366657,0.0267778635,1.0
,305792000,-22.92548978508453,-43.141980312896,347.1,13.9,0.845366657,0.0267778635,1.0
,305792000,-22.92548978508453,-43.141980312896,347.1,13.9,0.845366657,0.0267778635,1.0
,305792000,-22.92548978508453,-43.141980312896,347.1,13.9,0.845366657,0.0267778635,1.0
,305792000,-22.92548978508453,-43.141980312896,347.1,13.9,0.845366657,0.0267778635,1.0
,305792000,-22.92548978508453,-43.141980312896,347.1,13.9,0.845366657,0.0267778635,1.0
,305792000,-22.92548978508453,-43.141980312896,347.1,13.9,0.845366657,0.0267778635,1.0
,305792000,-22.92548978508453,-43.141980312896,347.1,13.9,0.845366657,0.0267778635,1.0
,305792000,-22.92548978508453,-43.141980312896,347.1,13.9,0.845366657,0.0267778635,1.0
,305792000,-22.92548978508453,-43.141980312896,347.1,13.9,0.845366657,0.0267778635,1.0
,305792000,-22.92548978508453,-43.141980312896,347.1,13.9,0.843483329,0.0267111063,1.0
,305792000,-22.92548978508453,-43.141980312896,347.1,13.9,0.843483329,0.0267111063,1.0
,305792000,-22.92548978508453,-43.141980312896,347.1,13.9,0.843483329,0.0267111063,1.0
,305792000,-22.92548978508453,-43.141980312896,347.1,13.9,0.843483329,0.0267111063,1.0
,305792000,-22.92548978508453,-43.141980312896,347.1,13.9,0.843483329,0.0267111063,1.0
,305792000,-22.92548978508453,-43.141980312896,347.1,13.9,0.843483329,0.0267111063,1.0
,305792000,-22.925427039071646,-43.14199673092506,347.1,13.9,0.843483329,0.0267111063,1.0
,305792000,-22.925427039071646,-43.14199673092506,347.1,13.9,0.843483329,0.0267111063,1.0
,305792000,-22.925427039071646,-43.14199673092506,347.1,13.9,0.843483329,0.0267111063,1.0
,305792000,-22.925427039071646,-43.14199673092506,347.1,13.9,0.843483329,0.0267111063,1.0
,305792000,-22.925427039071646,-43.14199673092506,347.1,13.9,0.843483329,0.0267111063,1.0
,305792000,-22.925427039071646,-43.14199673092506,347.1,13.9,0.843483329,0.0267111063,1.0
,305792000,-22.925427039071646,-43.14199673092506,347.1,13.9,0.843483329,0.0267111063,1.0
,305792000,-22.925427039071646,-43.14199673092506,347.1,13.9,0.843483329,0.0267111063,1.0
,305792000,-22.925427039071646,-43.14199673092506,347.1,13.9,0.843483329,0.0267111063,1.0
,305792000,-22.925427039071646,-43.14199673092506,347.1,13.9,0.843483329,0.0267111063,1.0
,305792000,-22.925427039071646,-43.14199673092506,347.1,13.9,0.843483329,0.0267111063,1.0
,305792000,-22.925427039071646,-43.14199673092506,347.1,13.9,0.843483329,0.0267111063,1.0
,305792000,-22.925427039071646,-43.14199673092506,347.1,13.9,0.843483329,0.0267111063,1.0
,305792000,-22.925427039071646,-43.14199673092506,347.1,13.9,0.843483329,0.0267111063,1.0
,305792000,-22.925427039071646,-43.14199673092506,347.1,13.9,0.843483329,0.0267111063,1.0
,305792000,-22.925427039071646,-43.14199673092506,347.1,13.9,0.843483329,0.0267111063,1.0
,305792000,-22.925427039071646,-43.14199673092506,347.1,13.9,0.843483329,0.0267111063,1.0
,305792000,-22.925427039071646,-43.14199673092506,347.1,13.9,0.843483329,0.0267111063,1.0
,305792000,-22.925427039071646,-43.14199673092506,347.1,13.9,0.843483329,0.0267111063,1.0
,305792000,-22.925427039071646,-43.14199673092506,347.1,13.9,0.843483329,0.0267111063,1.0
,305792000,-22.925427039071646,-43.14199673092506,347.1,13.9,0.843483329,0.0267111063,1.0
,305792000,-22.925427039071646,-43.14199673092506,347.1,13.9,0.843483329,0.0267111063,1.0
,305792000,-22.925427039071646,-43.14199673092506,347.1,13.9,0.843483329,0.0267111063,1.0
,305792000,-22.925427039071646,-43.14199673092506,347.1,13.9,0.843483329,0.0267111063,1.0
,305792000,-22.925427039071646,-43.14199673092506,347.1,13.9,0.843483329,0.0267111063,1.0
,305792000,-22.925427039071646,-43.14199673092506,347.1,13.9,0.843483329,0.0267111063,1.0
,305792000,-22.925427039071646,-43.14199673092506,347.1,13.9,0.843483329,0.0267111063,1.0
,305792000,-22.925427039071646,-43.14199673092506,347.1,13.9,0.843483329,0.0267111063,1.0
,305792000,-22.925427039071646,-43.14199673092506,347.1,13.9,0.843483329,0.0267111063,1.0
,305792000,-22.925427039071646,-43.14199673092506,347.1,13.9,0.843483329,0.0267111063,1.0
,305792000,-22.925427039071646,-43.14199673092506,347.1,13.9,0.843483329,0.0267111063,1.0
,305792000,-22.925427039071646,-43.14199673092506,347.1,13.9,0.843483329,0.0267111063,1.0
,305792000,-22.9253642930556,-43.14201314893688,347.1,13.9,0.843483329,0.0267111063,1.0
,305792000,-22.9253642930556,-43.14201314893688,347.1,13.9,0.843483329,0.0267111063,1.0
,305792000,-22.9253642930556,-43.14201314893688,347.1,13.9,0.843483329,0.0267111063,1.0
,305792000,-22.9253642930556,-43.14201314893688,347.1,13.9,0.843483329,0.0267111063,1.0
,305792000,-22.9253642930556,-43.14201314893688,347.1,13.9,0.843483329,0.0267111063,1.0
,305792000,-22.9253642930556,-43.14201314893688,347.1,13.9,0.843483329,0.0267111063,1.0
,305792000,-22.9253642930556,-43.14201314893688,347.1,13.9,0.843483329,0.0267111063,1.0
,305792000,-22.9253642930556,-43.14201314893688,347.1,13.9,0.843483329,0.0267111063,1.0
,305792000,-22.9253642930556,-43.14201314893688,347.1,13.9,0.843483329,0.0267111063,1.0
,305792000,-22.9253642930556,-43.14201314893688,347.1,13.9,0.843483329,0.0267111063,1.0
,305792000,-22.9253642930556,-43.14201314893688,347.1,13.9,0.843483329,0.0267111063,1.0
,305792000,-22.9253642930556,-43.14201314893688,347.1,13.9,0.843483329,0.0267111063,1.0
,305792000,-22.9253642930556,-43.14201314893688,347.1,13.9,0.843483329,0.0267111063,1.0
,305792000,-22.9253642930556,-43.14201314893688,347.1,13.9,0.843483329,0.0267111063,1.0
,305792000,-22.9253642930556,-43.14201314893688,347.1,13.9,0.843483329,0.0267111063,1.0
,305792000,-22.9253642930556,-43.14201314893688,347.1,13.9,0.843483329,0.0267111063,1.0
,305792000,-22.9253642930556,-43.14201314893688,347.1,13.9,0.843483329,0.0267111063,1.0
,305792000,-22.9253642930556,-43.14201314893688,347.1,13.9,0.843483329,0.0267111063,1.0
,305792000,-22.9253642930556,-43.14201314893688,347.1,13.9,0.843483329,0.0267111063,1.0
,305792000,-22.9253642930556,-43.14201314893688,347.1,13.9,0.843483329,0.0267111063,1.0
,305792000,-22.9253642930556,-43.14201314893688,347.1,13.9,0.843483329,0.0267111063,1.0
,305792000,-22.9253642930556,-43.14201314893688,347.1,13.9,0.843483329,0.0267111063,1.0
,305792000,-22.9253642930556,-43.14201314893688,347.1,13.9,0.843483329,0.0267111063,1.0
,305792000,-22.9253642930556,-43.14201314893688,347.1,13.9,0.843483329,0.0267111063,1.0
,305792000,-22.9253642930556,-43.14201314893688,347.1,13.9,0.843483329,0.0267111063,1.0
,305792000,-22.9253642930556,-43.14201314893688,347.1,13.9,0.843483329,0.0267111063,1.0
,305792000,-22.9253642930556,-43.14201314893688,347.1,13.9,0.843483329,0.0267111063,1.0
,305792000,-22.9253642930556,-43.14201314893688,347.1,13.9,0.843483329,0.0267111063,1.0
,305792000,-22.9253642930556,-43.14201314893688,347.1,13.9,0.843483329,0.0267111063,1.0
,305792000,-22.9253642930556,-43.14201314893688,347.1,13.9,0.843483329,0.0267111063,1.0
,305792000,-22.925268363052396,-43.1420088508301,347.8,14.1,0.843483329,0.0267111063,1.0
,305792000,-22.925268363052396,-43.1420088508301,347.8,14.1,0.843483329,0.0267111063,1.0
,305792000,-22.925268363052396,-43.1420088508301,347.8,14.1,0.843483329,0.0267111063,1.0
,305792000,-22.925268363052396,-43.1420088508301,347.8,14.1,0.843483329,0.0267111063,1.0
,305792000,-22.925268363052396,-43.1420088508301,347.8,14.1,0.843483329,0.0267111063,1.0
,305792000,-22.925268363052396,-43.1420088508301,347.8,14.1,0.843483329,0.0267111063,1.0
,305792000,-22.925268363052396,-43.1420088508301,347.8,14.1,0.843483329,0.0267111063,1.0
,305792000,-22.925268363052396,-43.1420088508301,347.8,14.1,0.843483329,0.0267111063,1.0
,305792000,-22.925268363052396,-43.1420088508301,347.8,14.1,0.843483329,0.0267111063,1.0
,305792000,-22.925268363052396,-43.1420088508301,347.8,14.1,0.843483329,0.0267111063,1.0
,305792000,-22.925268363052396,-43.1420088508301,347.8,14.1,0.843483329,0.0267111063,1.0
,305792000,-22.925268363052396,-43.1420088508301,347.8,14.1,0.843483329,0.0267111063,1.0
,305792000,-22.925268363052396,-43.1420088508301,347.8,14.1,0.843483329,0.0267111063,1.0
,305792000,-22.925268363052396,-43.1420088508301,347.8,14.1,0.843483329,0.0267111063,1.0
,305792000,-22.925268363052396,-43.1420088508301,347.8,14.1,0.840849996,0.0266333818,1.0
,305792000,-22.925268363052396,-43.1420088508301,347.8,14.1,0.840849996,0.0266333818,1.0
,305792000,-22.925268363052396,-43.1420088508301,347.8,14.1,0.840849996,0.0266333818,1.0
,305792000,-22.925268363052396,-43.1420088508301,347.8,14.1,0.840849996,0.0266333818,1.0
,305792000,-22.925268363052396,-43.1420088508301,347.8,14.1,0.840849996,0.0266333818,1.0
,305792000,-22.925268363052396,-43.1420088508301,347.8,14.1,0.840849996,0.0266333818,1.0
,305792000,-22.925268363052396,-43.1420088508301,347.8,14.1,0.840849996,0.0266333818,1.0
,305792000,-22.925268363052396,-43.1420088508301,347.8,14.1,0.840849996,0.0266333818,1.0
,305792000,-22.925268363052396,-43.1420088508301,347.8,14.1,0.840849996,0.0266333818,1.0
,305792000,-22.925268363052396,-43.1420088508301,347.8,14.1,0.840849996,0.0266333818,1.0
,305792000,-22.925268363052396,-43.1420088508301,347.8,14.1,0.840849996,0.0266333818,1.0
,305792000,-22.925268363052396,-43.1420088508301,347.8,14.1,0.840849996,0.0266333818,1.0
,305792000,-22.925268363052396,-43.1420088508301,347.8,14.1,0.840849996,0.0266333818,1.0
,305792000,-22.925268363052396,-43.1420088508301,347.8,14.1,0.840849996,0.0266333818,1.0
,305792000,-22.925204530497055,-43.14202466431337,347.8,14.1,0.840849996,0.0266333818,1.0
,305792000,-22.925204530497055,-43.14202466431337,347.8,14.1,0.840849996,0.0266333818,1.0
,305792000,-22.925204530497055,-43.14202466431337,347.8,14.1,0.840849996,0.0266333818,1.0
,305792000,-22.925204530497055,-43.14202466431337,347.8,14.1,0.840849996,0.0266333818,1.0
,305792000,-22.925204530497055,-43.14202466431337,347.8,14.1,0.840849996,0.0266333818,1.0
,305792000,-22.925204530497055,-43.14202466431337,347.8,14.1,0.840849996,0.0266333818,1.0
,305792000,-22.925204530497055,-43.14202466431337,347.8,14.1,0.840849996,0.0266333818,1.0
,305792000,-22.925204530497055,-43.14202466431337,347.8,14.1,0.840849996,0.0266333818,1.0
,305792000,-22.925204530497055,-43.14202466431337,347.8,14.1,0.840849996,0.0266333818,1.0
,305792000,-22.925204530497055,-43.14202466431337,347.8,14.1,0.840849996,0.0266333818,1.0
,305792000,-22.925204530497055,-43.14202466431337,347.8,14.1,0.840849996,0.0266333818,1.0
,305792000,-22.925204530497055,-43.14202466431337,347.8,14.1,0.840849996,0.0266333818,1.0
,305792000,-22.925204530497055,-43.14202466431337,347.8,14.1,0.840849996,0.0266333818,1.0
,305792000,-22.925204530497055,-43.14202466431337,347.8,14.1,0.840849996,0.0266333818,1.0
,305792000,-22.925204530497055,-43.14202466431337,347.8,14.1,0.840849996,0.0266333818,1.0
,305792000,-22.925204530497055,-43.14202466431337,347.8,14.1,0.840849996,0.0266333818,1.0
,305792000,-22.925204530497055,-43.14202466431337,347.8,14.1,0.840849996,0.0266333818,1.0
,305792000,-22.925204530497055,-43.14202466431337,347.8,14.1,0.840849996,0.0266333818,1.0
,305792000,-22.925204530497055,-43.14202466431337,347.8,14.1,0.840849996,0.0266333818,1.0
,305792000,-22.925204530497055,-43.14202466431337,347.8,14.1,0.840849996,0.0266333818,1.0
,305792000,-22.925204530497055,-43.14202466431337,347.8,14.1,0.840849996,0.0266333818,1.0
,305792000,-22.925204530497055,-43.14202466431337,347.8,14.1,0.840849996,0.0266333818,1.0
,305792000,-22.925204530497055,-43.14202466431337,347.8,14.1,0.840849996,0.0266333818,1.0
,305792000,-22.925204530497055,-43.14202466431337,347.8,14.1,0.840849996,0.0266333818,1.0
,305792000,-22.925204530497055,-43.14202466431337,347.8,14.1,0.840849996,0.0266333818,1.0
,305792000,-22.925204530497055,-43.14202466431337,347.8,14.1,0.840849996,0.0266333818,1.0
,305792000,-22.925204530497055,-43.14202466431337,347.8,14.1,0.840849996,0.0266333818,1.0
,305792000,-22.925204530497055,-43.14202466431337,347.8,14.1,0.840849996,0.0266333818,1.0
,305792000,-22.925204530497055,-43.14202466431337,347.8,14.1,0.840849996,0.0266333818,1.0
,305792000,-22.925204530497055,-43.14202466431337,347.8,14.1,0.840849996,0.0266333818,1.0
,305792000,-22.92514069793868,-43.14204047777963,347.8,14.1,0.840849996,0.0266333818,1.0
,305792000,-22.92514069793868,-43.14204047777963,347.8,14.1,0.840849996,0.0266333818,1.0
,305792000,-22.92514069793868,-43.14204047777963,347.8,14.1,0.840849996,0.0266333818,1.0
,305792000,-22.92514069793868,-43.14204047777963,347.8,14.1,0.840849996,0.0266333818,1.0
,305792000,-22.92514069793868,-43.14204047777963,347.8,14.1,0.840849996,0.0266333818,1.0
,305792000,-22.92514069793868,-43.14204047777963,347.8,14.1,0.840849996,0.0266333818,1.0
,305792000,-22.92514069793868,-43.14204047777963,347.8,14.1,0.840849996,0.0266333818,1.0
,305792000,-22.92514069793868,-43.14204047777963,347.8,14.1,0.840849996,0.0266333818,1.0
,305792000,-22.92514069793868,-43.14204047777963,347.8,14.1,0.840849996,0.0266333818,1.0
,305792000,-22.92514069793868,-43.14204047777963,347.8,14.1,0.840849996,0.0266333818,1.0
,305792000,-22.92514069793868,-43.14204047777963,347.8,14.1,0.840849996,0.0266333818,1.0
,305792000,-22.92514069793868,-43.14204047777963,347.8,14.1,0.840849996,0.0266333818,1.0
,305792000,-22.92514069793868,-43.14204047777963,347.8,14.1,0.840849996,0.0266333818,1.0
,305792000,-22.92514069793868,-43.14204047777963,347.8,14.1,0.840849996,0.0266333818,1.0
,305792000,-22.92514069793868,-43.14204047777963,347.8,14.1,0.840849996,0.0266333818,1.0
,305792000,-22.92514069793868,-43.14204047777963,347.8,14.1,0.840849996,0.0266333818,1.0
,305792000,-22.92514069793868,-43.14204047777963,347.8,14.1,0.840849996,0.0266333818,1.0
,305792000,-22.92514069793868,-43.14204047777963,347.8,14.1,0.840849996,0.0266333818,1.0
,305792000,-22.92514069793868,-43.14204047777963,347.8,14.1,0.840849996,0.0266333818,1.0
,305792000,-22.92514069793868,-43.14204047777963,347.8,14.1,0.840849996,0.0266333818,1.0
,305792000,-22.92514069793868,-43.14204047777963,347.8,14.1,0.840849996,0.0266333818,1.0
,305792000,-22.92514069793868,-43.14204047777963,347.8,14.1,0.840849996,0.0266333818,1.0
,305792000,-22.92514069793868,-43.14204047777963,347.8,14.1,0.840849996,0.0266333818,1.0
,305792000,-22.92514069793868,-43.14204047777963,347.8,14.1,0.840849996,0.0266333818,1.0
,305792000,-22.92514069793868,-43.14204047777963,347.8,14.1,0.840849996,0.0266333818,1.0
,305792000,-22.92514069793868,-43.14204047777963,347.8,14.1,0.840849996,0.0266333818,1.0
,305792000,-22.92514069793868,-43.14204047777963,347.8,14.1,0.840849996,0.0266333818,1.0
,305792000,-22.92514069793868,-43.14204047777963,347.8,14.1,0.840849996,0.0266333818,1.0
,305792000,-22.92514069793868,-43.14204047777963,347.8,14.1,0.840849996,0.0266333818,1.0
,305792000,-22.92514069793868,-43.14204047777963,347.8,14.1,0.840849996,0.0266333818,1.0
,305792000,-22.925076865377257,-43.14205629122889,347.8,14.1,0.840849996,0.0266333818,1.0
,305792000,-22.925076865377257,-43.14205629122889,347.8,14.1,0.840849996,0.0266333818,1.0
,305792000,-22.925076865377257,-43.14205629122889,347.8,14.1,0.840849996,0.0266333818,1.0
,305792000,-22.925076865377257,-43.14205629122889,347.8,14.1,0.840849996,0.0266333818,1.0
,305792000,-22.925076865377257,-43.14205629122889,347.8,14.1,0.840849996,0.0266333818,1.0
,305792000,-22.925076865377257,-43.14205629122889,347.8,14.1,0.840849996,0.0266333818,1.0
,305792000,-22.925076865377257,-43.14205629122889,347.8,14.1,0.840849996,0.0266333818,1.0
,305792000,-22.925076865377257,-43.14205629122889,347.8,14.1,0.840849996,0.0266333818,1.0
,305792000,-22.925076865377257,-43.14205629122889,347.8,14.1,0.840849996,0.0266333818,1.0
,305792000,-22.925076865377257,-43.14205629122889,347.8,14.1,0.840849996,0.0266333818,1.0
,305792000,-22.925076865377257,-43.14205629122889,347.8,14.1,0.840849996,0.0266333818,1.0
,305792000,-22.925076865377257,-43.14205629122889,347.8,14.1,0.840849996,0.0266333818,1.0
,305792000,-22.925076865377257,-43.14205629122889,347.8,14.1,0.840849996,0.0266333818,1.0
,305792000,-22.925076865377257,-43.14205629122889,347.8,14.1,0.840849996,0.0266333818,1.0
,305792000,-22.925076865377257,-43.14205629122889,347.8,14.1,0.840849996,0.0266333818,1.0
,305792000,-22.925076865377257,-43.14205629122889,347.8,14.1,0.840849996,0.0266333818,1.0
,305792000,-22.925076865377257,-43.14205629122889,347.8,14.1,0.840849996,0.0266333818,1.0
,305792000,-22.925076865377257,-43.14205629122889,347.8,14.1,0.840849996,0.0266333818,1.0
,305792000,-22.925076865377257,-43.14205629122889,347.8,14.1,0.840849996,0.0266333818,1.0
,305792000,-22.925076865377257,-43.14205629122889,347.8,14.1,0.840849996,0.0266333818,1.0
,305792000,-22.925076865377257,-43.14205629122889,347.8,14.1,0.840849996,0.0266333818,1.0
,305792000,-22.925076865377257,-43.14205629122889,347.8,14.1,0.840849996,0.0266333818,1.0
,305792000,-22.925076865377257,-43.14205629122889,347.8,14.1,0.840849996,0.0266333818,1.0
,305792000,-22.925076865377257,-43.14205629122889,347.8,14.1,0.840849996,0.0266333818,1.0
,305792000,-22.925076865377257,-43.14205629122889,347.8,14.1,0.840849996,0.0266333818,1.0
,305792000,-22.925076865377257,-43.14205629122889,347.8,14.1,0.840849996,0.0266333818,1.0
,305792000,-22.925076865377257,-43.14205629122889,347.8,14.1,0.840849996,0.0266333818,1.0
,305792000,-22.925076865377257,-43.14205629122889,347.8,14.1,0.840849996,0.0266333818,1.0
,305792000,-22.925076865377257,-43.14205629122889,347.8,14.1,0.838844478,0.0265555382,0.994515598
,305792000,-22.925076865377257,-43.14205629122889,347.8,14.1,0.838844478,0.0265555382,0.994515598
,305792000,-22.925013032812814,-43.142072104661146,347.8,14.1,0.838844478,0.0265555382,1.0
,305792000,-22.925013032812814,-43.142072104661146,347.8,14.1,0.838844478,0.0265555382,1.0
,305792000,-22.925013032812814,-43.142072104661146,347.8,14.1,0.838844478,0.0265555382,1.0
,305792000,-22.925013032812814,-43.142072104661146,347.8,14.1,0.838844478,0.0265555382,1.0
,305792000,-22.925013032812814,-43.142072104661146,347.8,14.1,0.838844478,0.0265555382,1.0
,305792000,-22.925013032812814,-43.142072104661146,347.8,14.1,0.838844478,0.0265555382,1.0
,305792000,-22.925013032812814,-43.142072104661146,347.8,14.1,0.838844478,0.0265555382,1.0
,305792000,-22.925013032812814,-43.142072104661146,347.8,14.1,0.838844478,0.0265555382,1.0
,305792000,-22.925013032812814,-43.142072104661146,347.8,14.1,0.838844478,0.0265555382,1.0
,305792000,-22.925013032812814,-43.142072104661146,347.8,14.1,0.838844478,0.0265555382,1.0
,305792000,-22.925013032812814,-43.142072104661146,347.8,14.1,0.838844478,0.0265555382,1.0
,305792000,-22.925013032812814,-43.142072104661146,347.8,14.1,0.838844478,0.0265555382,1.0
,305792000,-22.925013032812814,-43.142072104661146,347.8,14.1,0.838844478,0.0265555382,1.0
,305792000,-22.925013032812814,-43.142072104661146,347.8,14.1,0.838844478,0.0265555382,1.0
,305792000,-22.925013032812814,-43.142072104661146,347.8,14.1,0.838844478,0.0265555382,1.0
,305792000,-22.925013032812814,-43.142072104661146,347.8,14.1,0.838844478,0.0265555382,1.0
,305792000,-22.925013032812814,-43.142072104661146,347.8,14.1,0.838844478,0.0265555382,1.0
,305792000,-22.925013032812814,-43.142072104661146,347.8,14.1,0.838844478,0.0265555382,1.0
,305792000,-22.925013032812814,-43.142072104661146,347.8,14.1,0.838844478,0.0265555382,1.0
,305792000,-22.925013032812814,-43.142072104661146,347.8,14.1,0.838844478,0.0265555382,1.0
,305792000,-22.925013032812814,-43.142072104661146,347.8,14.1,0.838844478,0.0265555382,1.0
,305792000,-22.924949200245322,-43.1420879180764,347.8,14.1,0.838844478,0.0265555382,1.0
,305792000,-22.924949200245322,-43.1420879180764,347.8,14.1,0.838844478,0.0265555382,1.0
,305792000,-22.924885367674793,-43.14210373147465,347.8,14.1,0.838844478,0.0265555382,1.0
,305792000,-22.924885367674793,-43.14210373147465,347.8,14.1,0.838844478,0.0265555382,1.0
,305792000,-22.924885367674793,-43.14210373147465,347.8,14.1,0.838844478,0.0265555382,1.0
,305792000,-22.924885367674793,-43.14210373147465,347.8,14.1,0.838844478,0.0265555382,1.0
,305792000,-22.924885367674793,-43.14210373147465,347.8,14.1,0.838844478,0.0265555382,1.0
,305792000,-22.924885367674793,-43.14210373147465,347.8,14.1,0.838844478,0.0265555382,1.0
,305792000,-22.924885367674793,-43.14210373147465,347.8,14.1,0.836805582,0.0264889002,0.986256659
,305792000,-22.924821535101234,-43.142119544855895,347.8,14.1,0.836805582,0.0264889002,1.0
,305792000,-22.924821535101234,-43.142119544855895,347.8,14.1,0.836805582,0.0264889002,1.0
,305792000,-22.924821535101234,-43.142119544855895,347.8,14.1,0.836805582,0.0264889002,1.0
,305792000,-22.924821535101234,-43.142119544855895,347.8,14.1,0.836805582,0.0264889002,1.0
,305792000,-22.924821535101234,-43.142119544855895,347.8,14.1,0.836805582,0.0264889002,1.0
,305792000,-22.924821535101234,-43.142119544855895,347.8,14.1,0.836805582,0.0264889002,1.0
,305792000,-22.924821535101234,-43.142119544855895,347.8,14.1,0.836805582,0.0264889002,1.0
,305792000,-22.924821535101234,-43.142119544855895,347.8,14.1,0.836805582,0.0264889002,1.0
,305792000,-22.924821535101234,-43.142119544855895,347.8,14.1,0.836805582,0.0264889002,1.0
,305792000,-22.924821535101234,-43.142119544855895,347.8,14.1,0.836805582,0.0264889002,1.0
,305792000,-22.924821535101234,-43.142119544855895,347.8,14.1,0.836805582,0.0264889002,1.0
,305792000,-22.924821535101234,-43.142119544855895,347.8,14.1,0.836805582,0.0264889002,1.0
,305792000,-22.924821535101234,-43.142119544855895,347.8,14.1,0.836805582,0.0264889002,1.0
,305792000,-22.924821535101234,-43.142119544855895,347.8,14.1,0.836805582,0.0264889002,1.0
,305792000,-22.924757702524637,-43.14213535822014,347.8,14.1,0.836805582,0.0264889002,1.0
,305792000,-22.924757702524637,-43.14213535822014,347.8,14.1,0.836805582,0.0264889002,1.0
,305792000,-22.924757702524637,-43.14213535822014,347.8,14.1,0.836805582,0.0264889002,1.0
,305792000,-22.924757702524637,-43.14213535822014,347.8,14.1,0.836805582,0.0264889002,1.0
,305792000,-22.924757702524637,-43.14213535822014,347.8,14.1,0.836805582,0.0264889002,1.0
,305792000,-22.924757702524637,-43.14213535822014,347.8,14.1,0.836805582,0.0264889002,1.0
,305792000,-22.924693869944996,-43.14215117156738,347.8,14.1,0.836805582,0.0264889002,1.0
,305792000,-22.924693869944996,-43.14215117156738,347.8,14.1,0.836805582,0.0264889002,1.0
,305792000,-22.924693869944996,-43.14215117156738,347.8,14.1,0.836805582,0.0264889002,1.0
,305792000,-22.924693869944996,-43.14215117156738,347.8,14.1,0.836805582,0.0264889002,1.0
,305792000,-22.924693869944996,-43.14215117156738,347.8,14.1,0.836805582,0.0264889002,1.0
,305792000,-22.924693869944996,-43.14215117156738,347.8,14.1,0.836805582,0.0264889002,1.0
,305792000,-22.924693869944996,-43.14215117156738,347.8,14.1,0.836805582,0.0264889002,1.0
,305792000,-22.924693869944996,-43.14215117156738,347.8,14.1,0.836805582,0.0264889002,1.0
,305792000,-22.924630037362327,-43.142166984897614,347.8,14.1,0.836805582,0.0264889002,1.0
,305792000,-22.924630037362327,-43.142166984897614,347.8,14.1,0.836805582,0.0264889002,1.0
,305792000,-22.924617629787672,-43.14213549516562,349.5,14.0,0.836805582,0.0264889002,1.0
,305792000,-22.924617629787672,-43.14213549516562,349.5,14.0,0.836805582,0.0264889002,1.0
,305792000,-22.924617629787672,-43.14213549516562,349.5,14.0,0.836805582,0.0264889002,1.0
,305792000,-22.924617629787672,-43.14213549516562,349.5,14.0,0.836805582,0.0264889002,1.0
,305792000,-22.924617629787672,-43.14213549516562,349.5,14.0,0.836805582,0.0264889002,1.0
,305792000,-22.924617629787672,-43.14213549516562,349.5,14.0,0.836805582,0.0264889002,1.0
,305792000,-22.924617629787672,-43.14213549516562,349.5,14.0,0.836805582,0.0264889002,1.0
,305792000,-22.924617629787672,-43.14213549516562,349.5,14.0,0.834733307,0.0264110565,0.978040218
,305792000,-22.924617629787672,-43.14213549516562,349.5,14.0,0.834733307,0.0264110565,0.978040218
,305792000,-22.924617629787672,-43.14213549516562,349.5,14.0,0.834733307,0.0264110565,0.965517223
,305792000,-22.924617629787672,-43.14213549516562,349.5,14.0,0.834733307,0.0264110565,0.965517223
,305792000,-22.924617629787672,-43.14213549516562,349.5,14.0,0.834733307,0.0264110565,0.965517223
,305792000,-22.924617629787672,-43.14213549516562,349.5,14.0,0.834733307,0.0264110565,0.965517223
,305792000,-22.924617629787672,-43.14213549516562,349.5,14.0,0.834733307,0.0264110565,0.965517223
,305792000,-22.924617629787672,-43.14213549516562,349.5,14.0,0.834733307,0.0264110565,0.965517223
,305792000,-22.92455384635713,-43.14214915955244,349.5,14.0,0.834733307,0.0264110565,0.965517223
,305792000,-22.92449006292409,-43.14216282392425,349.5,14.0,0.834733307,0.0264110565,0.965517223
,305792000,-22.92449006292409,-43.14216282392425,349.5,14.0,0.834733307,0.0264110565,0.965517223
,305792000,-22.92449006292409,-43.14216282392425,349.5,14.0,0.834733307,0.0264110565,0.965517223
,305792000,-22.92449006292409,-43.14216282392425,349.5,14.0,0.834733307,0.0264110565,0.965517223
,305792000,-22.92449006292409,-43.14216282392425,349.5,14.0,0.834733307,0.0264110565,0.965517223
,305792000,-22.92449006292409,-43.14216282392425,349.5,14.0,0.834733307,0.0264110565,0.965517223
,305792000,-22.92449006292409,-43.14216282392425,349.5,14.0,0.834733307,0.0264110565,0.965517223
,305792000,-22.92449006292409,-43.14216282392425,349.5,14.0,0.834733307,0.0264110565,0.965517223
,305792000,-22.92449006292409,-43.14216282392425,349.5,14.0,0.834733307,0.0264110565,0.965517223
,305792000,-22.92449006292409,-43.14216282392425,349.5,14.0,0.834733307,0.0264110565,0.965517223
,305792000,-22.92449006292409,-43.14216282392425,349.5,14.0,0.834733307,0.0264110565,0.965517223
,305792000,-22.92449006292409,-43.14216282392425,349.5,14.0,0.834733307,0.0264110565,0.965517223
,305792000,-22.92449006292409,-43.14216282392425,349.5,14.0,0.832011104,0.0263556242,0.971306384
,305792000,-22.92449006292409,-43.14216282392425,349.5,14.0,0.832011104,0.0263556242,0.965517223
,305792000,-22.92449006292409,-43.14216282392425,349.5,14.0,0.832011104,0.0263556242,0.965517223
,305792000,-22.924426279488532,-43.14217648828106,349.5,14.0,0.832011104,0.0263556242,0.965517223
,305792000,-22.924426279488532,-43.14217648828106,349.5,14.0,0.832011104,0.0263556242,0.965517223
,305792000,-22.924426279488532,-43.14217648828106,349.5,14.0,0.832011104,0.0263556242,0.965517223
,305792000,-22.924426279488532,-43.14217648828106,349.5,14.0,0.832011104,0.0263556242,0.965517223
,305792000,-22.924426279488532,-43.14217648828106,349.5,14.0,0.832011104,0.0263556242,0.965517223
,305792000,-22.924426279488532,-43.14217648828106,349.5,14.0,0.832011104,0.0263556242,0.965517223
,305792000,-22.924426279488532,-43.14217648828106,349.5,14.0,0.832011104,0.0263556242,0.965517223
,305792000,-22.924426279488532,-43.14217648828106,349.5,14.0,0.832011104,0.0263556242,0.965517223
,305792000,-22.924426279488532,-43.14217648828106,349.5,14.0,0.832011104,0.0263556242,0.965517223
,305792000,-22.924426279488532,-43.14217648828106,349.5,14.0,0.832011104,0.0263556242,0.965517223
,305792000,-22.924426279488532,-43.14217648828106,349.5,14.0,0.832011104,0.0263556242,0.965517223
,305792000,-22.924426279488532,-43.14217648828106,349.5,14.0,0.832011104,0.0263556242,0.965517223
,305792000,-22.924426279488532,-43.14217648828106,349.5,14.0,0.832011104,0.0263556242,0.965517223
,305792000,-22.924426279488532,-43.14217648828106,349.5,14.0,0.832011104,0.0263556242,0.965517223
,305792000,-22.924426279488532,-43.14217648828106,349.5,14.0,0.832011104,0.0263556242,0.965517223
,305792000,-22.924362496050485,-43.14219015262287,349.5,14.0,0.832011104,0.0263556242,0.965517223
,305792000,-22.924362496050485,-43.14219015262287,349.5,14.0,0.832011104,0.0263556242,0.965517223
,305792000,-22.924362496050485,-43.14219015262287,349.5,14.0,0.832011104,0.0263556242,0.965517223
,305792000,-22.924362496050485,-43.14219015262287,349.5,14.0,0.832011104,0.0263556242,0.965517223
,305792000,-22.924362496050485,-43.14219015262287,349.5,14.0,0.832011104,0.0263556242,0.965517223
,305792000,-22.924362496050485,-43.14219015262287,349.5,14.0,0.832011104,0.0263556242,0.965517223
,305792000,-22.924362496050485,-43.14219015262287,349.5,14.0,0.832011104,0.0263556242,0.965517223
,305792000,-22.924362496050485,-43.14219015262287,349.5,14.0,0.832011104,0.0263556242,0.965517223
,305792000,-22.924362496050485,-43.14219015262287,349.5,14.0,0.832011104,0.0263556242,0.965517223
,305792000,-22.924362496050485,-43.14219015262287,349.5,14.0,0.832011104,0.0263556242,0.965517223
,305792000,-22.924362496050485,-43.14219015262287,349.5,14.0,0.832011104,0.0263556242,0.965517223
,305792000,-22.924362496050485,-43.14219015262287,349.5,14.0,0.832011104,0.0263556242,0.965517223
,305792000,-22.924362496050485,-43.14219015262287,349.5,14.0,0.832011104,0.0263556242,0.965517223
,305792000,-22.924362496050485,-43.14219015262287,349.5,14.0,0.832011104,0.0263556242,0.965517223
,305792000,-22.924362496050485,-43.14219015262287,349.5,14.0,0.832011104,0.0263556242,0.965517223
,305792000,-22.92429871260993,-43.14220381694967,349.5,14.0,0.832011104,0.0263556242,0.965517223
,305792000,-22.92429871260993,-43.14220381694967,349.5,14.0,0.832011104,0.0263556242,0.965517223
,305792000,-22.92429871260993,-43.14220381694967,349.5,14.0,0.832011104,0.0263556242,0.965517223
,305792000,-22.92429871260993,-43.14220381694967,349.5,14.0,0.832011104,0.0263556242,0.965517223
,305792000,-22.92429871260993,-43.14220381694967,349.5,14.0,0.832011104,0.0263556242,0.965517223
,305792000,-22.92429871260993,-43.14220381694967,349.5,14.0,0.832011104,0.0263556242,0.965517223
,305792000,-22.92429871260993,-43.14220381694967,349.5,14.0,0.832011104,0.0263556242,0.965517223
,305792000,-22.92429871260993,-43.14220381694967,349.5,14.0,0.832011104,0.0263556242,0.965517223
,305792000,-22.92429871260993,-43.14220381694967,349.5,14.0,0.832011104,0.0263556242,0.965517223
,305792000,-22.92429871260993,-43.14220381694967,349.5,14.0,0.832011104,0.0263556242,0.965517223
,305792000,-22.92429871260993,-43.14220381694967,349.5,14.0,0.832011104,0.0263556242,0.965517223
,305792000,-22.92429871260993,-43.14220381694967,349.5,14.0,0.832011104,0.0263556242,0.965517223
,305792000,-22.92429871260993,-43.14220381694967,349.5,14.0,0.829811096,0.0262777805,0.963451743
,305792000,-22.92429871260993,-43.14220381694967,349.5,14.0,0.829811096,0.0262777805,0.965517223
,305792000,-22.92429871260993,-43.14220381694967,349.5,14.0,0.829811096,0.0262777805,0.965517223
,305792000,-22.92423492916687,-43.142217481261454,349.5,14.0,0.829811096,0.0262777805,0.965517223
,305792000,-22.92423492916687,-43.142217481261454,349.5,14.0,0.829811096,0.0262777805,0.965517223
,305792000,-22.92423492916687,-43.142217481261454,349.5,14.0,0.829811096,0.0262777805,0.965517223
,305792000,-22.92423492916687,-43.142217481261454,349.5,14.0,0.829811096,0.0262777805,0.965517223
,305792000,-22.92423492916687,-43.142217481261454,349.5,14.0,0.829811096,0.0262777805,0.965517223
,305792000,-22.92423492916687,-43.142217481261454,349.5,14.0,0.829811096,0.0262777805,0.965517223
,305792000,-22.92423492916687,-43.142217481261454,349.5,14.0,0.829811096,0.0262777805,0.965517223
,305792000,-22.92423492916687,-43.142217481261454,349.5,14.0,0.829811096,0.0262777805,0.965517223
,305792000,-22.92423492916687,-43.142217481261454,349.5,14.0,0.829811096,0.0262777805,0.965517223
,305792000,-22.92423492916687,-43.142217481261454,349.5,14.0,0.829811096,0.0262777805,0.965517223
,305792000,-22.92423492916687,-43.142217481261454,349.5,14.0,0.829811096,0.0262777805,0.965517223
,305792000,-22.92423492916687,-43.142217481261454,349.5,14.0,0.829811096,0.0262777805,0.965517223
,305792000,-22.92423492916687,-43.142217481261454,349.5,14.0,0.829811096,0.0262777805,0.965517223
,305792000,-22.92423492916687,-43.142217481261454,349.5,14.0,0.829811096,0.0262777805,0.965517223
,305792000,-22.92423492916687,-43.142217481261454,349.5,14.0,0.829811096,0.0262777805,0.965517223
,305792000,-22.924171145721306,-43.14223114555825,349.5,14.0,0.829811096,0.0262777805,0.965517223
,305792000,-22.924171145721306,-43.14223114555825,349.5,14.0,0.829811096,0.0262777805,0.965517223
,305792000,-22.924171145721306,-43.14223114555825,349.5,14.0,0.829811096,0.0262777805,0.965517223
,305792000,-22.924171145721306,-43.14223114555825,349.5,14.0,0.829811096,0.0262777805,0.965517223
,305792000,-22.924171145721306,-43.14223114555825,349.5,14.0,0.829811096,0.0262777805,0.965517223
,305792000,-22.924171145721306,-43.14223114555825,349.5,14.0,0.829811096,0.0262777805,0.965517223
,305792000,-22.924171145721306,-43.14223114555825,349.5,14.0,0.829811096,0.0262777805,0.965517223
,305792000,-22.924171145721306,-43.14223114555825,349.5,14.0,0.829811096,0.0262777805,0.965517223
,305792000,-22.924171145721306,-43.14223114555825,349.5,14.0,0.829811096,0.0262777805,0.965517223
,305792000,-22.924171145721306,-43.14223114555825,349.5,14.0,0.829811096,0.0262777805,0.965517223
,305792000,-22.924171145721306,-43.14223114555825,349.5,14.0,0.829811096,0.0262777805,0.965517223
,305792000,-22.924171145721306,-43.14223114555825,349.5,14.0,0.829811096,0.0262777805,0.965517223
,305792000,-22.924171145721306,-43.14223114555825,349.5,14.0,0.829811096,0.0262777805,0.965517223
,305792000,-22.924171145721306,-43.14223114555825,349.5,14.0,0.829811096,0.0262777805,0.965517223
,305792000,-22.924107362273247,-43.14224480984004,349.5,14.0,0.829811096,0.0262777805,0.965517223
,305792000,-22.924107362273247,-43.14224480984004,349.5,14.0,0.829811096,0.0262777805,0.965517223
,305792000,-22.924107362273247,-43.14224480984004,349.5,14.0,0.829811096,0.0262777805,0.965517223
,305792000,-22.924107362273247,-43.14224480984004,349.5,14.0,0.829811096,0.0262777805,0.965517223
,305792000,-22.924107362273247,-43.14224480984004,349.5,14.0,0.829811096,0.0262777805,0.965517223
,305792000,-22.924107362273247,-43.14224480984004,349.5,14.0,0.829811096,0.0262777805,0.965517223
,305792000,-22.924107362273247,-43.14224480984004,349.5,14.0,0.829811096,0.0262777805,0.965517223
,305792000,-22.924107362273247,-43.14224480984004,349.5,14.0,0.829811096,0.0262777805,0.965517223
,305792000,-22.924107362273247,-43.14224480984004,349.5,14.0,0.829811096,0.0262777805,0.965517223
,305792000,-22.924107362273247,-43.14224480984004,349.5,14.0,0.829811096,0.0262777805,0.965517223
,305792000,-22.924107362273247,-43.14224480984004,349.5,14.0,0.829811096,0.0262777805,0.965517223
,305792000,-22.924107362273247,-43.14224480984004,349.5,14.0,0.829811096,0.0262777805,0.965517223
,305792000,-22.924107362273247,-43.14224480984004,349.5,14.0,0.827572227,0.0262111425,0.965517223
,305792000,-22.924107362273247,-43.14224480984004,349.5,14.0,0.827572227,0.0262111425,0.965517223
,305792000,-22.924107362273247,-43.14224480984004,349.5,14.0,0.827572227,0.0262111425,0.965517223
,305792000,-22.924043578822673,-43.14225847410681,349.5,14.0,0.827572227,0.0262111425,0.965517223
,305792000,-22.924043578822673,-43.14225847410681,349.5,14.0,0.827572227,0.0262111425,0.965517223
,305792000,-22.924043578822673,-43.14225847410681,349.5,14.0,0.827572227,0.0262111425,0.965517223
,305792000,-22.924043578822673,-43.14225847410681,349.5,14.0,0.827572227,0.0262111425,0.965517223
,305792000,-22.924043578822673,-43.14225847410681,349.5,14.0,0.827572227,0.0262111425,0.965517223
,305792000,-22.924043578822673,-43.14225847410681,349.5,14.0,0.827572227,0.0262111425,0.965517223
,305792000,-22.924043578822673,-43.14225847410681,349.5,14.0,0.827572227,0.0262111425,0.965517223
,305792000,-22.924043578822673,-43.14225847410681,349.5,14.0,0.827572227,0.0262111425,0.965517223
,305792000,-22.924043578822673,-43.14225847410681,349.5,14.0,0.827572227,0.0262111425,0.965517223
,305792000,-22.924043578822673,-43.14225847410681,349.5,14.0,0.827572227,0.0262111425,0.965517223
,305792000,-22.924043578822673,-43.14225847410681,349.5,14.0,0.827572227,0.0262111425,0.965517223
,305792000,-22.924043578822673,-43.14225847410681,349.5,14.0,0.827572227,0.0262111425,0.965517223
,305792000,-22.924043578822673,-43.14225847410681,349.5,14.0,0.827572227,0.0262111425,0.965517223
,305792000,-22.923893556146258,-43.14225535810599,350.2,14.0,0.827572227,0.0262111425,0.965517223
,305792000,-22.923893556146258,-43.14225535810599,350.2,14.0,0.827572227,0.0262111425,0.965517223
,305792000,-22.923893556146258,-43.14225535810599,350.2,14.0,0.827572227,0.0262111425,0.965517223
,305792000,-22.923893556146258,-43.14225535810599,350.2,14.0,0.827572227,0.0262111425,0.965517223
,305792000,-22.923893556146258,-43.14225535810599,350.2,14.0,0.827572227,0.0262111425,0.965517223
,305792000,-22.923893556146258,-43.14225535810599,350.2,14.0,0.827572227,0.0262111425,0.965517223
,305792000,-22.923893556146258,-43.14225535810599,350.2,14.0,0.827572227,0.0262111425,0.965517223
,305792000,-22.923893556146258,-43.14225535810599,350.2,14.0,0.827572227,0.0262111425,0.965517223
,305792000,-22.923893556146258,-43.14225535810599,350.2,14.0,0.827572227,0.0262111425,0.965517223
,305792000,-22.923893556146258,-43.14225535810599,350.2,14.0,0.827572227,0.0262111425,0.965517223
,305792000,-22.923893556146258,-43.14225535810599,350.2,14.0,0.827572227,0.0262111425,0.965517223
,305792000,-22.923893556146258,-43.14225535810599,350.2,14.0,0.827572227,0.0262111425,0.965517223
,305792000,-22.923893556146258,-43.14225535810599,350.2,14.0,0.827572227,0.0262111425,0.965517223
,305792000,-22.923893556146258,-43.14225535810599,350.2,14.0,0.827572227,0.0262111425,0.965517223
,305792000,-22.923893556146258,-43.14225535810599,350.2,14.0,0.827572227,0.0262111425,0.965517223
,305792000,-22.923829622820758,-43.14226818006692,350.2,14.0,0.827572227,0.0262111425,0.965517223
,305792000,-22.923829622820758,-43.14226818006692,350.2,14.0,0.827572227,0.0262111425,0.965517223
,305792000,-22.923829622820758,-43.14226818006692,350.2,14.0,0.827572227,0.0262111425,0.965517223
,305792000,-22.923829622820758,-43.14226818006692,350.2,14.0,0.827572227,0.0262111425,0.965517223
,305792000,-22.923829622820758,-43.14226818006692,350.2,14.0,0.827572227,0.0262111425,0.965517223
,305792000,-22.923829622820758,-43.14226818006692,350.2,14.0,0.827572227,0.0262111425,0.965517223
,305792000,-22.923829622820758,-43.14226818006692,350.2,14.0,0.827572227,0.0262111425,0.965517223
,305792000,-22.923829622820758,-43.14226818006692,350.2,14.0,0.827572227,0.0262111425,0.965517223
,305792000,-22.923829622820758,-43.14226818006692,350.2,14.0,0.827572227,0.0262111425,0.965517223
,305792000,-22.923829622820758,-43.14226818006692,350.2,14.0,0.827572227,0.0262111425,0.965517223
,305792000,-22.923829622820758,-43.14226818006692,350.2,14.0,0.827572227,0.0262111425,0.965517223
,305792000,-22.923765689492946,-43.14228100201358,350.2,14.0,0.823866725,0.0261111259,0.946001709
,305792000,-22.923765689492946,-43.14228100201358,350.2,14.0,0.823866725,0.0261111259,0.946001709
,305792000,-22.923765689492946,-43.14228100201358,350.2,14.0,0.823866725,0.0261111259,0.931034505
,305792000,-22.923765689492946,-43.14228100201358,350.2,14.0,0.823866725,0.0261111259,0.931034505
,305792000,-22.923765689492946,-43.14228100201358,350.2,14.0,0.823866725,0.0261111259,0.931034505
,305792000,-22.923765689492946,-43.14228100201358,350.2,14.0,0.823866725,0.0261111259,0.931034505
,305792000,-22.923765689492946,-43.14228100201358,350.2,14.0,0.823866725,0.0261111259,0.931034505
,305792000,-22.923765689492946,-43.14228100201358,350.2,14.0,0.823866725,0.0261111259,0.931034505
,305792000,-22.92388867809355,-43.142257167693394,350.2,14.0,0.823866725,0.0261111259,0.931034505
,305792000,-22.92388867809355,-43.142257167693394,350.2,14.0,0.823866725,0.0261111259,0.931034505
,305792000,-22.92388867809355,-43.142257167693394,350.2,14.0,0.823866725,0.0261111259,0.931034505
,305792000,-22.92388867809355,-43.142257167693394,350.2,14.0,0.823866725,0.0261111259,0.931034505
,305792000,-22.92388867809355,-43.142257167693394,350.2,14.0,0.823866725,0.0261111259,0.931034505
,305792000,-22.92388867809355,-43.142257167693394,350.2,14.0,0.823866725,0.0261111259,0.931034505
,305792000,-22.92388867809355,-43.142257167693394,350.2,14.0,0.823866725,0.0261111259,0.931034505
,305792000,-22.92388867809355,-43.142257167693394,350.2,14.0,0.823866725,0.0261111259,0.931034505
,305792000,-22.92388867809355,-43.142257167693394,350.2,14.0,0.823866725,0.0261111259,0.931034505
,305792000,-22.92388867809355,-43.142257167693394,350.2,14.0,0.823866725,0.0261111259,0.931034505
,305792000,-22.92388867809355,-43.142257167693394,350.2,14.0,0.823866725,0.0261111259,0.931034505
,305792000,-22.92388867809355,-43.142257167693394,350.2,14.0,0.823866725,0.0261111259,0.931034505
,305792000,-22.92388867809355,-43.142257167693394,350.2,14.0,0.823866725,0.0261111259,0.931034505
,305792000,-22.92388867809355,-43.142257167693394,350.2,14.0,0.823866725,0.0261111259,0.931034505
,305792000,-22.92382474476778,-43.142269989652846,350.2,14.0,0.823866725,0.0261111259,0.931034505
,305792000,-22.92382474476778,-43.142269989652846,350.2,14.0,0.823866725,0.0261111259,0.931034505
,305792000,-22.92382474476778,-43.142269989652846,350.2,14.0,0.823866725,0.0261111259,0.931034505
,305792000,-22.92382474476778,-43.142269989652846,350.2,14.0,0.823866725,0.0261111259,0.931034505
,305792000,-22.92382474476778,-43.142269989652846,350.2,14.0,0.823866725,0.0261111259,0.931034505
,305792000,-22.92382474476778,-43.142269989652846,350.2,14.0,0.823866725,0.0261111259,0.931034505
,305792000,-22.92382474476778,-43.142269989652846,350.2,14.0,0.823866725,0.0261111259,0.931034505
,305792000,-22.92382474476778,-43.142269989652846,350.2,14.0,0.823866725,0.0261111259,0.931034505
,305792000,-22.92382474476778,-43.142269989652846,350.2,14.0,0.823866725,0.0261111259,0.931034505
,305792000,-22.92382474476778,-43.142269989652846,350.2,14.0,0.823866725,0.0261111259,0.931034505
,305792000,-22.92382474476778,-43.142269989652846,350.2,14.0,0.823866725,0.0261111259,0.931034505
,305792000,-22.92382474476778,-43.142269989652846,350.2,14.0,0.823866725,0.0261111259,0.931034505
,305792000,-22.92382474476778,-43.142269989652846,350.2,14.0,0.823866725,0.0261111259,0.931034505
,305792000,-22.92382474476778,-43.142269989652846,350.2,14.0,0.823866725,0.0261111259,0.931034505
,305792000,-22.92382474476778,-43.142269989652846,350.2,14.0,0.823866725,0.0261111259,0.931034505
,305792000,-22.923760811439696,-43.142282811598044,350.2,14.0,0.823866725,0.0261111259,0.931034505
,305792000,-22.923760811439696,-43.142282811598044,350.2,14.0,0.823866725,0.0261111259,0.931034505
,305792000,-22.923760811439696,-43.142282811598044,350.2,14.0,0.823866725,0.0261111259,0.931034505
,305792000,-22.923760811439696,-43.142282811598044,350.2,14.0,0.823866725,0.0261111259,0.931034505
,305792000,-22.923760811439696,-43.142282811598044,350.2,14.0,0.823866725,0.0261111259,0.931034505
,305792000,-22.923760811439696,-43.142282811598044,350.2,14.0,0.823866725,0.0261111259,0.931034505
,305792000,-22.923760811439696,-43.142282811598044,350.2,14.0,0.823816657,0.0261111259,0.945774674
,305792000,-22.923760811439696,-43.142282811598044,350.2,14.0,0.823816657,0.0261111259,0.931034505
,305792000,-22.923760811439696,-43.142282811598044,350.2,14.0,0.823816657,0.0261111259,0.931034505
,305792000,-22.923760811439696,-43.142282811598044,350.2,14.0,0.823816657,0.0261111259,0.931034505
,305792000,-22.923760811439696,-43.142282811598044,350.2,14.0,0.823816657,0.0261111259,0.931034505
,305792000,-22.923760811439696,-43.142282811598044,350.2,14.0,0.823816657,0.0261111259,0.931034505
,305792000,-22.923760811439696,-43.142282811598044,350.2,14.0,0.823816657,0.0261111259,0.931034505
,305792000,-22.923760811439696,-43.142282811598044,350.2,14.0,0.823816657,0.0261111259,0.931034505
,305792000,-22.923760811439696,-43.142282811598044,350.2,14.0,0.823816657,0.0261111259,0.931034505
,305792000,-22.9236968781093,-43.14229563352897,350.2,14.0,0.823816657,0.0261111259,0.931034505
,305792000,-22.9236968781093,-43.14229563352897,350.2,14.0,0.823816657,0.0261111259,0.931034505
,305792000,-22.923632944776582,-43.14230845544563,350.2,14.0,0.823816657,0.0261111259,0.931034505
,305792000,-22.923632944776582,-43.14230845544563,350.2,14.0,0.823816657,0.0261111259,0.931034505
,305792000,-22.923632944776582,-43.14230845544563,350.2,14.0,0.823816657,0.0261111259,0.931034505
,305792000,-22.923632944776582,-43.14230845544563,350.2,14.0,0.823816657,0.0261111259,0.931034505
,305792000,-22.923632944776582,-43.14230845544563,350.2,14.0,0.823816657,0.0261111259,0.931034505
,305792000,-22.923632944776582,-43.14230845544563,350.2,14.0,0.823816657,0.0261111259,0.931034505
,305792000,-22.923632944776582,-43.14230845544563,350.2,14.0,0.823816657,0.0261111259,0.931034505
,305792000,-22.923632944776582,-43.14230845544563,350.2,14.0,0.823816657,0.0261111259,0.931034505
,305792000,-22.923632944776582,-43.14230845544563,350.2,14.0,0.823816657,0.0261111259,0.931034505
,305792000,-22.923632944776582,-43.14230845544563,350.2,14.0,0.823816657,0.0261111259,0.931034505
,305792000,-22.923632944776582,-43.14230845544563,350.2,14.0,0.823816657,0.0261111259,0.931034505
,305792000,-22.923632944776582,-43.14230845544563,350.2,14.0,0.823816657,0.0261111259,0.931034505
,305792000,-22.923632944776582,-43.14230845544563,350.2,14.0,0.823816657,0.0261111259,0.931034505
,305792000,-22.923632944776582,-43.14230845544563,350.2,14.0,0.823816657,0.0261111259,0.931034505
,305792000,-22.923569011441554,-43.142321277348024,350.2,14.0,0.823816657,0.0261111259,0.931034505
,305792000,-22.923569011441554,-43.142321277348024,350.2,14.0,0.823816657,0.0261111259,0.931034505
,305792000,-22.923569011441554,-43.142321277348024,350.2,14.0,0.823816657,0.0261111259,0.931034505
,305792000,-22.923569011441554,-43.142321277348024,350.2,14.0,0.823816657,0.0261111259,0.931034505
,305792000,-22.923569011441554,-43.142321277348024,350.2,14.0,0.823816657,0.0261111259,0.931034505
,305792000,-22.923569011441554,-43.142321277348024,350.2,14.0,0.823816657,0.0261111259,0.931034505
,305792000,-22.923569011441554,-43.142321277348024,350.2,14.0,0.823816657,0.0261111259,0.931034505
,305792000,-22.923569011441554,-43.142321277348024,350.2,14.0,0.821455538,0.026044488,0.938190579
,305792000,-22.923569011441554,-43.142321277348024,350.2,14.0,0.821455538,0.026044488,0.938190579
,305792000,-22.923569011441554,-43.142321277348024,350.2,14.0,0.821455538,0.026044488,0.931034505
,305792000,-22.923569011441554,-43.142321277348024,350.2,14.0,0.821455538,0.026044488,0.931034505
,305792000,-22.923569011441554,-43.142321277348024,350.2,14.0,0.821455538,0.026044488,0.931034505
,305792000,-22.923569011441554,-43.142321277348024,350.2,14.0,0.821455538,0.026044488,0.931034505
,305792000,-22.923569011441554,-43.142321277348024,350.2,14.0,0.821455538,0.026044488,0.931034505
,305792000,-22.923569011441554,-43.142321277348024,350.2,14.0,0.821455538,0.026044488,0.931034505
,305792000,-22.923505078104206,-43.14233409923616,350.2,14.0,0.821455538,0.026044488,0.931034505
,305792000,-22.923505078104206,-43.14233409923616,350.2,14.0,0.821455538,0.026044488,0.931034505
,305792000,-22.923505078104206,-43.14233409923616,350.2,14.0,0.821455538,0.026044488,0.931034505
,305792000,-22.923505078104206,-43.14233409923616,350.2,14.0,0.821455538,0.026044488,0.931034505
,305792000,-22.923505078104206,-43.14233409923616,350.2,14.0,0.821455538,0.026044488,0.931034505
,305792000,-22.923505078104206,-43.14233409923616,350.2,14.0,0.821455538,0.026044488,0.931034505
,305792000,-22.923505078104206,-43.14233409923616,350.2,14.0,0.821455538,0.026044488,0.931034505
,305792000,-22.923505078104206,-43.14233409923616,350.2,14.0,0.821455538,0.026044488,0.931034505
,305792000,-22.923505078104206,-43.14233409923616,350.2,14.0,0.821455538,0.026044488,0.931034505
,305792000,-22.923505078104206,-43.14233409923616,350.2,14.0,0.821455538,0.026044488,0.931034505
,305792000,-22.923505078104206,-43.14233409923616,350.2,14.0,0.821455538,0.026044488,0.931034505
,305792000,-22.923505078104206,-43.14233409923616,350.2,14.0,0.821455538,0.026044488,0.931034505
,305792000,-22.923505078104206,-43.14233409923616,350.2,14.0,0.821455538,0.026044488,0.931034505
,305792000,-22.923505078104206,-43.14233409923616,350.2,14.0,0.821455538,0.026044488,0.931034505
,305792000,-22.923505078104206,-43.14233409923616,350.2,14.0,0.821455538,0.026044488,0.931034505
,305792000,-22.923441144764546,-43.14234692111003,350.2,14.0,0.821455538,0.026044488,0.931034505
,305792000,-22.923441144764546,-43.14234692111003,350.2,14.0,0.821455538,0.026044488,0.931034505
,305792000,-22.923441144764546,-43.14234692111003,350.2,14.0,0.821455538,0.026044488,0.931034505
,305792000,-22.923441144764546,-43.14234692111003,350.2,14.0,0.821455538,0.026044488,0.931034505
,305792000,-22.923441144764546,-43.14234692111003,350.2,14.0,0.821455538,0.026044488,0.931034505
,305792000,-22.923441144764546,-43.14234692111003,350.2,14.0,0.821455538,0.026044488,0.931034505
,305792000,-22.923441144764546,-43.14234692111003,350.2,14.0,0.821455538,0.026044488,0.931034505
,305792000,-22.923441144764546,-43.14234692111003,350.2,14.0,0.821455538,0.026044488,0.931034505
,305792000,-22.923441144764546,-43.14234692111003,350.2,14.0,0.821455538,0.026044488,0.931034505
,305792000,-22.923441144764546,-43.14234692111003,350.2,14.0,0.821455538,0.026044488,0.931034505
,305792000,-22.923441144764546,-43.14234692111003,350.2,14.0,0.821455538,0.026044488,0.931034505
,305792000,-22.923441144764546,-43.14234692111003,350.2,14.0,0.821455538,0.026044488,0.931034505
,305792000,-22.923441144764546,-43.14234692111003,350.2,14.0,0.821455538,0.026044488,0.931034505
,305792000,-22.923441144764546,-43.14234692111003,350.2,14.0,0.821455538,0.026044488,0.931034505
,305792000,-22.923441144764546,-43.14234692111003,350.2,14.0,0.821455538,0.026044488,0.931034505
,305792000,-22.923377211422565,-43.14235974296963,350.2,14.0,0.821455538,0.026044488,0.931034505
,305792000,-22.923377211422565,-43.14235974296963,350.2,14.0,0.821455538,0.026044488,0.931034505
,305792000,-22.923377211422565,-43.14235974296963,350.2,14.0,0.821455538,0.026044488,0.931034505
,305792000,-22.923377211422565,-43.14235974296963,350.2,14.0,0.821455538,0.026044488,0.931034505
,305792000,-22.923377211422565,-43.14235974296963,350.2,14.0,0.821455538,0.026044488,0.931034505
,305792000,-22.923377211422565,-43.14235974296963,350.2,14.0,0.821455538,0.026044488,0.931034505
,305792000,-22.923377211422565,-43.14235974296963,350.2,14.0,0.821455538,0.026044488,0.931034505
,305792000,-22.923377211422565,-43.14235974296963,350.2,14.0,0.819066703,0.0259666443,0.930660725
,305792000,-22.923377211422565,-43.14235974296963,350.2,14.0,0.819066703,0.0259666443,0.930660725
,305792000,-22.923377211422565,-43.14235974296963,350.2,14.0,0.819066703,0.0259666443,0.931034505
,305792000,-22.923377211422565,-43.14235974296963,350.2,14.0,0.819066703,0.0259666443,0.931034505
,305792000,-22.923377211422565,-43.14235974296963,350.2,14.0,0.819066703,0.0259666443,0.931034505
,305792000,-22.923377211422565,-43.14235974296963,350.2,14.0,0.819066703,0.0259666443,0.931034505
,305792000,-22.923377211422565,-43.14235974296963,350.2,14.0,0.819066703,0.0259666443,0.931034505
,305792000,-22.9109772176399,-43.14619802720779,343.4,11.5,0.568622231,0.0203000307,0.059327092
,305792000,-22.9109772176399,-43.14619802720779,343.4,11.5,0.568622231,0.0203000307,0.059327092
,305792000,-22.9109772176399,-43.14619802720779,343.4,11.5,0.568622231,0.0203000307,0.059327092
,305792000,-22.9109772176399,-43.14619802720779,343.4,11.5,0.568622231,0.0203000307,0.059327092
,305792000,-22.9109772176399,-43.14619802720779,343.4,11.5,0.568622231,0.0203000307,0.059327092
,305792000,-22.9109772176399,-43.14619802720779,343.4,11.5,0.568622231,0.0203000307,0.059327092
,305792000,-22.9109772176399,-43.14619802720779,343.4,11.5,0.568622231,0.0203000307,0.059327092
,305792000,-22.9109772176399,-43.14619802720779,343.4,11.5,0.568622231,0.0203000307,0.059327092
,305792000,-22.9109772176399,-43.14619802720779,343.4,11.5,0.568622231,0.0203000307,0.059327092
,305792000,-22.9109772176399,-43.14619802720779,343.4,11.5,0.568622231,0.0203000307,0.059327092
,305792000,-22.9109772176399,-43.14619802720779,343.4,11.5,0.568622231,0.0203000307,0.059327092
,305792000,-22.9109772176399,-43.14619802720779,343.4,11.5,0.568622231,0.0203000307,0.059327092
,305792000,-22.910942925994153,-43.14621269122001,343.0,11.5,0.568622231,0.0203000307,0.059327092
,305792000,-22.910942925994153,-43.14621269122001,343.0,11.5,0.568622231,0.0203000307,0.059327092
,305792000,-22.910942925994153,-43.14621269122001,343.0,11.5,0.568622231,0.0203000307,0.059327092
,305792000,-22.910942925994153,-43.14621269122001,343.0,11.5,0.568622231,0.0203000307,0.059327092
,305792000,-22.910942925994153,-43.14621269122001,343.0,11.5,0.568622231,0.0203000307,0.059327092
,305792000,-22.910942925994153,-43.14621269122001,343.0,11.5,0.568622231,0.0203000307,0.059327092
,305792000,-22.910942925994153,-43.14621269122001,343.0,11.5,0.568622231,0.0203000307,0.059327092
,305792000,-22.910942925994153,-43.14621269122001,343.0,11.5,0.568622231,0.0203000307,0.059327092
,305792000,-22.910942925994153,-43.14621269122001,343.0,11.5,0.568622231,0.0203000307,0.059327092
,305792000,-22.910942925994153,-43.14621269122001,343.0,11.5,0.568622231,0.0203000307,0.059327092
,305792000,-22.910942925994153,-43.14621269122001,343.0,11.5,0.568622231,0.0203000307,0.059327092
,305792000,-22.910942925994153,-43.14621269122001,343.0,11.5,0.568622231,0.0203000307,0.059327092
,305792000,-22.910942925994153,-43.14621269122001,343.0,11.5,0.568622231,0.0203000307,0.059327092
,305792000,-22.910942925994153,-43.14621269122001,343.0,11.5,0.568622231,0.0203000307,0.059327092
,305792000,-22.910942925994153,-43.14621269122001,343.0,11.5,0.568622231,0.0203000307,0.059327092
,305792000,-22.910892045467993,-43.14623024287469,343.0,11.5,0.568622231,0.0203000307,0.059327092
,305792000,-22.910892045467993,-43.14623024287469,343.0,11.5,0.568622231,0.0203000307,0.059327092
,305792000,-22.910892045467993,-43.14623024287469,343.0,11.5,0.568622231,0.0203000307,0.059327092
,305792000,-22.910892045467993,-43.14623024287469,343.0,11.5,0.564622223,0.0202666521,0.0581173487
,305792000,-22.910892045467993,-43.14623024287469,343.0,11.5,0.564622223,0.0202666521,0.0581173487
,305792000,-22.910892045467993,-43.14623024287469,343.0,11.5,0.564622223,0.0202666521,0.0581173487
,305792000,-22.910892045467993,-43.14623024287469,343.0,11.5,0.564622223,0.0202666521,0.0582135953
,305792000,-22.910892045467993,-43.14623024287469,343.0,11.5,0.564622223,0.0202666521,0.0582135953
,305792000,-22.910892045467993,-43.14623024287469,343.0,11.5,0.564622223,0.0202666521,0.0582135953
,305792000,-22.910892045467993,-43.14623024287469,343.0,11.5,0.564622223,0.0202666521,0.0582135953
,305792000,-22.910892045467993,-43.14623024287469,343.0,11.5,0.564622223,0.0202666521,0.0582135953
,305792000,-22.910892045467993,-43.14623024287469,343.0,11.5,0.564622223,0.0202666521,0.0582135953
,305792000,-22.910892045467993,-43.14623024287469,343.0,11.5,0.564622223,0.0202666521,0.0582135953
,305792000,-22.910892045467993,-43.14623024287469,343.0,11.5,0.564622223,0.0202666521,0.0582135953
,305792000,-22.910892045467993,-43.14623024287469,343.0,11.5,0.564622223,0.0202666521,0.0582135953
,305792000,-22.910841164938724,-43.14624779451494,343.0,11.5,0.564622223,0.0202666521,0.0582135953
,305792000,-22.910841164938724,-43.14624779451494,343.0,11.5,0.564622223,0.0202666521,0.0582135953
,305792000,-22.910841164938724,-43.14624779451494,343.0,11.5,0.564622223,0.0202666521,0.0582135953
,305792000,-22.910841164938724,-43.14624779451494,343.0,11.5,0.564622223,0.0202666521,0.0582135953
,305792000,-22.910841164938724,-43.14624779451494,343.0,11.5,0.564622223,0.0202666521,0.0582135953
,305792000,-22.910841164938724,-43.14624779451494,343.0,11.5,0.564622223,0.0202666521,0.0582135953
,305792000,-22.910841164938724,-43.14624779451494,343.0,11.5,0.564622223,0.0202666521,0.0582135953
,305792000,-22.910841164938724,-43.14624779451494,343.0,11.5,0.564622223,0.0202666521,0.0582135953
,305792000,-22.910841164938724,-43.14624779451494,343.0,11.5,0.564622223,0.0202666521,0.0582135953
,305792000,-22.910841164938724,-43.14624779451494,343.0,11.5,0.564622223,0.0202666521,0.0582135953
,305792000,-22.910841164938724,-43.14624779451494,343.0,11.5,0.564622223,0.0202666521,0.0582135953
,305792000,-22.910841164938724,-43.14624779451494,343.0,11.5,0.564622223,0.0202666521,0.0582135953
,305792000,-22.910841164938724,-43.14624779451494,343.0,11.5,0.564622223,0.0202666521,0.0582135953
,305792000,-22.910841164938724,-43.14624779451494,343.0,11.5,0.564622223,0.0202666521,0.0582135953
,305792000,-22.910841164938724,-43.14624779451494,343.0,11.5,0.564622223,0.0202666521,0.0582135953
,305792000,-22.910790284406346,-43.14626534614078,343.0,11.5,0.564622223,0.0202666521,0.0582135953
,305792000,-22.910790284406346,-43.14626534614078,343.0,11.5,0.564622223,0.0202666521,0.0582135953
,305792000,-22.910790284406346,-43.14626534614078,343.0,11.5,0.564622223,0.0202666521,0.0582135953
,305792000,-22.910790284406346,-43.14626534614078,343.0,11.5,0.564622223,0.0202666521,0.0582135953
,305792000,-22.910790284406346,-43.14626534614078,343.0,11.5,0.564622223,0.0202666521,0.0582135953
,305792000,-22.910790284406346,-43.14626534614078,343.0,11.5,0.564622223,0.0202666521,0.0582135953
,305792000,-22.910790284406346,-43.14626534614078,343.0,11.5,0.564622223,0.0202666521,0.0582135953
,305792000,-22.910790284406346,-43.14626534614078,343.0,11.5,0.564622223,0.0202666521,0.0582135953
,305792000,-22.910790284406346,-43.14626534614078,343.0,11.5,0.564622223,0.0202666521,0.0582135953
,305792000,-22.910790284406346,-43.14626534614078,343.0,11.5,0.564622223,0.0202666521,0.0582135953
,305792000,-22.910790284406346,-43.14626534614078,343.0,11.5,0.564622223,0.0202666521,0.0582135953
,305792000,-22.910790284406346,-43.14626534614078,343.0,11.5,0.564622223,0.0202666521,0.0582135953
,305792000,-22.910790284406346,-43.14626534614078,343.0,11.5,0.564622223,0.0202666521,0.0582135953
,305792000,-22.910790284406346,-43.14626534614078,343.0,11.5,0.564622223,0.0202666521,0.0582135953
,305792000,-22.910790284406346,-43.14626534614078,343.0,11.5,0.564622223,0.0202666521,0.0582135953
,305792000,-22.910739403870856,-43.14628289775221,343.0,11.5,0.564622223,0.0202666521,0.0582135953
,305792000,-22.910739403870856,-43.14628289775221,343.0,11.5,0.564622223,0.0202666521,0.0582135953
,305792000,-22.910739403870856,-43.14628289775221,343.0,11.5,0.564622223,0.0202666521,0.0582135953
,305792000,-22.910739403870856,-43.14628289775221,343.0,11.5,0.560122192,0.0202444792,0.0571000986
,305792000,-22.910739403870856,-43.14628289775221,343.0,11.5,0.560122192,0.0202444792,0.0571000986
,305792000,-22.910739403870856,-43.14628289775221,343.0,11.5,0.560122192,0.0202444792,0.0571000986
,305792000,-22.910739403870856,-43.14628289775221,343.0,11.5,0.560122192,0.0202444792,0.0571000986
,305792000,-22.910739403870856,-43.14628289775221,343.0,11.5,0.560122192,0.0202444792,0.0571000986
,305792000,-22.910739403870856,-43.14628289775221,343.0,11.5,0.560122192,0.0202444792,0.0571000986
,305792000,-22.910739403870856,-43.14628289775221,343.0,11.5,0.560122192,0.0202444792,0.0571000986
,305792000,-22.910739403870856,-43.14628289775221,343.0,11.5,0.560122192,0.0202444792,0.0571000986
,305792000,-22.910739403870856,-43.14628289775221,343.0,11.5,0.560122192,0.0202444792,0.0571000986
,305792000,-22.910739403870856,-43.14628289775221,343.0,11.5,0.560122192,0.0202444792,0.0571000986
,305792000,-22.910739403870856,-43.14628289775221,343.0,11.5,0.560122192,0.0202444792,0.0571000986
,305792000,-22.910739403870856,-43.14628289775221,343.0,11.5,0.560122192,0.0202444792,0.0571000986
,305792000,-22.910688523332254,-43.14630044934921,343.0,11.5,0.560122192,0.0202444792,0.0571000986
,305792000,-22.910688523332254,-43.14630044934921,343.0,11.5,0.560122192,0.0202444792,0.0571000986
,305792000,-22.910688523332254,-43.14630044934921,343.0,11.5,0.560122192,0.0202444792,0.0571000986
,305792000,-22.910688523332254,-43.14630044934921,343.0,11.5,0.560122192,0.0202444792,0.0571000986
,305792000,-22.910688523332254,-43.14630044934921,343.0,11.5,0.560122192,0.0202444792,0.0571000986
,305792000,-22.910688523332254,-43.14630044934921,343.0,11.5,0.560122192,0.0202444792,0.0571000986
,305792000,-22.910688523332254,-43.14630044934921,343.0,11.5,0.560122192,0.0202444792,0.0571000986
,305792000,-22.910688523332254,-43.14630044934921,343.0,11.5,0.560122192,0.0202444792,0.0571000986
,305792000,-22.910688523332254,-43.14630044934921,343.0,11.5,0.560122192,0.0202444792,0.0571000986
,305792000,-22.910688523332254,-43.14630044934921,343.0,11.5,0.560122192,0.0202444792,0.0571000986
,305792000,-22.910637642790544,-43.14631800093181,343.0,11.5,0.560122192,0.0202444792,0.0571000986
,305792000,-22.910637642790544,-43.14631800093181,343.0,11.5,0.560122192,0.0202444792,0.0571000986
,305792000,-22.910637642790544,-43.14631800093181,343.0,11.5,0.560122192,0.0202444792,0.0571000986
,305792000,-22.910637642790544,-43.14631800093181,343.0,11.5,0.560122192,0.0202444792,0.0571000986
,305792000,-22.910637642790544,-43.14631800093181,343.0,11.5,0.560122192,0.0202444792,0.0571000986
,305792000,-22.910637642790544,-43.14631800093181,343.0,11.5,0.560122192,0.0202444792,0.0571000986
,305792000,-22.910637642790544,-43.14631800093181,343.0,11.5,0.560122192,0.0202444792,0.0571000986
,305792000,-22.910637642790544,-43.14631800093181,343.0,11.5,0.560122192,0.0202444792,0.0571000986
,305792000,-22.910637642790544,-43.14631800093181,343.0,11.5,0.560122192,0.0202444792,0.0571000986
,305792000,-22.910637642790544,-43.14631800093181,343.0,11.5,0.560122192,0.0202444792,0.0571000986
,305792000,-22.910637642790544,-43.14631800093181,343.0,11.5,0.560122192,0.0202444792,0.0571000986
,305792000,-22.91058676224572,-43.14633555249998,343.0,11.5,0.560122192,0.0202444792,0.0571000986
,305792000,-22.91058676224572,-43.14633555249998,343.0,11.5,0.555611134,0.020222187,0.0562222824
,305792000,-22.91058676224572,-43.14633555249998,343.0,11.5,0.555611134,0.020222187,0.0563607365
,305792000,-22.91058676224572,-43.14633555249998,343.0,11.5,0.555611134,0.020222187,0.0563607365
,305792000,-22.91058676224572,-43.14633555249998,343.0,11.5,0.555611134,0.020222187,0.0563607365
,305792000,-22.91058676224572,-43.14633555249998,343.0,11.5,0.555611134,0.020222187,0.0563607365
,305792000,-22.91058676224572,-43.14633555249998,343.0,11.5,0.555611134,0.020222187,0.0563607365
,305792000,-22.91058676224572,-43.14633555249998,343.0,11.5,0.555611134,0.020222187,0.0563607365
,305792000,-22.91058676224572,-43.14633555249998,343.0,11.5,0.555611134,0.020222187,0.0563607365
,305792000,-22.91058676224572,-43.14633555249998,343.0,11.5,0.555611134,0.020222187,0.0563607365
,305792000,-22.91058676224572,-43.14633555249998,343.0,11.5,0.555611134,0.020222187,0.0563607365
,305792000,-22.91058676224572,-43.14633555249998,343.0,11.5,0.555611134,0.020222187,0.0563607365
,305792000,-22.91058676224572,-43.14633555249998,343.0,11.5,0.555611134,0.020222187,0.0563607365
,305792000,-22.91058676224572,-43.14633555249998,343.0,11.5,0.555611134,0.020222187,0.0563607365
,305792000,-22.91058676224572,-43.14633555249998,343.0,11.5,0.555611134,0.020222187,0.0563607365
,305792000,-22.910535881697786,-43.14635310405373,343.0,11.5,0.555611134,0.020222187,0.0563607365
,305792000,-22.910535881697786,-43.14635310405373,343.0,11.5,0.555611134,0.020222187,0.0563607365
,305792000,-22.910535881697786,-43.14635310405373,343.0,11.5,0.555611134,0.020222187,0.0563607365
,305792000,-22.910535881697786,-43.14635310405373,343.0,11.5,0.555611134,0.020222187,0.0563607365
,305792000,-22.910535881697786,-43.14635310405373,343.0,11.5,0.555611134,0.020222187,0.0563607365
,305792000,-22.910535881697786,-43.14635310405373,343.0,11.5,0.555611134,0.020222187,0.0563607365
,305792000,-22.910535881697786,-43.14635310405373,343.0,11.5,0.555611134,0.020222187,0.0563607365
,305792000,-22.910535881697786,-43.14635310405373,343.0,11.5,0.555611134,0.020222187,0.0563607365
,305792000,-22.910535881697786,-43.14635310405373,343.0,11.5,0.555611134,0.020222187,0.0563607365
,305792000,-22.910535881697786,-43.14635310405373,343.0,11.5,0.555611134,0.020222187,0.0563607365
,305792000,-22.910535881697786,-43.14635310405373,343.0,11.5,0.555611134,0.020222187,0.0563607365
,305792000,-22.910535881697786,-43.14635310405373,343.0,11.5,0.555611134,0.020222187,0.0563607365
,305792000,-22.910535881697786,-43.14635310405373,343.0,11.5,0.555611134,0.020222187,0.0563607365
,305792000,-22.910535881697786,-43.14635310405373,343.0,11.5,0.555611134,0.020222187,0.0563607365
,305792000,-22.910485001146746,-43.14637065559307,343.0,11.5,0.555611134,0.020222187,0.0563607365
,305792000,-22.910485001146746,-43.14637065559307,343.0,11.5,0.555611134,0.020222187,0.0563607365
,305792000,-22.910485001146746,-43.14637065559307,343.0,11.5,0.555611134,0.020222187,0.0563607365
,305792000,-22.910485001146746,-43.14637065559307,343.0,11.5,0.555611134,0.020222187,0.0563607365
,305792000,-22.910485001146746,-43.14637065559307,343.0,11.5,0.555611134,0.020222187,0.0563607365
,305792000,-22.910485001146746,-43.14637065559307,343.0,11.5,0.555611134,0.020222187,0.0563607365
,305792000,-22.910485001146746,-43.14637065559307,343.0,11.5,0.555611134,0.020222187,0.0563607365
,305792000,-22.91046660582649,-43.146360630345015,343.1,11.4,0.555611134,0.020222187,0.0563607365
,305792000,-22.91046660582649,-43.146360630345015,343.1,11.4,0.555611134,0.020222187,0.0563607365
,305792000,-22.91046660582649,-43.146360630345015,343.1,11.4,0.555611134,0.020222187,0.0563607365
,305792000,-22.91046660582649,-43.146360630345015,343.1,11.4,0.555611134,0.020222187,0.0563607365
,305792000,-22.91046660582649,-43.146360630345015,343.1,11.4,0.555611134,0.020222187,0.0563607365
,305792000,-22.91046660582649,-43.146360630345015,343.1,11.4,0.555611134,0.020222187,0.0563607365
,305792000,-22.91046660582649,-43.146360630345015,343.1,11.4,0.555611134,0.020222187,0.0563607365
,305792000,-22.91046660582649,-43.146360630345015,343.1,11.4,0.555611134,0.020222187,0.0563607365
,305792000,-22.91046660582649,-43.146360630345015,343.1,11.4,0.555611134,0.020222187,0.0563607365
,305792000,-22.91046660582649,-43.146360630345015,343.1,11.4,0.555611134,0.020222187,0.0563607365
,305792000,-22.91046660582649,-43.146360630345015,343.1,11.4,0.555611134,0.020222187,0.0563607365
,305792000,-22.91046660582649,-43.146360630345015,343.1,11.4,0.55108887,0.0202000141,0.0554568768
,305792000,-22.91046660582649,-43.146360630345015,343.1,11.4,0.55108887,0.0202000141,0.0556213781
,305792000,-22.91046660582649,-43.146360630345015,343.1,11.4,0.55108887,0.0202000141,0.0556213781
,305792000,-22.91046660582649,-43.146360630345015,343.1,11.4,0.55108887,0.0202000141,0.0556213781
,305792000,-22.910416139658615,-43.14637793419552,343.1,11.4,0.55108887,0.0202000141,0.0556213781
,305792000,-22.910416139658615,-43.14637793419552,343.1,11.4,0.55108887,0.0202000141,0.0556213781
,305792000,-22.910416139658615,-43.14637793419552,343.1,11.4,0.55108887,0.0202000141,0.0556213781
,305792000,-22.910416139658615,-43.14637793419552,343.1,11.4,0.55108887,0.0202000141,0.0556213781
,305792000,-22.910416139658615,-43.14637793419552,343.1,11.4,0.55108887,0.0202000141,0.0556213781
,305792000,-22.910416139658615,-43.14637793419552,343.1,11.4,0.55108887,0.0202000141,0.0556213781
,305792000,-22.910416139658615,-43.14637793419552,343.1,11.4,0.55108887,0.0202000141,0.0556213781
,305792000,-22.910416139658615,-43.14637793419552,343.1,11.4,0.55108887,0.0202000141,0.0556213781
,305792000,-22.910416139658615,-43.14637793419552,343.1,11.4,0.55108887,0.0202000141,0.0556213781
,305792000,-22.910416139658615,-43.14637793419552,343.1,11.4,0.55108887,0.0202000141,0.0556213781
,305792000,-22.910416139658615,-43.14637793419552,343.1,11.4,0.55108887,0.0202000141,0.0556213781
,305792000,-22.910416139658615,-43.14637793419552,343.1,11.4,0.55108887,0.0202000141,0.0556213781
,305792000,-22.910416139658615,-43.14637793419552,343.1,11.4,0.55108887,0.0202000141,0.0556213781
,305792000,-22.91036567348771,-43.146395238031914,343.1,11.4,0.55108887,0.0202000141,0.0556213781
,305792000,-22.91036567348771,-43.146395238031914,343.1,11.4,0.55108887,0.0202000141,0.0556213781
,305792000,-22.91036567348771,-43.146395238031914,343.1,11.4,0.55108887,0.0202000141,0.0556213781
,305792000,-22.91036567348771,-43.146395238031914,343.1,11.4,0.55108887,0.0202000141,0.0556213781
,305792000,-22.91036567348771,-43.146395238031914,343.1,11.4,0.55108887,0.0202000141,0.0556213781
,305792000,-22.91036567348771,-43.146395238031914,343.1,11.4,0.55108887,0.0202000141,0.0556213781
,305792000,-22.91036567348771,-43.146395238031914,343.1,11.4,0.55108887,0.0202000141,0.0556213781
,305792000,-22.91036567348771,-43.146395238031914,343.1,11.4,0.55108887,0.0202000141,0.0556213781
,305792000,-22.91036567348771,-43.146395238031914,343.1,11.4,0.55108887,0.0202000141,0.0556213781
,305792000,-22.91036567348771,-43.146395238031914,343.1,11.4,0.55108887,0.0202000141,0.0556213781
,305792000,-22.91036567348771,-43.146395238031914,343.1,11.4,0.55108887,0.0202000141,0.0556213781
,305792000,-22.91036567348771,-43.146395238031914,343.1,11.4,0.55108887,0.0202000141,0.0556213781
,305792000,-22.91036567348771,-43.146395238031914,343.1,11.4,0.55108887,0.0202000141,0.0556213781
,305792000,-22.91036567348771,-43.146395238031914,343.1,11.4,0.55108887,0.0202000141,0.0556213781
,305792000,-22.91031520731377,-43.146412541854204,343.1,11.4,0.55108887,0.0202000141,0.0556213781
,305792000,-22.91031520731377,-43.146412541854204,343.1,11.4,0.55108887,0.0202000141,0.0556213781
,305792000,-22.91031520731377,-43.146412541854204,343.1,11.4,0.55108887,0.0202000141,0.0556213781
,305792000,-22.91031520731377,-43.146412541854204,343.1,11.4,0.55108887,0.0202000141,0.0556213781
,305792000,-22.91031520731377,-43.146412541854204,343.1,11.4,0.55108887,0.0202000141,0.0556213781
,305792000,-22.91031520731377,-43.146412541854204,343.1,11.4,0.55108887,0.0202000141,0.0556213781
,305792000,-22.91031520731377,-43.146412541854204,343.1,11.4,0.55108887,0.0202000141,0.0556213781
,305792000,-22.91031520731377,-43.146412541854204,343.1,11.4,0.55108887,0.0202000141,0.0556213781
,305792000,-22.91031520731377,-43.146412541854204,343.1,11.4,0.55108887,0.0202000141,0.0556213781
,305792000,-22.91031520731377,-43.146412541854204,343.1,11.4,0.55108887,0.0202000141,0.0556213781
,305792000,-22.91031520731377,-43.146412541854204,343.1,11.4,0.55108887,0.0202000141,0.0556213781
,305792000,-22.91031520731377,-43.146412541854204,343.1,11.4,0.547711074,0.0202111006,0.0557787344
,305792000,-22.91031520731377,-43.146412541854204,343.1,11.4,0.547711074,0.0202111006,0.0557787344
,305792000,-22.91031520731377,-43.146412541854204,343.1,11.4,0.547711074,0.0202111006,0.0556213781
,305792000,-22.91031520731377,-43.146412541854204,343.1,11.4,0.547711074,0.0202111006,0.0556213781
,305792000,-22.9102647411368,-43.14642984566239,343.1,11.4,0.547711074,0.0202111006,0.0556213781
,305792000,-22.9102647411368,-43.14642984566239,343.1,11.4,0.547711074,0.0202111006,0.0556213781
,305792000,-22.9102647411368,-43.14642984566239,343.1,11.4,0.547711074,0.0202111006,0.0556213781
,305792000,-22.9102647411368,-43.14642984566239,343.1,11.4,0.547711074,0.0202111006,0.0556213781
,305792000,-22.9102647411368,-43.14642984566239,343.1,11.4,0.547711074,0.0202111006,0.0556213781
,305792000,-22.9102647411368,-43.14642984566239,343.1,11.4,0.547711074,0.0202111006,0.0556213781
,305792000,-22.9102647411368,-43.14642984566239,343.1,11.4,0.547711074,0.0202111006,0.0556213781
,305792000,-22.9102647411368,-43.14642984566239,343.1,11.4,0.547711074,0.0202111006,0.0556213781
,305792000,-22.9102647411368,-43.14642984566239,343.1,11.4,0.547711074,0.0202111006,0.0556213781
,305792000,-22.9102647411368,-43.14642984566239,343.1,11.4,0.547711074,0.0202111006,0.0556213781
,305792000,-22.9102647411368,-43.14642984566239,343.1,11.4,0.547711074,0.0202111006,0.0556213781
,305792000,-22.9102647411368,-43.14642984566239,343.1,11.4,0.547711074,0.0202111006,0.0556213781
,305792000,-22.9102647411368,-43.14642984566239,343.1,11.4,0.547711074,0.0202111006,0.0556213781
,305792000,-22.9102647411368,-43.14642984566239,343.1,11.4,0.547711074,0.0202111006,0.0556213781
,305792000,-22.9102647411368,-43.14642984566239,343.1,11.4,0.547711074,0.0202111006,0.0556213781
,305792000,-22.9102142749568,-43.14644714945646,343.1,11.4,0.547711074,0.0202111006,0.0556213781
,305792000,-22.9102142749568,-43.14644714945646,343.1,11.4,0.547711074,0.0202111006,0.0556213781
,305792000,-22.9102142749568,-43.14644714945646,343.1,11.4,0.547711074,0.0202111006,0.0556213781
,305792000,-22.9102142749568,-43.14644714945646,343.1,11.4,0.547711074,0.0202111006,0.0556213781
,305792000,-22.9102142749568,-43.14644714945646,343.1,11.4,0.547711074,0.0202111006,0.0556213781
,305792000,-22.9102142749568,-43.14644714945646,343.1,11.4,0.547711074,0.0202111006,0.0556213781
,305792000,-22.9102142749568,-43.14644714945646,343.1,11.4,0.547711074,0.0202111006,0.0556213781
,305792000,-22.9102142749568,-43.14644714945646,343.1,11.4,0.547711074,0.0202111006,0.0556213781
,305792000,-22.9102142749568,-43.14644714945646,343.1,11.4,0.547711074,0.0202111006,0.0556213781
,305792000,-22.9102142749568,-43.14644714945646,343.1,11.4,0.547711074,0.0202111006,0.0556213781
,305792000,-22.9102142749568,-43.14644714945646,343.1,11.4,0.547711074,0.0202111006,0.0556213781
,305792000,-22.9102142749568,-43.14644714945646,343.1,11.4,0.547711074,0.0202111006,0.0556213781
,305792000,-22.9102142749568,-43.14644714945646,343.1,11.4,0.547711074,0.0202111006,0.0556213781
,305792000,-22.9102142749568,-43.14644714945646,343.1,11.4,0.547711074,0.0202111006,0.0556213781
,305792000,-22.9102142749568,-43.14644714945646,343.1,11.4,0.547711074,0.0202111006,0.0556213781
,305792000,-22.9102142749568,-43.14644714945646,343.1,11.4,0.547711074,0.0202111006,0.0556213781
,305792000,-22.910163808773767,-43.146464453236426,343.1,11.4,0.547711074,0.0202111006,0.0556213781
,305792000,-22.910163808773767,-43.146464453236426,343.1,11.4,0.547711074,0.0202111006,0.0556213781
,305792000,-22.910163808773767,-43.146464453236426,343.1,11.4,0.547711074,0.0202111006,0.0556213781
,305792000,-22.910163808773767,-43.146464453236426,343.1,11.4,0.547711074,0.0202111006,0.0556213781
,305792000,-22.910163808773767,-43.146464453236426,343.1,11.4,0.547711074,0.0202111006,0.0556213781
,305792000,-22.910163808773767,-43.146464453236426,343.1,11.4,0.547711074,0.0202111006,0.0556213781
,305792000,-22.910163808773767,-43.146464453236426,343.1,11.4,0.547711074,0.0202111006,0.0556213781
,305792000,-22.910163808773767,-43.146464453236426,343.1,11.4,0.547711074,0.0202111006,0.0556213781
,305792000,-22.910163808773767,-43.146464453236426,343.1,11.4,0.547711074,0.0202111006,0.0556213781
,305792000,-22.910163808773767,-43.146464453236426,343.1,11.4,0.547711074,0.0202111006,0.0556213781
,305792000,-22.910163808773767,-43.146464453236426,343.1,11.4,0.543216646,0.0201889277,0.0552456044
,305792000,-22.910163808773767,-43.146464453236426,343.1,11.4,0.543216646,0.0201889277,0.0552456044
,305792000,-22.910163808773767,-43.146464453236426,343.1,11.4,0.543216646,0.0201889277,0.0552456044
,305792000,-22.910163808773767,-43.146464453236426,343.1,11.4,0.543216646,0.0201889277,0.0552472398
,305792000,-22.910113342587707,-43.14648175700229,343.1,11.4,0.543216646,0.0201889277,0.0552472398
,305792000,-22.910113342587707,-43.14648175700229,343.1,11.4,0.543216646,0.0201889277,0.0552472398
,305792000,-22.910113342587707,-43.14648175700229,343.1,11.4,0.543216646,0.0201889277,0.0552472398
,305792000,-22.910113342587707,-43.14648175700229,343.1,11.4,0.543216646,0.0201889277,0.0552472398
,305792000,-22.910113342587707,-43.14648175700229,343.1,11.4,0.543216646,0.0201889277,0.0552472398
,305792000,-22.910113342587707,-43.14648175700229,343.1,11.4,0.543216646,0.0201889277,0.0552472398
,305792000,-22.910113342587707,-43.14648175700229,343.1,11.4,0.543216646,0.0201889277,0.0552472398
,305792000,-22.910113342587707,-43.14648175700229,343.1,11.4,0.543216646,0.0201889277,0.0552472398
,305792000,-22.910113342587707,-43.14648175700229,343.1,11.4,0.543216646,0.0201889277,0.0552472398
,305792000,-22.910113342587707,-43.14648175700229,343.1,11.4,0.543216646,0.0201889277,0.0552472398
,305792000,-22.910113342587707,-43.14648175700229,343.1,11.4,0.543216646,0.0201889277,0.0552472398
,305792000,-22.910113342587707,-43.14648175700229,343.1,11.4,0.543216646,0.0201889277,0.0552472398
,305792000,-22.910113342587707,-43.14648175700229,343.1,11.4,0.543216646,0.0201889277,0.0552472398
,305792000,-22.910113342587707,-43.14648175700229,343.1,11.4,0.543216646,0.0201889277,0.0552472398
,305792000,-22.910113342587707,-43.14648175700229,343.1,11.4,0.543216646,0.0201889277,0.0552472398
,305792000,-22.910062876398616,-43.14649906075405,343.1,11.4,0.543216646,0.0201889277,0.0552472398
,305792000,-22.910062876398616,-43.14649906075405,343.1,11.4,0.543216646,0.0201889277,0.0552472398
,305792000,-22.910062876398616,-43.14649906075405,343.1,11.4,0.543216646,0.0201889277,0.0552472398
,305792000,-22.910062876398616,-43.14649906075405,343.1,11.4,0.543216646,0.0201889277,0.0552472398
,305792000,-22.910062876398616,-43.14649906075405,343.1,11.4,0.543216646,0.0201889277,0.0552472398
,305792000,-22.910062876398616,-43.14649906075405,343.1,11.4,0.543216646,0.0201889277,0.0552472398
,305792000,-22.910062876398616,-43.14649906075405,343.1,11.4,0.543216646,0.0201889277,0.0552472398
,305792000,-22.910062876398616,-43.14649906075405,343.1,11.4,0.543216646,0.0201889277,0.0552472398
,305792000,-22.910062876398616,-43.14649906075405,343.1,11.4,0.543216646,0.0201889277,0.0552472398
,305792000,-22.910062876398616,-43.14649906075405,343.1,11.4,0.543216646,0.0201889277,0.0552472398
,305792000,-22.910062876398616,-43.14649906075405,343.1,11.4,0.543216646,0.0201889277,0.0552472398
,305792000,-22.910062876398616,-43.14649906075405,343.1,11.4,0.543216646,0.0201889277,0.0552472398
,305792000,-22.910062876398616,-43.14649906075405,343.1,11.4,0.543216646,0.0201889277,0.0552472398
,305792000,-22.910062876398616,-43.14649906075405,343.1,11.4,0.543216646,0.0201889277,0.0552472398
,305792000,-22.910062876398616,-43.14649906075405,343.1,11.4,0.543216646,0.0201889277,0.0552472398
,305792000,-22.910012410206487,-43.146516364491696,343.1,11.4,0.543216646,0.0201889277,0.0552472398
,305792000,-22.910012410206487,-43.146516364491696,343.1,11.4,0.543216646,0.0201889277,0.0552472398
,305792000,-22.910012410206487,-43.146516364491696,343.1,11.4,0.543216646,0.0201889277,0.0552472398
,305792000,-22.910012410206487,-43.146516364491696,343.1,11.4,0.543216646,0.0201889277,0.0552472398
,305792000,-22.910012410206487,-43.146516364491696,343.1,11.4,0.543216646,0.0201889277,0.0552472398
,305792000,-22.910012410206487,-43.146516364491696,343.1,11.4,0.543216646,0.0201889277,0.0552472398
,305792000,-22.910012410206487,-43.146516364491696,343.1,11.4,0.543216646,0.0201889277,0.0552472398
,305792000,-22.910012410206487,-43.146516364491696,343.1,11.4,0.543216646,0.0201889277,0.0552472398
,305792000,-22.910012410206487,-43.146516364491696,343.1,11.4,0.543216646,0.0201889277,0.0552472398
,305792000,-22.910012410206487,-43.146516364491696,343.1,11.4,0.543216646,0.0201889277,0.0552472398
,305792000,-22.910012410206487,-43.146516364491696,343.1,11.4,0.543216646,0.0201889277,0.0552472398
,305792000,-22.910012410206487,-43.146516364491696,343.1,11.4,0.538711131,0.0201889277,0.0548328944
,305792000,-22.910012410206487,-43.146516364491696,343.1,11.4,0.538711131,0.0201889277,0.0548328944
,305792000,-22.910012410206487,-43.146516364491696,343.1,11.4,0.538711131,0.0201889277,0.0548328944
,305792000,-22.910012410206487,-43.146516364491696,343.1,11.4,0.538711131,0.0201889277,0.0548731051
,305792000,-22.909961944011325,-43.14653366821524,343.1,11.4,0.538711131,0.0201889277,0.0548731051
,305792000,-22.909961944011325,-43.14653366821524,343.1,11.4,0.538711131,0.0201889277,0.0548731051
,305792000,-22.909961944011325,-43.14653366821524,343.1,11.4,0.538711131,0.0201889277,0.0548731051
,305792000,-22.909961944011325,-43.14653366821524,343.1,11.4,0.538711131,0.0201889277,0.0548731051
,305792000,-22.909961944011325,-43.14653366821524,343.1,11.4,0.538711131,0.0201889277,0.0548731051
,305792000,-22.909961944011325,-43.14653366821524,343.1,11.4,0.538711131,0.0201889277,0.0548731051
,305792000,-22.909961944011325,-43.14653366821524,343.1,11.4,0.538711131,0.0201889277,0.0548731051
,305792000,-22.909961944011325,-43.14653366821524,343.1,11.4,0.538711131,0.0201889277,0.0548731051
,305792000,-22.909961944011325,-43.14653366821524,343.1,11.4,0.538711131,0.0201889277,0.0548731051
,305792000,-22.909961944011325,-43.14653366821524,343.1,11.4,0.538711131,0.0201889277,0.0548731051
,305792000,-22.909961944011325,-43.14653366821524,343.1,11.4,0.538711131,0.0201889277,0.0548731051
,305792000,-22.909961944011325,-43.14653366821524,343.1,11.4,0.538711131,0.0201889277,0.0548731051
,305792000,-22.909961944011325,-43.14653366821524,343.1,11.4,0.538711131,0.0201889277,0.0548731051
,305792000,-22.909961944011325,-43.14653366821524,343.1,11.4,0.538711131,0.0201889277,0.0548731051
,305792000,-22.909961944011325,-43.14653366821524,343.1,11.4,0.538711131,0.0201889277,0.0548731051
,305792000,-22.90991147781314,-43.14655097192468,343.1,11.4,0.538711131,0.0201889277,0.0548731051
,305792000,-22.90991147781314,-43.14655097192468,343.1,11.4,0.538711131,0.0201889277,0.0548731051
,305792000,-22.90991147781314,-43.14655097192468,343.1,11.4,0.538711131,0.0201889277,0.0548731051
,305792000,-22.90991147781314,-43.14655097192468,343.1,11.4,0.538711131,0.0201889277,0.0548731051
,305792000,-22.90991147781314,-43.14655097192468,343.1,11.4,0.538711131,0.0201889277,0.0548731051
,305792000,-22.90991147781314,-43.14655097192468,343.1,11.4,0.538711131,0.0201889277,0.0548731051
,305792000,-22.90991147781314,-43.14655097192468,343.1,11.4,0.538711131,0.0201889277,0.0548731051
,305792000,-22.90991147781314,-43.14655097192468,343.1,11.4,0.538711131,0.0201889277,0.0548731051
,305792000,-22.90991147781314,-43.14655097192468,343.1,11.4,0.538711131,0.0201889277,0.0548731051
,305792000,-22.90991147781314,-43.14655097192468,343.1,11.4,0.538711131,0.0201889277,0.0548731051
,305792000,-22.90991147781314,-43.14655097192468,343.1,11.4,0.538711131,0.0201889277,0.0548731051
,305792000,-22.90991147781314,-43.14655097192468,343.1,11.4,0.538711131,0.0201889277,0.0548731051
,305792000,-22.90991147781314,-43.14655097192468,343.1,11.4,0.538711131,0.0201889277,0.0548731051
,305792000,-22.90991147781314,-43.14655097192468,343.1,11.4,0.538711131,0.0201889277,0.0548731051
,305792000,-22.90991147781314,-43.14655097192468,343.1,11.4,0.538711131,0.0201889277,0.0548731051
,305792000,-22.90986101161192,-43.146568275620005,343.1,11.4,0.538711131,0.0201889277,0.0548731051
,305792000,-22.90986101161192,-43.146568275620005,343.1,11.4,0.538711131,0.0201889277,0.0548731051
,305792000,-22.90986101161192,-43.146568275620005,343.1,11.4,0.538711131,0.0201889277,0.0548731051
,305792000,-22.90986101161192,-43.146568275620005,343.1,11.4,0.538711131,0.0201889277,0.0548731051
,305792000,-22.90986101161192,-43.146568275620005,343.1,11.4,0.538711131,0.0201889277,0.0548731051
,305792000,-22.90986101161192,-43.146568275620005,343.1,11.4,0.538711131,0.0201889277,0.0548731051
,305792000,-22.90986101161192,-43.146568275620005,343.1,11.4,0.538711131,0.0201889277,0.0548731051
,305792000,-22.90986101161192,-43.146568275620005,343.1,11.4,0.538711131,0.0201889277,0.0548731051
,305792000,-22.90986101161192,-43.146568275620005,343.1,11.4,0.538711131,0.0201889277,0.0548731051
,305792000,-22.90986101161192,-43.146568275620005,343.1,11.4,0.538711131,0.0201889277,0.0548731051
,305792000,-22.90986101161192,-43.146568275620005,343.1,11.4,0.534205556,0.0201778412,0.0545078814
,305792000,-22.90986101161192,-43.146568275620005,343.1,11.4,0.534205556,0.0201778412,0.0545078814
,305792000,-22.90986101161192,-43.146568275620005,343.1,11.4,0.534205556,0.0201778412,0.0545078814
,305792000,-22.90986101161192,-43.146568275620005,343.1,11.4,0.534205556,0.0201778412,0.0545078814
,305792000,-22.909810545407662,-43.146585579301224,343.1,11.4,0.534205556,0.0201778412,0.0545078814
,305792000,-22.909810545407662,-43.146585579301224,343.1,11.4,0.534205556,0.0201778412,0.0545078814
,305792000,-22.909810545407662,-43.146585579301224,343.1,11.4,0.534205556,0.0201778412,0.0545078814
,305792000,-22.909810545407662,-43.146585579301224,343.1,11.4,0.534205556,0.0201778412,0.0545078814
,305792000,-22.909810545407662,-43.146585579301224,343.1,11.4,0.534205556,0.0201778412,0.0545078814
,305792000,-22.909810545407662,-43.146585579301224,343.1,11.4,0.534205556,0.0201778412,0.0545078814
,305792000,-22.909903811643936,-43.14654719595006,342.7,11.3,0.534205556,0.0201778412,0.0545078814
,305792000,-22.909903811643936,-43.14654719595006,342.7,11.3,0.534205556,0.0201778412,0.0545078814
,305792000,-22.909903811643936,-43.14654719595006,342.7,11.3,0.534205556,0.0201778412,0.0545078814
,305792000,-22.909903811643936,-43.14654719595006,342.7,11.3,0.534205556,0.0201778412,0.0545078814
,305792000,-22.909903811643936,-43.14654719595006,342.7,11.3,0.534205556,0.0201778412,0.0545078814
,305792000,-22.909903811643936,-43.14654719595006,342.7,11.3,0.534205556,0.0201778412,0.0545078814
,305792000,-22.909903811643936,-43.14654719595006,342.7,11.3,0.534205556,0.0201778412,0.0545078814
,305792000,-22.909903811643936,-43.14654719595006,342.7,11.3,0.534205556,0.0201778412,0.0545078814
,305792000,-22.909903811643936,-43.14654719595006,342.7,11.3,0.534205556,0.0201778412,0.0545078814
,305792000,-22.909903811643936,-43.14654719595006,342.7,11.3,0.534205556,0.0201778412,0.0545078814
,305792000,-22.909903811643936,-43.14654719595006,342.7,11.3,0.534205556,0.0201778412,0.0545078814
,305792000,-22.909903811643936,-43.14654719595006,342.7,11.3,0.534205556,0.0201778412,0.0545078814
,305792000,-22.909903811643936,-43.14654719595006,342.7,11.3,0.534205556,0.0201778412,0.0545078814
,305792000,-22.909903811643936,-43.14654719595006,342.7,11.3,0.534205556,0.0201778412,0.0545078814
,305792000,-22.909903811643936,-43.14654719595006,342.7,11.3,0.534205556,0.0201778412,0.0545078814
,305792000,-22.909853900275294,-43.146564724419065,342.7,11.3,0.534205556,0.0201778412,0.0545078814
,305792000,-22.909853900275294,-43.146564724419065,342.7,11.3,0.534205556,0.0201778412,0.0545078814
,305792000,-22.909853900275294,-43.146564724419065,342.7,11.3,0.534205556,0.0201778412,0.0545078814
,305792000,-22.909853900275294,-43.146564724419065,342.7,11.3,0.534205556,0.0201778412,0.0545078814
,305792000,-22.909853900275294,-43.146564724419065,342.7,11.3,0.534205556,0.0201778412,0.0545078814
,305792000,-22.909853900275294,-43.146564724419065,342.7,11.3,0.534205556,0.0201778412,0.0545078814
,305792000,-22.909853900275294,-43.146564724419065,342.7,11.3,0.534205556,0.0201778412,0.0545078814
,305792000,-22.909853900275294,-43.146564724419065,342.7,11.3,0.534205556,0.0201778412,0.0545078814
,305792000,-22.909853900275294,-43.146564724419065,342.7,11.3,0.534205556,0.0201778412,0.0545078814
,305792000,-22.909853900275294,-43.146564724419065,342.7,11.3,0.534205556,0.0201778412,0.0545078814
,305792000,-22.909853900275294,-43.146564724419065,342.7,11.3,0.534205556,0.0201778412,0.0545078814
,305792000,-22.909853900275294,-43.146564724419065,342.7,11.3,0.534205556,0.0201778412,0.0545078814
,305792000,-22.909853900275294,-43.146564724419065,342.7,11.3,0.534205556,0.0201778412,0.0545078814
,305792000,-22.909853900275294,-43.146564724419065,342.7,11.3,0.534205556,0.0201778412,0.0545078814
,305792000,-22.909803988903576,-43.14658225287397,342.7,11.3,0.534205556,0.0201778412,0.0545078814
,305792000,-22.909803988903576,-43.14658225287397,342.7,11.3,0.534205556,0.0201778412,0.0545078814
,305792000,-22.909803988903576,-43.14658225287397,342.7,11.3,0.534205556,0.0201778412,0.0545078814
,305792000,-22.909803988903576,-43.14658225287397,342.7,11.3,0.532599986,0.0201778412,0.0546518117
,305792000,-22.909803988903576,-43.14658225287397,342.7,11.3,0.532599986,0.0201778412,0.0546518117
,305792000,-22.909754077528785,-43.14659978131478,342.7,11.3,0.532599986,0.0201778412,0.0545078814
,305792000,-22.909754077528785,-43.14659978131478,342.7,11.3,0.532599986,0.0201778412,0.0545078814
,305792000,-22.909754077528785,-43.14659978131478,342.7,11.3,0.532599986,0.0201778412,0.0545078814
,305792000,-22.909754077528785,-43.14659978131478,342.7,11.3,0.532599986,0.0201778412,0.0545078814
,305792000,-22.909754077528785,-43.14659978131478,342.7,11.3,0.532599986,0.0201778412,0.0545078814
,305792000,-22.909754077528785,-43.14659978131478,342.7,11.3,0.532599986,0.0201778412,0.0545078814
,305792000,-22.909754077528785,-43.14659978131478,342.7,11.3,0.532599986,0.0201778412,0.0545078814
,305792000,-22.909754077528785,-43.14659978131478,342.7,11.3,0.532599986,0.0201778412,0.0545078814
,305792000,-22.909754077528785,-43.14659978131478,342.7,11.3,0.532599986,0.0201778412,0.0545078814
,305792000,-22.90970416615092,-43.146617309741494,342.7,11.3,0.532599986,0.0201778412,0.0545078814
,305792000,-22.90970416615092,-43.146617309741494,342.7,11.3,0.532599986,0.0201778412,0.0545078814
,305792000,-22.90970416615092,-43.146617309741494,342.7,11.3,0.532599986,0.0201778412,0.0545078814
,305792000,-22.90970416615092,-43.146617309741494,342.7,11.3,0.532599986,0.0201778412,0.0545078814
,305792000,-22.90970416615092,-43.146617309741494,342.7,11.3,0.532599986,0.0201778412,0.0545078814
,305792000,-22.90970416615092,-43.146617309741494,342.7,11.3,0.532599986,0.0201778412,0.0545078814
,305792000,-22.90970416615092,-43.146617309741494,342.7,11.3,0.532599986,0.0201778412,0.0545078814
,305792000,-22.90970416615092,-43.146617309741494,342.7,11.3,0.532599986,0.0201778412,0.0545078814
,305792000,-22.90970416615092,-43.146617309741494,342.7,11.3,0.532599986,0.0201778412,0.0545078814
,305792000,-22.90970416615092,-43.146617309741494,342.7,11.3,0.532599986,0.0201778412,0.0545078814
,305792000,-22.90970416615092,-43.146617309741494,342.7,11.3,0.532599986,0.0201778412,0.0545078814
,305792000,-22.90970416615092,-43.146617309741494,342.7,11.3,0.532599986,0.0201778412,0.0545078814
,305792000,-22.90970416615092,-43.146617309741494,342.7,11.3,0.532599986,0.0201778412,0.0545078814
,305792000,-22.90970416615092,-43.146617309741494,342.7,11.3,0.532599986,0.0201778412,0.0545078814
,305792000,-22.909654254769976,-43.146634838154114,342.7,11.3,0.532599986,0.0201778412,0.0545078814
,305792000,-22.909654254769976,-43.146634838154114,342.7,11.3,0.532599986,0.0201778412,0.0545078814
,305792000,-22.909654254769976,-43.146634838154114,342.7,11.3,0.532599986,0.0201778412,0.0545078814
,305792000,-22.909654254769976,-43.146634838154114,342.7,11.3,0.532599986,0.0201778412,0.0545078814
,305792000,-22.909654254769976,-43.146634838154114,342.7,11.3,0.528127789,0.0201666355,0.0544651523
,305792000,-22.909654254769976,-43.146634838154114,342.7,11.3,0.528127789,0.0201666355,0.0544651523
,305792000,-22.909654254769976,-43.146634838154114,342.7,11.3,0.528127789,0.0201666355,0.0545078814
,305792000,-22.909654254769976,-43.146634838154114,342.7,11.3,0.528127789,0.0201666355,0.0545078814
,305792000,-22.909654254769976,-43.146634838154114,342.7,11.3,0.528127789,0.0201666355,0.0545078814
,305792000,-22.909654254769976,-43.146634838154114,342.7,11.3,0.528127789,0.0201666355,0.0545078814
,305792000,-22.909654254769976,-43.146634838154114,342.7,11.3,0.528127789,0.0201666355,0.0545078814
,305792000,-22.90960434338595,-43.14665236655264,342.7,11.3,0.528127789,0.0201666355,0.0545078814
,305792000,-22.90960434338595,-43.14665236655264,342.7,11.3,0.528127789,0.0201666355,0.0545078814
,305792000,-22.90960434338595,-43.14665236655264,342.7,11.3,0.528127789,0.0201666355,0.0545078814
,305792000,-22.90960434338595,-43.14665236655264,342.7,11.3,0.528127789,0.0201666355,0.0545078814
,305792000,-22.90960434338595,-43.14665236655264,342.7,11.3,0.528127789,0.0201666355,0.0545078814
,305792000,-22.90960434338595,-43.14665236655264,342.7,11.3,0.528127789,0.0201666355,0.0545078814
,305792000,-22.90960434338595,-43.14665236655264,342.7,11.3,0.528127789,0.0201666355,0.0545078814
,305792000,-22.90960434338595,-43.14665236655264,342.7,11.3,0.528127789,0.0201666355,0.0545078814
,305792000,-22.90960434338595,-43.14665236655264,342.7,11.3,0.528127789,0.0201666355,0.0545078814
,305792000,-22.90960434338595,-43.14665236655264,342.7,11.3,0.528127789,0.0201666355,0.0545078814
,305792000,-22.90960434338595,-43.14665236655264,342.7,11.3,0.528127789,0.0201666355,0.0545078814
,305792000,-22.90960434338595,-43.14665236655264,342.7,11.3,0.528127789,0.0201666355,0.0545078814
,305792000,-22.90960434338595,-43.14665236655264,342.7,11.3,0.528127789,0.0201666355,0.0545078814
,305792000,-22.90960434338595,-43.14665236655264,342.7,11.3,0.528127789,0.0201666355,0.0545078814
,305792000,-22.909554431998867,-43.14666989493706,342.7,11.3,0.528127789,0.0201666355,0.0545078814
,305792000,-22.909554431998867,-43.14666989493706,342.7,11.3,0.528127789,0.0201666355,0.0545078814
,305792000,-22.909554431998867,-43.14666989493706,342.7,11.3,0.528127789,0.0201666355,0.0545078814
,305792000,-22.909554431998867,-43.14666989493706,342.7,11.3,0.528127789,0.0201666355,0.0545078814
,305792000,-22.909554431998867,-43.14666989493706,342.7,11.3,0.528127789,0.0201666355,0.0545078814
,305792000,-22.909554431998867,-43.14666989493706,342.7,11.3,0.528127789,0.0201666355,0.0545078814
,305792000,-22.909554431998867,-43.14666989493706,342.7,11.3,0.528127789,0.0201666355,0.0545078814
,305792000,-22.909554431998867,-43.14666989493706,342.7,11.3,0.528127789,0.0201666355,0.0545078814
,305792000,-22.909554431998867,-43.14666989493706,342.7,11.3,0.528127789,0.0201666355,0.0545078814
,305792000,-22.909554431998867,-43.14666989493706,342.7,11.3,0.528127789,0.0201666355,0.0545078814
,305792000,-22.909554431998867,-43.14666989493706,342.7,11.3,0.528127789,0.0201666355,0.0545078814
,305792000,-22.909554431998867,-43.14666989493706,342.7,11.3,0.528127789,0.0201666355,0.0545078814
,305792000,-22.909554431998867,-43.14666989493706,342.7,11.3,0.528127789,0.0201666355,0.0545078814
,305792000,-22.909554431998867,-43.14666989493706,342.7,11.3,0.528127789,0.0201666355,0.0545078814
,305792000,-22.909554431998867,-43.14666989493706,342.7,11.3,0.528127789,0.0201666355,0.0545078814
,305792000,-22.90950452060869,-43.1466874233074,342.7,11.3,0.528127789,0.0201666355,0.0545078814
,305792000,-22.90950452060869,-43.1466874233074,342.7,11.3,0.528127789,0.0201666355,0.0545078814
,305792000,-22.90950452060869,-43.1466874233074,342.7,11.3,0.528127789,0.0201666355,0.0545078814
,305792000,-22.90950452060869,-43.1466874233074,342.7,11.3,0.528127789,0.0201666355,0.0545078814
,305792000,-22.90950452060869,-43.1466874233074,342.7,11.3,0.52365005,0.0201666355,0.0543973185
,305792000,-22.90950452060869,-43.1466874233074,342.7,11.3,0.52365005,0.0201666355,0.0543973185
,305792000,-22.90950452060869,-43.1466874233074,342.7,11.3,0.52365005,0.0201666355,0.0543973185
,305792000,-22.90950452060869,-43.1466874233074,342.7,11.3,0.52365005,0.0201666355,0.0545078814
,305792000,-22.90950452060869,-43.1466874233074,342.7,11.3,0.52365005,0.0201666355,0.0545078814
,305792000,-22.90947506558336,-43.146695779231315,342.2,11.2,0.52365005,0.0201666355,0.0545078814
,305792000,-22.90947506558336,-43.146695779231315,342.2,11.2,0.52365005,0.0201666355,0.0545078814
,305792000,-22.90947506558336,-43.146695779231315,342.2,11.2,0.52365005,0.0201666355,0.0545078814
,305792000,-22.90947506558336,-43.146695779231315,342.2,11.2,0.52365005,0.0201666355,0.0545078814
,305792000,-22.909425738213958,-43.14671361780257,342.2,11.2,0.52365005,0.0201666355,0.0545078814
,305792000,-22.909425738213958,-43.14671361780257,342.2,11.2,0.52365005,0.0201666355,0.0545078814
,305792000,-22.909425738213958,-43.14671361780257,342.2,11.2,0.52365005,0.0201666355,0.0545078814
,305792000,-22.909425738213958,-43.14671361780257,342.2,11.2,0.52365005,0.0201666355,0.0545078814
,305792000,-22.909425738213958,-43.14671361780257,342.2,11.2,0.52365005,0.0201666355,0.0545078814
,305792000,-22.909425738213958,-43.14671361780257,342.2,11.2,0.52365005,0.0201666355,0.0545078814
,305792000,-22.909425738213958,-43.14671361780257,342.2,11.2,0.52365005,0.0201666355,0.0545078814
,305792000,-22.909425738213958,-43.14671361780257,342.2,11.2,0.52365005,0.0201666355,0.0545078814
,305792000,-22.909425738213958,-43.14671361780257,342.2,11.2,0.52365005,0.0201666355,0.0545078814
,305792000,-22.909425738213958,-43.14671361780257,342.2,11.2,0.52365005,0.0201666355,0.0545078814
,305792000,-22.909425738213958,-43.14671361780257,342.2,11.2,0.52365005,0.0201666355,0.0545078814
,305792000,-22.909425738213958,-43.14671361780257,342.2,11.2,0.52365005,0.0201666355,0.0545078814
,305792000,-22.909425738213958,-43.14671361780257,342.2,11.2,0.52365005,0.0201666355,0.0545078814
,305792000,-22.909425738213958,-43.14671361780257,342.2,11.2,0.52365005,0.0201666355,0.0545078814
,305792000,-22.909425738213958,-43.14671361780257,342.2,11.2,0.52365005,0.0201666355,0.0545078814
,305792000,-22.909376410841418,-43.146731456359696,342.2,11.2,0.52365005,0.0201666355,0.0545078814
,305792000,-22.909376410841418,-43.146731456359696,342.2,11.2,0.52365005,0.0201666355,0.0545078814
,305792000,-22.909376410841418,-43.146731456359696,342.2,11.2,0.52365005,0.0201666355,0.0545078814
,305792000,-22.909376410841418,-43.146731456359696,342.2,11.2,0.52365005,0.0201666355,0.0545078814
,305792000,-22.909376410841418,-43.146731456359696,342.2,11.2,0.52365005,0.0201666355,0.0545078814
,305792000,-22.909376410841418,-43.146731456359696,342.2,11.2,0.52365005,0.0201666355,0.0545078814
,305792000,-22.909376410841418,-43.146731456359696,342.2,11.2,0.519883335,0.0201666355,0.0545078814
,305792000,-22.909376410841418,-43.146731456359696,342.2,11.2,0.519883335,0.0201666355,0.0545078814
,305792000,-22.909376410841418,-43.146731456359696,342.2,11.2,0.519883335,0.0201666355,0.0545078814
,305792000,-22.909376410841418,-43.146731456359696,342.2,11.2,0.519883335,0.0201666355,0.0545078814
,305792000,-22.909376410841418,-43.146731456359696,342.2,11.2,0.519883335,0.0201666355,0.0545078814
,305792000,-22.909376410841418,-43.146731456359696,342.2,11.2,0.519883335,0.0201666355,0.0545078814
,305792000,-22.909376410841418,-43.146731456359696,342.2,11.2,0.519883335,0.0201666355,0.0545078814
,305792000,-22.909327083465733,-43.14674929490269,342.2,11.2,0.519883335,0.0201666355,0.0545078814
,305792000,-22.909327083465733,-43.14674929490269,342.2,11.2,0.519883335,0.0201666355,0.0545078814
,305792000,-22.909327083465733,-43.14674929490269,342.2,11.2,0.519883335,0.0201666355,0.0545078814
,305792000,-22.909327083465733,-43.14674929490269,342.2,11.2,0.519883335,0.0201666355,0.0545078814
,305792000,-22.909327083465733,-43.14674929490269,342.2,11.2,0.519883335,0.0201666355,0.0545078814
,305792000,-22.909327083465733,-43.14674929490269,342.2,11.2,0.519883335,0.0201666355,0.0545078814
,305792000,-22.909327083465733,-43.14674929490269,342.2,11.2,0.519883335,0.0201666355,0.0545078814
,305792000,-22.909327083465733,-43.14674929490269,342.2,11.2,0.519883335,0.0201666355,0.0545078814
,305792000,-22.909327083465733,-43.14674929490269,342.2,11.2,0.519883335,0.0201666355,0.0545078814
,305792000,-22.909327083465733,-43.14674929490269,342.2,11.2,0.519883335,0.0201666355,0.0545078814
,305792000,-22.909327083465733,-43.14674929490269,342.2,11.2,0.519883335,0.0201666355,0.0545078814
,305792000,-22.909327083465733,-43.14674929490269,342.2,11.2,0.519883335,0.0201666355,0.0545078814
,305792000,-22.909277756086905,-43.14676713343155,342.2,11.2,0.519883335,0.0201666355,0.0545078814
,305792000,-22.909277756086905,-43.14676713343155,342.2,11.2,0.519883335,0.0201666355,0.0545078814
,305792000,-22.909277756086905,-43.14676713343155,342.2,11.2,0.519883335,0.0201666355,0.0545078814
,305792000,-22.909277756086905,-43.14676713343155,342.2,11.2,0.519883335,0.0201666355,0.0545078814
,305792000,-22.909277756086905,-43.14676713343155,342.2,11.2,0.519883335,0.0201666355,0.0545078814
,305792000,-22.909277756086905,-43.14676713343155,342.2,11.2,0.519883335,0.0201666355,0.0545078814
,305792000,-22.909277756086905,-43.14676713343155,342.2,11.2,0.519883335,0.0201666355,0.0545078814
,305792000,-22.909277756086905,-43.14676713343155,342.2,11.2,0.519883335,0.0201666355,0.0545078814
,305792000,-22.909277756086905,-43.14676713343155,342.2,11.2,0.519883335,0.0201666355,0.0545078814
,305792000,-22.909277756086905,-43.14676713343155,342.2,11.2,0.519883335,0.0201666355,0.0545078814
,305792000,-22.909277756086905,-43.14676713343155,342.2,11.2,0.519883335,0.0201666355,0.0545078814
,305792000,-22.909277756086905,-43.14676713343155,342.2,11.2,0.519883335,0.0201666355,0.0545078814
,305792000,-22.909277756086905,-43.14676713343155,342.2,11.2,0.519883335,0.0201666355,0.0545078814
,305792000,-22.909277756086905,-43.14676713343155,342.2,11.2,0.519883335,0.0201666355,0.0545078814
,305792000,-22.909277756086905,-43.14676713343155,342.2,11.2,0.519883335,0.0201666355,0.0545078814
,305792000,-22.90922842870493,-43.14678497194628,342.2,11.2,0.519883335,0.0201666355,0.0545078814
,305792000,-22.90922842870493,-43.14678497194628,342.2,11.2,0.519883335,0.0201666355,0.0545078814
,305792000,-22.90922842870493,-43.14678497194628,342.2,11.2,0.519883335,0.0201666355,0.0545078814
,305792000,-22.90922842870493,-43.14678497194628,342.2,11.2,0.519883335,0.0201666355,0.0545078814
,305792000,-22.90922842870493,-43.14678497194628,342.2,11.2,0.519883335,0.0201666355,0.0545078814
,305792000,-22.90922842870493,-43.14678497194628,342.2,11.2,0.519883335,0.0201666355,0.0545078814
,305792000,-22.90922842870493,-43.14678497194628,342.2,11.2,0.515450001,0.0201666355,0.0544562675
,305792000,-22.90922842870493,-43.14678497194628,342.2,11.2,0.515450001,0.0201666355,0.0544562675
,305792000,-22.90922842870493,-43.14678497194628,342.2,11.2,0.515450001,0.0201666355,0.0545078814
,305792000,-22.90922842870493,-43.14678497194628,342.2,11.2,0.515450001,0.0201666355,0.0545078814
,305792000,-22.90922842870493,-43.14678497194628,342.2,11.2,0.515450001,0.0201666355,0.0545078814
,305792000,-22.90922842870493,-43.14678497194628,342.2,11.2,0.515450001,0.0201666355,0.0545078814
,305792000,-22.90922842870493,-43.14678497194628,342.2,11.2,0.515450001,0.0201666355,0.0545078814
,305792000,-22.90922842870493,-43.14678497194628,342.2,11.2,0.515450001,0.0201666355,0.0545078814
,305792000,-22.909179101319822,-43.146802810446886,342.2,11.2,0.515450001,0.0201666355,0.0545078814
,305792000,-22.909179101319822,-43.146802810446886,342.2,11.2,0.515450001,0.0201666355,0.0545078814
,305792000,-22.909179101319822,-43.146802810446886,342.2,11.2,0.515450001,0.0201666355,0.0545078814
,305792000,-22.909179101319822,-43.146802810446886,342.2,11.2,0.515450001,0.0201666355,0.0545078814
,305792000,-22.909179101319822,-43.146802810446886,342.2,11.2,0.515450001,0.0201666355,0.0545078814
,305792000,-22.909179101319822,-43.146802810446886,342.2,11.2,0.515450001,0.0201666355,0.0545078814
,305792000,-22.909179101319822,-43.146802810446886,342.2,11.2,0.515450001,0.0201666355,0.0545078814
,305792000,-22.909179101319822,-43.146802810446886,342.2,11.2,0.515450001,0.0201666355,0.0545078814
,305792000,-22.909179101319822,-43.146802810446886,342.2,11.2,0.515450001,0.0201666355,0.0545078814
,305792000,-22.909179101319822,-43.146802810446886,342.2,11.2,0.515450001,0.0201666355,0.0545078814
,305792000,-22.909179101319822,-43.146802810446886,342.2,11.2,0.515450001,0.0201666355,0.0545078814
,305792000,-22.909179101319822,-43.146802810446886,342.2,11.2,0.515450001,0.0201666355,0.0545078814
,305792000,-22.909179101319822,-43.146802810446886,342.2,11.2,0.515450001,0.0201666355,0.0545078814
,305792000,-22.909179101319822,-43.146802810446886,342.2,11.2,0.515450001,0.0201666355,0.0545078814
,305792000,-22.909179101319822,-43.146802810446886,342.2,11.2,0.515450001,0.0201666355,0.0545078814
,305792000,-22.90912977393156,-43.14682064893336,342.2,11.2,0.515450001,0.0201666355,0.0545078814
,305792000,-22.908952829065015,-43.14688476777271,342.3,11.1,0.515450001,0.0201666355,0.0545078814
,305792000,-22.908952829065015,-43.14688476777271,342.3,11.1,0.51102221,0.0201666355,0.0545078814
,305792000,-22.908952829065015,-43.14688476777271,342.3,11.1,0.51102221,0.0201666355,0.0545078814
,305792000,-22.908952829065015,-43.14688476777271,342.3,11.1,0.51102221,0.0201666355,0.0545078814
,305792000,-22.908952829065015,-43.14688476777271,342.3,11.1,0.51102221,0.0201666355,0.0545078814
,305792000,-22.908952829065015,-43.14688476777271,342.3,11.1,0.51102221,0.0201666355,0.0545078814
,305792000,-22.908952829065015,-43.14688476777271,342.3,11.1,0.51102221,0.0201666355,0.0545078814
,305792000,-22.90890391357537,-43.146902354792466,342.3,11.1,0.51102221,0.0201666355,0.0545078814
,305792000,-22.90890391357537,-43.146902354792466,342.3,11.1,0.51102221,0.0201666355,0.0545078814
,305792000,-22.90890391357537,-43.146902354792466,342.3,11.1,0.51102221,0.0201666355,0.0545078814
,305792000,-22.90890391357537,-43.146902354792466,342.3,11.1,0.51102221,0.0201666355,0.0545078814
,305792000,-22.90890391357537,-43.146902354792466,342.3,11.1,0.51102221,0.0201666355,0.0545078814
,305792000,-22.90890391357537,-43.146902354792466,342.3,11.1,0.51102221,0.0201666355,0.0545078814
,305792000,-22.90890391357537,-43.146902354792466,342.3,11.1,0.51102221,0.0201666355,0.0545078814
,305792000,-22.90890391357537,-43.146902354792466,342.3,11.1,0.51102221,0.0201666355,0.0545078814
,305792000,-22.90890391357537,-43.146902354792466,342.3,11.1,0.51102221,0.0201666355,0.0545078814
,305792000,-22.90890391357537,-43.146902354792466,342.3,11.1,0.51102221,0.0201666355,0.0545078814
,305792000,-22.90890391357537,-43.146902354792466,342.3,11.1,0.51102221,0.0201666355,0.0545078814
,305792000,-22.90890391357537,-43.146902354792466,342.3,11.1,0.51102221,0.0201666355,0.0545078814
,305792000,-22.90890391357537,-43.146902354792466,342.3,11.1,0.51102221,0.0201666355,0.0545078814
,305792000,-22.90890391357537,-43.146902354792466,342.3,11.1,0.51102221,0.0201666355,0.0545078814
,305792000,-22.90890391357537,-43.146902354792466,342.3,11.1,0.51102221,0.0201666355,0.0545078814
,305792000,-22.90890391357537,-43.146902354792466,342.3,11.1,0.51102221,0.0201666355,0.0545078814
,305792000,-22.908854998082656,-43.146919941798394,342.3,11.1,0.51102221,0.0201666355,0.0545078814
,305792000,-22.908854998082656,-43.146919941798394,342.3,11.1,0.504327774,0.0201889277,0.0552472398
,305792000,-22.908854998082656,-43.146919941798394,342.3,11.1,0.504327774,0.0201889277,0.0552472398
,305792000,-22.908854998082656,-43.146919941798394,342.3,11.1,0.504327774,0.0201889277,0.0552472398
,305792000,-22.908854998082656,-43.146919941798394,342.3,11.1,0.504327774,0.0201889277,0.0552472398
,305792000,-22.908854998082656,-43.146919941798394,342.3,11.1,0.504327774,0.0201889277,0.0552472398
,305792000,-22.908854998082656,-43.146919941798394,342.3,11.1,0.504327774,0.0201889277,0.0552472398
,305792000,-22.908854998082656,-43.146919941798394,342.3,11.1,0.504327774,0.0201889277,0.0552472398
,305792000,-22.908854998082656,-43.146919941798394,342.3,11.1,0.504327774,0.0201889277,0.0552472398
,305792000,-22.908854998082656,-43.146919941798394,342.3,11.1,0.504327774,0.0201889277,0.0552472398
,305792000,-22.908854998082656,-43.146919941798394,342.3,11.1,0.504327774,0.0201889277,0.0552472398
,305792000,-22.908854998082656,-43.146919941798394,342.3,11.1,0.504327774,0.0201889277,0.0552472398
,305792000,-22.908806082586878,-43.1469375287905,342.3,11.1,0.504327774,0.0201889277,0.0552472398
,305792000,-22.908806082586878,-43.1469375287905,342.3,11.1,0.504327774,0.0201889277,0.0552472398
,305792000,-22.908806082586878,-43.1469375287905,342.3,11.1,0.504327774,0.0201889277,0.0552472398
,305792000,-22.908806082586878,-43.1469375287905,342.3,11.1,0.504327774,0.0201889277,0.0552472398
,305792000,-22.908806082586878,-43.1469375287905,342.3,11.1,0.504327774,0.0201889277,0.0552472398
,305792000,-22.908806082586878,-43.1469375287905,342.3,11.1,0.504327774,0.0201889277,0.0552472398
,305792000,-22.908806082586878,-43.1469375287905,342.3,11.1,0.504327774,0.0201889277,0.0552472398
,305792000,-22.908806082586878,-43.1469375287905,342.3,11.1,0.504327774,0.0201889277,0.0552472398
,305792000,-22.908806082586878,-43.1469375287905,342.3,11.1,0.504327774,0.0201889277,0.0552472398
,305792000,-22.908806082586878,-43.1469375287905,342.3,11.1,0.504327774,0.0201889277,0.0552472398
,305792000,-22.908806082586878,-43.1469375287905,342.3,11.1,0.504327774,0.0201889277,0.0552472398
,305792000,-22.908806082586878,-43.1469375287905,342.3,11.1,0.504327774,0.0201889277,0.0552472398
,305792000,-22.908806082586878,-43.1469375287905,342.3,11.1,0.504327774,0.0201889277,0.0552472398
,305792000,-22.908806082586878,-43.1469375287905,342.3,11.1,0.504327774,0.0201889277,0.0552472398
,305792000,-22.908806082586878,-43.1469375287905,342.3,11.1,0.504327774,0.0201889277,0.0552472398
,305792000,-22.908757167088034,-43.14695511576879,342.3,11.1,0.504327774,0.0201889277,0.0552472398
,305792000,-22.908757167088034,-43.14695511576879,342.3,11.1,0.504327774,0.0201889277,0.0552472398
,305792000,-22.908757167088034,-43.14695511576879,342.3,11.1,0.504327774,0.0201889277,0.0552472398
,305792000,-22.908757167088034,-43.14695511576879,342.3,11.1,0.504327774,0.0201889277,0.0552472398
,305792000,-22.908757167088034,-43.14695511576879,342.3,11.1,0.504327774,0.0201889277,0.0552472398
,305792000,-22.908757167088034,-43.14695511576879,342.3,11.1,0.504327774,0.0201889277,0.0552472398
,305792000,-22.908757167088034,-43.14695511576879,342.3,11.1,0.504327774,0.0201889277,0.0552472398
,305792000,-22.908757167088034,-43.14695511576879,342.3,11.1,0.504327774,0.0201889277,0.0552472398
,305792000,-22.908757167088034,-43.14695511576879,342.3,11.1,0.504327774,0.0201889277,0.0552472398
,305792000,-22.908757167088034,-43.14695511576879,342.3,11.1,0.504327774,0.0201889277,0.0552472398
,305792000,-22.908757167088034,-43.14695511576879,342.3,11.1,0.504327774,0.0201889277,0.0552472398
,305792000,-22.908757167088034,-43.14695511576879,342.3,11.1,0.504327774,0.0201889277,0.0552472398
,305792000,-22.90870825158614,-43.146972702733244,342.3,11.1,0.504327774,0.0201889277,0.0552472398
,305792000,-22.90870825158614,-43.146972702733244,342.3,11.1,0.499949992,0.0202000141,0.0556213781
,305792000,-22.90870825158614,-43.146972702733244,342.3,11.1,0.499949992,0.0202000141,0.0556213781
,305792000,-22.90870825158614,-43.146972702733244,342.3,11.1,0.499949992,0.0202000141,0.0556213781
,305792000,-22.90870825158614,-43.146972702733244,342.3,11.1,0.499949992,0.0202000141,0.0556213781
,305792000,-22.90870825158614,-43.146972702733244,342.3,11.1,0.499949992,0.0202000141,0.0556213781
,305792000,-22.90870825158614,-43.146972702733244,342.3,11.1,0.499949992,0.0202000141,0.0556213781
,305792000,-22.90870825158614,-43.146972702733244,342.3,11.1,0.499949992,0.0202000141,0.0556213781
,305792000,-22.90870825158614,-43.146972702733244,342.3,11.1,0.499949992,0.0202000141,0.0556213781
,305792000,-22.908659336081175,-43.146990289683885,342.3,11.1,0.499949992,0.0202000141,0.0556213781
,305792000,-22.908659336081175,-43.146990289683885,342.3,11.1,0.499949992,0.0202000141,0.0556213781
,305792000,-22.908659336081175,-43.146990289683885,342.3,11.1,0.499949992,0.0202000141,0.0556213781
,305792000,-22.908659336081175,-43.146990289683885,342.3,11.1,0.499949992,0.0202000141,0.0556213781
,305792000,-22.908659336081175,-43.146990289683885,342.3,11.1,0.499949992,0.0202000141,0.0556213781
,305792000,-22.908659336081175,-43.146990289683885,342.3,11.1,0.499949992,0.0202000141,0.0556213781
,305792000,-22.908659336081175,-43.146990289683885,342.3,11.1,0.499949992,0.0202000141,0.0556213781
,305792000,-22.908659336081175,-43.146990289683885,342.3,11.1,0.499949992,0.0202000141,0.0556213781
,305792000,-22.908659336081175,-43.146990289683885,342.3,11.1,0.499949992,0.0202000141,0.0556213781
,305792000,-22.908659336081175,-43.146990289683885,342.3,11.1,0.499949992,0.0202000141,0.0556213781
,305792000,-22.908659336081175,-43.146990289683885,342.3,11.1,0.499949992,0.0202000141,0.0556213781
,305792000,-22.908659336081175,-43.146990289683885,342.3,11.1,0.499949992,0.0202000141,0.0556213781
,305792000,-22.908659336081175,-43.146990289683885,342.3,11.1,0.499949992,0.0202000141,0.0556213781
,305792000,-22.908659336081175,-43.146990289683885,342.3,11.1,0.499949992,0.0202000141,0.0556213781
,305792000,-22.908659336081175,-43.146990289683885,342.3,11.1,0.499949992,0.0202000141,0.0556213781
,305792000,-22.908610420573147,-43.14700787662069,342.3,11.1,0.499949992,0.0202000141,0.0556213781
,305792000,-22.908610420573147,-43.14700787662069,342.3,11.1,0.499949992,0.0202000141,0.0556213781
,305792000,-22.908610420573147,-43.14700787662069,342.3,11.1,0.499949992,0.0202000141,0.0556213781
,305792000,-22.908610420573147,-43.14700787662069,342.3,11.1,0.499949992,0.0202000141,0.0556213781
,305792000,-22.908610420573147,-43.14700787662069,342.3,11.1,0.499949992,0.0202000141,0.0556213781
,305792000,-22.908610420573147,-43.14700787662069,342.3,11.1,0.499949992,0.0202000141,0.0556213781
,305792000,-22.908610420573147,-43.14700787662069,342.3,11.1,0.499949992,0.0202000141,0.0556213781
,305792000,-22.908610420573147,-43.14700787662069,342.3,11.1,0.499949992,0.0202000141,0.0556213781
,305792000,-22.908610420573147,-43.14700787662069,342.3,11.1,0.499949992,0.0202000141,0.0556213781
,305792000,-22.908610420573147,-43.14700787662069,342.3,11.1,0.499949992,0.0202000141,0.0556213781
,305792000,-22.908610420573147,-43.14700787662069,342.3,11.1,0.499949992,0.0202000141,0.0556213781
,305792000,-22.908610420573147,-43.14700787662069,342.3,11.1,0.499949992,0.0202000141,0.0556213781
,305792000,-22.908610420573147,-43.14700787662069,342.3,11.1,0.499949992,0.0202000141,0.0556213781
,305792000,-22.908610420573147,-43.14700787662069,342.3,11.1,0.499949992,0.0202000141,0.0556213781
,305792000,-22.908610420573147,-43.14700787662069,342.3,11.1,0.499949992,0.0202000141,0.0556213781
,305792000,-22.90856150506206,-43.147025463543685,342.3,11.1,0.499949992,0.0202000141,0.0556213781
,305792000,-22.90856150506206,-43.147025463543685,342.3,11.1,0.495577782,0.0202111006,0.0562883168
,305792000,-22.90856150506206,-43.147025463543685,342.3,11.1,0.495577782,0.0202111006,0.0562883168
,305792000,-22.90856150506206,-43.147025463543685,342.3,11.1,0.495577782,0.0202111006,0.0562883168
,305792000,-22.90856150506206,-43.147025463543685,342.3,11.1,0.495577782,0.0202111006,0.0563607365
,305792000,-22.90856150506206,-43.147025463543685,342.3,11.1,0.495577782,0.0202111006,0.0563607365
,305792000,-22.90856150506206,-43.147025463543685,342.3,11.1,0.495577782,0.0202111006,0.0563607365
,305792000,-22.90856150506206,-43.147025463543685,342.3,11.1,0.495577782,0.0202111006,0.0563607365
,305792000,-22.90856150506206,-43.147025463543685,342.3,11.1,0.495577782,0.0202111006,0.0563607365
,305792000,-22.90856150506206,-43.147025463543685,342.3,11.1,0.495577782,0.0202111006,0.0563607365
,305792000,-22.90856150506206,-43.147025463543685,342.3,11.1,0.495577782,0.0202111006,0.0563607365
,305792000,-22.90856150506206,-43.147025463543685,342.3,11.1,0.495577782,0.0202111006,0.0563607365
,305792000,-22.90856150506206,-43.147025463543685,342.3,11.1,0.495577782,0.0202111006,0.0563607365
,305792000,-22.90856150506206,-43.147025463543685,342.3,11.1,0.495577782,0.0202111006,0.0563607365
,305792000,-22.90856150506206,-43.147025463543685,342.3,11.1,0.495577782,0.0202111006,0.0563607365
,305792000,-22.908512589547904,-43.147043050452844,342.3,11.1,0.495577782,0.0202111006,0.0563607365
,305792000,-22.908512589547904,-43.147043050452844,342.3,11.1,0.495577782,0.0202111006,0.0563607365
,305792000,-22.908512589547904,-43.147043050452844,342.3,11.1,0.495577782,0.0202111006,0.0563607365
,305792000,-22.908512589547904,-43.147043050452844,342.3,11.1,0.495577782,0.0202111006,0.0563607365
,305792000,-22.908512589547904,-43.147043050452844,342.3,11.1,0.495577782,0.0202111006,0.0563607365
,305792000,-22.908512589547904,-43.147043050452844,342.3,11.1,0.495577782,0.0202111006,0.0563607365
,305792000,-22.908512589547904,-43.147043050452844,342.3,11.1,0.495577782,0.0202111006,0.0563607365
,305792000,-22.908512589547904,-43.147043050452844,342.3,11.1,0.495577782,0.0202111006,0.0563607365
,305792000,-22.908512589547904,-43.147043050452844,342.3,11.1,0.495577782,0.0202111006,0.0563607365
,305792000,-22.908512589547904,-43.147043050452844,342.3,11.1,0.495577782,0.0202111006,0.0563607365
,305792000,-22.908512589547904,-43.147043050452844,342.3,11.1,0.495577782,0.0202111006,0.0563607365
,305792000,-22.908467822890564,-43.14704871425857,342.6,10.9,0.495577782,0.0202111006,0.0563607365
,305792000,-22.908467822890564,-43.14704871425857,342.6,10.9,0.495577782,0.0202111006,0.0563607365
,305792000,-22.908467822890564,-43.14704871425857,342.6,10.9,0.495577782,0.0202111006,0.0563607365
,305792000,-22.908467822890564,-43.14704871425857,342.6,10.9,0.495577782,0.0202111006,0.0563607365
,305792000,-22.908467822890564,-43.14704871425857,342.6,10.9,0.495577782,0.0202111006,0.0563607365
,305792000,-22.908467822890564,-43.14704871425857,342.6,10.9,0.495577782,0.0202111006,0.0563607365
,305792000,-22.908467822890564,-43.14704871425857,342.6,10.9,0.495577782,0.0202111006,0.0563607365
,305792000,-22.908467822890564,-43.14704871425857,342.6,10.9,0.495577782,0.0202111006,0.0563607365
,305792000,-22.908467822890564,-43.14704871425857,342.6,10.9,0.495577782,0.0202111006,0.0563607365
,305792000,-22.908467822890564,-43.14704871425857,342.6,10.9,0.495577782,0.0202111006,0.0563607365
,305792000,-22.908467822890564,-43.14704871425857,342.6,10.9,0.495577782,0.0202111006,0.0563607365
,305792000,-22.908467822890564,-43.14704871425857,342.6,10.9,0.495577782,0.0202111006,0.0563607365
,305792000,-22.908467822890564,-43.14704871425857,342.6,10.9,0.495577782,0.0202111006,0.0563607365
,305792000,-22.908467822890564,-43.14704871425857,342.6,10.9,0.495577782,0.0202111006,0.0563607365
,305792000,-22.908467822890564,-43.14704871425857,342.6,10.9,0.495577782,0.0202111006,0.0563607365
,305792000,-22.908419705621718,-43.14706571253962,342.6,10.9,0.495577782,0.0202111006,0.0563607365
,305792000,-22.908419705621718,-43.14706571253962,342.6,10.9,0.495577782,0.0202111006,0.0563607365
,305792000,-22.908419705621718,-43.14706571253962,342.6,10.9,0.495577782,0.0202111006,0.0563607365
,305792000,-22.908419705621718,-43.14706571253962,342.6,10.9,0.491588891,0.0202444792,0.0575114191
,305792000,-22.908419705621718,-43.14706571253962,342.6,10.9,0.491588891,0.0202444792,0.0574742332
,305792000,-22.908419705621718,-43.14706571253962,342.6,10.9,0.491588891,0.0202444792,0.0574742332
,305792000,-22.908419705621718,-43.14706571253962,342.6,10.9,0.491588891,0.0202444792,0.0574742332
,305792000,-22.908419705621718,-43.14706571253962,342.6,10.9,0.491588891,0.0202444792,0.0574742332
,305792000,-22.908419705621718,-43.14706571253962,342.6,10.9,0.491588891,0.0202444792,0.0574742332
,305792000,-22.908419705621718,-43.14706571253962,342.6,10.9,0.491588891,0.0202444792,0.0574742332
,305792000,-22.908419705621718,-43.14706571253962,342.6,10.9,0.491588891,0.0202444792,0.0574742332
,305792000,-22.908419705621718,-43.14706571253962,342.6,10.9,0.491588891,0.0202444792,0.0574742332
,305792000,-22.908419705621718,-43.14706571253962,342.6,10.9,0.491588891,0.0202444792,0.0574742332
,305792000,-22.908371588349983,-43.14708271080751,342.6,10.9,0.491588891,0.0202444792,0.0574742332
,305792000,-22.908371588349983,-43.14708271080751,342.6,10.9,0.491588891,0.0202444792,0.0574742332
,305792000,-22.908371588349983,-43.14708271080751,342.6,10.9,0.491588891,0.0202444792,0.0574742332
,305792000,-22.908371588349983,-43.14708271080751,342.6,10.9,0.491588891,0.0202444792,0.0574742332
,305792000,-22.908371588349983,-43.14708271080751,342.6,10.9,0.491588891,0.0202444792,0.0574742332
,305792000,-22.908371588349983,-43.14708271080751,342.6,10.9,0.491588891,0.0202444792,0.0574742332
,305792000,-22.908371588349983,-43.14708271080751,342.6,10.9,0.491588891,0.0202444792,0.0574742332
,305792000,-22.908371588349983,-43.14708271080751,342.6,10.9,0.491588891,0.0202444792,0.0574742332
,305792000,-22.908371588349983,-43.14708271080751,342.6,10.9,0.491588891,0.0202444792,0.0574742332
,305792000,-22.908371588349983,-43.14708271080751,342.6,10.9,0.491588891,0.0202444792,0.0574742332
,305792000,-22.908371588349983,-43.14708271080751,342.6,10.9,0.491588891,0.0202444792,0.0574742332
,305792000,-22.908371588349983,-43.14708271080751,342.6,10.9,0.491588891,0.0202444792,0.0574742332
,305792000,-22.908371588349983,-43.14708271080751,342.6,10.9,0.491588891,0.0202444792,0.0574742332
,305792000,-22.908371588349983,-43.14708271080751,342.6,10.9,0.491588891,0.0202444792,0.0574742332
,305792000,-22.908371588349983,-43.14708271080751,342.6,10.9,0.491588891,0.0202444792,0.0574742332
,305792000,-22.908323471075366,-43.14709970906223,342.6,10.9,0.491588891,0.0202444792,0.0574742332
,305792000,-22.908323471075366,-43.14709970906223,342.6,10.9,0.491588891,0.0202444792,0.0574742332
,305792000,-22.908323471075366,-43.14709970906223,342.6,10.9,0.491588891,0.0202444792,0.0574742332
,305792000,-22.908323471075366,-43.14709970906223,342.6,10.9,0.491588891,0.0202444792,0.0574742332
,305792000,-22.908323471075366,-43.14709970906223,342.6,10.9,0.491588891,0.0202444792,0.0574742332
,305792000,-22.908323471075366,-43.14709970906223,342.6,10.9,0.491588891,0.0202444792,0.0574742332
,305792000,-22.908323471075366,-43.14709970906223,342.6,10.9,0.491588891,0.0202444792,0.0574742332
,305792000,-22.908323471075366,-43.14709970906223,342.6,10.9,0.491588891,0.0202444792,0.0574742332
,305792000,-22.908323471075366,-43.14709970906223,342.6,10.9,0.491588891,0.0202444792,0.0574742332
,305792000,-22.908323471075366,-43.14709970906223,342.6,10.9,0.491588891,0.0202444792,0.0574742332
,305792000,-22.908323471075366,-43.14709970906223,342.6,10.9,0.491588891,0.0202444792,0.0574742332
,305792000,-22.908323471075366,-43.14709970906223,342.6,10.9,0.491588891,0.0202444792,0.0574742332
,305792000,-22.908323471075366,-43.14709970906223,342.6,10.9,0.491588891,0.0202444792,0.0574742332
,305792000,-22.908323471075366,-43.14709970906223,342.6,10.9,0.491588891,0.0202444792,0.0574742332
,305792000,-22.908275353797865,-43.14711670730378,342.6,10.9,0.491588891,0.0202444792,0.0574742332
,305792000,-22.908275353797865,-43.14711670730378,342.6,10.9,0.491588891,0.0202444792,0.0574742332
,305792000,-22.908275353797865,-43.14711670730378,342.6,10.9,0.491588891,0.0202444792,0.0574742332
,305792000,-22.908275353797865,-43.14711670730378,342.6,10.9,0.487316668,0.0202666521,0.0582135953
,305792000,-22.908275353797865,-43.14711670730378,342.6,10.9,0.487316668,0.0202666521,0.0582135953
,305792000,-22.908275353797865,-43.14711670730378,342.6,10.9,0.487316668,0.0202666521,0.0582135953
,305792000,-22.908275353797865,-43.14711670730378,342.6,10.9,0.487316668,0.0202666521,0.0582135953
,305792000,-22.908275353797865,-43.14711670730378,342.6,10.9,0.487316668,0.0202666521,0.0582135953
,305792000,-22.908275353797865,-43.14711670730378,342.6,10.9,0.487316668,0.0202666521,0.0582135953
,305792000,-22.908275353797865,-43.14711670730378,342.6,10.9,0.487316668,0.0202666521,0.0582135953
,305792000,-22.908275353797865,-43.14711670730378,342.6,10.9,0.487316668,0.0202666521,0.0582135953
,305792000,-22.908275353797865,-43.14711670730378,342.6,10.9,0.487316668,0.0202666521,0.0582135953
,305792000,-22.908275353797865,-43.14711670730378,342.6,10.9,0.487316668,0.0202666521,0.0582135953
,305792000,-22.908275353797865,-43.14711670730378,342.6,10.9,0.487316668,0.0202666521,0.0582135953
,305792000,-22.90822723651748,-43.14713370553216,342.6,10.9,0.487316668,0.0202666521,0.0582135953
,305792000,-22.90822723651748,-43.14713370553216,342.6,10.9,0.487316668,0.0202666521,0.0582135953
,305792000,-22.90822723651748,-43.14713370553216,342.6,10.9,0.487316668,0.0202666521,0.0582135953
,305792000,-22.90822723651748,-43.14713370553216,342.6,10.9,0.487316668,0.0202666521,0.0582135953
,305792000,-22.90822723651748,-43.14713370553216,342.6,10.9,0.487316668,0.0202666521,0.0582135953
,305792000,-22.90822723651748,-43.14713370553216,342.6,10.9,0.487316668,0.0202666521,0.0582135953
,305792000,-22.90822723651748,-43.14713370553216,342.6,10.9,0.487316668,0.0202666521,0.0582135953
,305792000,-22.90822723651748,-43.14713370553216,342.6,10.9,0.487316668,0.0202666521,0.0582135953
,305792000,-22.90822723651748,-43.14713370553216,342.6,10.9,0.487316668,0.0202666521,0.0582135953
,305792000,-22.90822723651748,-43.14713370553216,342.6,10.9,0.487316668,0.0202666521,0.0582135953
,305792000,-22.90822723651748,-43.14713370553216,342.6,10.9,0.487316668,0.0202666521,0.0582135953
,305792000,-22.90822723651748,-43.14713370553216,342.6,10.9,0.487316668,0.0202666521,0.0582135953
,305792000,-22.90822723651748,-43.14713370553216,342.6,10.9,0.487316668,0.0202666521,0.0582135953
,305792000,-22.90822723651748,-43.14713370553216,342.6,10.9,0.487316668,0.0202666521,0.0582135953
,305792000,-22.90817911923421,-43.14715070374738,342.6,10.9,0.487316668,0.0202666521,0.0582135953
,305792000,-22.90817911923421,-43.14715070374738,342.6,10.9,0.487316668,0.0202666521,0.0582135953
,305792000,-22.90817911923421,-43.14715070374738,342.6,10.9,0.487316668,0.0202666521,0.0582135953
,305792000,-22.90817911923421,-43.14715070374738,342.6,10.9,0.487316668,0.0202666521,0.0582135953
,305792000,-22.90817911923421,-43.14715070374738,342.6,10.9,0.487316668,0.0202666521,0.0582135953
,305792000,-22.90817911923421,-43.14715070374738,342.6,10.9,0.487316668,0.0202666521,0.0582135953
,305792000,-22.90817911923421,-43.14715070374738,342.6,10.9,0.487316668,0.0202666521,0.0582135953
,305792000,-22.90817911923421,-43.14715070374738,342.6,10.9,0.487316668,0.0202666521,0.0582135953
,305792000,-22.90817911923421,-43.14715070374738,342.6,10.9,0.487316668,0.0202666521,0.0582135953
,305792000,-22.90817911923421,-43.14715070374738,342.6,10.9,0.487316668,0.0202666521,0.0582135953
,305792000,-22.90817911923421,-43.14715070374738,342.6,10.9,0.487316668,0.0202666521,0.0582135953
,305792000,-22.90817911923421,-43.14715070374738,342.6,10.9,0.487316668,0.0202666521,0.0582135953
,305792000,-22.90817911923421,-43.14715070374738,342.6,10.9,0.487316668,0.0202666521,0.0582135953
,305792000,-22.90817911923421,-43.14715070374738,342.6,10.9,0.487316668,0.0202666521,0.0582135953
,305792000,-22.90817911923421,-43.14715070374738,342.6,10.9,0.487316668,0.0202666521,0.0582135953
,305792000,-22.908131001948064,-43.14716770194943,342.6,10.9,0.487316668,0.0202666521,0.0582135953
,305792000,-22.908131001948064,-43.14716770194943,342.6,10.9,0.487316668,0.0202666521,0.0582135953
,305792000,-22.908131001948064,-43.14716770194943,342.6,10.9,0.483066678,0.0203000307,0.059327092
,305792000,-22.908131001948064,-43.14716770194943,342.6,10.9,0.483066678,0.0203000307,0.059327092
,305792000,-22.908131001948064,-43.14716770194943,342.6,10.9,0.483066678,0.0203000307,0.059327092
,305792000,-22.908131001948064,-43.14716770194943,342.6,10.9,0.483066678,0.0203000307,0.059327092
,305792000,-22.908131001948064,-43.14716770194943,342.6,10.9,0.483066678,0.0203000307,0.059327092
,305792000,-22.908131001948064,-43.14716770194943,342.6,10.9,0.483066678,0.0203000307,0.059327092
,305792000,-22.908131001948064,-43.14716770194943,342.6,10.9,0.483066678,0.0203000307,0.059327092
,305792000,-22.908131001948064,-43.14716770194943,342.6,10.9,0.483066678,0.0203000307,0.059327092
,305792000,-22.908131001948064,-43.14716770194943,342.6,10.9,0.483066678,0.0203000307,0.059327092
,305792000,-22.908131001948064,-43.14716770194943,342.6,10.9,0.483066678,0.0203000307,0.059327092
,305792000,-22.908131001948064,-43.14716770194943,342.6,10.9,0.483066678,0.0203000307,0.059327092
,305792000,-22.908131001948064,-43.14716770194943,342.6,10.9,0.483066678,0.0203000307,0.059327092
,305792000,-22.908082884659017,-43.14718470013831,342.6,10.9,0.483066678,0.0203000307,0.059327092
,305792000,-22.908082884659017,-43.14718470013831,342.6,10.9,0.483066678,0.0203000307,0.059327092
,305792000,-22.908082884659017,-43.14718470013831,342.6,10.9,0.483066678,0.0203000307,0.059327092
,305792000,-22.908082884659017,-43.14718470013831,342.6,10.9,0.483066678,0.0203000307,0.059327092
,305792000,-22.908082884659017,-43.14718470013831,342.6,10.9,0.483066678,0.0203000307,0.059327092
,305792000,-22.908082884659017,-43.14718470013831,342.6,10.9,0.483066678,0.0203000307,0.059327092
,305792000,-22.908082884659017,-43.14718470013831,342.6,10.9,0.483066678,0.0203000307,0.059327092
,305792000,-22.908082884659017,-43.14718470013831,342.6,10.9,0.483066678,0.0203000307,0.059327092
,305792000,-22.908036286673386,-43.14718926925928,342.8,10.9,0.483066678,0.0203000307,0.059327092
,305792000,-22.908036286673386,-43.14718926925928,342.8,10.9,0.483066678,0.0203000307,0.059327092
,305792000,-22.908036286673386,-43.14718926925928,342.8,10.9,0.483066678,0.0203000307,0.059327092
,305792000,-22.908036286673386,-43.14718926925928,342.8,10.9,0.483066678,0.0203000307,0.059327092
,305792000,-22.908036286673386,-43.14718926925928,342.8,10.9,0.483066678,0.0203000307,0.059327092
,305792000,-22.908036286673386,-43.14718926925928,342.8,10.9,0.483066678,0.0203000307,0.059327092
,305792000,-22.908036286673386,-43.14718926925928,342.8,10.9,0.483066678,0.0203000307,0.059327092
,305792000,-22.908036286673386,-43.14718926925928,342.8,10.9,0.483066678,0.0203000307,0.059327092
,305792000,-22.908036286673386,-43.14718926925928,342.8,10.9,0.483066678,0.0203000307,0.059327092
,305792000,-22.908036286673386,-43.14718926925928,342.8,10.9,0.483066678,0.0203000307,0.059327092
,305792000,-22.908036286673386,-43.14718926925928,342.8,10.9,0.483066678,0.0203000307,0.059327092
,305792000,-22.908036286673386,-43.14718926925928,342.8,10.9,0.483066678,0.0203000307,0.059327092
,305792000,-22.908036286673386,-43.14718926925928,342.8,10.9,0.483066678,0.0203000307,0.059327092
,305792000,-22.908036286673386,-43.14718926925928,342.8,10.9,0.483066678,0.0203000307,0.059327092
,305792000,-22.908036286673386,-43.14718926925928,342.8,10.9,0.483066678,0.0203000307,0.059327092
,305792000,-22.907988114705834,-43.14720608601776,342.8,10.9,0.483066678,0.0203000307,0.059327092
,305792000,-22.907988114705834,-43.14720608601776,342.8,10.9,0.483066678,0.0203000307,0.059327092
,305792000,-22.907988114705834,-43.14720608601776,342.8,10.9,0.483066678,0.0203000307,0.059327092
,305792000,-22.907988114705834,-43.14720608601776,342.8,10.9,0.483066678,0.0203000307,0.059327092
,305792000,-22.907988114705834,-43.14720608601776,342.8,10.9,0.483066678,0.0203000307,0.059327092
,305792000,-22.907988114705834,-43.14720608601776,342.8,10.9,0.483066678,0.0203000307,0.059327092
,305792000,-22.907988114705834,-43.14720608601776,342.8,10.9,0.483066678,0.0203000307,0.059327092
,305792000,-22.907988114705834,-43.14720608601776,342.8,10.9,0.483066678,0.0203000307,0.059327092
,305792000,-22.907988114705834,-43.14720608601776,342.8,10.9,0.483066678,0.0203000307,0.059327092
,305792000,-22.907988114705834,-43.14720608601776,342.8,10.9,0.483066678,0.0203000307,0.059327092
,305792000,-22.907988114705834,-43.14720608601776,342.8,10.9,0.483066678,0.0203000307,0.059327092
,305792000,-22.907988114705834,-43.14720608601776,342.8,10.9,0.479011118,0.0203334093,0.0609611161
,305792000,-22.907988114705834,-43.14720608601776,342.8,10.9,0.479011118,0.0203334093,0.0609611161
,305792000,-22.907988114705834,-43.14720608601776,342.8,10.9,0.479011118,0.0203334093,0.0608058125
,305792000,-22.907988114705834,-43.14720608601776,342.8,10.9,0.479011118,0.0203334093,0.0608058125
,305792000,-22.907939942735446,-43.14722290276318,342.8,10.9,0.479011118,0.0203334093,0.0608058125
,305792000,-22.907939942735446,-43.14722290276318,342.8,10.9,0.479011118,0.0203334093,0.0608058125
,305792000,-22.907939942735446,-43.14722290276318,342.8,10.9,0.479011118,0.0203334093,0.0608058125
,305792000,-22.907939942735446,-43.14722290276318,342.8,10.9,0.479011118,0.0203334093,0.0608058125
,305792000,-22.907939942735446,-43.14722290276318,342.8,10.9,0.479011118,0.0203334093,0.0608058125
,305792000,-22.907939942735446,-43.14722290276318,342.8,10.9,0.479011118,0.0203334093,0.0608058125
,305792000,-22.907939942735446,-43.14722290276318,342.8,10.9,0.479011118,0.0203334093,0.0608058125
,305792000,-22.907939942735446,-43.14722290276318,342.8,10.9,0.479011118,0.0203334093,0.0608058125
,305792000,-22.907939942735446,-43.14722290276318,342.8,10.9,0.479011118,0.0203334093,0.0608058125
,305792000,-22.907939942735446,-43.14722290276318,342.8,10.9,0.479011118,0.0203334093,0.0608058125
,305792000,-22.907939942735446,-43.14722290276318,342.8,10.9,0.479011118,0.0203334093,0.0608058125
,305792000,-22.907939942735446,-43.14722290276318,342.8,10.9,0.479011118,0.0203334093,0.0608058125
,305792000,-22.907891770762216,-43.14723971949555,342.8,10.9,0.479011118,0.0203334093,0.0608058125
,305792000,-22.907891770762216,-43.14723971949555,342.8,10.9,0.479011118,0.0203334093,0.0608058125
,305792000,-22.907891770762216,-43.14723971949555,342.8,10.9,0.479011118,0.0203334093,0.0608058125
,305792000,-22.907891770762216,-43.14723971949555,342.8,10.9,0.479011118,0.0203334093,0.0608058125
,305792000,-22.907891770762216,-43.14723971949555,342.8,10.9,0.479011118,0.0203334093,0.0608058125
,305792000,-22.907891770762216,-43.14723971949555,342.8,10.9,0.479011118,0.0203334093,0.0608058125
,305792000,-22.907891770762216,-43.14723971949555,342.8,10.9,0.479011118,0.0203334093,0.0608058125
,305792000,-22.907891770762216,-43.14723971949555,342.8,10.9,0.479011118,0.0203334093,0.0608058125
,305792000,-22.907891770762216,-43.14723971949555,342.8,10.9,0.479011118,0.0203334093,0.0608058125
,305792000,-22.907891770762216,-43.14723971949555,342.8,10.9,0.479011118,0.0203334093,0.0608058125
,305792000,-22.907891770762216,-43.14723971949555,342.8,10.9,0.479011118,0.0203334093,0.0608058125
,305792000,-22.907891770762216,-43.14723971949555,342.8,10.9,0.479011118,0.0203334093,0.0608058125
,305792000,-22.907891770762216,-43.14723971949555,342.8,10.9,0.479011118,0.0203334093,0.0608058125
,305792000,-22.907891770762216,-43.14723971949555,342.8,10.9,0.479011118,0.0203334093,0.0608058125
,305792000,-22.907891770762216,-43.14723971949555,342.8,10.9,0.479011118,0.0203334093,0.0608058125
,305792000,-22.907843598786144,-43.147256536214854,342.8,10.9,0.479011118,0.0203334093,0.0608058125
,305792000,-22.907843598786144,-43.147256536214854,342.8,10.9,0.479011118,0.0203334093,0.0608058125
,305792000,-22.907843598786144,-43.147256536214854,342.8,10.9,0.479011118,0.0203334093,0.0608058125
,305792000,-22.907843598786144,-43.147256536214854,342.8,10.9,0.479011118,0.0203334093,0.0608058125
,305792000,-22.907843598786144,-43.147256536214854,342.8,10.9,0.479011118,0.0203334093,0.0608058125
,305792000,-22.907843598786144,-43.147256536214854,342.8,10.9,0.479011118,0.0203334093,0.0608058125
,305792000,-22.907843598786144,-43.147256536214854,342.8,10.9,0.479011118,0.0203334093,0.0608058125
,305792000,-22.907843598786144,-43.147256536214854,342.8,10.9,0.479011118,0.0203334093,0.0608058125
,305792000,-22.907843598786144,-43.147256536214854,342.8,10.9,0.479011118,0.0203334093,0.0608058125
,305792000,-22.907843598786144,-43.147256536214854,342.8,10.9,0.479011118,0.0203334093,0.0608058125
,305792000,-22.907843598786144,-43.147256536214854,342.8,10.9,0.479011118,0.0203334093,0.0608058125
,305792000,-22.90779542680724,-43.147273352921104,342.8,10.9,0.474788874,0.0203666687,0.0622934476
,305792000,-22.90779542680724,-43.147273352921104,342.8,10.9,0.474788874,0.0203666687,0.0622934476
,305792000,-22.90779542680724,-43.147273352921104,342.8,10.9,0.474788874,0.0203666687,0.0622934476
,305792000,-22.90779542680724,-43.147273352921104,342.8,10.9,0.474788874,0.0203666687,0.0622934476
,305792000,-22.90779542680724,-43.147273352921104,342.8,10.9,0.474788874,0.0203666687,0.0622934476
,305792000,-22.90779542680724,-43.147273352921104,342.8,10.9,0.474788874,0.0203666687,0.0622934476
,305792000,-22.90779542680724,-43.147273352921104,342.8,10.9,0.474788874,0.0203666687,0.0622934476
,305792000,-22.90779542680724,-43.147273352921104,342.8,10.9,0.474788874,0.0203666687,0.0622934476
,305792000,-22.90779542680724,-43.147273352921104,342.8,10.9,0.474788874,0.0203666687,0.0622934476
,305792000,-22.90779542680724,-43.147273352921104,342.8,10.9,0.474788874,0.0203666687,0.0622934476
,305792000,-22.90779542680724,-43.147273352921104,342.8,10.9,0.474788874,0.0203666687,0.0622934476
,305792000,-22.90779542680724,-43.147273352921104,342.8,10.9,0.474788874,0.0203666687,0.0622934476
,305792000,-22.90779542680724,-43.147273352921104,342.8,10.9,0.474788874,0.0203666687,0.0622934476
,305792000,-22.90779542680724,-43.147273352921104,342.8,10.9,0.474788874,0.0203666687,0.0622934476
,305792000,-22.90779542680724,-43.147273352921104,342.8,10.9,0.474788874,0.0203666687,0.0622934476
,305792000,-22.907747254825498,-43.14729016961429,342.8,10.9,0.474788874,0.0203666687,0.0622934476
,305792000,-22.907747254825498,-43.14729016961429,342.8,10.9,0.474788874,0.0203666687,0.0622934476
,305792000,-22.907747254825498,-43.14729016961429,342.8,10.9,0.474788874,0.0203666687,0.0622934476
,305792000,-22.907747254825498,-43.14729016961429,342.8,10.9,0.474788874,0.0203666687,0.0622934476
,305792000,-22.907747254825498,-43.14729016961429,342.8,10.9,0.474788874,0.0203666687,0.0622934476
,305792000,-22.907747254825498,-43.14729016961429,342.8,10.9,0.474788874,0.0203666687,0.0622934476
,305792000,-22.907747254825498,-43.14729016961429,342.8,10.9,0.474788874,0.0203666687,0.0622934476
,305792000,-22.907747254825498,-43.14729016961429,342.8,10.9,0.474788874,0.0203666687,0.0622934476
,305792000,-22.907747254825498,-43.14729016961429,342.8,10.9,0.474788874,0.0203666687,0.0622934476
,305792000,-22.907747254825498,-43.14729016961429,342.8,10.9,0.474788874,0.0203666687,0.0622934476
,305792000,-22.907747254825498,-43.14729016961429,342.8,10.9,0.474788874,0.0203666687,0.0622934476
,305792000,-22.907747254825498,-43.14729016961429,342.8,10.9,0.474788874,0.0203666687,0.0622934476
,305792000,-22.907747254825498,-43.14729016961429,342.8,10.9,0.474788874,0.0203666687,0.0622934476
,305792000,-22.907747254825498,-43.14729016961429,342.8,10.9,0.474788874,0.0203666687,0.0622934476
,305792000,-22.907747254825498,-43.14729016961429,342.8,10.9,0.474788874,0.0203666687,0.0622934476
,305792000,-22.90769908284091,-43.14730698629442,342.8,10.9,0.474788874,0.0203666687,0.0622934476
,305792000,-22.90769908284091,-43.14730698629442,342.8,10.9,0.474788874,0.0203666687,0.0622934476
,305792000,-22.90769908284091,-43.14730698629442,342.8,10.9,0.474788874,0.0203666687,0.0622934476
,305792000,-22.90769908284091,-43.14730698629442,342.8,10.9,0.474788874,0.0203666687,0.0622934476
,305792000,-22.90769908284091,-43.14730698629442,342.8,10.9,0.474788874,0.0203666687,0.0622934476
,305792000,-22.90769908284091,-43.14730698629442,342.8,10.9,0.474788874,0.0203666687,0.0622934476
,305792000,-22.90769908284091,-43.14730698629442,342.8,10.9,0.474788874,0.0203666687,0.0622934476
,305792000,-22.90769908284091,-43.14730698629442,342.8,10.9,0.474788874,0.0203666687,0.0622934476
,305792000,-22.90769908284091,-43.14730698629442,342.8,10.9,0.474788874,0.0203666687,0.0622934476
,305792000,-22.90769908284091,-43.14730698629442,342.8,10.9,0.474788874,0.0203666687,0.0622934476
,305792000,-22.90769908284091,-43.14730698629442,342.8,10.9,0.474788874,0.0203666687,0.0622934476
,305792000,-22.90769908284091,-43.14730698629442,342.8,10.9,0.474788874,0.0203666687,0.0622934476
,305792000,-22.90769908284091,-43.14730698629442,342.8,10.9,0.470588893,0.0203888416,0.0634069443
,305792000,-22.90769908284091,-43.14730698629442,342.8,10.9,0.470588893,0.0203888416,0.0634069443
,305792000,-22.90769908284091,-43.14730698629442,342.8,10.9,0.470588893,0.0203888416,0.0634069443
,305792000,-22.907650910853494,-43.147323802961495,342.8,10.9,0.470588893,0.0203888416,0.0634069443
,305792000,-22.907650910853494,-43.147323802961495,342.8,10.9,0.470588893,0.0203888416,0.0634069443
,305792000,-22.907650910853494,-43.147323802961495,342.8,10.9,0.470588893,0.0203888416,0.0634069443
,305792000,-22.907650910853494,-43.147323802961495,342.8,10.9,0.470588893,0.0203888416,0.0634069443
,305792000,-22.907650910853494,-43.147323802961495,342.8,10.9,0.470588893,0.0203888416,0.0634069443
,305792000,-22.907650910853494,-43.147323802961495,342.8,10.9,0.470588893,0.0203888416,0.0634069443
,305792000,-22.907650910853494,-43.147323802961495,342.8,10.9,0.470588893,0.0203888416,0.0634069443
,305792000,-22.907650910853494,-43.147323802961495,342.8,10.9,0.470588893,0.0203888416,0.0634069443
,305792000,-22.907650910853494,-43.147323802961495,342.8,10.9,0.470588893,0.0203888416,0.0634069443
,305792000,-22.907650910853494,-43.147323802961495,342.8,10.9,0.470588893,0.0203888416,0.0634069443
,305792000,-22.907650910853494,-43.147323802961495,342.8,10.9,0.470588893,0.0203888416,0.0634069443
,305792000,-22.907650910853494,-43.147323802961495,342.8,10.9,0.470588893,0.0203888416,0.0634069443
,305792000,-22.907650910853494,-43.147323802961495,342.8,10.9,0.470588893,0.0203888416,0.0634069443
,305792000,-22.907650910853494,-43.147323802961495,342.8,10.9,0.470588893,0.0203888416,0.0634069443
,305792000,-22.907650910853494,-43.147323802961495,342.8,10.9,0.470588893,0.0203888416,0.0634069443
,305792000,-22.90760273886323,-43.147340619615505,342.8,10.9,0.470588893,0.0203888416,0.0634069443
,305792000,-22.90760273886323,-43.147340619615505,342.8,10.9,0.470588893,0.0203888416,0.0634069443
,305792000,-22.90760273886323,-43.147340619615505,342.8,10.9,0.470588893,0.0203888416,0.0634069443
,305792000,-22.90760273886323,-43.147340619615505,342.8,10.9,0.470588893,0.0203888416,0.0634069443
,305792000,-22.90760273886323,-43.147340619615505,342.8,10.9,0.470588893,0.0203888416,0.0634069443
,305792000,-22.90760273886323,-43.147340619615505,342.8,10.9,0.470588893,0.0203888416,0.0634069443
,305792000,-22.90760273886323,-43.147340619615505,342.8,10.9,0.470588893,0.0203888416,0.0634069443
,305792000,-22.90760273886323,-43.147340619615505,342.8,10.9,0.470588893,0.0203888416,0.0634069443
,305792000,-22.90760273886323,-43.147340619615505,342.8,10.9,0.470588893,0.0203888416,0.0634069443
,305792000,-22.90760273886323,-43.147340619615505,342.8,10.9,0.470588893,0.0203888416,0.0634069443
,305792000,-22.90760273886323,-43.147340619615505,342.8,10.9,0.470588893,0.0203888416,0.0634069443
,305792000,-22.90760273886323,-43.147340619615505,342.8,10.9,0.470588893,0.0203888416,0.0634069443
,305792000,-22.90760273886323,-43.147340619615505,342.8,10.9,0.470588893,0.0203888416,0.0634069443
,305792000,-22.90760273886323,-43.147340619615505,342.8,10.9,0.470588893,0.0203888416,0.0634069443
,305792000,-22.90760273886323,-43.147340619615505,342.8,10.9,0.470588893,0.0203888416,0.0634069443
,305792000,-22.90751511728083,-43.1473695231077,342.1,10.7,0.470588893,0.0203888416,0.0634069443
,305792000,-22.90751511728083,-43.1473695231077,342.1,10.7,0.470588893,0.0203888416,0.0634069443
,305792000,-22.90751511728083,-43.1473695231077,342.1,10.7,0.470588893,0.0203888416,0.0634069443
,305792000,-22.90751511728083,-43.1473695231077,342.1,10.7,0.470588893,0.0203888416,0.0634069443
,305792000,-22.90751511728083,-43.1473695231077,342.1,10.7,0.470588893,0.0203888416,0.0634069443
,305792000,-22.90751511728083,-43.1473695231077,342.1,10.7,0.470588893,0.0203888416,0.0634069443
,305792000,-22.90751511728083,-43.1473695231077,342.1,10.7,0.470588893,0.0203888416,0.0634069443
,305792000,-22.90751511728083,-43.1473695231077,342.1,10.7,0.470588893,0.0203888416,0.0634069443
,305792000,-22.90751511728083,-43.1473695231077,342.1,10.7,0.470588893,0.0203888416,0.0634069443
,305792000,-22.90751511728083,-43.1473695231077,342.1,10.7,0.470588893,0.0203888416,0.0634069443
,305792000,-22.90751511728083,-43.1473695231077,342.1,10.7,0.470588893,0.0203888416,0.0634069443
,305792000,-22.90751511728083,-43.1473695231077,342.1,10.7,0.466405571,0.0204333067,0.0648800582
,305792000,-22.90751511728083,-43.1473695231077,342.1,10.7,0.466405571,0.0204333067,0.0648856685
,305792000,-22.90751511728083,-43.1473695231077,342.1,10.7,0.466405571,0.0204333067,0.0648856685
,305792000,-22.90751511728083,-43.1473695231077,342.1,10.7,0.466405571,0.0204333067,0.0648856685
,305792000,-22.90751511728083,-43.1473695231077,342.1,10.7,0.466405571,0.0204333067,0.0648856685
,305792000,-22.90746801953753,-43.14738665354749,342.1,10.7,0.466405571,0.0204333067,0.0648856685
,305792000,-22.90746801953753,-43.14738665354749,342.1,10.7,0.466405571,0.0204333067,0.0648856685
,305792000,-22.90746801953753,-43.14738665354749,342.1,10.7,0.466405571,0.0204333067,0.0648856685
,305792000,-22.90746801953753,-43.14738665354749,342.1,10.7,0.466405571,0.0204333067,0.0648856685
,305792000,-22.90746801953753,-43.14738665354749,342.1,10.7,0.466405571,0.0204333067,0.0648856685
,305792000,-22.90746801953753,-43.14738665354749,342.1,10.7,0.466405571,0.0204333067,0.0648856685
,305792000,-22.90746801953753,-43.14738665354749,342.1,10.7,0.466405571,0.0204333067,0.0648856685
,305792000,-22.90746801953753,-43.14738665354749,342.1,10.7,0.466405571,0.0204333067,0.0648856685
,305792000,-22.90746801953753,-43.14738665354749,342.1,10.7,0.466405571,0.0204333067,0.0648856685
,305792000,-22.90746801953753,-43.14738665354749,342.1,10.7,0.466405571,0.0204333067,0.0648856685
,305792000,-22.90746801953753,-43.14738665354749,342.1,10.7,0.466405571,0.0204333067,0.0648856685
,305792000,-22.90746801953753,-43.14738665354749,342.1,10.7,0.466405571,0.0204333067,0.0648856685
,305792000,-22.90746801953753,-43.14738665354749,342.1,10.7,0.466405571,0.0204333067,0.0648856685
,305792000,-22.90746801953753,-43.14738665354749,342.1,10.7,0.466405571,0.0204333067,0.0648856685
,305792000,-22.90746801953753,-43.14738665354749,342.1,10.7,0.466405571,0.0204333067,0.0648856685
,305792000,-22.907420921791335,-43.14740378397434,342.1,10.7,0.466405571,0.0204333067,0.0648856685
,305792000,-22.907420921791335,-43.14740378397434,342.1,10.7,0.466405571,0.0204333067,0.0648856685
,305792000,-22.907420921791335,-43.14740378397434,342.1,10.7,0.466405571,0.0204333067,0.0648856685
,305792000,-22.907420921791335,-43.14740378397434,342.1,10.7,0.466405571,0.0204333067,0.0648856685
,305792000,-22.907420921791335,-43.14740378397434,342.1,10.7,0.466405571,0.0204333067,0.0648856685
,305792000,-22.907420921791335,-43.14740378397434,342.1,10.7,0.466405571,0.0204333067,0.0648856685
,305792000,-22.907420921791335,-43.14740378397434,342.1,10.7,0.466405571,0.0204333067,0.0648856685
,305792000,-22.907420921791335,-43.14740378397434,342.1,10.7,0.466405571,0.0204333067,0.0648856685
,305792000,-22.907420921791335,-43.14740378397434,342.1,10.7,0.466405571,0.0204333067,0.0648856685
,305792000,-22.907420921791335,-43.14740378397434,342.1,10.7,0.466405571,0.0204333067,0.0648856685
,305792000,-22.907420921791335,-43.14740378397434,342.1,10.7,0.466405571,0.0204333067,0.0648856685
,305792000,-22.907420921791335,-43.14740378397434,342.1,10.7,0.466405571,0.0204333067,0.0648856685
,305792000,-22.907420921791335,-43.14740378397434,342.1,10.7,0.466405571,0.0204333067,0.0648856685
,305792000,-22.907420921791335,-43.14740378397434,342.1,10.7,0.466405571,0.0204333067,0.0648856685
,305792000,-22.907420921791335,-43.14740378397434,342.1,10.7,0.466405571,0.0204333067,0.0648856685
,305792000,-22.907373824042253,-43.14742091438824,342.1,10.7,0.466405571,0.0204333067,0.0648856685
,305792000,-22.907373824042253,-43.14742091438824,342.1,10.7,0.466405571,0.0204333067,0.0648856685
,305792000,-22.907373824042253,-43.14742091438824,342.1,10.7,0.466405571,0.0204333067,0.0648856685
,305792000,-22.907373824042253,-43.14742091438824,342.1,10.7,0.466405571,0.0204333067,0.0648856685
,305792000,-22.907373824042253,-43.14742091438824,342.1,10.7,0.466405571,0.0204333067,0.0648856685
,305792000,-22.907373824042253,-43.14742091438824,342.1,10.7,0.466405571,0.0204333067,0.0648856685
,305792000,-22.907373824042253,-43.14742091438824,342.1,10.7,0.466405571,0.0204333067,0.0648856685
,305792000,-22.907373824042253,-43.14742091438824,342.1,10.7,0.461288869,0.0204777718,0.0666108653
,305792000,-22.907373824042253,-43.14742091438824,342.1,10.7,0.461288869,0.0204777718,0.0666108653
,305792000,-22.907373824042253,-43.14742091438824,342.1,10.7,0.461288869,0.0204777718,0.0666108653
,305792000,-22.90732672629028,-43.14743804478919,342.1,10.7,0.461288869,0.0204777718,0.0667385235
,305792000,-22.90732672629028,-43.14743804478919,342.1,10.7,0.461288869,0.0204777718,0.0667385235
,305792000,-22.90732672629028,-43.14743804478919,342.1,10.7,0.461288869,0.0204777718,0.0667385235
,305792000,-22.90732672629028,-43.14743804478919,342.1,10.7,0.461288869,0.0204777718,0.0667385235
,305792000,-22.90732672629028,-43.14743804478919,342.1,10.7,0.461288869,0.0204777718,0.0667385235
,305792000,-22.90732672629028,-43.14743804478919,342.1,10.7,0.461288869,0.0204777718,0.0667385235
,305792000,-22.90732672629028,-43.14743804478919,342.1,10.7,0.461288869,0.0204777718,0.0667385235
,305792000,-22.90732672629028,-43.14743804478919,342.1,10.7,0.461288869,0.0204777718,0.0667385235
,305792000,-22.90732672629028,-43.14743804478919,342.1,10.7,0.461288869,0.0204777718,0.0667385235
,305792000,-22.90732672629028,-43.14743804478919,342.1,10.7,0.461288869,0.0204777718,0.0667385235
,305792000,-22.90732672629028,-43.14743804478919,342.1,10.7,0.461288869,0.0204777718,0.0667385235
,305792000,-22.90732672629028,-43.14743804478919,342.1,10.7,0.461288869,0.0204777718,0.0667385235
,305792000,-22.90732672629028,-43.14743804478919,342.1,10.7,0.461288869,0.0204777718,0.0667385235
,305792000,-22.90732672629028,-43.14743804478919,342.1,10.7,0.461288869,0.0204777718,0.0667385235
,305792000,-22.90732672629028,-43.14743804478919,342.1,10.7,0.461288869,0.0204777718,0.0667385235
,305792000,-22.90732672629028,-43.14743804478919,342.1,10.7,0.461288869,0.0204777718,0.0667385235
,305792000,-22.907279628535417,-43.1474551751772,342.1,10.7,0.461288869,0.0204777718,0.0667385235
,305792000,-22.907279628535417,-43.1474551751772,342.1,10.7,0.461288869,0.0204777718,0.0667385235
,305792000,-22.907279628535417,-43.1474551751772,342.1,10.7,0.461288869,0.0204777718,0.0667385235
,305792000,-22.907279628535417,-43.1474551751772,342.1,10.7,0.461288869,0.0204777718,0.0667385235
,305792000,-22.907279628535417,-43.1474551751772,342.1,10.7,0.461288869,0.0204777718,0.0667385235
,305792000,-22.907279628535417,-43.1474551751772,342.1,10.7,0.461288869,0.0204777718,0.0667385235
,305792000,-22.907279628535417,-43.1474551751772,342.1,10.7,0.461288869,0.0204777718,0.0667385235
,305792000,-22.907279628535417,-43.1474551751772,342.1,10.7,0.461288869,0.0204777718,0.0667385235
,305792000,-22.907279628535417,-43.1474551751772,342.1,10.7,0.461288869,0.0204777718,0.0667385235
,305792000,-22.907279628535417,-43.1474551751772,342.1,10.7,0.461288869,0.0204777718,0.0667385235
,305792000,-22.907279628535417,-43.1474551751772,342.1,10.7,0.461288869,0.0204777718,0.0667385235
,305792000,-22.907279628535417,-43.1474551751772,342.1,10.7,0.461288869,0.0204777718,0.0667385235
,305792000,-22.907279628535417,-43.1474551751772,342.1,10.7,0.461288869,0.0204777718,0.0667385235
,305792000,-22.907279628535417,-43.1474551751772,342.1,10.7,0.461288869,0.0204777718,0.0667385235
,305792000,-22.907232530777662,-43.147472305552256,342.1,10.7,0.461288869,0.0204777718,0.0667385235
,305792000,-22.907232530777662,-43.147472305552256,342.1,10.7,0.461288869,0.0204777718,0.0667385235
,305792000,-22.907232530777662,-43.147472305552256,342.1,10.7,0.461288869,0.0204777718,0.0667385235
,305792000,-22.907232530777662,-43.147472305552256,342.1,10.7,0.461288869,0.0204777718,0.0667385235
,305792000,-22.907232530777662,-43.147472305552256,342.1,10.7,0.461288869,0.0204777718,0.0667385235
,305792000,-22.907232530777662,-43.147472305552256,342.1,10.7,0.461288869,0.0204777718,0.0667385235
,305792000,-22.907232530777662,-43.147472305552256,342.1,10.7,0.461288869,0.0204777718,0.0667385235
,305792000,-22.907232530777662,-43.147472305552256,342.1,10.7,0.461288869,0.0204777718,0.0667385235
,305792000,-22.907232530777662,-43.147472305552256,342.1,10.7,0.461288869,0.0204777718,0.0667385235
,305792000,-22.907232530777662,-43.147472305552256,342.1,10.7,0.461288869,0.0204777718,0.0667385235
,305792000,-22.907185433017016,-43.147489435914366,342.1,10.7,0.461288869,0.0204777718,0.0667385235
,305792000,-22.907185433017016,-43.147489435914366,342.1,10.7,0.455866665,0.0205222368,0.0686002895
,305792000,-22.907185433017016,-43.147489435914366,342.1,10.7,0.455866665,0.0205222368,0.0686002895
,305792000,-22.907185433017016,-43.147489435914366,342.1,10.7,0.455866665,0.0205222368,0.0686002895
,305792000,-22.907185433017016,-43.147489435914366,342.1,10.7,0.455866665,0.0205222368,0.0686002895
,305792000,-22.907185433017016,-43.147489435914366,342.1,10.7,0.455866665,0.0205222368,0.0686002895
,305792000,-22.907185433017016,-43.147489435914366,342.1,10.7,0.455866665,0.0205222368,0.0686002895
,305792000,-22.907185433017016,-43.147489435914366,342.1,10.7,0.455866665,0.0205222368,0.0686002895
,305792000,-22.907185433017016,-43.147489435914366,342.1,10.7,0.455866665,0.0205222368,0.0686002895
,305792000,-22.907185433017016,-43.147489435914366,342.1,10.7,0.455866665,0.0205222368,0.0686002895
,305792000,-22.907185433017016,-43.147489435914366,342.1,10.7,0.455866665,0.0205222368,0.0686002895
,305792000,-22.907185433017016,-43.147489435914366,342.1,10.7,0.455866665,0.0205222368,0.0686002895
,305792000,-22.907185433017016,-43.147489435914366,342.1,10.7,0.455866665,0.0205222368,0.0686002895
,305792000,-22.907185433017016,-43.147489435914366,342.1,10.7,0.455866665,0.0205222368,0.0686002895
,305792000,-22.907185433017016,-43.147489435914366,342.1,10.7,0.455866665,0.0205222368,0.0686002895
,305792000,-22.907185433017016,-43.147489435914366,342.1,10.7,0.455866665,0.0205222368,0.0686002895
,305792000,-22.90713833525348,-43.14750656626353,342.1,10.7,0.455866665,0.0205222368,0.0686002895
,305792000,-22.90713833525348,-43.14750656626353,342.1,10.7,0.455866665,0.0205222368,0.0686002895
,305792000,-22.90713833525348,-43.14750656626353,342.1,10.7,0.455866665,0.0205222368,0.0686002895
,305792000,-22.90713833525348,-43.14750656626353,342.1,10.7,0.455866665,0.0205222368,0.0686002895
,305792000,-22.90713833525348,-43.14750656626353,342.1,10.7,0.455866665,0.0205222368,0.0686002895
,305792000,-22.90713833525348,-43.14750656626353,342.1,10.7,0.455866665,0.0205222368,0.0686002895
,305792000,-22.90713833525348,-43.14750656626353,342.1,10.7,0.455866665,0.0205222368,0.0686002895
,305792000,-22.90713833525348,-43.14750656626353,342.1,10.7,0.455866665,0.0205222368,0.0686002895
,305792000,-22.90713833525348,-43.14750656626353,342.1,10.7,0.455866665,0.0205222368,0.0686002895
,305792000,-22.90713833525348,-43.14750656626353,342.1,10.7,0.455866665,0.0205222368,0.0686002895
,305792000,-22.90713833525348,-43.14750656626353,342.1,10.7,0.455866665,0.0205222368,0.0686002895
,305792000,-22.90713833525348,-43.14750656626353,342.1,10.7,0.455866665,0.0205222368,0.0686002895
,305792000,-22.90713833525348,-43.14750656626353,342.1,10.7,0.455866665,0.0205222368,0.0686002895
,305792000,-22.90713833525348,-43.14750656626353,342.1,10.7,0.455866665,0.0205222368,0.0686002895
,305792000,-22.90709123748706,-43.14752369659975,342.1,10.7,0.455866665,0.0205222368,0.0686002895
,305792000,-22.90709123748706,-43.14752369659975,342.1,10.7,0.455866665,0.0205222368,0.0686002895
,305792000,-22.90709123748706,-43.14752369659975,342.1,10.7,0.455866665,0.0205222368,0.0686002895
,305792000,-22.90709123748706,-43.14752369659975,342.1,10.7,0.455866665,0.0205222368,0.0686002895
,305792000,-22.90709123748706,-43.14752369659975,342.1,10.7,0.455866665,0.0205222368,0.0686002895
,305792000,-22.90709123748706,-43.14752369659975,342.1,10.7,0.455866665,0.0205222368,0.0686002895
,305792000,-22.90709123748706,-43.14752369659975,342.1,10.7,0.455866665,0.0205222368,0.0686002895
,305792000,-22.90709123748706,-43.14752369659975,342.1,10.7,0.455866665,0.0205222368,0.0686002895
,305792000,-22.90709123748706,-43.14752369659975,342.1,10.7,0.455866665,0.0205222368,0.0686002895
,305792000,-22.90709123748706,-43.14752369659975,342.1,10.7,0.455866665,0.0205222368,0.0686002895
,305792000,-22.90709123748706,-43.14752369659975,342.1,10.7,0.453166664,0.0205554962,0.069749184
,305792000,-22.90709123748706,-43.14752369659975,342.1,10.7,0.453166664,0.0205554962,0.069749184
,305792000,-22.90709123748706,-43.14752369659975,342.1,10.7,0.453166664,0.0205554962,0.069749184
,305792000,-22.90709123748706,-43.14752369659975,342.1,10.7,0.453166664,0.0205554962,0.0695979521
,305792000,-22.90704413971774,-43.14754082692301,342.1,10.7,0.453166664,0.0205554962,0.0695979521
,305792000,-22.90704413971774,-43.14754082692301,342.1,10.7,0.453166664,0.0205554962,0.0695979521
,305792000,-22.907091040644445,-43.147514158875545,342.0,10.6,0.453166664,0.0205554962,0.0695979521
,305792000,-22.907091040644445,-43.147514158875545,342.0,10.6,0.453166664,0.0205554962,0.0695979521
,305792000,-22.907091040644445,-43.147514158875545,342.0,10.6,0.453166664,0.0205554962,0.0695979521
,305792000,-22.907091040644445,-43.147514158875545,342.0,10.6,0.453166664,0.0205554962,0.0695979521
,305792000,-22.907091040644445,-43.147514158875545,342.0,10.6,0.453166664,0.0205554962,0.0695979521
,305792000,-22.907091040644445,-43.147514158875545,342.0,10.6,0.453166664,0.0205554962,0.0695979521
,305792000,-22.907091040644445,-43.147514158875545,342.0,10.6,0.453166664,0.0205554962,0.0695979521
,305792000,-22.907091040644445,-43.147514158875545,342.0,10.6,0.453166664,0.0205554962,0.0695979521
,305792000,-22.907091040644445,-43.147514158875545,342.0,10.6,0.453166664,0.0205554962,0.0695979521
,305792000,-22.907091040644445,-43.147514158875545,342.0,10.6,0.453166664,0.0205554962,0.0695979521
,305792000,-22.907091040644445,-43.147514158875545,342.0,10.6,0.453166664,0.0205554962,0.0695979521
,305792000,-22.907091040644445,-43.147514158875545,342.0,10.6,0.453166664,0.0205554962,0.0695979521
,305792000,-22.907091040644445,-43.147514158875545,342.0,10.6,0.453166664,0.0205554962,0.0695979521
,305792000,-22.907091040644445,-43.147514158875545,342.0,10.6,0.453166664,0.0205554962,0.0695979521
,305792000,-22.907091040644445,-43.147514158875545,342.0,10.6,0.453166664,0.0205554962,0.0695979521
,305792000,-22.907044410552338,-43.14753121698169,342.0,10.6,0.453166664,0.0205554962,0.0695979521
,305792000,-22.907044410552338,-43.14753121698169,342.0,10.6,0.453166664,0.0205554962,0.0695979521
,305792000,-22.907044410552338,-43.14753121698169,342.0,10.6,0.453166664,0.0205554962,0.0695979521
,305792000,-22.907044410552338,-43.14753121698169,342.0,10.6,0.453166664,0.0205554962,0.0695979521
,305792000,-22.907044410552338,-43.14753121698169,342.0,10.6,0.453166664,0.0205554962,0.0695979521
,305792000,-22.907044410552338,-43.14753121698169,342.0,10.6,0.453166664,0.0205554962,0.0695979521
,305792000,-22.907044410552338,-43.14753121698169,342.0,10.6,0.453166664,0.0205554962,0.0695979521
,305792000,-22.907044410552338,-43.14753121698169,342.0,10.6,0.453166664,0.0205554962,0.0695979521
,305792000,-22.907044410552338,-43.14753121698169,342.0,10.6,0.453166664,0.0205554962,0.0695979521
,305792000,-22.907044410552338,-43.14753121698169,342.0,10.6,0.453166664,0.0205554962,0.0695979521
,305792000,-22.907044410552338,-43.14753121698169,342.0,10.6,0.453166664,0.0205554962,0.0695979521
,305792000,-22.907044410552338,-43.14753121698169,342.0,10.6,0.453166664,0.0205554962,0.0695979521
,305792000,-22.907044410552338,-43.14753121698169,342.0,10.6,0.453166664,0.0205554962,0.0695979521
,305792000,-22.907044410552338,-43.14753121698169,342.0,10.6,0.453166664,0.0205554962,0.0695979521
,305792000,-22.906997780457374,-43.14754827507508,342.0,10.6,0.453166664,0.0205554962,0.0695979521
,305792000,-22.906997780457374,-43.14754827507508,342.0,10.6,0.453166664,0.0205554962,0.0695979521
,305792000,-22.906997780457374,-43.14754827507508,342.0,10.6,0.453166664,0.0205554962,0.0695979521
,305792000,-22.906997780457374,-43.14754827507508,342.0,10.6,0.453166664,0.0205554962,0.0695979521
,305792000,-22.906997780457374,-43.14754827507508,342.0,10.6,0.453166664,0.0205554962,0.0695979521
,305792000,-22.906997780457374,-43.14754827507508,342.0,10.6,0.453166664,0.0205554962,0.0695979521
,305792000,-22.906997780457374,-43.14754827507508,342.0,10.6,0.453166664,0.0205554962,0.0695979521
,305792000,-22.906997780457374,-43.14754827507508,342.0,10.6,0.453166664,0.0205554962,0.0695979521
,305792000,-22.906997780457374,-43.14754827507508,342.0,10.6,0.453166664,0.0205554962,0.0695979521
,305792000,-22.906997780457374,-43.14754827507508,342.0,10.6,0.453166664,0.0205554962,0.0695979521
,305792000,-22.906997780457374,-43.14754827507508,342.0,10.6,0.450672239,0.0205888748,0.0714801997
,305792000,-22.906997780457374,-43.14754827507508,342.0,10.6,0.450672239,0.0205888748,0.0714801997
,305792000,-22.906997780457374,-43.14754827507508,342.0,10.6,0.450672239,0.0205888748,0.0714801997
,305792000,-22.906997780457374,-43.14754827507508,342.0,10.6,0.450672239,0.0205888748,0.0714801997
,305792000,-22.906997780457374,-43.14754827507508,342.0,10.6,0.450672239,0.0205888748,0.0714801997
,305792000,-22.906951150359546,-43.14756533315571,342.0,10.6,0.450672239,0.0205888748,0.0714801997
,305792000,-22.906951150359546,-43.14756533315571,342.0,10.6,0.450672239,0.0205888748,0.0714801997
,305792000,-22.906951150359546,-43.14756533315571,342.0,10.6,0.450672239,0.0205888748,0.0714801997
,305792000,-22.906951150359546,-43.14756533315571,342.0,10.6,0.450672239,0.0205888748,0.0714801997
,305792000,-22.906951150359546,-43.14756533315571,342.0,10.6,0.450672239,0.0205888748,0.0714801997
,305792000,-22.906951150359546,-43.14756533315571,342.0,10.6,0.450672239,0.0205888748,0.0714801997
,305792000,-22.906951150359546,-43.14756533315571,342.0,10.6,0.450672239,0.0205888748,0.0714801997
,305792000,-22.906951150359546,-43.14756533315571,342.0,10.6,0.450672239,0.0205888748,0.0714801997
,305792000,-22.906951150359546,-43.14756533315571,342.0,10.6,0.450672239,0.0205888748,0.0714801997
,305792000,-22.906951150359546,-43.14756533315571,342.0,10.6,0.450672239,0.0205888748,0.0714801997
,305792000,-22.906951150359546,-43.14756533315571,342.0,10.6,0.450672239,0.0205888748,0.0714801997
,305792000,-22.906951150359546,-43.14756533315571,342.0,10.6,0.450672239,0.0205888748,0.0714801997
,305792000,-22.906951150359546,-43.14756533315571,342.0,10.6,0.450672239,0.0205888748,0.0714801997
,305792000,-22.906951150359546,-43.14756533315571,342.0,10.6,0.450672239,0.0205888748,0.0714801997
,305792000,-22.906951150359546,-43.14756533315571,342.0,10.6,0.450672239,0.0205888748,0.0714801997
,305792000,-22.906951150359546,-43.14756533315571,342.0,10.6,0.450672239,0.0205888748,0.0714801997
,305792000,-22.90690452025887,-43.14758239122359,342.0,10.6,0.450672239,0.0205888748,0.0714801997
,305792000,-22.90690452025887,-43.14758239122359,342.0,10.6,0.450672239,0.0205888748,0.0714801997
,305792000,-22.90690452025887,-43.14758239122359,342.0,10.6,0.450672239,0.0205888748,0.0714801997
,305792000,-22.90690452025887,-43.14758239122359,342.0,10.6,0.450672239,0.0205888748,0.0714801997
,305792000,-22.90690452025887,-43.14758239122359,342.0,10.6,0.450672239,0.0205888748,0.0714801997
,305792000,-22.90690452025887,-43.14758239122359,342.0,10.6,0.450672239,0.0205888748,0.0714801997
,305792000,-22.90690452025887,-43.14758239122359,342.0,10.6,0.450672239,0.0205888748,0.0714801997
,305792000,-22.90690452025887,-43.14758239122359,342.0,10.6,0.450672239,0.0205888748,0.0714801997
,305792000,-22.90690452025887,-43.14758239122359,342.0,10.6,0.450672239,0.0205888748,0.0714801997
,305792000,-22.90690452025887,-43.14758239122359,342.0,10.6,0.450672239,0.0205888748,0.0714801997
,305792000,-22.90690452025887,-43.14758239122359,342.0,10.6,0.450672239,0.0205888748,0.0714801997
,305792000,-22.90690452025887,-43.14758239122359,342.0,10.6,0.450672239,0.0205888748,0.0714801997
,305792000,-22.90690452025887,-43.14758239122359,342.0,10.6,0.450672239,0.0205888748,0.0714801997
,305792000,-22.90690452025887,-43.14758239122359,342.0,10.6,0.450672239,0.0205888748,0.0714801997
,305792000,-22.906857890155333,-43.14759944927871,342.0,10.6,0.450672239,0.0205888748,0.0714801997
,305792000,-22.906857890155333,-43.14759944927871,342.0,10.6,0.450672239,0.0205888748,0.0714801997
,305792000,-22.906857890155333,-43.14759944927871,342.0,10.6,0.450672239,0.0205888748,0.0714801997
,305792000,-22.906857890155333,-43.14759944927871,342.0,10.6,0.450672239,0.0205888748,0.0714801997
,305792000,-22.906857890155333,-43.14759944927871,342.0,10.6,0.446694434,0.0206333399,0.0729853585
,305792000,-22.906857890155333,-43.14759944927871,342.0,10.6,0.446694434,0.0206333399,0.0729853585
,305792000,-22.906857890155333,-43.14759944927871,342.0,10.6,0.446694434,0.0206333399,0.0727300122
,305792000,-22.906857890155333,-43.14759944927871,342.0,10.6,0.446694434,0.0206333399,0.0727300122
,305792000,-22.906857890155333,-43.14759944927871,342.0,10.6,0.446694434,0.0206333399,0.0727300122
,305792000,-22.906811260048936,-43.147616507321075,342.0,10.6,0.446694434,0.0206333399,0.0727300122
,305792000,-22.906811260048936,-43.147616507321075,342.0,10.6,0.446694434,0.0206333399,0.0727300122
,305792000,-22.906811260048936,-43.147616507321075,342.0,10.6,0.446694434,0.0206333399,0.0727300122
,305792000,-22.906811260048936,-43.147616507321075,342.0,10.6,0.446694434,0.0206333399,0.0727300122
,305792000,-22.906811260048936,-43.147616507321075,342.0,10.6,0.446694434,0.0206333399,0.0727300122
,305792000,-22.906811260048936,-43.147616507321075,342.0,10.6,0.446694434,0.0206333399,0.0727300122
,305792000,-22.906811260048936,-43.147616507321075,342.0,10.6,0.446694434,0.0206333399,0.0727300122
,305792000,-22.906811260048936,-43.147616507321075,342.0,10.6,0.446694434,0.0206333399,0.0727300122
,305792000,-22.906811260048936,-43.147616507321075,342.0,10.6,0.446694434,0.0206333399,0.0727300122
,305792000,-22.906811260048936,-43.147616507321075,342.0,10.6,0.446694434,0.0206333399,0.0727300122
,305792000,-22.906811260048936,-43.147616507321075,342.0,10.6,0.446694434,0.0206333399,0.0727300122
,305792000,-22.906811260048936,-43.147616507321075,342.0,10.6,0.446694434,0.0206333399,0.0727300122
,305792000,-22.906811260048936,-43.147616507321075,342.0,10.6,0.446694434,0.0206333399,0.0727300122
,305792000,-22.90676462993968,-43.14763356535068,342.0,10.6,0.446694434,0.0206333399,0.0727300122
,305792000,-22.90676462993968,-43.14763356535068,342.0,10.6,0.446694434,0.0206333399,0.0727300122
,305792000,-22.90676462993968,-43.14763356535068,342.0,10.6,0.446694434,0.0206333399,0.0727300122
,305792000,-22.90676462993968,-43.14763356535068,342.0,10.6,0.446694434,0.0206333399,0.0727300122
,305792000,-22.906717999827567,-43.14765062336754,342.0,10.6,0.446694434,0.0206333399,0.0727300122
,305792000,-22.906717999827567,-43.14765062336754,342.0,10.6,0.446694434,0.0206333399,0.0727300122
,305792000,-22.906717999827567,-43.14765062336754,342.0,10.6,0.446694434,0.0206333399,0.0727300122
,305792000,-22.906717999827567,-43.14765062336754,342.0,10.6,0.446694434,0.0206333399,0.0727300122
,305792000,-22.906717999827567,-43.14765062336754,342.0,10.6,0.446694434,0.0206333399,0.0727300122
,305792000,-22.906717999827567,-43.14765062336754,342.0,10.6,0.446694434,0.0206333399,0.0727300122
,305792000,-22.90667136971259,-43.14766768137163,342.0,10.6,0.446694434,0.0206333399,0.0727300122
,305792000,-22.90667136971259,-43.14766768137163,342.0,10.6,0.441427767,0.0206888914,0.0752296373
,305792000,-22.90667136971259,-43.14766768137163,342.0,10.6,0.441427767,0.0206888914,0.0752296373
,305792000,-22.90667136971259,-43.14766768137163,342.0,10.6,0.441427767,0.0206888914,0.0752296373
,305792000,-22.90667136971259,-43.14766768137163,342.0,10.6,0.441427767,0.0206888914,0.0752296373
,305792000,-22.90667136971259,-43.14766768137163,342.0,10.6,0.441427767,0.0206888914,0.0752296373
,305792000,-22.90667136971259,-43.14766768137163,342.0,10.6,0.441427767,0.0206888914,0.0752296373
,305792000,-22.90667136971259,-43.14766768137163,342.0,10.6,0.441427767,0.0206888914,0.0752296373
,305792000,-22.90667136971259,-43.14766768137163,342.0,10.6,0.441427767,0.0206888914,0.0752296373
,305792000,-22.90667136971259,-43.14766768137163,342.0,10.6,0.441427767,0.0206888914,0.0752296373
,305792000,-22.90662473959476,-43.14768473936297,342.0,10.6,0.441427767,0.0206888914,0.0752296373
,305792000,-22.90662473959476,-43.14768473936297,342.0,10.6,0.441427767,0.0206888914,0.0752296373
,305792000,-22.90662473959476,-43.14768473936297,342.0,10.6,0.441427767,0.0206888914,0.0752296373
,305792000,-22.90662473959476,-43.14768473936297,342.0,10.6,0.441427767,0.0206888914,0.0752296373
,305792000,-22.90662473959476,-43.14768473936297,342.0,10.6,0.441427767,0.0206888914,0.0752296373
,305792000,-22.90662473959476,-43.14768473936297,342.0,10.6,0.441427767,0.0206888914,0.0752296373
,305792000,-22.90662473959476,-43.14768473936297,342.0,10.6,0.441427767,0.0206888914,0.0752296373
,305792000,-22.90662473959476,-43.14768473936297,342.0,10.6,0.441427767,0.0206888914,0.0752296373
,305792000,-22.90662473959476,-43.14768473936297,342.0,10.6,0.441427767,0.0206888914,0.0752296373
,305792000,-22.90662473959476,-43.14768473936297,342.0,10.6,0.441427767,0.0206888914,0.0752296373
,305792000,-22.90662473959476,-43.14768473936297,342.0,10.6,0.441427767,0.0206888914,0.0752296373
,305792000,-22.90662473959476,-43.14768473936297,342.0,10.6,0.441427767,0.0206888914,0.0752296373
,305792000,-22.90662473959476,-43.14768473936297,342.0,10.6,0.441427767,0.0206888914,0.0752296373
,305792000,-22.90662473959476,-43.14768473936297,342.0,10.6,0.441427767,0.0206888914,0.0752296373
,305792000,-22.90662473959476,-43.14768473936297,342.0,10.6,0.441427767,0.0206888914,0.0752296373
,305792000,-22.90662473959476,-43.14768473936297,342.0,10.6,0.441427767,0.0206888914,0.0752296373
,305792000,-22.90657810947407,-43.147701797341554,342.0,10.6,0.441427767,0.0206888914,0.0752296373
,305792000,-22.90657810947407,-43.147701797341554,342.0,10.6,0.441427767,0.0206888914,0.0752296373
,305792000,-22.90657810947407,-43.147701797341554,342.0,10.6,0.441427767,0.0206888914,0.0752296373
,305792000,-22.90657810947407,-43.147701797341554,342.0,10.6,0.441427767,0.0206888914,0.0752296373
,305792000,-22.90657810947407,-43.147701797341554,342.0,10.6,0.441427767,0.0206888914,0.0752296373
,305792000,-22.90657810947407,-43.147701797341554,342.0,10.6,0.441427767,0.0206888914,0.0752296373
,305792000,-22.90657810947407,-43.147701797341554,342.0,10.6,0.441427767,0.0206888914,0.0752296373
,305792000,-22.90657810947407,-43.147701797341554,342.0,10.6,0.441427767,0.0206888914,0.0752296373
,305792000,-22.90657810947407,-43.147701797341554,342.0,10.6,0.441427767,0.0206888914,0.0752296373
,305792000,-22.90657810947407,-43.147701797341554,342.0,10.6,0.441427767,0.0206888914,0.0752296373
,305792000,-22.90657810947407,-43.147701797341554,342.0,10.6,0.441427767,0.0206888914,0.0752296373
,305792000,-22.90657810947407,-43.147701797341554,342.0,10.6,0.441427767,0.0206888914,0.0752296373
,305792000,-22.90657810947407,-43.147701797341554,342.0,10.6,0.441427767,0.0206888914,0.0752296373
,305792000,-22.90657810947407,-43.147701797341554,342.0,10.6,0.437505543,0.0207333565,0.0774394497
,305792000,-22.90653147935052,-43.147718855307374,342.0,10.6,0.437505543,0.0207333565,0.077111885
,305792000,-22.90653147935052,-43.147718855307374,342.0,10.6,0.437505543,0.0207333565,0.077111885
,305792000,-22.90653147935052,-43.147718855307374,342.0,10.6,0.437505543,0.0207333565,0.077111885
,305792000,-22.90653147935052,-43.147718855307374,342.0,10.6,0.437505543,0.0207333565,0.077111885
,305792000,-22.90653147935052,-43.147718855307374,342.0,10.6,0.437505543,0.0207333565,0.077111885
,305792000,-22.90653147935052,-43.147718855307374,342.0,10.6,0.437505543,0.0207333565,0.077111885
,305792000,-22.90653147935052,-43.147718855307374,342.0,10.6,0.437505543,0.0207333565,0.077111885
,305792000,-22.90653147935052,-43.147718855307374,342.0,10.6,0.437505543,0.0207333565,0.077111885
,305792000,-22.90653147935052,-43.147718855307374,342.0,10.6,0.437505543,0.0207333565,0.077111885
,305792000,-22.90657655933868,-43.14768214042158,342.5,10.5,0.437505543,0.0207333565,0.077111885
,305792000,-22.90657655933868,-43.14768214042158,342.5,10.5,0.437505543,0.0207333565,0.077111885
,305792000,-22.90657655933868,-43.14768214042158,342.5,10.5,0.437505543,0.0207333565,0.077111885
,305792000,-22.90657655933868,-43.14768214042158,342.5,10.5,0.437505543,0.0207333565,0.077111885
,305792000,-22.90657655933868,-43.14768214042158,342.5,10.5,0.437505543,0.0207333565,0.077111885
,305792000,-22.90657655933868,-43.14768214042158,342.5,10.5,0.437505543,0.0207333565,0.077111885
,305792000,-22.90657655933868,-43.14768214042158,342.5,10.5,0.437505543,0.0207333565,0.077111885
,305792000,-22.90657655933868,-43.14768214042158,342.5,10.5,0.437505543,0.0207333565,0.077111885
,305792000,-22.90657655933868,-43.14768214042158,342.5,10.5,0.437505543,0.0207333565,0.077111885
,305792000,-22.90657655933868,-43.14768214042158,342.5,10.5,0.437505543,0.0207333565,0.077111885
,305792000,-22.90657655933868,-43.14768214042158,342.5,10.5,0.437505543,0.0207333565,0.077111885
,305792000,-22.90657655933868,-43.14768214042158,342.5,10.5,0.437505543,0.0207333565,0.077111885
,305792000,-22.90657655933868,-43.14768214042158,342.5,10.5,0.437505543,0.0207333565,0.077111885
,305792000,-22.90657655933868,-43.14768214042158,342.5,10.5,0.437505543,0.0207333565,0.077111885
,305792000,-22.90657655933868,-43.14768214042158,342.5,10.5,0.437505543,0.0207333565,0.077111885
,305792000,-22.906530234281878,-43.14769860172594,342.5,10.5,0.437505543,0.0207333565,0.077111885
,305792000,-22.906530234281878,-43.14769860172594,342.5,10.5,0.437505543,0.0207333565,0.077111885
,305792000,-22.906530234281878,-43.14769860172594,342.5,10.5,0.437505543,0.0207333565,0.077111885
,305792000,-22.906530234281878,-43.14769860172594,342.5,10.5,0.437505543,0.0207333565,0.077111885
,305792000,-22.906530234281878,-43.14769860172594,342.5,10.5,0.437505543,0.0207333565,0.077111885
,305792000,-22.906530234281878,-43.14769860172594,342.5,10.5,0.437505543,0.0207333565,0.077111885
,305792000,-22.906530234281878,-43.14769860172594,342.5,10.5,0.437505543,0.0207333565,0.077111885
,305792000,-22.906530234281878,-43.14769860172594,342.5,10.5,0.437505543,0.0207333565,0.077111885
,305792000,-22.906530234281878,-43.14769860172594,342.5,10.5,0.437505543,0.0207333565,0.077111885
,305792000,-22.906530234281878,-43.14769860172594,342.5,10.5,0.437505543,0.0207333565,0.077111885
,305792000,-22.906530234281878,-43.14769860172594,342.5,10.5,0.437505543,0.0207333565,0.077111885
,305792000,-22.906530234281878,-43.14769860172594,342.5,10.5,0.437505543,0.0207333565,0.077111885
,305792000,-22.906530234281878,-43.14769860172594,342.5,10.5,0.437505543,0.0207333565,0.077111885
,305792000,-22.906530234281878,-43.14769860172594,342.5,10.5,0.437505543,0.0207333565,0.077111885
,305792000,-22.906530234281878,-43.14769860172594,342.5,10.5,0.437505543,0.0207333565,0.077111885
,305792000,-22.906483909222374,-43.14771506301803,342.5,10.5,0.437505543,0.0207333565,0.077111885
,305792000,-22.906483909222374,-43.14771506301803,342.5,10.5,0.436538905,0.0207778215,0.0789941251
,305792000,-22.906483909222374,-43.14771506301803,342.5,10.5,0.436538905,0.0207778215,0.0789941251
,305792000,-22.906483909222374,-43.14771506301803,342.5,10.5,0.436538905,0.0207778215,0.0789941251
,305792000,-22.906483909222374,-43.14771506301803,342.5,10.5,0.436538905,0.0207778215,0.0789941251
,305792000,-22.906483909222374,-43.14771506301803,342.5,10.5,0.436538905,0.0207778215,0.0789941251
,305792000,-22.906483909222374,-43.14771506301803,342.5,10.5,0.436538905,0.0207778215,0.0789941251
,305792000,-22.906483909222374,-43.14771506301803,342.5,10.5,0.436538905,0.0207778215,0.0789941251
,305792000,-22.906483909222374,-43.14771506301803,342.5,10.5,0.436538905,0.0207778215,0.0789941251
,305792000,-22.906483909222374,-43.14771506301803,342.5,10.5,0.436538905,0.0207778215,0.0789941251
,305792000,-22.906483909222374,-43.14771506301803,342.5,10.5,0.436538905,0.0207778215,0.0789941251
,305792000,-22.906483909222374,-43.14771506301803,342.5,10.5,0.436538905,0.0207778215,0.0789941251
,305792000,-22.906483909222374,-43.14771506301803,342.5,10.5,0.436538905,0.0207778215,0.0789941251
,305792000,-22.906483909222374,-43.14771506301803,342.5,10.5,0.436538905,0.0207778215,0.0789941251
,305792000,-22.906483909222374,-43.14771506301803,342.5,10.5,0.436538905,0.0207778215,0.0789941251
,305792000,-22.90643758416018,-43.14773152429786,342.5,10.5,0.436538905,0.0207778215,0.0789941251
,305792000,-22.90643758416018,-43.14773152429786,342.5,10.5,0.436538905,0.0207778215,0.0789941251
,305792000,-22.90643758416018,-43.14773152429786,342.5,10.5,0.436538905,0.0207778215,0.0789941251
,305792000,-22.90643758416018,-43.14773152429786,342.5,10.5,0.436538905,0.0207778215,0.0789941251
,305792000,-22.90643758416018,-43.14773152429786,342.5,10.5,0.436538905,0.0207778215,0.0789941251
,305792000,-22.90643758416018,-43.14773152429786,342.5,10.5,0.436538905,0.0207778215,0.0789941251
,305792000,-22.90643758416018,-43.14773152429786,342.5,10.5,0.436538905,0.0207778215,0.0789941251
,305792000,-22.90643758416018,-43.14773152429786,342.5,10.5,0.436538905,0.0207778215,0.0789941251
,305792000,-22.90643758416018,-43.14773152429786,342.5,10.5,0.436538905,0.0207778215,0.0789941251
,305792000,-22.90643758416018,-43.14773152429786,342.5,10.5,0.436538905,0.0207778215,0.0789941251
,305792000,-22.90643758416018,-43.14773152429786,342.5,10.5,0.436538905,0.0207778215,0.0789941251
,305792000,-22.90643758416018,-43.14773152429786,342.5,10.5,0.436538905,0.0207778215,0.0789941251
,305792000,-22.906391259095287,-43.14774798556542,342.5,10.5,0.436538905,0.0207778215,0.0789941251
,305792000,-22.906391259095287,-43.14774798556542,342.5,10.5,0.436538905,0.0207778215,0.0789941251
,305792000,-22.906391259095287,-43.14774798556542,342.5,10.5,0.436538905,0.0207778215,0.0789941251
,305792000,-22.906391259095287,-43.14774798556542,342.5,10.5,0.436538905,0.0207778215,0.0789941251
,305792000,-22.906391259095287,-43.14774798556542,342.5,10.5,0.436538905,0.0207778215,0.0789941251
,305792000,-22.906391259095287,-43.14774798556542,342.5,10.5,0.436538905,0.0207778215,0.0789941251
,305792000,-22.906391259095287,-43.14774798556542,342.5,10.5,0.436538905,0.0207778215,0.0789941251
,305792000,-22.906391259095287,-43.14774798556542,342.5,10.5,0.436538905,0.0207778215,0.0789941251
,305792000,-22.906391259095287,-43.14774798556542,342.5,10.5,0.436538905,0.0207778215,0.0789941251
,305792000,-22.906391259095287,-43.14774798556542,342.5,10.5,0.436538905,0.0207778215,0.0789941251
,305792000,-22.906391259095287,-43.14774798556542,342.5,10.5,0.436538905,0.0207778215,0.0789941251
,305792000,-22.906391259095287,-43.14774798556542,342.5,10.5,0.436538905,0.0207778215,0.0789941251
,305792000,-22.906391259095287,-43.14774798556542,342.5,10.5,0.436538905,0.0207778215,0.0789941251
,305792000,-22.9063449340277,-43.14776444682071,342.5,10.5,0.436538905,0.0207778215,0.0789941251
,305792000,-22.9063449340277,-43.14776444682071,342.5,10.5,0.436538905,0.0207778215,0.0789941251
,305792000,-22.9063449340277,-43.14776444682071,342.5,10.5,0.432700008,0.0208222866,0.0812071711
,305792000,-22.9063449340277,-43.14776444682071,342.5,10.5,0.432700008,0.0208222866,0.0812071711
,305792000,-22.9063449340277,-43.14776444682071,342.5,10.5,0.432700008,0.0208222866,0.0812071711
,305792000,-22.9063449340277,-43.14776444682071,342.5,10.5,0.432700008,0.0208222866,0.0808763728
,305792000,-22.9063449340277,-43.14776444682071,342.5,10.5,0.432700008,0.0208222866,0.0808763728
,305792000,-22.9063449340277,-43.14776444682071,342.5,10.5,0.432700008,0.0208222866,0.0808763728
,305792000,-22.9063449340277,-43.14776444682071,342.5,10.5,0.432700008,0.0208222866,0.0808763728
,305792000,-22.9063449340277,-43.14776444682071,342.5,10.5,0.432700008,0.0208222866,0.0808763728
,305792000,-22.9063449340277,-43.14776444682071,342.5,10.5,0.432700008,0.0208222866,0.0808763728
,305792000,-22.9063449340277,-43.14776444682071,342.5,10.5,0.432700008,0.0208222866,0.0808763728
,305792000,-22.9063449340277,-43.14776444682071,342.5,10.5,0.432700008,0.0208222866,0.0808763728
,305792000,-22.9063449340277,-43.14776444682071,342.5,10.5,0.432700008,0.0208222866,0.0808763728
,305792000,-22.9063449340277,-43.14776444682071,342.5,10.5,0.432700008,0.0208222866,0.0808763728
,305792000,-22.906298608957414,-43.14778090806373,342.5,10.5,0.432700008,0.0208222866,0.0808763728
,305792000,-22.906298608957414,-43.14778090806373,342.5,10.5,0.432700008,0.0208222866,0.0808763728
,305792000,-22.906298608957414,-43.14778090806373,342.5,10.5,0.432700008,0.0208222866,0.0808763728
,305792000,-22.906298608957414,-43.14778090806373,342.5,10.5,0.432700008,0.0208222866,0.0808763728
,305792000,-22.906298608957414,-43.14778090806373,342.5,10.5,0.432700008,0.0208222866,0.0808763728
,305792000,-22.906298608957414,-43.14778090806373,342.5,10.5,0.432700008,0.0208222866,0.0808763728
,305792000,-22.906298608957414,-43.14778090806373,342.5,10.5,0.432700008,0.0208222866,0.0808763728
,305792000,-22.906298608957414,-43.14778090806373,342.5,10.5,0.432700008,0.0208222866,0.0808763728
,305792000,-22.906298608957414,-43.14778090806373,342.5,10.5,0.432700008,0.0208222866,0.0808763728
,305792000,-22.906298608957414,-43.14778090806373,342.5,10.5,0.432700008,0.0208222866,0.0808763728
,305792000,-22.906298608957414,-43.14778090806373,342.5,10.5,0.432700008,0.0208222866,0.0808763728
,305792000,-22.906298608957414,-43.14778090806373,342.5,10.5,0.432700008,0.0208222866,0.0808763728
,305792000,-22.906298608957414,-43.14778090806373,342.5,10.5,0.432700008,0.0208222866,0.0808763728
,305792000,-22.906298608957414,-43.14778090806373,342.5,10.5,0.432700008,0.0208222866,0.0808763728
,305792000,-22.906298608957414,-43.14778090806373,342.5,10.5,0.432700008,0.0208222866,0.0808763728
,305792000,-22.906252283884427,-43.14779736929448,342.5,10.5,0.432700008,0.0208222866,0.0808763728
,305792000,-22.906252283884427,-43.14779736929448,342.5,10.5,0.432700008,0.0208222866,0.0808763728
,305792000,-22.906252283884427,-43.14779736929448,342.5,10.5,0.432700008,0.0208222866,0.0808763728
,305792000,-22.906252283884427,-43.14779736929448,342.5,10.5,0.432700008,0.0208222866,0.0808763728
,305792000,-22.906252283884427,-43.14779736929448,342.5,10.5,0.432700008,0.0208222866,0.0808763728
,305792000,-22.906252283884427,-43.14779736929448,342.5,10.5,0.432700008,0.0208222866,0.0808763728
,305792000,-22.906252283884427,-43.14779736929448,342.5,10.5,0.432700008,0.0208222866,0.0808763728
,305792000,-22.906252283884427,-43.14779736929448,342.5,10.5,0.432700008,0.0208222866,0.0808763728
,305792000,-22.906252283884427,-43.14779736929448,342.5,10.5,0.432700008,0.0208222866,0.0808763728
,305792000,-22.906252283884427,-43.14779736929448,342.5,10.5,0.432700008,0.0208222866,0.0808763728
,305792000,-22.906252283884427,-43.14779736929448,342.5,10.5,0.432700008,0.0208222866,0.0808763728
,305792000,-22.906252283884427,-43.14779736929448,342.5,10.5,0.432700008,0.0208222866,0.0808763728
,305792000,-22.906252283884427,-43.14779736929448,342.5,10.5,0.432700008,0.0208222866,0.0808763728
,305792000,-22.906252283884427,-43.14779736929448,342.5,10.5,0.432700008,0.0208222866,0.0808763728
,305792000,-22.906252283884427,-43.14779736929448,342.5,10.5,0.432700008,0.0208222866,0.0808763728
,305792000,-22.906205958808748,-43.14781383051297,342.5,10.5,0.432700008,0.0208222866,0.0808763728
,305792000,-22.906205958808748,-43.14781383051297,342.5,10.5,0.432700008,0.0208222866,0.0808763728
,305792000,-22.906115849201502,-43.14783010716074,343.1,10.4,0.42889443,0.0208777189,0.0834333599
,305792000,-22.906115849201502,-43.14783010716074,343.1,10.4,0.42889443,0.0208777189,0.0834333599
,305792000,-22.906115849201502,-43.14783010716074,343.1,10.4,0.42889443,0.0208777189,0.0833910555
,305792000,-22.906115849201502,-43.14783010716074,343.1,10.4,0.42889443,0.0208777189,0.0833910555
,305792000,-22.906115849201502,-43.14783010716074,343.1,10.4,0.42889443,0.0208777189,0.0833910555
,305792000,-22.906115849201502,-43.14783010716074,343.1,10.4,0.42889443,0.0208777189,0.0833910555
,305792000,-22.906115849201502,-43.14783010716074,343.1,10.4,0.42889443,0.0208777189,0.0833910555
,305792000,-22.906115849201502,-43.14783010716074,343.1,10.4,0.42889443,0.0208777189,0.0833910555
,305792000,-22.906115849201502,-43.14783010716074,343.1,10.4,0.42889443,0.0208777189,0.0833910555
,305792000,-22.906115849201502,-43.14783010716074,343.1,10.4,0.42889443,0.0208777189,0.0833910555
,305792000,-22.906115849201502,-43.14783010716074,343.1,10.4,0.42889443,0.0208777189,0.0833910555
,305792000,-22.906115849201502,-43.14783010716074,343.1,10.4,0.42889443,0.0208777189,0.0833910555
,305792000,-22.906115849201502,-43.14783010716074,343.1,10.4,0.42889443,0.0208777189,0.0833910555
,305792000,-22.906115849201502,-43.14783010716074,343.1,10.4,0.42889443,0.0208777189,0.0833910555
,305792000,-22.906115849201502,-43.14783010716074,343.1,10.4,0.42889443,0.0208777189,0.0833910555
,305792000,-22.906069809654912,-43.147845892028215,343.1,10.4,0.42889443,0.0208777189,0.0833910555
,305792000,-22.906069809654912,-43.147845892028215,343.1,10.4,0.42889443,0.0208777189,0.0833910555
,305792000,-22.906069809654912,-43.147845892028215,343.1,10.4,0.42889443,0.0208777189,0.0833910555
,305792000,-22.906069809654912,-43.147845892028215,343.1,10.4,0.42889443,0.0208777189,0.0833910555
,305792000,-22.906069809654912,-43.147845892028215,343.1,10.4,0.42889443,0.0208777189,0.0833910555
,305792000,-22.906069809654912,-43.147845892028215,343.1,10.4,0.42889443,0.0208777189,0.0833910555
,305792000,-22.906069809654912,-43.147845892028215,343.1,10.4,0.42889443,0.0208777189,0.0833910555
,305792000,-22.906069809654912,-43.147845892028215,343.1,10.4,0.42889443,0.0208777189,0.0833910555
,305792000,-22.906069809654912,-43.147845892028215,343.1,10.4,0.42889443,0.0208777189,0.0833910555
,305792000,-22.906069809654912,-43.147845892028215,343.1,10.4,0.42889443,0.0208777189,0.0833910555
,305792000,-22.906069809654912,-43.147845892028215,343.1,10.4,0.42889443,0.0208777189,0.0833910555
,305792000,-22.906069809654912,-43.147845892028215,343.1,10.4,0.42889443,0.0208777189,0.0833910555
,305792000,-22.906069809654912,-43.147845892028215,343.1,10.4,0.42889443,0.0208777189,0.0833910555
,305792000,-22.906069809654912,-43.147845892028215,343.1,10.4,0.42889443,0.0208777189,0.0833910555
,305792000,-22.906069809654912,-43.147845892028215,343.1,10.4,0.42889443,0.0208777189,0.0833910555
,305792000,-22.906023770105794,-43.147861676883956,343.1,10.4,0.42889443,0.0208777189,0.0833910555
,305792000,-22.906023770105794,-43.147861676883956,343.1,10.4,0.42889443,0.0208777189,0.0833910555
,305792000,-22.906023770105794,-43.147861676883956,343.1,10.4,0.42889443,0.0208777189,0.0833910555
,305792000,-22.906023770105794,-43.147861676883956,343.1,10.4,0.42889443,0.0208777189,0.0833910555
,305792000,-22.906023770105794,-43.147861676883956,343.1,10.4,0.42889443,0.0208777189,0.0833910555
,305792000,-22.906023770105794,-43.147861676883956,343.1,10.4,0.42889443,0.0208777189,0.0833910555
,305792000,-22.906023770105794,-43.147861676883956,343.1,10.4,0.42889443,0.0208777189,0.0833910555
,305792000,-22.906023770105794,-43.147861676883956,343.1,10.4,0.42889443,0.0208777189,0.0833910555
,305792000,-22.906023770105794,-43.147861676883956,343.1,10.4,0.42889443,0.0208777189,0.0833910555
,305792000,-22.906023770105794,-43.147861676883956,343.1,10.4,0.42889443,0.0208777189,0.0833910555
,305792000,-22.906023770105794,-43.147861676883956,343.1,10.4,0.42889443,0.0208777189,0.0833910555
,305792000,-22.906023770105794,-43.147861676883956,343.1,10.4,0.42889443,0.0208777189,0.0833910555
,305792000,-22.906023770105794,-43.147861676883956,343.1,10.4,0.42889443,0.0208777189,0.0833910555
,305792000,-22.906023770105794,-43.147861676883956,343.1,10.4,0.42889443,0.0208777189,0.0833910555
,305792000,-22.906023770105794,-43.147861676883956,343.1,10.4,0.42889443,0.0208777189,0.0833910555
,305792000,-22.905977730554156,-43.14787746172796,343.1,10.4,0.423016667,0.0209889412,0.0877729282
,305792000,-22.905977730554156,-43.14787746172796,343.1,10.4,0.423016667,0.0209889412,0.0877729282
,305792000,-22.905977730554156,-43.14787746172796,343.1,10.4,0.423016667,0.0209889412,0.0877729282
,305792000,-22.905977730554156,-43.14787746172796,343.1,10.4,0.423016667,0.0209889412,0.0877729282
,305792000,-22.905977730554156,-43.14787746172796,343.1,10.4,0.423016667,0.0209889412,0.0877729282
,305792000,-22.905977730554156,-43.14787746172796,343.1,10.4,0.423016667,0.0209889412,0.0877729282
,305792000,-22.905977730554156,-43.14787746172796,343.1,10.4,0.423016667,0.0209889412,0.0877729282
,305792000,-22.905977730554156,-43.14787746172796,343.1,10.4,0.423016667,0.0209889412,0.0877729282
,305792000,-22.905977730554156,-43.14787746172796,343.1,10.4,0.423016667,0.0209889412,0.0877729282
,305792000,-22.905977730554156,-43.14787746172796,343.1,10.4,0.423016667,0.0209889412,0.0877729282
,305792000,-22.905977730554156,-43.14787746172796,343.1,10.4,0.423016667,0.0209889412,0.0877729282
,305792000,-22.905977730554156,-43.14787746172796,343.1,10.4,0.423016667,0.0209889412,0.0877729282
,305792000,-22.905977730554156,-43.14787746172796,343.1,10.4,0.423016667,0.0209889412,0.0877729282
,305792000,-22.905977730554156,-43.14787746172796,343.1,10.4,0.423016667,0.0209889412,0.0877729282
,305792000,-22.905977730554156,-43.14787746172796,343.1,10.4,0.423016667,0.0209889412,0.0877729282
,305792000,-22.905931690999996,-43.14789324656022,343.1,10.4,0.423016667,0.0209889412,0.0877729282
,305792000,-22.905931690999996,-43.14789324656022,343.1,10.4,0.423016667,0.0209889412,0.0877729282
,305792000,-22.905931690999996,-43.14789324656022,343.1,10.4,0.423016667,0.0209889412,0.0877729282
,305792000,-22.905931690999996,-43.14789324656022,343.1,10.4,0.423016667,0.0209889412,0.0877729282
,305792000,-22.905931690999996,-43.14789324656022,343.1,10.4,0.423016667,0.0209889412,0.0877729282
,305792000,-22.905931690999996,-43.14789324656022,343.1,10.4,0.423016667,0.0209889412,0.0877729282
,305792000,-22.905931690999996,-43.14789324656022,343.1,10.4,0.423016667,0.0209889412,0.0877729282
,305792000,-22.905931690999996,-43.14789324656022,343.1,10.4,0.423016667,0.0209889412,0.0877729282
,305792000,-22.905931690999996,-43.14789324656022,343.1,10.4,0.423016667,0.0209889412,0.0877729282
,305792000,-22.905931690999996,-43.14789324656022,343.1,10.4,0.423016667,0.0209889412,0.0877729282
,305792000,-22.905931690999996,-43.14789324656022,343.1,10.4,0.423016667,0.0209889412,0.0877729282
,305792000,-22.905931690999996,-43.14789324656022,343.1,10.4,0.423016667,0.0209889412,0.0877729282
,305792000,-22.905931690999996,-43.14789324656022,343.1,10.4,0.423016667,0.0209889412,0.0877729282
,305792000,-22.905931690999996,-43.14789324656022,343.1,10.4,0.423016667,0.0209889412,0.0877729282
,305792000,-22.905931690999996,-43.14789324656022,343.1,10.4,0.423016667,0.0209889412,0.0877729282
,305792000,-22.90588565144332,-43.14790903138075,343.1,10.4,0.423016667,0.0209889412,0.0877729282
,305792000,-22.90588565144332,-43.14790903138075,343.1,10.4,0.423016667,0.0209889412,0.0877729282
,305792000,-22.90588565144332,-43.14790903138075,343.1,10.4,0.423016667,0.0209889412,0.0877729282
,305792000,-22.90588565144332,-43.14790903138075,343.1,10.4,0.423016667,0.0209889412,0.0877729282
,305792000,-22.90588565144332,-43.14790903138075,343.1,10.4,0.423016667,0.0209889412,0.0877729282
,305792000,-22.90588565144332,-43.14790903138075,343.1,10.4,0.423016667,0.0209889412,0.0877729282
,305792000,-22.90588565144332,-43.14790903138075,343.1,10.4,0.423016667,0.0209889412,0.0877729282
,305792000,-22.90588565144332,-43.14790903138075,343.1,10.4,0.423016667,0.0209889412,0.0877729282
,305792000,-22.90588565144332,-43.14790903138075,343.1,10.4,0.423016667,0.0209889412,0.0877729282
,305792000,-22.90588565144332,-43.14790903138075,343.1,10.4,0.423016667,0.0209889412,0.0877729282
,305792000,-22.90588565144332,-43.14790903138075,343.1,10.4,0.423016667,0.0209889412,0.0877729282
,305792000,-22.90588565144332,-43.14790903138075,343.1,10.4,0.423016667,0.0209889412,0.0877729282
,305792000,-22.90588565144332,-43.14790903138075,343.1,10.4,0.419333339,0.0210443735,0.0905650705
,305792000,-22.905747532758134,-43.147956385771906,343.1,10.4,0.419333339,0.0210443735,0.0905650705
,305792000,-22.905747532758134,-43.147956385771906,343.1,10.4,0.419333339,0.0210443735,0.0902725533
,305792000,-22.905747532758134,-43.147956385771906,343.1,10.4,0.419333339,0.0210443735,0.0902725533
,305792000,-22.905655453622064,-43.14798795530733,343.1,10.4,0.419333339,0.0210443735,0.0902725533
,305792000,-22.905774590724587,-43.14794922024704,343.1,10.4,0.415677756,0.0211000443,0.0934196636
,305792000,-22.905774590724587,-43.14794922024704,343.1,10.4,0.415677756,0.0211000443,0.0934196636
,305792000,-22.905774590724587,-43.14794922024704,343.1,10.4,0.415677756,0.0211000443,0.0934196636
,305792000,-22.905774590724587,-43.14794922024704,343.1,10.4,0.415677756,0.0211000443,0.0934196636
,305792000,-22.905774590724587,-43.14794922024704,343.1,10.4,0.415677756,0.0211000443,0.0934196636
,305792000,-22.905774590724587,-43.14794922024704,343.1,10.4,0.415677756,0.0211000443,0.0934196636
,305792000,-22.905774590724587,-43.14794922024704,343.1,10.4,0.415677756,0.0211000443,0.0934196636
,305792000,-22.905774590724587,-43.14794922024704,343.1,10.4,0.415677756,0.0211000443,0.0934196636
,305792000,-22.905774590724587,-43.14794922024704,343.1,10.4,0.415677756,0.0211000443,0.0934196636
,305792000,-22.905774590724587,-43.14794922024704,343.1,10.4,0.415677756,0.0211000443,0.0934196636
,305792000,-22.905774590724587,-43.14794922024704,343.1,10.4,0.415677756,0.0211000443,0.0934196636
,305792000,-22.905774590724587,-43.14794922024704,343.1,10.4,0.415677756,0.0211000443,0.0934196636
,305792000,-22.905774590724587,-43.14794922024704,343.1,10.4,0.415677756,0.0211000443,0.0934196636
,305792000,-22.905774590724587,-43.14794922024704,343.1,10.4,0.415677756,0.0211000443,0.0934196636
,305792000,-22.905774590724587,-43.14794922024704,343.1,10.4,0.415677756,0.0211000443,0.0934196636
,305792000,-22.905774590724587,-43.14794922024704,343.1,10.4,0.415677756,0.0211000443,0.0934196636
,305792000,-22.905728551159036,-43.147965005026826,343.1,10.4,0.415677756,0.0211000443,0.0934196636
,305792000,-22.905728551159036,-43.147965005026826,343.1,10.4,0.415677756,0.0211000443,0.0934196636
,305792000,-22.905728551159036,-43.147965005026826,343.1,10.4,0.415677756,0.0211000443,0.0934196636
,305792000,-22.905728551159036,-43.147965005026826,343.1,10.4,0.415677756,0.0211000443,0.0934196636
,305792000,-22.905728551159036,-43.147965005026826,343.1,10.4,0.415677756,0.0211000443,0.0934196636
,305792000,-22.905728551159036,-43.147965005026826,343.1,10.4,0.415677756,0.0211000443,0.0934196636
,305792000,-22.905728551159036,-43.147965005026826,343.1,10.4,0.415677756,0.0211000443,0.0934196636
,305792000,-22.905728551159036,-43.147965005026826,343.1,10.4,0.415677756,0.0211000443,0.0934196636
,305792000,-22.905728551159036,-43.147965005026826,343.1,10.4,0.41635555,0.0210889578,0.0925588086
,305792000,-22.905728551159036,-43.147965005026826,343.1,10.4,0.41635555,0.0210889578,0.0925588086
,305792000,-22.905728551159036,-43.147965005026826,343.1,10.4,0.41635555,0.0210889578,0.092787236
,305792000,-22.905728551159036,-43.147965005026826,343.1,10.4,0.41635555,0.0210889578,0.092787236
,305792000,-22.905728551159036,-43.147965005026826,343.1,10.4,0.41635555,0.0210889578,0.092787236
,305792000,-22.905728551159036,-43.147965005026826,343.1,10.4,0.41635555,0.0210889578,0.092787236
,305792000,-22.905682511590967,-43.147980789794865,343.1,10.4,0.41635555,0.0210889578,0.092787236
,305792000,-22.905682511590967,-43.147980789794865,343.1,10.4,0.41635555,0.0210889578,0.092787236
,305792000,-22.905682511590967,-43.147980789794865,343.1,10.4,0.41635555,0.0210889578,0.092787236
,305792000,-22.905682511590967,-43.147980789794865,343.1,10.4,0.41635555,0.0210889578,0.092787236
,305792000,-22.905682511590967,-43.147980789794865,343.1,10.4,0.41635555,0.0210889578,0.092787236
,305792000,-22.905682511590967,-43.147980789794865,343.1,10.4,0.41635555,0.0210889578,0.092787236
,305792000,-22.905682511590967,-43.147980789794865,343.1,10.4,0.41635555,0.0210889578,0.092787236
,305792000,-22.905682511590967,-43.147980789794865,343.1,10.4,0.41635555,0.0210889578,0.092787236
,305792000,-22.905682511590967,-43.147980789794865,343.1,10.4,0.41635555,0.0210889578,0.092787236
,305792000,-22.905682511590967,-43.147980789794865,343.1,10.4,0.41635555,0.0210889578,0.092787236
,305792000,-22.905682511590967,-43.147980789794865,343.1,10.4,0.41635555,0.0210889578,0.092787236
,305792000,-22.905682511590967,-43.147980789794865,343.1,10.4,0.41635555,0.0210889578,0.092787236
,305792000,-22.905682511590967,-43.147980789794865,343.1,10.4,0.41635555,0.0210889578,0.092787236
,305792000,-22.905682511590967,-43.147980789794865,343.1,10.4,0.41635555,0.0210889578,0.092787236
,305792000,-22.905682511590967,-43.147980789794865,343.1,10.4,0.41635555,0.0210889578,0.092787236
,305792000,-22.905682511590967,-43.147980789794865,343.1,10.4,0.41635555,0.0210889578,0.092787236
,305792000,-22.905636472020383,-43.14799657455117,343.1,10.4,0.41635555,0.0210889578,0.092787236
,305792000,-22.905636472020383,-43.14799657455117,343.1,10.4,0.41635555,0.0210889578,0.092787236
,305792000,-22.905636472020383,-43.14799657455117,343.1,10.4,0.41635555,0.0210889578,0.092787236
,305792000,-22.905636472020383,-43.14799657455117,343.1,10.4,0.41635555,0.0210889578,0.092787236
,305792000,-22.905636472020383,-43.14799657455117,343.1,10.4,0.41635555,0.0210889578,0.092787236
,305792000,-22.905636472020383,-43.14799657455117,343.1,10.4,0.41635555,0.0210889578,0.092787236
,305792000,-22.905636472020383,-43.14799657455117,343.1,10.4,0.41635555,0.0210889578,0.092787236
,305792000,-22.905636472020383,-43.14799657455117,343.1,10.4,0.41635555,0.0210889578,0.092787236
,305792000,-22.905636472020383,-43.14799657455117,343.1,10.4,0.41635555,0.0210889578,0.092787236
,305792000,-22.905636472020383,-43.14799657455117,343.1,10.4,0.41635555,0.0210889578,0.092787236
,305792000,-22.905636472020383,-43.14799657455117,343.1,10.4,0.41635555,0.0210889578,0.092787236
,305792000,-22.905636472020383,-43.14799657455117,343.1,10.4,0.41635555,0.0210889578,0.092787236
,305792000,-22.905636472020383,-43.14799657455117,343.1,10.4,0.41635555,0.0210889578,0.092787236
,305792000,-22.905636472020383,-43.14799657455117,343.1,10.4,0.41635555,0.0210889578,0.092787236
,305792000,-22.90559043244727,-43.14801235929574,343.1,10.4,0.41635555,0.0210889578,0.092787236
,305792000,-22.90559043244727,-43.14801235929574,343.1,10.4,0.41635555,0.0210889578,0.092787236
,305792000,-22.90559043244727,-43.14801235929574,343.1,10.4,0.41635555,0.0210889578,0.092787236
,305792000,-22.90559043244727,-43.14801235929574,343.1,10.4,0.412727773,0.0211443901,0.0952186361
,305792000,-22.90559043244727,-43.14801235929574,343.1,10.4,0.412727773,0.0211443901,0.0952186361
,305792000,-22.90559043244727,-43.14801235929574,343.1,10.4,0.412727773,0.0211443901,0.0952868536
,305792000,-22.90559043244727,-43.14801235929574,343.1,10.4,0.412727773,0.0211443901,0.0952868536
,305792000,-22.90559043244727,-43.14801235929574,343.1,10.4,0.412727773,0.0211443901,0.0952868536
,305792000,-22.90559043244727,-43.14801235929574,343.1,10.4,0.412727773,0.0211443901,0.0952868536
,305792000,-22.90559043244727,-43.14801235929574,343.1,10.4,0.412727773,0.0211443901,0.0952868536
,305792000,-22.90559043244727,-43.14801235929574,343.1,10.4,0.412727773,0.0211443901,0.0952868536
,305792000,-22.905544392871636,-43.14802814402858,343.1,10.4,0.412727773,0.0211443901,0.0952868536
,305792000,-22.905544392871636,-43.14802814402858,343.1,10.4,0.412727773,0.0211443901,0.0952868536
,305792000,-22.905544392871636,-43.14802814402858,343.1,10.4,0.412727773,0.0211443901,0.0952868536
,305792000,-22.905544392871636,-43.14802814402858,343.1,10.4,0.412727773,0.0211443901,0.0952868536
,305792000,-22.905544392871636,-43.14802814402858,343.1,10.4,0.412727773,0.0211443901,0.0952868536
,305792000,-22.905544392871636,-43.14802814402858,343.1,10.4,0.412727773,0.0211443901,0.0952868536
,305792000,-22.905544392871636,-43.14802814402858,343.1,10.4,0.412727773,0.0211443901,0.0952868536
,305792000,-22.905544392871636,-43.14802814402858,343.1,10.4,0.412727773,0.0211443901,0.0952868536
,305792000,-22.905544392871636,-43.14802814402858,343.1,10.4,0.412727773,0.0211443901,0.0952868536
,305792000,-22.905544392871636,-43.14802814402858,343.1,10.4,0.412727773,0.0211443901,0.0952868536
,305792000,-22.905544392871636,-43.14802814402858,343.1,10.4,0.412727773,0.0211443901,0.0952868536
,305792000,-22.905544392871636,-43.14802814402858,343.1,10.4,0.412727773,0.0211443901,0.0952868536
,305792000,-22.905544392871636,-43.14802814402858,343.1,10.4,0.412727773,0.0211443901,0.0952868536
,305792000,-22.905544392871636,-43.14802814402858,343.1,10.4,0.412727773,0.0211443901,0.0952868536
,305792000,-22.905544392871636,-43.14802814402858,343.1,10.4,0.412727773,0.0211443901,0.0952868536
,305792000,-22.90549835329348,-43.14804392874967,343.1,10.4,0.412727773,0.0211443901,0.0952868536
,305792000,-22.90549835329348,-43.14804392874967,343.1,10.4,0.412727773,0.0211443901,0.0952868536
,305792000,-22.90549835329348,-43.14804392874967,343.1,10.4,0.412727773,0.0211443901,0.0952868536
,305792000,-22.905452313712807,-43.148059713459034,343.1,10.4,0.412727773,0.0211443901,0.0952868536
,305792000,-22.905452313712807,-43.148059713459034,343.1,10.4,0.412727773,0.0211443901,0.0952868536
,305792000,-22.905452313712807,-43.148059713459034,343.1,10.4,0.412727773,0.0211443901,0.0952868536
,305792000,-22.905452313712807,-43.148059713459034,343.1,10.4,0.409122199,0.0212110281,0.0978015363
,305792000,-22.905452313712807,-43.148059713459034,343.1,10.4,0.409122199,0.0212110281,0.0978015363
,305792000,-22.905452313712807,-43.148059713459034,343.1,10.4,0.409122199,0.0212110281,0.0978015363
,305792000,-22.905452313712807,-43.148059713459034,343.1,10.4,0.409122199,0.0212110281,0.0978015363
,305792000,-22.905452313712807,-43.148059713459034,343.1,10.4,0.409122199,0.0212110281,0.0978015363
,305792000,-22.905452313712807,-43.148059713459034,343.1,10.4,0.409122199,0.0212110281,0.0978015363
,305792000,-22.905406274129604,-43.148075498156665,343.1,10.4,0.409122199,0.0212110281,0.0978015363
,305792000,-22.905406274129604,-43.148075498156665,343.1,10.4,0.409122199,0.0212110281,0.0978015363
,305792000,-22.905406274129604,-43.148075498156665,343.1,10.4,0.409122199,0.0212110281,0.0978015363
,305792000,-22.905406274129604,-43.148075498156665,343.1,10.4,0.409122199,0.0212110281,0.0978015363
,305792000,-22.905406274129604,-43.148075498156665,343.1,10.4,0.409122199,0.0212110281,0.0978015363
,305792000,-22.905406274129604,-43.148075498156665,343.1,10.4,0.409122199,0.0212110281,0.0978015363
,305792000,-22.905406274129604,-43.148075498156665,343.1,10.4,0.409122199,0.0212110281,0.0978015363
,305792000,-22.905406274129604,-43.148075498156665,343.1,10.4,0.409122199,0.0212110281,0.0978015363
,305792000,-22.905406274129604,-43.148075498156665,343.1,10.4,0.409122199,0.0212110281,0.0978015363
,305792000,-22.905406274129604,-43.148075498156665,343.1,10.4,0.409122199,0.0212110281,0.0978015363
,305792000,-22.905406274129604,-43.148075498156665,343.1,10.4,0.409122199,0.0212110281,0.0978015363
,305792000,-22.905406274129604,-43.148075498156665,343.1,10.4,0.409122199,0.0212110281,0.0978015363
,305792000,-22.905406274129604,-43.148075498156665,343.1,10.4,0.409122199,0.0212110281,0.0978015363
,305792000,-22.905406274129604,-43.148075498156665,343.1,10.4,0.409122199,0.0212110281,0.0978015363
,305792000,-22.905406274129604,-43.148075498156665,343.1,10.4,0.409122199,0.0212110281,0.0978015363
,305792000,-22.905360234543885,-43.14809128284255,343.1,10.4,0.409122199,0.0212110281,0.0978015363
,305792000,-22.905360234543885,-43.14809128284255,343.1,10.4,0.409122199,0.0212110281,0.0978015363
,305792000,-22.905360234543885,-43.14809128284255,343.1,10.4,0.409122199,0.0212110281,0.0978015363
,305792000,-22.905360234543885,-43.14809128284255,343.1,10.4,0.409122199,0.0212110281,0.0978015363
,305792000,-22.905360234543885,-43.14809128284255,343.1,10.4,0.409122199,0.0212110281,0.0978015363
,305792000,-22.905360234543885,-43.14809128284255,343.1,10.4,0.409122199,0.0212110281,0.0978015363
,305792000,-22.905360234543885,-43.14809128284255,343.1,10.4,0.409122199,0.0212110281,0.0978015363
,305792000,-22.905360234543885,-43.14809128284255,343.1,10.4,0.409122199,0.0212110281,0.0978015363
,305792000,-22.905360234543885,-43.14809128284255,343.1,10.4,0.409122199,0.0212110281,0.0978015363
,305792000,-22.905360234543885,-43.14809128284255,343.1,10.4,0.409122199,0.0212110281,0.0978015363
,305792000,-22.905360234543885,-43.14809128284255,343.1,10.4,0.409122199,0.0212110281,0.0978015363
,305792000,-22.905360234543885,-43.14809128284255,343.1,10.4,0.409122199,0.0212110281,0.0978015363
,305792000,-22.905360234543885,-43.14809128284255,343.1,10.4,0.409122199,0.0212110281,0.0978015363
,305792000,-22.905360234543885,-43.14809128284255,343.1,10.4,0.409122199,0.0212110281,0.0978015363
,305792000,-22.90531419495564,-43.148107067516705,343.1,10.4,0.409122199,0.0212110281,0.0978015363
,305792000,-22.90531419495564,-43.148107067516705,343.1,10.4,0.409122199,0.0212110281,0.0978015363
,305792000,-22.90531419495564,-43.148107067516705,343.1,10.4,0.409122199,0.0212110281,0.0978015363
,305792000,-22.90531419495564,-43.148107067516705,343.1,10.4,0.409122199,0.0212110281,0.0978015363
,305792000,-22.90531419495564,-43.148107067516705,343.1,10.4,0.409122199,0.0212110281,0.0978015363
,305792000,-22.90531419495564,-43.148107067516705,343.1,10.4,0.409122199,0.0212110281,0.0978015363
,305792000,-22.90531419495564,-43.148107067516705,343.1,10.4,0.409122199,0.0212110281,0.0978015363
,305792000,-22.90531419495564,-43.148107067516705,343.1,10.4,0.409122199,0.0212110281,0.0978015363
,305792000,-22.90531419495564,-43.148107067516705,343.1,10.4,0.409122199,0.0212110281,0.0978015363
,305792000,-22.90531419495564,-43.148107067516705,343.1,10.4,0.405555546,0.0212666988,0.100786
,305792000,-22.90531419495564,-43.148107067516705,343.1,10.4,0.405555546,0.0212666988,0.100786
,305792000,-22.90531419495564,-43.148107067516705,343.1,10.4,0.405555546,0.0212666988,0.100933596
,305792000,-22.90531419495564,-43.148107067516705,343.1,10.4,0.405555546,0.0212666988,0.100933596
,305792000,-22.90531419495564,-43.148107067516705,343.1,10.4,0.405555546,0.0212666988,0.100933596
,305792000,-22.90531419495564,-43.148107067516705,343.1,10.4,0.405555546,0.0212666988,0.100933596
,305792000,-22.90531419495564,-43.148107067516705,343.1,10.4,0.405555546,0.0212666988,0.100933596
,305792000,-22.90526815536488,-43.14812285217912,343.1,10.4,0.405555546,0.0212666988,0.100933596
,305792000,-22.90526815536488,-43.14812285217912,343.1,10.4,0.405555546,0.0212666988,0.100933596
,305792000,-22.90526815536488,-43.14812285217912,343.1,10.4,0.405555546,0.0212666988,0.100933596
,305792000,-22.90526815536488,-43.14812285217912,343.1,10.4,0.405555546,0.0212666988,0.100933596
,305792000,-22.90526815536488,-43.14812285217912,343.1,10.4,0.405555546,0.0212666988,0.100933596
,305792000,-22.90526815536488,-43.14812285217912,343.1,10.4,0.405555546,0.0212666988,0.100933596
,305792000,-22.905277386193774,-43.1481182633492,342.7,10.3,0.405555546,0.0212666988,0.100933596
,305792000,-22.905277386193774,-43.1481182633492,342.7,10.3,0.405555546,0.0212666988,0.100933596
,305792000,-22.905277386193774,-43.1481182633492,342.7,10.3,0.405555546,0.0212666988,0.100933596
,305792000,-22.905277386193774,-43.1481182633492,342.7,10.3,0.405555546,0.0212666988,0.100933596
,305792000,-22.905277386193774,-43.1481182633492,342.7,10.3,0.405555546,0.0212666988,0.100933596
,305792000,-22.905277386193774,-43.1481182633492,342.7,10.3,0.405555546,0.0212666988,0.100933596
,305792000,-22.905277386193774,-43.1481182633492,342.7,10.3,0.405555546,0.0212666988,0.100933596
,305792000,-22.905277386193774,-43.1481182633492,342.7,10.3,0.405555546,0.0212666988,0.100933596
,305792000,-22.9052318915073,-43.14813423945362,342.7,10.3,0.405555546,0.0212666988,0.100933596
,305792000,-22.9052318915073,-43.14813423945362,342.7,10.3,0.405555546,0.0212666988,0.100933596
,305792000,-22.9052318915073,-43.14813423945362,342.7,10.3,0.405555546,0.0212666988,0.100933596
,305792000,-22.9052318915073,-43.14813423945362,342.7,10.3,0.405555546,0.0212666988,0.100933596
,305792000,-22.9052318915073,-43.14813423945362,342.7,10.3,0.405555546,0.0212666988,0.100933596
,305792000,-22.9052318915073,-43.14813423945362,342.7,10.3,0.405555546,0.0212666988,0.100933596
,305792000,-22.9052318915073,-43.14813423945362,342.7,10.3,0.405555546,0.0212666988,0.100933596
,305792000,-22.9052318915073,-43.14813423945362,342.7,10.3,0.405555546,0.0212666988,0.100933596
,305792000,-22.9052318915073,-43.14813423945362,342.7,10.3,0.405555546,0.0212666988,0.100933596
,305792000,-22.9052318915073,-43.14813423945362,342.7,10.3,0.405555546,0.0212666988,0.100933596
,305792000,-22.9052318915073,-43.14813423945362,342.7,10.3,0.405555546,0.0212666988,0.100933596
,305792000,-22.9052318915073,-43.14813423945362,342.7,10.3,0.405555546,0.0212666988,0.100933596
,305792000,-22.9052318915073,-43.14813423945362,342.7,10.3,0.405555546,0.0212666988,0.100933596
,305792000,-22.9052318915073,-43.14813423945362,342.7,10.3,0.405555546,0.0212666988,0.100933596
,305792000,-22.9052318915073,-43.14813423945362,342.7,10.3,0.405555546,0.0212666988,0.100933596
,305792000,-22.90518639681828,-43.14815021554634,342.7,10.3,0.402322233,0.0213222504,0.103392862
,305792000,-22.90518639681828,-43.14815021554634,342.7,10.3,0.402322233,0.0213222504,0.103392862
,305792000,-22.90518639681828,-43.14815021554634,342.7,10.3,0.402322233,0.0213222504,0.103448279
,305792000,-22.90518639681828,-43.14815021554634,342.7,10.3,0.402322233,0.0213222504,0.103448279
,305792000,-22.90518639681828,-43.14815021554634,342.7,10.3,0.402322233,0.0213222504,0.103448279
,305792000,-22.90518639681828,-43.14815021554634,342.7,10.3,0.402322233,0.0213222504,0.103448279
,305792000,-22.90518639681828,-43.14815021554634,342.7,10.3,0.402322233,0.0213222504,0.103448279
,305792000,-22.90518639681828,-43.14815021554634,342.7,10.3,0.402322233,0.0213222504,0.103448279
,305792000,-22.90518639681828,-43.14815021554634,342.7,10.3,0.402322233,0.0213222504,0.103448279
,305792000,-22.90518639681828,-43.14815021554634,342.7,10.3,0.402322233,0.0213222504,0.103448279
,305792000,-22.90518639681828,-43.14815021554634,342.7,10.3,0.402322233,0.0213222504,0.103448279
,305792000,-22.90518639681828,-43.14815021554634,342.7,10.3,0.402322233,0.0213222504,0.103448279
,305792000,-22.90518639681828,-43.14815021554634,342.7,10.3,0.402322233,0.0213222504,0.103448279
,305792000,-22.90518639681828,-43.14815021554634,342.7,10.3,0.402322233,0.0213222504,0.103448279
,305792000,-22.90518639681828,-43.14815021554634,342.7,10.3,0.402322233,0.0213222504,0.103448279
,305792000,-22.905140902126696,-43.148166191627354,342.7,10.3,0.402322233,0.0213222504,0.103448279
,305792000,-22.905140902126696,-43.148166191627354,342.7,10.3,0.402322233,0.0213222504,0.103448279
,305792000,-22.905140902126696,-43.148166191627354,342.7,10.3,0.402322233,0.0213222504,0.103448279
,305792000,-22.905140902126696,-43.148166191627354,342.7,10.3,0.402322233,0.0213222504,0.103448279
,305792000,-22.905140902126696,-43.148166191627354,342.7,10.3,0.402322233,0.0213222504,0.103448279
,305792000,-22.905140902126696,-43.148166191627354,342.7,10.3,0.402322233,0.0213222504,0.103448279
,305792000,-22.905140902126696,-43.148166191627354,342.7,10.3,0.402322233,0.0213222504,0.103448279
,305792000,-22.905140902126696,-43.148166191627354,342.7,10.3,0.402322233,0.0213222504,0.103448279
,305792000,-22.905140902126696,-43.148166191627354,342.7,10.3,0.402322233,0.0213222504,0.103448279
,305792000,-22.905140902126696,-43.148166191627354,342.7,10.3,0.402322233,0.0213222504,0.103448279
,305792000,-22.905140902126696,-43.148166191627354,342.7,10.3,0.402322233,0.0213222504,0.103448279
,305792000,-22.905140902126696,-43.148166191627354,342.7,10.3,0.402322233,0.0213222504,0.103448279
,305792000,-22.905140902126696,-43.148166191627354,342.7,10.3,0.402322233,0.0213222504,0.103448279
,305792000,-22.905095407432565,-43.14818216769665,342.7,10.3,0.402322233,0.0213222504,0.103448279
,305792000,-22.905095407432565,-43.14818216769665,342.7,10.3,0.402322233,0.0213222504,0.103448279
,305792000,-22.905095407432565,-43.14818216769665,342.7,10.3,0.402322233,0.0213222504,0.103448279
,305792000,-22.905095407432565,-43.14818216769665,342.7,10.3,0.402322233,0.0213222504,0.103448279
,305792000,-22.905095407432565,-43.14818216769665,342.7,10.3,0.402322233,0.0213222504,0.103448279
,305792000,-22.905049912735883,-43.14819814375424,342.7,10.3,0.402322233,0.0213222504,0.103448279
,305792000,-22.905049912735883,-43.14819814375424,342.7,10.3,0.402322233,0.0213222504,0.103448279
,305792000,-22.905049912735883,-43.14819814375424,342.7,10.3,0.402322233,0.0213222504,0.103448279
,305792000,-22.905049912735883,-43.14819814375424,342.7,10.3,0.402322233,0.0213222504,0.103448279
,305792000,-22.905049912735883,-43.14819814375424,342.7,10.3,0.398838878,0.0213888884,0.106174618
,305792000,-22.905049912735883,-43.14819814375424,342.7,10.3,0.398838878,0.0213888884,0.106174618
,305792000,-22.905049912735883,-43.14819814375424,342.7,10.3,0.398838878,0.0213888884,0.106174618
,305792000,-22.905049912735883,-43.14819814375424,342.7,10.3,0.398838878,0.0213888884,0.106174618
,305792000,-22.905049912735883,-43.14819814375424,342.7,10.3,0.398838878,0.0213888884,0.106174618
,305792000,-22.905049912735883,-43.14819814375424,342.7,10.3,0.398838878,0.0213888884,0.106174618
,305792000,-22.90500441803664,-43.14821411980014,342.7,10.3,0.398838878,0.0213888884,0.106174618
,305792000,-22.90500441803664,-43.14821411980014,342.7,10.3,0.398838878,0.0213888884,0.106174618
,305792000,-22.90500441803664,-43.14821411980014,342.7,10.3,0.398838878,0.0213888884,0.106174618
,305792000,-22.90500441803664,-43.14821411980014,342.7,10.3,0.398838878,0.0213888884,0.106174618
,305792000,-22.90500441803664,-43.14821411980014,342.7,10.3,0.398838878,0.0213888884,0.106174618
,305792000,-22.90500441803664,-43.14821411980014,342.7,10.3,0.398838878,0.0213888884,0.106174618
,305792000,-22.90500441803664,-43.14821411980014,342.7,10.3,0.398838878,0.0213888884,0.106174618
,305792000,-22.90500441803664,-43.14821411980014,342.7,10.3,0.398838878,0.0213888884,0.106174618
,305792000,-22.90500441803664,-43.14821411980014,342.7,10.3,0.398838878,0.0213888884,0.106174618
,305792000,-22.90500441803664,-43.14821411980014,342.7,10.3,0.398838878,0.0213888884,0.106174618
,305792000,-22.90500441803664,-43.14821411980014,342.7,10.3,0.398838878,0.0213888884,0.106174618
,305792000,-22.90500441803664,-43.14821411980014,342.7,10.3,0.398838878,0.0213888884,0.106174618
,305792000,-22.90500441803664,-43.14821411980014,342.7,10.3,0.398838878,0.0213888884,0.106174618
,305792000,-22.90500441803664,-43.14821411980014,342.7,10.3,0.398838878,0.0213888884,0.106174618
,305792000,-22.90500441803664,-43.14821411980014,342.7,10.3,0.398838878,0.0213888884,0.106174618
,305792000,-22.90500441803664,-43.14821411980014,342.7,10.3,0.398838878,0.0213888884,0.106174618
,305792000,-22.904958923334842,-43.14823009583432,342.7,10.3,0.398838878,0.0213888884,0.106174618
,305792000,-22.904958923334842,-43.14823009583432,342.7,10.3,0.398838878,0.0213888884,0.106174618
,305792000,-22.904958923334842,-43.14823009583432,342.7,10.3,0.398838878,0.0213888884,0.106174618
,305792000,-22.904958923334842,-43.14823009583432,342.7,10.3,0.398838878,0.0213888884,0.106174618
,305792000,-22.904958923334842,-43.14823009583432,342.7,10.3,0.398838878,0.0213888884,0.106174618
,305792000,-22.904958923334842,-43.14823009583432,342.7,10.3,0.398838878,0.0213888884,0.106174618
,305792000,-22.904958923334842,-43.14823009583432,342.7,10.3,0.398838878,0.0213888884,0.106174618
,305792000,-22.904774607363258,-43.148288498254054,342.3,10.3,0.398838878,0.0213888884,0.106174618
,305792000,-22.904774607363258,-43.148288498254054,342.3,10.3,0.398838878,0.0213888884,0.106174618
,305792000,-22.904774607363258,-43.148288498254054,342.3,10.3,0.398838878,0.0213888884,0.106174618
,305792000,-22.904774607363258,-43.148288498254054,342.3,10.3,0.395383328,0.0214555264,0.108879156
,305792000,-22.904774607363258,-43.148288498254054,342.3,10.3,0.395383328,0.0214555264,0.108879156
,305792000,-22.904774607363258,-43.148288498254054,342.3,10.3,0.395383328,0.0214555264,0.108879156
,305792000,-22.904774607363258,-43.148288498254054,342.3,10.3,0.395383328,0.0214555264,0.108879156
,305792000,-22.904774607363258,-43.148288498254054,342.3,10.3,0.395383328,0.0214555264,0.108879156
,305792000,-22.904729217083982,-43.148304816677815,342.3,10.3,0.395383328,0.0214555264,0.108879156
,305792000,-22.904729217083982,-43.148304816677815,342.3,10.3,0.395383328,0.0214555264,0.108879156
,305792000,-22.904729217083982,-43.148304816677815,342.3,10.3,0.395383328,0.0214555264,0.108879156
,305792000,-22.904729217083982,-43.148304816677815,342.3,10.3,0.395383328,0.0214555264,0.108879156
,305792000,-22.904729217083982,-43.148304816677815,342.3,10.3,0.395383328,0.0214555264,0.108879156
,305792000,-22.904729217083982,-43.148304816677815,342.3,10.3,0.395383328,0.0214555264,0.108879156
,305792000,-22.904729217083982,-43.148304816677815,342.3,10.3,0.395383328,0.0214555264,0.108879156
,305792000,-22.904729217083982,-43.148304816677815,342.3,10.3,0.395383328,0.0214555264,0.108879156
,305792000,-22.904729217083982,-43.148304816677815,342.3,10.3,0.395383328,0.0214555264,0.108879156
,305792000,-22.904729217083982,-43.148304816677815,342.3,10.3,0.395383328,0.0214555264,0.108879156
,305792000,-22.904729217083982,-43.148304816677815,342.3,10.3,0.395383328,0.0214555264,0.108879156
,305792000,-22.904729217083982,-43.148304816677815,342.3,10.3,0.395383328,0.0214555264,0.108879156
,305792000,-22.904729217083982,-43.148304816677815,342.3,10.3,0.395383328,0.0214555264,0.108879156
,305792000,-22.904729217083982,-43.148304816677815,342.3,10.3,0.395383328,0.0214555264,0.108879156
,305792000,-22.904729217083982,-43.148304816677815,342.3,10.3,0.395383328,0.0214555264,0.108879156
,305792000,-22.904683826802067,-43.14832113508968,342.3,10.3,0.395383328,0.0214555264,0.108879156
,305792000,-22.904683826802067,-43.14832113508968,342.3,10.3,0.395383328,0.0214555264,0.108879156
,305792000,-22.904683826802067,-43.14832113508968,342.3,10.3,0.395383328,0.0214555264,0.108879156
,305792000,-22.904683826802067,-43.14832113508968,342.3,10.3,0.395383328,0.0214555264,0.108879156
,305792000,-22.904683826802067,-43.14832113508968,342.3,10.3,0.395383328,0.0214555264,0.108879156
,305792000,-22.904683826802067,-43.14832113508968,342.3,10.3,0.395383328,0.0214555264,0.108879156
,305792000,-22.904683826802067,-43.14832113508968,342.3,10.3,0.395383328,0.0214555264,0.108879156
,305792000,-22.904683826802067,-43.14832113508968,342.3,10.3,0.395383328,0.0214555264,0.108879156
,305792000,-22.904683826802067,-43.14832113508968,342.3,10.3,0.395383328,0.0214555264,0.108879156
,305792000,-22.904683826802067,-43.14832113508968,342.3,10.3,0.395383328,0.0214555264,0.108879156
,305792000,-22.904683826802067,-43.14832113508968,342.3,10.3,0.395383328,0.0214555264,0.108879156
,305792000,-22.904683826802067,-43.14832113508968,342.3,10.3,0.395383328,0.0214555264,0.108879156
,305792000,-22.904683826802067,-43.14832113508968,342.3,10.3,0.395383328,0.0214555264,0.108879156
,305792000,-22.904638436517516,-43.148337453489646,342.3,10.3,0.395383328,0.0214555264,0.108879156
,305792000,-22.904638436517516,-43.148337453489646,342.3,10.3,0.395383328,0.0214555264,0.108879156
,305792000,-22.904638436517516,-43.148337453489646,342.3,10.3,0.395383328,0.0214555264,0.108879156
,305792000,-22.904638436517516,-43.148337453489646,342.3,10.3,0.395383328,0.0214555264,0.108879156
,305792000,-22.904638436517516,-43.148337453489646,342.3,10.3,0.395383328,0.0214555264,0.108879156
,305792000,-22.904638436517516,-43.148337453489646,342.3,10.3,0.395383328,0.0214555264,0.108879156
,305792000,-22.904638436517516,-43.148337453489646,342.3,10.3,0.395383328,0.0214555264,0.108879156
,305792000,-22.904638436517516,-43.148337453489646,342.3,10.3,0.395383328,0.0214555264,0.108879156
,305792000,-22.904638436517516,-43.148337453489646,342.3,10.3,0.395383328,0.0214555264,0.108879156
,305792000,-22.904638436517516,-43.148337453489646,342.3,10.3,0.388588876,0.0215889215,0.115625493
,305792000,-22.904638436517516,-43.148337453489646,342.3,10.3,0.388588876,0.0215889215,0.115625493
,305792000,-22.904638436517516,-43.148337453489646,342.3,10.3,0.388588876,0.0215889215,0.115247875
,305792000,-22.904638436517516,-43.148337453489646,342.3,10.3,0.388588876,0.0215889215,0.115247875
,305792000,-22.904638436517516,-43.148337453489646,342.3,10.3,0.388588876,0.0215889215,0.115247875
,305792000,-22.904638436517516,-43.148337453489646,342.3,10.3,0.388588876,0.0215889215,0.115247875
,305792000,-22.904593046230328,-43.14835377187771,342.3,10.3,0.388588876,0.0215889215,0.115247875
,305792000,-22.904593046230328,-43.14835377187771,342.3,10.3,0.388588876,0.0215889215,0.115247875
,305792000,-22.904593046230328,-43.14835377187771,342.3,10.3,0.388588876,0.0215889215,0.115247875
,305792000,-22.904593046230328,-43.14835377187771,342.3,10.3,0.388588876,0.0215889215,0.115247875
,305792000,-22.904593046230328,-43.14835377187771,342.3,10.3,0.388588876,0.0215889215,0.115247875
,305792000,-22.904593046230328,-43.14835377187771,342.3,10.3,0.388588876,0.0215889215,0.115247875
,305792000,-22.904593046230328,-43.14835377187771,342.3,10.3,0.388588876,0.0215889215,0.115247875
,305792000,-22.904593046230328,-43.14835377187771,342.3,10.3,0.388588876,0.0215889215,0.115247875
,305792000,-22.904593046230328,-43.14835377187771,342.3,10.3,0.388588876,0.0215889215,0.115247875
,305792000,-22.904593046230328,-43.14835377187771,342.3,10.3,0.388588876,0.0215889215,0.115247875
,305792000,-22.904593046230328,-43.14835377187771,342.3,10.3,0.388588876,0.0215889215,0.115247875
,305792000,-22.904593046230328,-43.14835377187771,342.3,10.3,0.388588876,0.0215889215,0.115247875
,305792000,-22.904593046230328,-43.14835377187771,342.3,10.3,0.388588876,0.0215889215,0.115247875
,305792000,-22.904593046230328,-43.14835377187771,342.3,10.3,0.388588876,0.0215889215,0.115247875
,305792000,-22.904593046230328,-43.14835377187771,342.3,10.3,0.388588876,0.0215889215,0.115247875
,305792000,-22.904547655940515,-43.14837009025388,342.3,10.3,0.388588876,0.0215889215,0.115247875
,305792000,-22.904547655940515,-43.14837009025388,342.3,10.3,0.388588876,0.0215889215,0.115247875
,305792000,-22.904547655940515,-43.14837009025388,342.3,10.3,0.388588876,0.0215889215,0.115247875
,305792000,-22.904547655940515,-43.14837009025388,342.3,10.3,0.388588876,0.0215889215,0.115247875
,305792000,-22.904547655940515,-43.14837009025388,342.3,10.3,0.388588876,0.0215889215,0.115247875
,305792000,-22.904547655940515,-43.14837009025388,342.3,10.3,0.388588876,0.0215889215,0.115247875
,305792000,-22.904547655940515,-43.14837009025388,342.3,10.3,0.388588876,0.0215889215,0.115247875
,305792000,-22.904547655940515,-43.14837009025388,342.3,10.3,0.388588876,0.0215889215,0.115247875
,305792000,-22.904547655940515,-43.14837009025388,342.3,10.3,0.388588876,0.0215889215,0.115247875
,305792000,-22.904547655940515,-43.14837009025388,342.3,10.3,0.388588876,0.0215889215,0.115247875
,305792000,-22.904547655940515,-43.14837009025388,342.3,10.3,0.388588876,0.0215889215,0.115247875
,305792000,-22.904547655940515,-43.14837009025388,342.3,10.3,0.388588876,0.0215889215,0.115247875
,305792000,-22.904547655940515,-43.14837009025388,342.3,10.3,0.388588876,0.0215889215,0.115247875
,305792000,-22.904547655940515,-43.14837009025388,342.3,10.3,0.388588876,0.0215889215,0.115247875
,305792000,-22.904547655940515,-43.14837009025388,342.3,10.3,0.388588876,0.0215889215,0.115247875
,305792000,-22.90450226564805,-43.14838640861814,342.3,10.3,0.388588876,0.0215889215,0.115247875
,305792000,-22.90450226564805,-43.14838640861814,342.3,10.3,0.388588876,0.0215889215,0.115247875
,305792000,-22.90450226564805,-43.14838640861814,342.3,10.3,0.388588876,0.0215889215,0.115247875
,305792000,-22.90450226564805,-43.14838640861814,342.3,10.3,0.388588876,0.0215889215,0.115247875
,305792000,-22.90450226564805,-43.14838640861814,342.3,10.3,0.388588876,0.0215889215,0.115247875
,305792000,-22.90450226564805,-43.14838640861814,342.3,10.3,0.388588876,0.0215889215,0.115247875
,305792000,-22.90450226564805,-43.14838640861814,342.3,10.3,0.388588876,0.0215889215,0.115247875
,305792000,-22.90450226564805,-43.14838640861814,342.3,10.3,0.385216653,0.0216555595,0.118780188
,305792000,-22.90450226564805,-43.14838640861814,342.3,10.3,0.385216653,0.0216555595,0.118868463
,305792000,-22.90450226564805,-43.14838640861814,342.3,10.3,0.385216653,0.0216555595,0.118868463
,305792000,-22.904456875352963,-43.1484027269705,342.3,10.3,0.385216653,0.0216555595,0.118868463
,305792000,-22.904456875352963,-43.1484027269705,342.3,10.3,0.385216653,0.0216555595,0.118868463
,305792000,-22.904456875352963,-43.1484027269705,342.3,10.3,0.385216653,0.0216555595,0.118868463
,305792000,-22.904456875352963,-43.1484027269705,342.3,10.3,0.385216653,0.0216555595,0.118868463
,305792000,-22.904456875352963,-43.1484027269705,342.3,10.3,0.385216653,0.0216555595,0.118868463
,305792000,-22.904456875352963,-43.1484027269705,342.3,10.3,0.385216653,0.0216555595,0.118868463
,305792000,-22.904456875352963,-43.1484027269705,342.3,10.3,0.385216653,0.0216555595,0.118868463
,305792000,-22.904456875352963,-43.1484027269705,342.3,10.3,0.385216653,0.0216555595,0.118868463
,305792000,-22.904456875352963,-43.1484027269705,342.3,10.3,0.385216653,0.0216555595,0.118868463
,305792000,-22.904456875352963,-43.1484027269705,342.3,10.3,0.385216653,0.0216555595,0.118868463
,305792000,-22.904456875352963,-43.1484027269705,342.3,10.3,0.385216653,0.0216555595,0.118868463
,305792000,-22.904456875352963,-43.1484027269705,342.3,10.3,0.385216653,0.0216555595,0.118868463
,305792000,-22.904411485055228,-43.14841904531097,342.3,10.3,0.385216653,0.0216555595,0.118868463
,305792000,-22.904411485055228,-43.14841904531097,342.3,10.3,0.385216653,0.0216555595,0.118868463
,305792000,-22.904411485055228,-43.14841904531097,342.3,10.3,0.385216653,0.0216555595,0.118868463
,305792000,-22.904411485055228,-43.14841904531097,342.3,10.3,0.385216653,0.0216555595,0.118868463
,305792000,-22.904411485055228,-43.14841904531097,342.3,10.3,0.385216653,0.0216555595,0.118868463
,305792000,-22.904411485055228,-43.14841904531097,342.3,10.3,0.385216653,0.0216555595,0.118868463
,305792000,-22.904411485055228,-43.14841904531097,342.3,10.3,0.385216653,0.0216555595,0.118868463
,305792000,-22.904411485055228,-43.14841904531097,342.3,10.3,0.385216653,0.0216555595,0.118868463
,305792000,-22.904411485055228,-43.14841904531097,342.3,10.3,0.385216653,0.0216555595,0.118868463
,305792000,-22.90436609475486,-43.14843536363954,342.3,10.3,0.385216653,0.0216555595,0.118868463
,305792000,-22.90436609475486,-43.14843536363954,342.3,10.3,0.385216653,0.0216555595,0.118868463
,305792000,-22.90436609475486,-43.14843536363954,342.3,10.3,0.385216653,0.0216555595,0.118868463
,305792000,-22.90436609475486,-43.14843536363954,342.3,10.3,0.385216653,0.0216555595,0.118868463
,305792000,-22.90436609475486,-43.14843536363954,342.3,10.3,0.385216653,0.0216555595,0.118868463
,305792000,-22.90436609475486,-43.14843536363954,342.3,10.3,0.385216653,0.0216555595,0.118868463
,305792000,-22.90436609475486,-43.14843536363954,342.3,10.3,0.385216653,0.0216555595,0.118868463
,305792000,-22.90436609475486,-43.14843536363954,342.3,10.3,0.385216653,0.0216555595,0.118868463
,305792000,-22.90436609475486,-43.14843536363954,342.3,10.3,0.381883323,0.0217221975,0.122008801
,305792000,-22.90436609475486,-43.14843536363954,342.3,10.3,0.381883323,0.0217221975,0.122008801
,305792000,-22.90436609475486,-43.14843536363954,342.3,10.3,0.381883323,0.0217221975,0.122008801
,305792000,-22.90436609475486,-43.14843536363954,342.3,10.3,0.381883323,0.0217221975,0.121594794
,305792000,-22.90436609475486,-43.14843536363954,342.3,10.3,0.381883323,0.0217221975,0.121594794
,305792000,-22.90436609475486,-43.14843536363954,342.3,10.3,0.381883323,0.0217221975,0.121594794
,305792000,-22.90436609475486,-43.14843536363954,342.3,10.3,0.381883323,0.0217221975,0.121594794
,305792000,-22.904320704451862,-43.14845168195621,342.3,10.3,0.381883323,0.0217221975,0.121594794
,305792000,-22.904320704451862,-43.14845168195621,342.3,10.3,0.381883323,0.0217221975,0.121594794
,305792000,-22.904320704451862,-43.14845168195621,342.3,10.3,0.381883323,0.0217221975,0.121594794
,305792000,-22.904320704451862,-43.14845168195621,342.3,10.3,0.381883323,0.0217221975,0.121594794
,305792000,-22.90432336449939,-43.148446588327154,342.0,10.3,0.381883323,0.0217221975,0.121594794
,305792000,-22.90432336449939,-43.148446588327154,342.0,10.3,0.381883323,0.0217221975,0.121594794
,305792000,-22.90432336449939,-43.148446588327154,342.0,10.3,0.381883323,0.0217221975,0.121594794
,305792000,-22.90432336449939,-43.148446588327154,342.0,10.3,0.381883323,0.0217221975,0.121594794
,305792000,-22.90432336449939,-43.148446588327154,342.0,10.3,0.381883323,0.0217221975,0.121594794
,305792000,-22.90432336449939,-43.148446588327154,342.0,10.3,0.381883323,0.0217221975,0.121594794
,305792000,-22.90432336449939,-43.148446588327154,342.0,10.3,0.381883323,0.0217221975,0.121594794
,305792000,-22.90432336449939,-43.148446588327154,342.0,10.3,0.381883323,0.0217221975,0.121594794
,305792000,-22.90432336449939,-43.148446588327154,342.0,10.3,0.381883323,0.0217221975,0.121594794
,305792000,-22.90432336449939,-43.148446588327154,342.0,10.3,0.381883323,0.0217221975,0.121594794
,305792000,-22.90432336449939,-43.148446588327154,342.0,10.3,0.381883323,0.0217221975,0.121594794
,305792000,-22.90432336449939,-43.148446588327154,342.0,10.3,0.381883323,0.0217221975,0.121594794
,305792000,-22.90432336449939,-43.148446588327154,342.0,10.3,0.381883323,0.0217221975,0.121594794
,305792000,-22.90432336449939,-43.148446588327154,342.0,10.3,0.381883323,0.0217221975,0.121594794
,305792000,-22.90432336449939,-43.148446588327154,342.0,10.3,0.381883323,0.0217221975,0.121594794
,305792000,-22.90432336449939,-43.148446588327154,342.0,10.3,0.381883323,0.0217221975,0.121594794
,305792000,-22.90432336449939,-43.148446588327154,342.0,10.3,0.381883323,0.0217221975,0.121594794
,305792000,-22.90432336449939,-43.148446588327154,342.0,10.3,0.381883323,0.0217221975,0.121594794
,305792000,-22.90432336449939,-43.148446588327154,342.0,10.3,0.381883323,0.0217221975,0.121594794
,305792000,-22.90432336449939,-43.148446588327154,342.0,10.3,0.381883323,0.0217221975,0.121594794
,305792000,-22.90432336449939,-43.148446588327154,342.0,10.3,0.381883323,0.0217221975,0.121594794
,305792000,-22.90432336449939,-43.148446588327154,342.0,10.3,0.381883323,0.0217221975,0.121594794
,305792000,-22.90427805397218,-43.14846316294721,342.0,10.3,0.381883323,0.0217221975,0.121594794
,305792000,-22.90427805397218,-43.14846316294721,342.0,10.3,0.381883323,0.0217221975,0.121594794
,305792000,-22.90427805397218,-43.14846316294721,342.0,10.3,0.381883323,0.0217221975,0.121594794
,305792000,-22.90427805397218,-43.14846316294721,342.0,10.3,0.381883323,0.0217221975,0.121594794
,305792000,-22.90427805397218,-43.14846316294721,342.0,10.3,0.381883323,0.0217221975,0.121594794
,305792000,-22.90427805397218,-43.14846316294721,342.0,10.3,0.381883323,0.0217221975,0.121594794
,305792000,-22.90427805397218,-43.14846316294721,342.0,10.3,0.381883323,0.0217221975,0.121594794
,305792000,-22.90427805397218,-43.14846316294721,342.0,10.3,0.381883323,0.0217221975,0.121594794
,305792000,-22.90427805397218,-43.14846316294721,342.0,10.3,0.381883323,0.0217221975,0.121594794
,305792000,-22.90427805397218,-43.14846316294721,342.0,10.3,0.381883323,0.0217221975,0.121594794
,305792000,-22.90427805397218,-43.14846316294721,342.0,10.3,0.381883323,0.0217221975,0.121594794
,305792000,-22.90427805397218,-43.14846316294721,342.0,10.3,0.381883323,0.0217221975,0.121594794
,305792000,-22.90427805397218,-43.14846316294721,342.0,10.3,0.381883323,0.0217221975,0.121594794
,305792000,-22.90427805397218,-43.14846316294721,342.0,10.3,0.381883323,0.0217221975,0.121594794
,305792000,-22.90427805397218,-43.14846316294721,342.0,10.3,0.381883323,0.0217221975,0.121594794
,305792000,-22.90427805397218,-43.14846316294721,342.0,10.3,0.381883323,0.0217221975,0.121594794
,305792000,-22.90427805397218,-43.14846316294721,342.0,10.3,0.381883323,0.0217221975,0.121594794
,305792000,-22.90427805397218,-43.14846316294721,342.0,10.3,0.381883323,0.0217221975,0.121594794
,305792000,-22.90427805397218,-43.14846316294721,342.0,10.3,0.381883323,0.0217221975,0.121594794
,305792000,-22.90427805397218,-43.14846316294721,342.0,10.3,0.381883323,0.0217221975,0.121594794
,305792000,-22.90427805397218,-43.14846316294721,342.0,10.3,0.381883323,0.0217221975,0.121594794
,305792000,-22.90427805397218,-43.14846316294721,342.0,10.3,0.381883323,0.0217221975,0.121594794
,305792000,-22.90427805397218,-43.14846316294721,342.0,10.3,0.381883323,0.0217221975,0.121594794
,305792000,-22.90427805397218,-43.14846316294721,342.0,10.3,0.381883323,0.0217221975,0.121594794
,305792000,-22.904232743442275,-43.14847973755523,342.0,10.3,0.381883323,0.0217221975,0.121594794
,305792000,-22.904232743442275,-43.14847973755523,342.0,10.3,0.381883323,0.0217221975,0.121594794
,305792000,-22.904232743442275,-43.14847973755523,342.0,10.3,0.381883323,0.0217221975,0.121594794
,305792000,-22.904232743442275,-43.14847973755523,342.0,10.3,0.381883323,0.0217221975,0.121594794
,305792000,-22.904232743442275,-43.14847973755523,342.0,10.3,0.381883323,0.0217221975,0.121594794
,305792000,-22.904232743442275,-43.14847973755523,342.0,10.3,0.381883323,0.0217221975,0.121594794
,305792000,-22.904232743442275,-43.14847973755523,342.0,10.3,0.378688902,0.0217888355,0.125237182
,305792000,-22.904232743442275,-43.14847973755523,342.0,10.3,0.378688902,0.0217888355,0.125237182
,305792000,-22.904232743442275,-43.14847973755523,342.0,10.3,0.378688902,0.0217888355,0.125237182
,305792000,-22.904232743442275,-43.14847973755523,342.0,10.3,0.378688902,0.0217888355,0.125237182
,305792000,-22.904232743442275,-43.14847973755523,342.0,10.3,0.378688902,0.0217888355,0.125237182
,305792000,-22.904232743442275,-43.14847973755523,342.0,10.3,0.378688902,0.0217888355,0.125237182
,305792000,-22.904232743442275,-43.14847973755523,342.0,10.3,0.378688902,0.0217888355,0.125237182
,305792000,-22.904232743442275,-43.14847973755523,342.0,10.3,0.378688902,0.0217888355,0.125237182
,305792000,-22.904232743442275,-43.14847973755523,342.0,10.3,0.378688902,0.0217888355,0.125237182
,305792000,-22.904232743442275,-43.14847973755523,342.0,10.3,0.378688902,0.0217888355,0.125237182
,305792000,-22.904232743442275,-43.14847973755523,342.0,10.3,0.378688902,0.0217888355,0.125237182
,305792000,-22.904232743442275,-43.14847973755523,342.0,10.3,0.378688902,0.0217888355,0.125237182
,305792000,-22.904232743442275,-43.14847973755523,342.0,10.3,0.378688902,0.0217888355,0.125237182
,305792000,-22.904232743442275,-43.14847973755523,342.0,10.3,0.378688902,0.0217888355,0.125237182
,305792000,-22.904232743442275,-43.14847973755523,342.0,10.3,0.378688902,0.0217888355,0.125237182
,305792000,-22.904232743442275,-43.14847973755523,342.0,10.3,0.378688902,0.0217888355,0.125237182
,305792000,-22.904232743442275,-43.14847973755523,342.0,10.3,0.378688902,0.0217888355,0.125237182
,305792000,-22.904232743442275,-43.14847973755523,342.0,10.3,0.378688902,0.0217888355,0.125237182
,305792000,-22.904232743442275,-43.14847973755523,342.0,10.3,0.378688902,0.0217888355,0.125237182
,305792000,-22.904232743442275,-43.14847973755523,342.0,10.3,0.378688902,0.0217888355,0.125237182
,305792000,-22.904232743442275,-43.14847973755523,342.0,10.3,0.378688902,0.0217888355,0.125237182
,305792000,-22.904232743442275,-43.14847973755523,342.0,10.3,0.378688902,0.0217888355,0.125237182
,305792000,-22.904187432909673,-43.148496312151195,342.0,10.3,0.378688902,0.0217888355,0.125237182
,305792000,-22.904187432909673,-43.148496312151195,342.0,10.3,0.378688902,0.0217888355,0.125237182
,305792000,-22.904187432909673,-43.148496312151195,342.0,10.3,0.378688902,0.0217888355,0.125237182
,305792000,-22.904187432909673,-43.148496312151195,342.0,10.3,0.378688902,0.0217888355,0.125237182
,305792000,-22.904187432909673,-43.148496312151195,342.0,10.3,0.378688902,0.0217888355,0.125237182
,305792000,-22.904187432909673,-43.148496312151195,342.0,10.3,0.378688902,0.0217888355,0.125237182
,305792000,-22.904187432909673,-43.148496312151195,342.0,10.3,0.378688902,0.0217888355,0.125237182
,305792000,-22.904187432909673,-43.148496312151195,342.0,10.3,0.378688902,0.0217888355,0.125237182
,305792000,-22.904187432909673,-43.148496312151195,342.0,10.3,0.378688902,0.0217888355,0.125237182
,305792000,-22.904187432909673,-43.148496312151195,342.0,10.3,0.378688902,0.0217888355,0.125237182
,305792000,-22.904187432909673,-43.148496312151195,342.0,10.3,0.378688902,0.0217888355,0.125237182
,305792000,-22.904187432909673,-43.148496312151195,342.0,10.3,0.378688902,0.0217888355,0.125237182
,305792000,-22.904187432909673,-43.148496312151195,342.0,10.3,0.378688902,0.0217888355,0.125237182
,305792000,-22.904187432909673,-43.148496312151195,342.0,10.3,0.378688902,0.0217888355,0.125237182
,305792000,-22.904187432909673,-43.148496312151195,342.0,10.3,0.378688902,0.0217888355,0.125237182
,305792000,-22.904187432909673,-43.148496312151195,342.0,10.3,0.378688902,0.0217888355,0.125237182
,305792000,-22.904187432909673,-43.148496312151195,342.0,10.3,0.378688902,0.0217888355,0.125237182
,305792000,-22.904187432909673,-43.148496312151195,342.0,10.3,0.378688902,0.0217888355,0.125237182
,305792000,-22.904187432909673,-43.148496312151195,342.0,10.3,0.378688902,0.0217888355,0.125237182
,305792000,-22.904187432909673,-43.148496312151195,342.0,10.3,0.378688902,0.0217888355,0.125237182
,305792000,-22.904187432909673,-43.148496312151195,342.0,10.3,0.378688902,0.0217888355,0.125237182
,305792000,-22.904187432909673,-43.148496312151195,342.0,10.3,0.378688902,0.0217888355,0.125237182
,305792000,-22.904187432909673,-43.148496312151195,342.0,10.3,0.378688902,0.0217888355,0.125237182
,305792000,-22.904187432909673,-43.148496312151195,342.0,10.3,0.378688902,0.0217888355,0.125237182
,305792000,-22.904187432909673,-43.148496312151195,342.0,10.3,0.378688902,0.0217888355,0.125237182
,305792000,-22.904187432909673,-43.148496312151195,342.0,10.3,0.378688902,0.0217888355,0.125237182
,305792000,-22.904187432909673,-43.148496312151195,342.0,10.3,0.378688902,0.0217888355,0.125237182
,305792000,-22.904187432909673,-43.148496312151195,342.0,10.3,0.378688902,0.0217888355,0.125237182
,305792000,-22.904187432909673,-43.148496312151195,342.0,10.3,0.378688902,0.0217888355,0.125237182
,305792000,-22.904187432909673,-43.148496312151195,342.0,10.3,0.378688902,0.0217888355,0.125237182
,305792000,-22.904142122374374,-43.148512886735126,342.0,10.3,0.378688902,0.0217888355,0.125237182
,305792000,-22.904142122374374,-43.148512886735126,342.0,10.3,0.378688902,0.0217888355,0.125237182
,305792000,-22.904142122374374,-43.148512886735126,342.0,10.3,0.378688902,0.0217888355,0.125237182
,305792000,-22.904142122374374,-43.148512886735126,342.0,10.3,0.378688902,0.0217888355,0.125237182
,305792000,-22.904142122374374,-43.148512886735126,342.0,10.3,0.378688902,0.0217888355,0.125237182
,305792000,-22.904142122374374,-43.148512886735126,342.0,10.3,0.378688902,0.0217888355,0.125237182
,305792000,-22.904142122374374,-43.148512886735126,342.0,10.3,0.378688902,0.0217888355,0.125237182
,305792000,-22.904142122374374,-43.148512886735126,342.0,10.3,0.378688902,0.0217888355,0.125237182
,305792000,-22.904142122374374,-43.148512886735126,342.0,10.3,0.378688902,0.0217888355,0.125237182
,305792000,-22.904142122374374,-43.148512886735126,342.0,10.3,0.378688902,0.0217888355,0.125237182
,305792000,-22.904142122374374,-43.148512886735126,342.0,10.3,0.378688902,0.0217888355,0.125237182
,305792000,-22.904142122374374,-43.148512886735126,342.0,10.3,0.378688902,0.0217888355,0.125237182
,305792000,-22.904142122374374,-43.148512886735126,342.0,10.3,0.378688902,0.0217888355,0.125237182
,305792000,-22.904142122374374,-43.148512886735126,342.0,10.3,0.378688902,0.0217888355,0.125237182
,305792000,-22.904142122374374,-43.148512886735126,342.0,10.3,0.378688902,0.0217888355,0.125237182
,305792000,-22.904142122374374,-43.148512886735126,342.0,10.3,0.378688902,0.0217888355,0.125237182
,305792000,-22.904142122374374,-43.148512886735126,342.0,10.3,0.378688902,0.0217888355,0.125237182
,305792000,-22.904142122374374,-43.148512886735126,342.0,10.3,0.378688902,0.0217888355,0.125237182
,305792000,-22.904142122374374,-43.148512886735126,342.0,10.3,0.378688902,0.0217888355,0.125237182
,305792000,-22.904142122374374,-43.148512886735126,342.0,10.3,0.378688902,0.0217888355,0.125237182
,305792000,-22.904142122374374,-43.148512886735126,342.0,10.3,0.378688902,0.0217888355,0.125237182
,305792000,-22.904142122374374,-43.148512886735126,342.0,10.3,0.378688902,0.0217888355,0.125237182
,305792000,-22.904142122374374,-43.148512886735126,342.0,10.3,0.378688902,0.0217888355,0.125237182
,305792000,-22.904142122374374,-43.148512886735126,342.0,10.3,0.378688902,0.0217888355,0.125237182
,305792000,-22.904142122374374,-43.148512886735126,342.0,10.3,0.378688902,0.0217888355,0.125237182
,305792000,-22.904142122374374,-43.148512886735126,342.0,10.3,0.378688902,0.0217888355,0.125237182
,305792000,-22.904142122374374,-43.148512886735126,342.0,10.3,0.378688902,0.0217888355,0.125237182
,305792000,-22.904142122374374,-43.148512886735126,342.0,10.3,0.378688902,0.0217888355,0.125237182
,305792000,-22.904142122374374,-43.148512886735126,342.0,10.3,0.378688902,0.0217888355,0.125237182
,305792000,-22.904142122374374,-43.148512886735126,342.0,10.3,0.378688902,0.0217888355,0.125237182
,305792000,-22.90409681183637,-43.148529461307014,342.0,10.3,0.378688902,0.0217888355,0.125237182
,305792000,-22.90409681183637,-43.148529461307014,342.0,10.3,0.378688902,0.0217888355,0.125237182
,305792000,-22.90409681183637,-43.148529461307014,342.0,10.3,0.378688902,0.0217888355,0.125237182
,305792000,-22.90409681183637,-43.148529461307014,342.0,10.3,0.378688902,0.0217888355,0.125237182
,305792000,-22.90409681183637,-43.148529461307014,342.0,10.3,0.378688902,0.0217888355,0.125237182
,305792000,-22.90409681183637,-43.148529461307014,342.0,10.3,0.378688902,0.0217888355,0.125237182
,305792000,-22.90409681183637,-43.148529461307014,342.0,10.3,0.378688902,0.0217888355,0.125237182
,305792000,-22.90409681183637,-43.148529461307014,342.0,10.3,0.378688902,0.0217888355,0.125237182
,305792000,-22.90409681183637,-43.148529461307014,342.0,10.3,0.378688902,0.0217888355,0.125237182
,305792000,-22.90409681183637,-43.148529461307014,342.0,10.3,0.378688902,0.0217888355,0.125237182
,305792000,-22.90409681183637,-43.148529461307014,342.0,10.3,0.375411093,0.0218555927,0.128654614
,305792000,-22.90409681183637,-43.148529461307014,342.0,10.3,0.375411093,0.0218555927,0.128654614
,305792000,-22.90409681183637,-43.148529461307014,342.0,10.3,0.375411093,0.0218555927,0.128857777
,305792000,-22.90409681183637,-43.148529461307014,342.0,10.3,0.375411093,0.0218555927,0.128857777
,305792000,-22.90409681183637,-43.148529461307014,342.0,10.3,0.375411093,0.0218555927,0.128857777
,305792000,-22.90409681183637,-43.148529461307014,342.0,10.3,0.375411093,0.0218555927,0.128857777
,305792000,-22.90409681183637,-43.148529461307014,342.0,10.3,0.375411093,0.0218555927,0.128857777
,305792000,-22.90409681183637,-43.148529461307014,342.0,10.3,0.375411093,0.0218555927,0.128857777
,305792000,-22.90409681183637,-43.148529461307014,342.0,10.3,0.375411093,0.0218555927,0.128857777
,305792000,-22.90409681183637,-43.148529461307014,342.0,10.3,0.375411093,0.0218555927,0.128857777
,305792000,-22.90409681183637,-43.148529461307014,342.0,10.3,0.375411093,0.0218555927,0.128857777
,305792000,-22.90409681183637,-43.148529461307014,342.0,10.3,0.375411093,0.0218555927,0.128857777
,305792000,-22.90409681183637,-43.148529461307014,342.0,10.3,0.375411093,0.0218555927,0.128857777
,305792000,-22.90409681183637,-43.148529461307014,342.0,10.3,0.375411093,0.0218555927,0.128857777
,305792000,-22.90409681183637,-43.148529461307014,342.0,10.3,0.375411093,0.0218555927,0.128857777
,305792000,-22.90409681183637,-43.148529461307014,342.0,10.3,0.375411093,0.0218555927,0.128857777
,305792000,-22.90409681183637,-43.148529461307014,342.0,10.3,0.375411093,0.0218555927,0.128857777
,305792000,-22.90409681183637,-43.148529461307014,342.0,10.3,0.375411093,0.0218555927,0.128857777
,305792000,-22.90409681183637,-43.148529461307014,342.0,10.3,0.375411093,0.0218555927,0.128857777
,305792000,-22.90409681183637,-43.148529461307014,342.0,10.3,0.375411093,0.0218555927,0.128857777
,305792000,-22.904051501295676,-43.148546035866865,342.0,10.3,0.375411093,0.0218555927,0.128857777
,305792000,-22.904051501295676,-43.148546035866865,342.0,10.3,0.375411093,0.0218555927,0.128857777
,305792000,-22.904051501295676,-43.148546035866865,342.0,10.3,0.375411093,0.0218555927,0.128857777
,305792000,-22.904051501295676,-43.148546035866865,342.0,10.3,0.375411093,0.0218555927,0.128857777
,305792000,-22.904051501295676,-43.148546035866865,342.0,10.3,0.375411093,0.0218555927,0.128857777
,305792000,-22.904051501295676,-43.148546035866865,342.0,10.3,0.375411093,0.0218555927,0.128857777
,305792000,-22.904051501295676,-43.148546035866865,342.0,10.3,0.375411093,0.0218555927,0.128857777
,305792000,-22.904051501295676,-43.148546035866865,342.0,10.3,0.375411093,0.0218555927,0.128857777
,305792000,-22.904051501295676,-43.148546035866865,342.0,10.3,0.375411093,0.0218555927,0.128857777
,305792000,-22.904051501295676,-43.148546035866865,342.0,10.3,0.375411093,0.0218555927,0.128857777
,305792000,-22.904051501295676,-43.148546035866865,342.0,10.3,0.375411093,0.0218555927,0.128857777
,305792000,-22.904051501295676,-43.148546035866865,342.0,10.3,0.375411093,0.0218555927,0.128857777
,305792000,-22.904051501295676,-43.148546035866865,342.0,10.3,0.375411093,0.0218555927,0.128857777
,305792000,-22.904051501295676,-43.148546035866865,342.0,10.3,0.375411093,0.0218555927,0.128857777
,305792000,-22.903960880206185,-43.14857918495042,342.0,10.3,0.375411093,0.0218555927,0.128857777
,305792000,-22.903960880206185,-43.14857918495042,342.0,10.3,0.375411093,0.0218555927,0.128857777
,305792000,-22.903960880206185,-43.14857918495042,342.0,10.3,0.375411093,0.0218555927,0.128857777
,305792000,-22.903960880206185,-43.14857918495042,342.0,10.3,0.375411093,0.0218555927,0.128857777
,305792000,-22.903960880206185,-43.14857918495042,342.0,10.3,0.375411093,0.0218555927,0.128857777
,305792000,-22.903960880206185,-43.14857918495042,342.0,10.3,0.375411093,0.0218555927,0.128857777
,305792000,-22.903960880206185,-43.14857918495042,342.0,10.3,0.37216109,0.0219333172,0.132060185
,305792000,-22.903960880206185,-43.14857918495042,342.0,10.3,0.37216109,0.0219333172,0.132060185
,305792000,-22.903960880206185,-43.14857918495042,342.0,10.3,0.37216109,0.0219333172,0.132060185
,305792000,-22.903960880206185,-43.14857918495042,342.0,10.3,0.37216109,0.0219333172,0.132060185
,305792000,-22.903960880206185,-43.14857918495042,342.0,10.3,0.37216109,0.0219333172,0.132060185
,305792000,-22.903960880206185,-43.14857918495042,342.0,10.3,0.37216109,0.0219333172,0.132060185
,305792000,-22.903960880206185,-43.14857918495042,342.0,10.3,0.37216109,0.0219333172,0.131584123
,305792000,-22.903960880206185,-43.14857918495042,342.0,10.3,0.37216109,0.0219333172,0.131584123
,305792000,-22.903960880206185,-43.14857918495042,342.0,10.3,0.37216109,0.0219333172,0.131584123
,305792000,-22.903960880206185,-43.14857918495042,342.0,10.3,0.37216109,0.0219333172,0.131584123
,305792000,-22.903960880206185,-43.14857918495042,342.0,10.3,0.37216109,0.0219333172,0.131584123
,305792000,-22.903960880206185,-43.14857918495042,342.0,10.3,0.37216109,0.0219333172,0.131584123
,305792000,-22.903960880206185,-43.14857918495042,342.0,10.3,0.37216109,0.0219333172,0.131584123
,305792000,-22.903960880206185,-43.14857918495042,342.0,10.3,0.37216109,0.0219333172,0.131584123
,305792000,-22.903960880206185,-43.14857918495042,342.0,10.3,0.37216109,0.0219333172,0.131584123
,305792000,-22.903960880206185,-43.14857918495042,342.0,10.3,0.37216109,0.0219333172,0.131584123
,305792000,-22.903960880206185,-43.14857918495042,342.0,10.3,0.37216109,0.0219333172,0.131584123
,305792000,-22.903960880206185,-43.14857918495042,342.0,10.3,0.37216109,0.0219333172,0.131584123
,305792000,-22.903960880206185,-43.14857918495042,342.0,10.3,0.37216109,0.0219333172,0.131584123
,305792000,-22.903960880206185,-43.14857918495042,342.0,10.3,0.37216109,0.0219333172,0.131584123
,305792000,-22.903960880206185,-43.14857918495042,342.0,10.3,0.37216109,0.0219333172,0.131584123
,305792000,-22.903960880206185,-43.14857918495042,342.0,10.3,0.37216109,0.0219333172,0.131584123
,305792000,-22.90391556965739,-43.14859575947415,342.0,10.3,0.37216109,0.0219333172,0.131584123
,305792000,-22.90391556965739,-43.14859575947415,342.0,10.3,0.37216109,0.0219333172,0.131584123
,305792000,-22.90391556965739,-43.14859575947415,342.0,10.3,0.37216109,0.0219333172,0.131584123
,305792000,-22.90391556965739,-43.14859575947415,342.0,10.3,0.37216109,0.0219333172,0.131584123
,305792000,-22.90391556965739,-43.14859575947415,342.0,10.3,0.37216109,0.0219333172,0.131584123
,305792000,-22.90391556965739,-43.14859575947415,342.0,10.3,0.37216109,0.0219333172,0.131584123
,305792000,-22.90391556965739,-43.14859575947415,342.0,10.3,0.37216109,0.0219333172,0.131584123
,305792000,-22.90391556965739,-43.14859575947415,342.0,10.3,0.37216109,0.0219333172,0.131584123
,305792000,-22.90391556965739,-43.14859575947415,342.0,10.3,0.37216109,0.0219333172,0.131584123
,305792000,-22.90391556965739,-43.14859575947415,342.0,10.3,0.37216109,0.0219333172,0.131584123
,305792000,-22.90391556965739,-43.14859575947415,342.0,10.3,0.37216109,0.0219333172,0.131584123
,305792000,-22.90391556965739,-43.14859575947415,342.0,10.3,0.37216109,0.0219333172,0.131584123
,305792000,-22.90391556965739,-43.14859575947415,342.0,10.3,0.37216109,0.0219333172,0.131584123
,305792000,-22.90391556965739,-43.14859575947415,342.0,10.3,0.37216109,0.0219333172,0.131584123
,305792000,-22.90391556965739,-43.14859575947415,342.0,10.3,0.37216109,0.0219333172,0.131584123
,305792000,-22.90391556965739,-43.14859575947415,342.0,10.3,0.37216109,0.0219333172,0.131584123
,305792000,-22.90391556965739,-43.14859575947415,342.0,10.3,0.37216109,0.0219333172,0.131584123
,305792000,-22.90391556965739,-43.14859575947415,342.0,10.3,0.37216109,0.0219333172,0.131584123
,305792000,-22.90391556965739,-43.14859575947415,342.0,10.3,0.37216109,0.0219333172,0.131584123
,305792000,-22.90391556965739,-43.14859575947415,342.0,10.3,0.37216109,0.0219333172,0.131584123
,305792000,-22.90391556965739,-43.14859575947415,342.0,10.3,0.37216109,0.0219333172,0.131584123
,305792000,-22.90391556965739,-43.14859575947415,342.0,10.3,0.37216109,0.0219333172,0.131584123
,305792000,-22.90391556965739,-43.14859575947415,342.0,10.3,0.37216109,0.0219333172,0.131584123
,305792000,-22.90391556965739,-43.14859575947415,342.0,10.3,0.37216109,0.0219333172,0.131584123
,305792000,-22.90391556965739,-43.14859575947415,342.0,10.3,0.37216109,0.0219333172,0.131584123
,305792000,-22.90391556965739,-43.14859575947415,342.0,10.3,0.37216109,0.0219333172,0.131584123
,305792000,-22.90391556965739,-43.14859575947415,342.0,10.3,0.37216109,0.0219333172,0.131584123
,305792000,-22.90391556965739,-43.14859575947415,342.0,10.3,0.37216109,0.0219333172,0.131584123
,305792000,-22.90391556965739,-43.14859575947415,342.0,10.3,0.37216109,0.0219333172,0.131584123
,305792000,-22.90391556965739,-43.14859575947415,342.0,10.3,0.37216109,0.0219333172,0.131584123
,305792000,-22.903830928789137,-43.1486129701853,342.3,10.3,0.37216109,0.0219333172,0.131584123
,305792000,-22.903830928789137,-43.1486129701853,342.3,10.3,0.37216109,0.0219333172,0.131584123
,305792000,-22.903830928789137,-43.1486129701853,342.3,10.3,0.37216109,0.0219333172,0.131584123
,305792000,-22.903830928789137,-43.1486129701853,342.3,10.3,0.37216109,0.0219333172,0.131584123
,305792000,-22.903830928789137,-43.1486129701853,342.3,10.3,0.37216109,0.0219333172,0.131584123
,305792000,-22.903830928789137,-43.1486129701853,342.3,10.3,0.37216109,0.0219333172,0.131584123
,305792000,-22.903830928789137,-43.1486129701853,342.3,10.3,0.37216109,0.0219333172,0.131584123
,305792000,-22.903830928789137,-43.1486129701853,342.3,10.3,0.37216109,0.0219333172,0.131584123
,305792000,-22.903830928789137,-43.1486129701853,342.3,10.3,0.37216109,0.0219333172,0.131584123
,305792000,-22.903830928789137,-43.1486129701853,342.3,10.3,0.37216109,0.0219333172,0.131584123
,305792000,-22.903830928789137,-43.1486129701853,342.3,10.3,0.37216109,0.0219333172,0.131584123
,305792000,-22.903830928789137,-43.1486129701853,342.3,10.3,0.37216109,0.0219333172,0.131584123
,305792000,-22.903830928789137,-43.1486129701853,342.3,10.3,0.37216109,0.0219333172,0.131584123
,305792000,-22.903830928789137,-43.1486129701853,342.3,10.3,0.37216109,0.0219333172,0.131584123
,305792000,-22.903830928789137,-43.1486129701853,342.3,10.3,0.37216109,0.0219333172,0.131584123
,305792000,-22.903830928789137,-43.1486129701853,342.3,10.3,0.37216109,0.0219333172,0.131584123
,305792000,-22.903830928789137,-43.1486129701853,342.3,10.3,0.37216109,0.0219333172,0.131584123
,305792000,-22.903830928789137,-43.1486129701853,342.3,10.3,0.37216109,0.0219333172,0.131584123
,305792000,-22.903830928789137,-43.1486129701853,342.3,10.3,0.37216109,0.0219333172,0.131584123
,305792000,-22.903830928789137,-43.1486129701853,342.3,10.3,0.37216109,0.0219333172,0.131584123
,305792000,-22.903830928789137,-43.1486129701853,342.3,10.3,0.37216109,0.0219333172,0.131584123
,305792000,-22.903830928789137,-43.1486129701853,342.3,10.3,0.37216109,0.0219333172,0.131584123
,305792000,-22.903830928789137,-43.1486129701853,342.3,10.3,0.37216109,0.0219333172,0.131584123
,305792000,-22.903830928789137,-43.1486129701853,342.3,10.3,0.37216109,0.0219333172,0.131584123
,305792000,-22.903830928789137,-43.1486129701853,342.3,10.3,0.37216109,0.0219333172,0.131584123
,305792000,-22.903830928789137,-43.1486129701853,342.3,10.3,0.37216109,0.0219333172,0.131584123
,305792000,-22.903830928789137,-43.1486129701853,342.3,10.3,0.37216109,0.0219333172,0.131584123
,305792000,-22.903830928789137,-43.1486129701853,342.3,10.3,0.37216109,0.0219333172,0.131584123
,305792000,-22.903830928789137,-43.1486129701853,342.3,10.3,0.37216109,0.0219333172,0.131584123
,305792000,-22.903830928789137,-43.1486129701853,342.3,10.3,0.37216109,0.0219333172,0.131584123
,305792000,-22.9037855384569,-43.148629288366486,342.3,10.3,0.37216109,0.0219333172,0.131584123
,305792000,-22.9037855384569,-43.148629288366486,342.3,10.3,0.37216109,0.0219333172,0.131584123
,305792000,-22.9037855384569,-43.148629288366486,342.3,10.3,0.37216109,0.0219333172,0.131584123
,305792000,-22.9037855384569,-43.148629288366486,342.3,10.3,0.37216109,0.0219333172,0.131584123
,305792000,-22.9037855384569,-43.148629288366486,342.3,10.3,0.37216109,0.0219333172,0.131584123
,305792000,-22.9037855384569,-43.148629288366486,342.3,10.3,0.37216109,0.0219333172,0.131584123
,305792000,-22.9037855384569,-43.148629288366486,342.3,10.3,0.37216109,0.0219333172,0.131584123
,305792000,-22.9037855384569,-43.148629288366486,342.3,10.3,0.37216109,0.0219333172,0.131584123
,305792000,-22.9037855384569,-43.148629288366486,342.3,10.3,0.37216109,0.0219333172,0.131584123
,305792000,-22.9037855384569,-43.148629288366486,342.3,10.3,0.37216109,0.0219333172,0.131584123
,305792000,-22.9037855384569,-43.148629288366486,342.3,10.3,0.368266672,0.0220222473,0.1370897
,305792000,-22.9037855384569,-43.148629288366486,342.3,10.3,0.368266672,0.0220222473,0.1370897
,305792000,-22.9037855384569,-43.148629288366486,342.3,10.3,0.368266672,0.0220222473,0.1370897
,305792000,-22.9037855384569,-43.148629288366486,342.3,10.3,0.368266672,0.0220222473,0.1370897
,305792000,-22.9037855384569,-43.148629288366486,342.3,10.3,0.368266672,0.0220222473,0.1370897
,305792000,-22.9037855384569,-43.148629288366486,342.3,10.3,0.368266672,0.0220222473,0.1370897
,305792000,-22.9037855384569,-43.148629288366486,342.3,10.3,0.368266672,0.0220222473,0.1370368
,305792000,-22.9037855384569,-43.148629288366486,342.3,10.3,0.368266672,0.0220222473,0.1370368
,305792000,-22.9037855384569,-43.148629288366486,342.3,10.3,0.368266672,0.0220222473,0.1370368
,305792000,-22.9037855384569,-43.148629288366486,342.3,10.3,0.368266672,0.0220222473,0.1370368
,305792000,-22.9037855384569,-43.148629288366486,342.3,10.3,0.368266672,0.0220222473,0.1370368
,305792000,-22.9037855384569,-43.148629288366486,342.3,10.3,0.368266672,0.0220222473,0.1370368
,305792000,-22.9037855384569,-43.148629288366486,342.3,10.3,0.368266672,0.0220222473,0.1370368
,305792000,-22.9037855384569,-43.148629288366486,342.3,10.3,0.368266672,0.0220222473,0.1370368
,305792000,-22.9037855384569,-43.148629288366486,342.3,10.3,0.368266672,0.0220222473,0.1370368
,305792000,-22.9037855384569,-43.148629288366486,342.3,10.3,0.368266672,0.0220222473,0.1370368
,305792000,-22.9037855384569,-43.148629288366486,342.3,10.3,0.368266672,0.0220222473,0.1370368
,305792000,-22.9037855384569,-43.148629288366486,342.3,10.3,0.368266672,0.0220222473,0.1370368
,305792000,-22.9037855384569,-43.148629288366486,342.3,10.3,0.368266672,0.0220222473,0.1370368
,305792000,-22.9037855384569,-43.148629288366486,342.3,10.3,0.368266672,0.0220222473,0.1370368
,305792000,-22.90374014812203,-43.14864560653578,342.3,10.3,0.368266672,0.0220222473,0.1370368
,305792000,-22.90374014812203,-43.14864560653578,342.3,10.3,0.368266672,0.0220222473,0.1370368
,305792000,-22.90374014812203,-43.14864560653578,342.3,10.3,0.368266672,0.0220222473,0.1370368
,305792000,-22.90374014812203,-43.14864560653578,342.3,10.3,0.368266672,0.0220222473,0.1370368
,305792000,-22.90374014812203,-43.14864560653578,342.3,10.3,0.368266672,0.0220222473,0.1370368
,305792000,-22.90374014812203,-43.14864560653578,342.3,10.3,0.368266672,0.0220222473,0.1370368
,305792000,-22.90374014812203,-43.14864560653578,342.3,10.3,0.368266672,0.0220222473,0.1370368
,305792000,-22.90374014812203,-43.14864560653578,342.3,10.3,0.368266672,0.0220222473,0.1370368
,305792000,-22.90374014812203,-43.14864560653578,342.3,10.3,0.368266672,0.0220222473,0.1370368
,305792000,-22.90374014812203,-43.14864560653578,342.3,10.3,0.368266672,0.0220222473,0.1370368
,305792000,-22.90374014812203,-43.14864560653578,342.3,10.3,0.368266672,0.0220222473,0.1370368
,305792000,-22.90374014812203,-43.14864560653578,342.3,10.3,0.368266672,0.0220222473,0.1370368
,305792000,-22.90374014812203,-43.14864560653578,342.3,10.3,0.368266672,0.0220222473,0.1370368
,305792000,-22.90374014812203,-43.14864560653578,342.3,10.3,0.368266672,0.0220222473,0.1370368
,305792000,-22.90374014812203,-43.14864560653578,342.3,10.3,0.368266672,0.0220222473,0.1370368
,305792000,-22.90374014812203,-43.14864560653578,342.3,10.3,0.368266672,0.0220222473,0.1370368
,305792000,-22.90374014812203,-43.14864560653578,342.3,10.3,0.368266672,0.0220222473,0.1370368
,305792000,-22.90374014812203,-43.14864560653578,342.3,10.3,0.368266672,0.0220222473,0.1370368
,305792000,-22.90374014812203,-43.14864560653578,342.3,10.3,0.368266672,0.0220222473,0.1370368
,305792000,-22.90374014812203,-43.14864560653578,342.3,10.3,0.368266672,0.0220222473,0.1370368
,305792000,-22.90374014812203,-43.14864560653578,342.3,10.3,0.368266672,0.0220222473,0.1370368
,305792000,-22.90374014812203,-43.14864560653578,342.3,10.3,0.368266672,0.0220222473,0.1370368
,305792000,-22.90374014812203,-43.14864560653578,342.3,10.3,0.368266672,0.0220222473,0.1370368
,305792000,-22.90374014812203,-43.14864560653578,342.3,10.3,0.368266672,0.0220222473,0.1370368
,305792000,-22.90374014812203,-43.14864560653578,342.3,10.3,0.368266672,0.0220222473,0.1370368
,305792000,-22.90374014812203,-43.14864560653578,342.3,10.3,0.368266672,0.0220222473,0.1370368
,305792000,-22.90374014812203,-43.14864560653578,342.3,10.3,0.368266672,0.0220222473,0.1370368
,305792000,-22.90374014812203,-43.14864560653578,342.3,10.3,0.368266672,0.0220222473,0.1370368
,305792000,-22.903694757784525,-43.14866192469317,342.3,10.3,0.368266672,0.0220222473,0.1370368
,305792000,-22.903694757784525,-43.14866192469317,342.3,10.3,0.368266672,0.0220222473,0.1370368
,305792000,-22.903694757784525,-43.14866192469317,342.3,10.3,0.368266672,0.0220222473,0.1370368
,305792000,-22.903694757784525,-43.14866192469317,342.3,10.3,0.368266672,0.0220222473,0.1370368
,305792000,-22.903694757784525,-43.14866192469317,342.3,10.3,0.368266672,0.0220222473,0.1370368
,305792000,-22.903694757784525,-43.14866192469317,342.3,10.3,0.368266672,0.0220222473,0.1370368
,305792000,-22.903694757784525,-43.14866192469317,342.3,10.3,0.368266672,0.0220222473,0.1370368
,305792000,-22.903694757784525,-43.14866192469317,342.3,10.3,0.368266672,0.0220222473,0.1370368
,305792000,-22.903694757784525,-43.14866192469317,342.3,10.3,0.368266672,0.0220222473,0.1370368
,305792000,-22.903694757784525,-43.14866192469317,342.3,10.3,0.368266672,0.0220222473,0.1370368
,305792000,-22.903694757784525,-43.14866192469317,342.3,10.3,0.368266672,0.0220222473,0.1370368
,305792000,-22.903694757784525,-43.14866192469317,342.3,10.3,0.368266672,0.0220222473,0.1370368
,305792000,-22.903694757784525,-43.14866192469317,342.3,10.3,0.368266672,0.0220222473,0.1370368
,305792000,-22.903694757784525,-43.14866192469317,342.3,10.3,0.368266672,0.0220222473,0.1370368
,305792000,-22.903694757784525,-43.14866192469317,342.3,10.3,0.368266672,0.0220222473,0.1370368
,305792000,-22.903694757784525,-43.14866192469317,342.3,10.3,0.368266672,0.0220222473,0.1370368
,305792000,-22.903694757784525,-43.14866192469317,342.3,10.3,0.368266672,0.0220222473,0.1370368
,305792000,-22.903694757784525,-43.14866192469317,342.3,10.3,0.368266672,0.0220222473,0.1370368
,305792000,-22.903694757784525,-43.14866192469317,342.3,10.3,0.368266672,0.0220222473,0.1370368
,305792000,-22.903649367444377,-43.14867824283866,342.3,10.3,0.368266672,0.0220222473,0.1370368
,305792000,-22.903649367444377,-43.14867824283866,342.3,10.3,0.368266672,0.0220222473,0.1370368
,305792000,-22.903649367444377,-43.14867824283866,342.3,10.3,0.368266672,0.0220222473,0.1370368
,305792000,-22.903649367444377,-43.14867824283866,342.3,10.3,0.368266672,0.0220222473,0.1370368
,305792000,-22.903649367444377,-43.14867824283866,342.3,10.3,0.365105569,0.0220999718,0.140328839
,305792000,-22.903649367444377,-43.14867824283866,342.3,10.3,0.365105569,0.0220999718,0.140328839
,305792000,-22.903649367444377,-43.14867824283866,342.3,10.3,0.365105569,0.0220999718,0.140328839
,305792000,-22.903649367444377,-43.14867824283866,342.3,10.3,0.365105569,0.0220999718,0.140328839
,305792000,-22.903649367444377,-43.14867824283866,342.3,10.3,0.365105569,0.0220999718,0.140328839
,305792000,-22.903649367444377,-43.14867824283866,342.3,10.3,0.365105569,0.0220999718,0.140328839
,305792000,-22.903649367444377,-43.14867824283866,342.3,10.3,0.365105569,0.0220999718,0.140328839
,305792000,-22.903649367444377,-43.14867824283866,342.3,10.3,0.365105569,0.0220999718,0.140328839
,305792000,-22.903649367444377,-43.14867824283866,342.3,10.3,0.365105569,0.0220999718,0.140328839
,305792000,-22.903649367444377,-43.14867824283866,342.3,10.3,0.365105569,0.0220999718,0.140328839
,305792000,-22.903649367444377,-43.14867824283866,342.3,10.3,0.365105569,0.0220999718,0.140328839
,305792000,-22.903649367444377,-43.14867824283866,342.3,10.3,0.365105569,0.0220999718,0.140328839
,305792000,-22.903649367444377,-43.14867824283866,342.3,10.3,0.365105569,0.0220999718,0.140328839
,305792000,-22.903649367444377,-43.14867824283866,342.3,10.3,0.365105569,0.0220999718,0.140328839
,305792000,-22.903649367444377,-43.14867824283866,342.3,10.3,0.365105569,0.0220999718,0.140328839
,305792000,-22.903649367444377,-43.14867824283866,342.3,10.3,0.365105569,0.0220999718,0.140328839
,305792000,-22.9036039771016,-43.14869456097225,342.3,10.3,0.365105569,0.0220999718,0.140328839
,305792000,-22.9036039771016,-43.14869456097225,342.3,10.3,0.365105569,0.0220999718,0.140328839
,305792000,-22.9036039771016,-43.14869456097225,342.3,10.3,0.365105569,0.0220999718,0.140328839
,305792000,-22.9036039771016,-43.14869456097225,342.3,10.3,0.365105569,0.0220999718,0.140328839
,305792000,-22.9036039771016,-43.14869456097225,342.3,10.3,0.365105569,0.0220999718,0.140328839
,305792000,-22.9036039771016,-43.14869456097225,342.3,10.3,0.365105569,0.0220999718,0.140328839
,305792000,-22.9036039771016,-43.14869456097225,342.3,10.3,0.365105569,0.0220999718,0.140328839
,305792000,-22.9036039771016,-43.14869456097225,342.3,10.3,0.365105569,0.0220999718,0.140328839
,305792000,-22.9036039771016,-43.14869456097225,342.3,10.3,0.365105569,0.0220999718,0.140328839
,305792000,-22.9036039771016,-43.14869456097225,342.3,10.3,0.365105569,0.0220999718,0.140328839
,305792000,-22.9036039771016,-43.14869456097225,342.3,10.3,0.365105569,0.0220999718,0.140328839
,305792000,-22.9036039771016,-43.14869456097225,342.3,10.3,0.365105569,0.0220999718,0.140328839
,305792000,-22.9036039771016,-43.14869456097225,342.3,10.3,0.365105569,0.0220999718,0.140328839
,305792000,-22.9036039771016,-43.14869456097225,342.3,10.3,0.365105569,0.0220999718,0.140328839
,305792000,-22.9036039771016,-43.14869456097225,342.3,10.3,0.365105569,0.0220999718,0.140328839
,305792000,-22.9036039771016,-43.14869456097225,342.3,10.3,0.365105569,0.0220999718,0.140328839
,305792000,-22.9036039771016,-43.14869456097225,342.3,10.3,0.365105569,0.0220999718,0.140328839
,305792000,-22.9036039771016,-43.14869456097225,342.3,10.3,0.365105569,0.0220999718,0.140328839
,305792000,-22.9036039771016,-43.14869456097225,342.3,10.3,0.365105569,0.0220999718,0.140328839
,305792000,-22.9036039771016,-43.14869456097225,342.3,10.3,0.365105569,0.0220999718,0.140328839
,305792000,-22.9036039771016,-43.14869456097225,342.3,10.3,0.365105569,0.0220999718,0.140328839
,305792000,-22.9036039771016,-43.14869456097225,342.3,10.3,0.365105569,0.0220999718,0.140328839
,305792000,-22.9036039771016,-43.14869456097225,342.3,10.3,0.365105569,0.0220999718,0.140328839
,305792000,-22.9036039771016,-43.14869456097225,342.3,10.3,0.365105569,0.0220999718,0.140328839
,305792000,-22.9036039771016,-43.14869456097225,342.3,10.3,0.365105569,0.0220999718,0.140328839
,305792000,-22.9036039771016,-43.14869456097225,342.3,10.3,0.365105569,0.0220999718,0.140328839
,305792000,-22.9036039771016,-43.14869456097225,342.3,10.3,0.365105569,0.0220999718,0.140328839
,305792000,-22.9036039771016,-43.14869456097225,342.3,10.3,0.365105569,0.0220999718,0.140328839
,305792000,-22.903558586756184,-43.148710879093954,342.3,10.3,0.365105569,0.0220999718,0.140328839
,305792000,-22.903558586756184,-43.148710879093954,342.3,10.3,0.365105569,0.0220999718,0.140328839
,305792000,-22.903558586756184,-43.148710879093954,342.3,10.3,0.365105569,0.0220999718,0.140328839
,305792000,-22.903558586756184,-43.148710879093954,342.3,10.3,0.365105569,0.0220999718,0.140328839
,305792000,-22.903558586756184,-43.148710879093954,342.3,10.3,0.365105569,0.0220999718,0.140328839
,305792000,-22.903558586756184,-43.148710879093954,342.3,10.3,0.365105569,0.0220999718,0.140328839
,305792000,-22.903558586756184,-43.148710879093954,342.3,10.3,0.365105569,0.0220999718,0.140328839
,305792000,-22.903558586756184,-43.148710879093954,342.3,10.3,0.365105569,0.0220999718,0.140328839
,305792000,-22.903558586756184,-43.148710879093954,342.3,10.3,0.365105569,0.0220999718,0.140328839
,305792000,-22.903558586756184,-43.148710879093954,342.3,10.3,0.365105569,0.0220999718,0.140328839
,305792000,-22.903558586756184,-43.148710879093954,342.3,10.3,0.365105569,0.0220999718,0.140328839
,305792000,-22.903558586756184,-43.148710879093954,342.3,10.3,0.365105569,0.0220999718,0.140328839
,305792000,-22.903558586756184,-43.148710879093954,342.3,10.3,0.365105569,0.0220999718,0.140328839
,305792000,-22.903558586756184,-43.148710879093954,342.3,10.3,0.365105569,0.0220999718,0.140328839
,305792000,-22.903558586756184,-43.148710879093954,342.3,10.3,0.365105569,0.0220999718,0.140328839
,305792000,-22.903558586756184,-43.148710879093954,342.3,10.3,0.365105569,0.0220999718,0.140328839
,305792000,-22.903558586756184,-43.148710879093954,342.3,10.3,0.365105569,0.0220999718,0.140328839
,305792000,-22.903558586756184,-43.148710879093954,342.3,10.3,0.365105569,0.0220999718,0.140328839
,305792000,-22.903558586756184,-43.148710879093954,342.3,10.3,0.365105569,0.0220999718,0.140328839
,305792000,-22.903558586756184,-43.148710879093954,342.3,10.3,0.365105569,0.0220999718,0.140328839
,305792000,-22.903558586756184,-43.148710879093954,342.3,10.3,0.365105569,0.0220999718,0.140328839
,305792000,-22.903558586756184,-43.148710879093954,342.3,10.3,0.365105569,0.0220999718,0.140328839
,305792000,-22.903558586756184,-43.148710879093954,342.3,10.3,0.365105569,0.0220999718,0.140328839
,305792000,-22.903558586756184,-43.148710879093954,342.3,10.3,0.365105569,0.0220999718,0.140328839
,305792000,-22.903558586756184,-43.148710879093954,342.3,10.3,0.365105569,0.0220999718,0.140328839
,305792000,-22.903558586756184,-43.148710879093954,342.3,10.3,0.365105569,0.0220999718,0.140328839
,305792000,-22.903558586756184,-43.148710879093954,342.3,10.3,0.365105569,0.0220999718,0.140328839
,305792000,-22.903558586756184,-43.148710879093954,342.3,10.3,0.365105569,0.0220999718,0.140328839
,305792000,-22.903558586756184,-43.148710879093954,342.3,10.3,0.365105569,0.0220999718,0.140328839
,305792000,-22.903558586756184,-43.148710879093954,342.3,10.3,0.365105569,0.0220999718,0.140328839
,305792000,-22.903558586756184,-43.148710879093954,342.3,10.3,0.365105569,0.0220999718,0.140328839
,305792000,-22.903558586756184,-43.148710879093954,342.3,10.3,0.365105569,0.0220999718,0.140328839
,305792000,-22.903513196408138,-43.148727197203755,342.3,10.3,0.365105569,0.0220999718,0.140328839
,305792000,-22.903513196408138,-43.148727197203755,342.3,10.3,0.365105569,0.0220999718,0.140328839
,305792000,-22.903513196408138,-43.148727197203755,342.3,10.3,0.365105569,0.0220999718,0.140328839
,305792000,-22.903513196408138,-43.148727197203755,342.3,10.3,0.365105569,0.0220999718,0.140328839
,305792000,-22.903513196408138,-43.148727197203755,342.3,10.3,0.365105569,0.0220999718,0.140328839
,305792000,-22.903513196408138,-43.148727197203755,342.3,10.3,0.365105569,0.0220999718,0.140328839
,305792000,-22.903513196408138,-43.148727197203755,342.3,10.3,0.365105569,0.0220999718,0.140328839
,305792000,-22.903513196408138,-43.148727197203755,342.3,10.3,0.365105569,0.0220999718,0.140328839
,305792000,-22.903513196408138,-43.148727197203755,342.3,10.3,0.365105569,0.0220999718,0.140328839
,305792000,-22.903513196408138,-43.148727197203755,342.3,10.3,0.365105569,0.0220999718,0.140328839
,305792000,-22.903513196408138,-43.148727197203755,342.3,10.3,0.365105569,0.0220999718,0.140328839
,305792000,-22.903513196408138,-43.148727197203755,342.3,10.3,0.365105569,0.0220999718,0.140328839
,305792000,-22.903513196408138,-43.148727197203755,342.3,10.3,0.365105569,0.0220999718,0.140328839
,305792000,-22.903513196408138,-43.148727197203755,342.3,10.3,0.365105569,0.0220999718,0.140328839
,305792000,-22.903513196408138,-43.148727197203755,342.3,10.3,0.365105569,0.0220999718,0.140328839
,305792000,-22.903513196408138,-43.148727197203755,342.3,10.3,0.361972213,0.022166729,0.144346416
,305792000,-22.903513196408138,-43.148727197203755,342.3,10.3,0.361972213,0.022166729,0.144346416
,305792000,-22.903513196408138,-43.148727197203755,342.3,10.3,0.361972213,0.022166729,0.144346416
,305792000,-22.903513196408138,-43.148727197203755,342.3,10.3,0.361972213,0.022166729,0.144346416
,305792000,-22.903513196408138,-43.148727197203755,342.3,10.3,0.361972213,0.022166729,0.144346416
,305792000,-22.903513196408138,-43.148727197203755,342.3,10.3,0.361972213,0.022166729,0.144346416
,305792000,-22.903513196408138,-43.148727197203755,342.3,10.3,0.361972213,0.022166729,0.143897012
,305792000,-22.903513196408138,-43.148727197203755,342.3,10.3,0.361972213,0.022166729,0.143897012
,305792000,-22.903513196408138,-43.148727197203755,342.3,10.3,0.361972213,0.022166729,0.143897012
,305792000,-22.903513196408138,-43.148727197203755,342.3,10.3,0.361972213,0.022166729,0.143897012
,305792000,-22.903513196408138,-43.148727197203755,342.3,10.3,0.361972213,0.022166729,0.143897012
,305792000,-22.903513196408138,-43.148727197203755,342.3,10.3,0.361972213,0.022166729,0.143897012
,305792000,-22.903513196408138,-43.148727197203755,342.3,10.3,0.361972213,0.022166729,0.143897012
,305792000,-22.903513196408138,-43.148727197203755,342.3,10.3,0.361972213,0.022166729,0.143897012
,305792000,-22.903513196408138,-43.148727197203755,342.3,10.3,0.361972213,0.022166729,0.143897012
,305792000,-22.903513196408138,-43.148727197203755,342.3,10.3,0.361972213,0.022166729,0.143897012
,305792000,-22.903513196408138,-43.148727197203755,342.3,10.3,0.361972213,0.022166729,0.143897012
,305792000,-22.903513196408138,-43.148727197203755,342.3,10.3,0.361972213,0.022166729,0.143897012
,305792000,-22.903513196408138,-43.148727197203755,342.3,10.3,0.361972213,0.022166729,0.143897012
,305792000,-22.903513196408138,-43.148727197203755,342.3,10.3,0.361972213,0.022166729,0.143897012
,305792000,-22.903513196408138,-43.148727197203755,342.3,10.3,0.361972213,0.022166729,0.143897012
,305792000,-22.903513196408138,-43.148727197203755,342.3,10.3,0.361972213,0.022166729,0.143897012
,305792000,-22.903513196408138,-43.148727197203755,342.3,10.3,0.361972213,0.022166729,0.143897012
,305792000,-22.903513196408138,-43.148727197203755,342.3,10.3,0.361972213,0.022166729,0.143897012
,305792000,-22.903513196408138,-43.148727197203755,342.3,10.3,0.361972213,0.022166729,0.143897012
,305792000,-22.903513196408138,-43.148727197203755,342.3,10.3,0.361972213,0.022166729,0.143897012
,305792000,-22.903513196408138,-43.148727197203755,342.3,10.3,0.361972213,0.022166729,0.143897012
,305792000,-22.903513196408138,-43.148727197203755,342.3,10.3,0.361972213,0.022166729,0.143897012
,305792000,-22.903513196408138,-43.148727197203755,342.3,10.3,0.361972213,0.022166729,0.143897012
,305792000,-22.903513196408138,-43.148727197203755,342.3,10.3,0.361972213,0.022166729,0.143897012
,305792000,-22.903513196408138,-43.148727197203755,342.3,10.3,0.361972213,0.022166729,0.143897012
,305792000,-22.903513196408138,-43.148727197203755,342.3,10.3,0.361972213,0.022166729,0.143897012
,305792000,-22.903513196408138,-43.148727197203755,342.3,10.3,0.361972213,0.022166729,0.143897012
,305792000,-22.90346780605745,-43.148743515301646,342.3,10.3,0.361972213,0.022166729,0.143897012
,305792000,-22.90346780605745,-43.148743515301646,342.3,10.3,0.361972213,0.022166729,0.143897012
,305792000,-22.90346780605745,-43.148743515301646,342.3,10.3,0.361972213,0.022166729,0.143897012
,305792000,-22.90346780605745,-43.148743515301646,342.3,10.3,0.361972213,0.022166729,0.143897012
,305792000,-22.90346780605745,-43.148743515301646,342.3,10.3,0.361972213,0.022166729,0.143897012
,305792000,-22.90346780605745,-43.148743515301646,342.3,10.3,0.361972213,0.022166729,0.143897012
,305792000,-22.90346780605745,-43.148743515301646,342.3,10.3,0.361972213,0.022166729,0.143897012
,305792000,-22.90346780605745,-43.148743515301646,342.3,10.3,0.361972213,0.022166729,0.143897012
,305792000,-22.90346780605745,-43.148743515301646,342.3,10.3,0.361972213,0.022166729,0.143897012
,305792000,-22.90346780605745,-43.148743515301646,342.3,10.3,0.361972213,0.022166729,0.143897012
,305792000,-22.90346780605745,-43.148743515301646,342.3,10.3,0.361972213,0.022166729,0.143897012
,305792000,-22.90346780605745,-43.148743515301646,342.3,10.3,0.361972213,0.022166729,0.143897012
,305792000,-22.90346780605745,-43.148743515301646,342.3,10.3,0.361972213,0.022166729,0.143897012
,305792000,-22.90346780605745,-43.148743515301646,342.3,10.3,0.361972213,0.022166729,0.143897012
,305792000,-22.90346780605745,-43.148743515301646,342.3,10.3,0.361972213,0.022166729,0.143897012
,305792000,-22.90346780605745,-43.148743515301646,342.3,10.3,0.361972213,0.022166729,0.143897012
,305792000,-22.90346780605745,-43.148743515301646,342.3,10.3,0.361972213,0.022166729,0.143897012
,305792000,-22.90346780605745,-43.148743515301646,342.3,10.3,0.361972213,0.022166729,0.143897012
,305792000,-22.90346780605745,-43.148743515301646,342.3,10.3,0.361972213,0.022166729,0.143897012
,305792000,-22.90346780605745,-43.148743515301646,342.3,10.3,0.361972213,0.022166729,0.143897012
,305792000,-22.90346780605745,-43.148743515301646,342.3,10.3,0.361972213,0.022166729,0.143897012
,305792000,-22.90346780605745,-43.148743515301646,342.3,10.3,0.361972213,0.022166729,0.143897012
,305792000,-22.90346780605745,-43.148743515301646,342.3,10.3,0.361972213,0.022166729,0.143897012
,305792000,-22.90346780605745,-43.148743515301646,342.3,10.3,0.361972213,0.022166729,0.143897012
,305792000,-22.90346780605745,-43.148743515301646,342.3,10.3,0.361972213,0.022166729,0.143897012
,305792000,-22.90346780605745,-43.148743515301646,342.3,10.3,0.361972213,0.022166729,0.143897012
,305792000,-22.90346780605745,-43.148743515301646,342.3,10.3,0.361972213,0.022166729,0.143897012
,305792000,-22.90346780605745,-43.148743515301646,342.3,10.3,0.361972213,0.022166729,0.143897012
,305792000,-22.90346780605745,-43.148743515301646,342.3,10.3,0.361972213,0.022166729,0.143897012
,305792000,-22.90346780605745,-43.148743515301646,342.3,10.3,0.361972213,0.022166729,0.143897012
,305792000,-22.90346780605745,-43.148743515301646,342.3,10.3,0.361972213,0.022166729,0.143897012
,305792000,-22.90346780605745,-43.148743515301646,342.3,10.3,0.361972213,0.022166729,0.143897012
,305792000,-22.90346780605745,-43.148743515301646,342.3,10.3,0.361972213,0.022166729,0.143897012
,305792000,-22.90346780605745,-43.148743515301646,342.3,10.3,0.361972213,0.022166729,0.143897012
,305792000,-22.90346780605745,-43.148743515301646,342.3,10.3,0.361972213,0.022166729,0.143897012
,305792000,-22.90346780605745,-43.148743515301646,342.3,10.3,0.361972213,0.022166729,0.143897012
,305792000,-22.90346780605745,-43.148743515301646,342.3,10.3,0.361972213,0.022166729,0.143897012
,305792000,-22.90346780605745,-43.148743515301646,342.3,10.3,0.361972213,0.022166729,0.143897012
,305792000,-22.90346780605745,-43.148743515301646,342.3,10.3,0.361972213,0.022166729,0.143897012
,305792000,-22.90346780605745,-43.148743515301646,342.3,10.3,0.361972213,0.022166729,0.143897012
,305792000,-22.90346780605745,-43.148743515301646,342.3,10.3,0.361972213,0.022166729,0.143897012
,305792000,-22.90346780605745,-43.148743515301646,342.3,10.3,0.361972213,0.022166729,0.143897012
,305792000,-22.903422415704124,-43.14875983338765,342.3,10.3,0.361972213,0.022166729,0.143897012
,305792000,-22.903422415704124,-43.14875983338765,342.3,10.3,0.361972213,0.022166729,0.143897012
,305792000,-22.903422415704124,-43.14875983338765,342.3,10.3,0.361972213,0.022166729,0.143897012
,305792000,-22.90350641650013,-43.14872136168888,342.8,10.2,0.361972213,0.022166729,0.143897012
,305792000,-22.90350641650013,-43.14872136168888,342.8,10.2,0.361972213,0.022166729,0.143897012
,305792000,-22.90350641650013,-43.14872136168888,342.8,10.2,0.361972213,0.022166729,0.143897012
,305792000,-22.90350641650013,-43.14872136168888,342.8,10.2,0.361972213,0.022166729,0.143897012
,305792000,-22.90350641650013,-43.14872136168888,342.8,10.2,0.361972213,0.022166729,0.143897012
,305792000,-22.90350641650013,-43.14872136168888,342.8,10.2,0.361972213,0.022166729,0.143897012
,305792000,-22.90350641650013,-43.14872136168888,342.8,10.2,0.361972213,0.022166729,0.143897012
,305792000,-22.90350641650013,-43.14872136168888,342.8,10.2,0.361972213,0.022166729,0.143897012
,305792000,-22.90350641650013,-43.14872136168888,342.8,10.2,0.361972213,0.022166729,0.143897012
,305792000,-22.90350641650013,-43.14872136168888,342.8,10.2,0.361972213,0.022166729,0.143897012
,305792000,-22.90350641650013,-43.14872136168888,342.8,10.2,0.361972213,0.022166729,0.143897012
,305792000,-22.90350641650013,-43.14872136168888,342.8,10.2,0.361972213,0.022166729,0.143897012
,305792000,-22.90350641650013,-43.14872136168888,342.8,10.2,0.358872235,0.0222444534,0.148635536
,305792000,-22.90350641650013,-43.14872136168888,342.8,10.2,0.358872235,0.0222444534,0.148635536
,305792000,-22.90350641650013,-43.14872136168888,342.8,10.2,0.358872235,0.0222444534,0.148635536
,305792000,-22.90350641650013,-43.14872136168888,342.8,10.2,0.358872235,0.0222444534,0.148635536
,305792000,-22.90350641650013,-43.14872136168888,342.8,10.2,0.358872235,0.0222444534,0.148635536
,305792000,-22.90350641650013,-43.14872136168888,342.8,10.2,0.358872235,0.0222444534,0.148635536
,305792000,-22.90350641650013,-43.14872136168888,342.8,10.2,0.358872235,0.0222444534,0.148635536
,305792000,-22.90350641650013,-43.14872136168888,342.8,10.2,0.358872235,0.0222444534,0.148635536
,305792000,-22.90350641650013,-43.14872136168888,342.8,10.2,0.358872235,0.0222444534,0.148635536
,305792000,-22.90350641650013,-43.14872136168888,342.8,10.2,0.358872235,0.0222444534,0.148635536
,305792000,-22.90350641650013,-43.14872136168888,342.8,10.2,0.358872235,0.0222444534,0.148635536
,305792000,-22.90350641650013,-43.14872136168888,342.8,10.2,0.358872235,0.0222444534,0.148635536
,305792000,-22.90350641650013,-43.14872136168888,342.8,10.2,0.358872235,0.0222444534,0.148635536
,305792000,-22.90350641650013,-43.14872136168888,342.8,10.2,0.358872235,0.0222444534,0.148635536
,305792000,-22.90350641650013,-43.14872136168888,342.8,10.2,0.358872235,0.0222444534,0.148635536
,305792000,-22.90350641650013,-43.14872136168888,342.8,10.2,0.358872235,0.0222444534,0.148635536
,305792000,-22.90350641650013,-43.14872136168888,342.8,10.2,0.358872235,0.0222444534,0.148635536
,305792000,-22.90350641650013,-43.14872136168888,342.8,10.2,0.358872235,0.0222444534,0.148635536
,305792000,-22.903461337901476,-43.14873709733943,342.8,10.2,0.358872235,0.0222444534,0.148635536
,305792000,-22.903461337901476,-43.14873709733943,342.8,10.2,0.358872235,0.0222444534,0.148635536
,305792000,-22.903461337901476,-43.14873709733943,342.8,10.2,0.358872235,0.0222444534,0.148635536
,305792000,-22.903461337901476,-43.14873709733943,342.8,10.2,0.358872235,0.0222444534,0.148635536
,305792000,-22.903461337901476,-43.14873709733943,342.8,10.2,0.358872235,0.0222444534,0.148635536
,305792000,-22.903461337901476,-43.14873709733943,342.8,10.2,0.358872235,0.0222444534,0.148635536
,305792000,-22.903461337901476,-43.14873709733943,342.8,10.2,0.358872235,0.0222444534,0.148635536
,305792000,-22.903461337901476,-43.14873709733943,342.8,10.2,0.358872235,0.0222444534,0.148635536
,305792000,-22.903461337901476,-43.14873709733943,342.8,10.2,0.358872235,0.0222444534,0.148635536
,305792000,-22.903461337901476,-43.14873709733943,342.8,10.2,0.358872235,0.0222444534,0.148635536
,305792000,-22.903461337901476,-43.14873709733943,342.8,10.2,0.358872235,0.0222444534,0.148635536
,305792000,-22.903461337901476,-43.14873709733943,342.8,10.2,0.358872235,0.0222444534,0.148635536
,305792000,-22.903461337901476,-43.14873709733943,342.8,10.2,0.358872235,0.0222444534,0.148635536
,305792000,-22.903461337901476,-43.14873709733943,342.8,10.2,0.358872235,0.0222444534,0.148635536
,305792000,-22.903461337901476,-43.14873709733943,342.8,10.2,0.358872235,0.0222444534,0.148635536
,305792000,-22.903461337901476,-43.14873709733943,342.8,10.2,0.358872235,0.0222444534,0.148635536
,305792000,-22.903461337901476,-43.14873709733943,342.8,10.2,0.358872235,0.0222444534,0.148635536
,305792000,-22.903461337901476,-43.14873709733943,342.8,10.2,0.358872235,0.0222444534,0.148635536
,305792000,-22.903461337901476,-43.14873709733943,342.8,10.2,0.358872235,0.0222444534,0.148635536
,305792000,-22.903461337901476,-43.14873709733943,342.8,10.2,0.358872235,0.0222444534,0.148635536
,305792000,-22.903461337901476,-43.14873709733943,342.8,10.2,0.358872235,0.0222444534,0.148635536
,305792000,-22.903461337901476,-43.14873709733943,342.8,10.2,0.358872235,0.0222444534,0.148635536
,305792000,-22.903461337901476,-43.14873709733943,342.8,10.2,0.358872235,0.0222444534,0.148635536
,305792000,-22.903461337901476,-43.14873709733943,342.8,10.2,0.358872235,0.0222444534,0.148635536
,305792000,-22.903461337901476,-43.14873709733943,342.8,10.2,0.358872235,0.0222444534,0.148635536
,305792000,-22.903461337901476,-43.14873709733943,342.8,10.2,0.358872235,0.0222444534,0.148635536
,305792000,-22.903461337901476,-43.14873709733943,342.8,10.2,0.358872235,0.0222444534,0.148635536
,305792000,-22.903461337901476,-43.14873709733943,342.8,10.2,0.358872235,0.0222444534,0.148635536
,305792000,-22.903461337901476,-43.14873709733943,342.8,10.2,0.358872235,0.0222444534,0.148635536
,305792000,-22.903461337901476,-43.14873709733943,342.8,10.2,0.358872235,0.0222444534,0.148635536
,305792000,-22.903461337901476,-43.14873709733943,342.8,10.2,0.358872235,0.0222444534,0.148635536
,305792000,-22.903461337901476,-43.14873709733943,342.8,10.2,0.358872235,0.0222444534,0.148635536
,305792000,-22.903461337901476,-43.14873709733943,342.8,10.2,0.358872235,0.0222444534,0.148635536
,305792000,-22.903461337901476,-43.14873709733943,342.8,10.2,0.358872235,0.0222444534,0.148635536
,305792000,-22.903461337901476,-43.14873709733943,342.8,10.2,0.358872235,0.0222444534,0.148635536
,305792000,-22.903461337901476,-43.14873709733943,342.8,10.2,0.358872235,0.0222444534,0.148635536
,305792000,-22.903461337901476,-43.14873709733943,342.8,10.2,0.358872235,0.0222444534,0.148635536
,305792000,-22.903461337901476,-43.14873709733943,342.8,10.2,0.358872235,0.0222444534,0.148635536
,305792000,-22.903461337901476,-43.14873709733943,342.8,10.2,0.358872235,0.0222444534,0.148635536
,305792000,-22.903461337901476,-43.14873709733943,342.8,10.2,0.358872235,0.0222444534,0.148635536
,305792000,-22.903461337901476,-43.14873709733943,342.8,10.2,0.358872235,0.0222444534,0.148635536
,305792000,-22.903461337901476,-43.14873709733943,342.8,10.2,0.358872235,0.0222444534,0.148635536
,305792000,-22.903461337901476,-43.14873709733943,342.8,10.2,0.358872235,0.0222444534,0.148635536
,305792000,-22.903461337901476,-43.14873709733943,342.8,10.2,0.358872235,0.0222444534,0.148635536
,305792000,-22.903461337901476,-43.14873709733943,342.8,10.2,0.358872235,0.0222444534,0.148635536
,305792000,-22.90341625930034,-43.148752832978545,342.8,10.2,0.358872235,0.0222444534,0.148635536
,305792000,-22.90341625930034,-43.148752832978545,342.8,10.2,0.358872235,0.0222444534,0.148635536
,305792000,-22.90341625930034,-43.148752832978545,342.8,10.2,0.358872235,0.0222444534,0.148635536
,305792000,-22.90341625930034,-43.148752832978545,342.8,10.2,0.358872235,0.0222444534,0.148635536
,305792000,-22.90341625930034,-43.148752832978545,342.8,10.2,0.358872235,0.0222444534,0.148635536
,305792000,-22.90341625930034,-43.148752832978545,342.8,10.2,0.358872235,0.0222444534,0.148635536
,305792000,-22.90341625930034,-43.148752832978545,342.8,10.2,0.358872235,0.0222444534,0.148635536
,305792000,-22.90341625930034,-43.148752832978545,342.8,10.2,0.358872235,0.0222444534,0.148635536
,305792000,-22.90341625930034,-43.148752832978545,342.8,10.2,0.358872235,0.0222444534,0.148635536
,305792000,-22.90341625930034,-43.148752832978545,342.8,10.2,0.358872235,0.0222444534,0.148635536
,305792000,-22.90341625930034,-43.148752832978545,342.8,10.2,0.358872235,0.0222444534,0.148635536
,305792000,-22.90341625930034,-43.148752832978545,342.8,10.2,0.358872235,0.0222444534,0.148635536
,305792000,-22.90341625930034,-43.148752832978545,342.8,10.2,0.358872235,0.0222444534,0.148635536
,305792000,-22.90341625930034,-43.148752832978545,342.8,10.2,0.358872235,0.0222444534,0.148635536
,305792000,-22.90341625930034,-43.148752832978545,342.8,10.2,0.358872235,0.0222444534,0.148635536
,305792000,-22.90341625930034,-43.148752832978545,342.8,10.2,0.358872235,0.0222444534,0.148635536
,305792000,-22.90341625930034,-43.148752832978545,342.8,10.2,0.358872235,0.0222444534,0.148635536
,305792000,-22.90341625930034,-43.148752832978545,342.8,10.2,0.358872235,0.0222444534,0.148635536
,305792000,-22.90341625930034,-43.148752832978545,342.8,10.2,0.358872235,0.0222444534,0.148635536
,305792000,-22.90341625930034,-43.148752832978545,342.8,10.2,0.358872235,0.0222444534,0.148635536
,305792000,-22.90341625930034,-43.148752832978545,342.8,10.2,0.358872235,0.0222444534,0.148635536
,305792000,-22.90341625930034,-43.148752832978545,342.8,10.2,0.358872235,0.0222444534,0.148635536
,305792000,-22.90341625930034,-43.148752832978545,342.8,10.2,0.358872235,0.0222444534,0.148635536
,305792000,-22.90341625930034,-43.148752832978545,342.8,10.2,0.358872235,0.0222444534,0.148635536
,305792000,-22.90341625930034,-43.148752832978545,342.8,10.2,0.358872235,0.0222444534,0.148635536
,305792000,-22.90341625930034,-43.148752832978545,342.8,10.2,0.358872235,0.0222444534,0.148635536
,305792000,-22.90341625930034,-43.148752832978545,342.8,10.2,0.358872235,0.0222444534,0.148635536
,305792000,-22.90341625930034,-43.148752832978545,342.8,10.2,0.358872235,0.0222444534,0.148635536
,305792000,-22.90341625930034,-43.148752832978545,342.8,10.2,0.358872235,0.0222444534,0.148635536
,305792000,-22.90341625930034,-43.148752832978545,342.8,10.2,0.358872235,0.0222444534,0.148635536
,305792000,-22.90341625930034,-43.148752832978545,342.8,10.2,0.358872235,0.0222444534,0.148635536
,305792000,-22.90341625930034,-43.148752832978545,342.8,10.2,0.358872235,0.0222444534,0.148635536
,305792000,-22.90341625930034,-43.148752832978545,342.8,10.2,0.358872235,0.0222444534,0.148635536
,305792000,-22.90341625930034,-43.148752832978545,342.8,10.2,0.358872235,0.0222444534,0.148635536
,305792000,-22.90341625930034,-43.148752832978545,342.8,10.2,0.358872235,0.0222444534,0.148635536
,305792000,-22.90341625930034,-43.148752832978545,342.8,10.2,0.358872235,0.0222444534,0.148635536
,305792000,-22.90341625930034,-43.148752832978545,342.8,10.2,0.358872235,0.0222444534,0.148635536
,305792000,-22.90341625930034,-43.148752832978545,342.8,10.2,0.358872235,0.0222444534,0.148635536
,305792000,-22.90341625930034,-43.148752832978545,342.8,10.2,0.358872235,0.0222444534,0.148635536
,305792000,-22.90341625930034,-43.148752832978545,342.8,10.2,0.358872235,0.0222444534,0.148635536
,305792000,-22.90341625930034,-43.148752832978545,342.8,10.2,0.358872235,0.0222444534,0.148635536
,305792000,-22.90341625930034,-43.148752832978545,342.8,10.2,0.358872235,0.0222444534,0.148635536
,305792000,-22.90341625930034,-43.148752832978545,342.8,10.2,0.358872235,0.0222444534,0.148635536
,305792000,-22.90341625930034,-43.148752832978545,342.8,10.2,0.358872235,0.0222444534,0.148635536
,305792000,-22.90341625930034,-43.148752832978545,342.8,10.2,0.358872235,0.0222444534,0.148635536
,305792000,-22.90337118069672,-43.14876856860623,342.8,10.2,0.358872235,0.0222444534,0.148635536
,305792000,-22.90337118069672,-43.14876856860623,342.8,10.2,0.358872235,0.0222444534,0.148635536
,305792000,-22.90337118069672,-43.14876856860623,342.8,10.2,0.358872235,0.0222444534,0.148635536
,305792000,-22.90337118069672,-43.14876856860623,342.8,10.2,0.358872235,0.0222444534,0.148635536
,305792000,-22.90337118069672,-43.14876856860623,342.8,10.2,0.358872235,0.0222444534,0.148635536
,305792000,-22.90337118069672,-43.14876856860623,342.8,10.2,0.358872235,0.0222444534,0.148635536
,305792000,-22.90337118069672,-43.14876856860623,342.8,10.2,0.358872235,0.0222444534,0.148635536
,305792000,-22.90337118069672,-43.14876856860623,342.8,10.2,0.358872235,0.0222444534,0.148635536
,305792000,-22.90337118069672,-43.14876856860623,342.8,10.2,0.358872235,0.0222444534,0.148635536
,305792000,-22.90337118069672,-43.14876856860623,342.8,10.2,0.358872235,0.0222444534,0.148635536
,305792000,-22.90337118069672,-43.14876856860623,342.8,10.2,0.358872235,0.0222444534,0.148635536
,305792000,-22.90337118069672,-43.14876856860623,342.8,10.2,0.358872235,0.0222444534,0.148635536
,305792000,-22.90337118069672,-43.14876856860623,342.8,10.2,0.358872235,0.0222444534,0.148635536
,305792000,-22.90337118069672,-43.14876856860623,342.8,10.2,0.358872235,0.0222444534,0.148635536
,305792000,-22.90337118069672,-43.14876856860623,342.8,10.2,0.358872235,0.0222444534,0.148635536
,305792000,-22.90337118069672,-43.14876856860623,342.8,10.2,0.358872235,0.0222444534,0.148635536
,305792000,-22.90337118069672,-43.14876856860623,342.8,10.2,0.358872235,0.0222444534,0.148635536
,305792000,-22.90337118069672,-43.14876856860623,342.8,10.2,0.358872235,0.0222444534,0.148635536
,305792000,-22.90337118069672,-43.14876856860623,342.8,10.2,0.358872235,0.0222444534,0.148635536
,305792000,-22.90337118069672,-43.14876856860623,342.8,10.2,0.358872235,0.0222444534,0.148635536
,305792000,-22.90337118069672,-43.14876856860623,342.8,10.2,0.358872235,0.0222444534,0.148635536
,305792000,-22.90337118069672,-43.14876856860623,342.8,10.2,0.358872235,0.0222444534,0.148635536
,305792000,-22.90337118069672,-43.14876856860623,342.8,10.2,0.358872235,0.0222444534,0.148635536
,305792000,-22.90337118069672,-43.14876856860623,342.8,10.2,0.358872235,0.0222444534,0.148635536
,305792000,-22.90337118069672,-43.14876856860623,342.8,10.2,0.358966649,0.0222444534,0.148589432
,305792000,-22.90337118069672,-43.14876856860623,342.8,10.2,0.358966649,0.0222444534,0.148589432
,305792000,-22.90337118069672,-43.14876856860623,342.8,10.2,0.358966649,0.0222444534,0.148589432
,305792000,-22.90337118069672,-43.14876856860623,342.8,10.2,0.358966649,0.0222444534,0.148635536
,305792000,-22.90337118069672,-43.14876856860623,342.8,10.2,0.358966649,0.0222444534,0.148635536
,305792000,-22.90337118069672,-43.14876856860623,342.8,10.2,0.358966649,0.0222444534,0.148635536
,305792000,-22.90337118069672,-43.14876856860623,342.8,10.2,0.358966649,0.0222444534,0.148635536
,305792000,-22.90337118069672,-43.14876856860623,342.8,10.2,0.358966649,0.0222444534,0.148635536
,305792000,-22.90337118069672,-43.14876856860623,342.8,10.2,0.358966649,0.0222444534,0.148635536
,305792000,-22.90337118069672,-43.14876856860623,342.8,10.2,0.358966649,0.0222444534,0.148635536
,305792000,-22.90337118069672,-43.14876856860623,342.8,10.2,0.358966649,0.0222444534,0.148635536
,305792000,-22.90337118069672,-43.14876856860623,342.8,10.2,0.358966649,0.0222444534,0.148635536
,305792000,-22.90337118069672,-43.14876856860623,342.8,10.2,0.358966649,0.0222444534,0.148635536
,305792000,-22.90337118069672,-43.14876856860623,342.8,10.2,0.358966649,0.0222444534,0.148635536
,305792000,-22.90337118069672,-43.14876856860623,342.8,10.2,0.358966649,0.0222444534,0.148635536
,305792000,-22.90337118069672,-43.14876856860623,342.8,10.2,0.358966649,0.0222444534,0.148635536
,305792000,-22.90337118069672,-43.14876856860623,342.8,10.2,0.358966649,0.0222444534,0.148635536
,305792000,-22.90337118069672,-43.14876856860623,342.8,10.2,0.358966649,0.0222444534,0.148635536
,305792000,-22.90337118069672,-43.14876856860623,342.8,10.2,0.358966649,0.0222444534,0.148635536
,305792000,-22.90337118069672,-43.14876856860623,342.8,10.2,0.358966649,0.0222444534,0.148635536
,305792000,-22.90337118069672,-43.14876856860623,342.8,10.2,0.358966649,0.0222444534,0.148635536
,305792000,-22.903326102090613,-43.14878430422248,342.8,10.2,0.358966649,0.0222444534,0.148635536
,305792000,-22.903326102090613,-43.14878430422248,342.8,10.2,0.358966649,0.0222444534,0.148635536
,305792000,-22.903326102090613,-43.14878430422248,342.8,10.2,0.358966649,0.0222444534,0.148635536
,305792000,-22.903326102090613,-43.14878430422248,342.8,10.2,0.358966649,0.0222444534,0.148635536
,305792000,-22.903326102090613,-43.14878430422248,342.8,10.2,0.358966649,0.0222444534,0.148635536
,305792000,-22.903326102090613,-43.14878430422248,342.8,10.2,0.358966649,0.0222444534,0.148635536
,305792000,-22.903326102090613,-43.14878430422248,342.8,10.2,0.358966649,0.0222444534,0.148635536
,305792000,-22.903326102090613,-43.14878430422248,342.8,10.2,0.358966649,0.0222444534,0.148635536
,305792000,-22.903326102090613,-43.14878430422248,342.8,10.2,0.358966649,0.0222444534,0.148635536
,305792000,-22.903326102090613,-43.14878430422248,342.8,10.2,0.358966649,0.0222444534,0.148635536
,305792000,-22.903326102090613,-43.14878430422248,342.8,10.2,0.358966649,0.0222444534,0.148635536
,305792000,-22.903326102090613,-43.14878430422248,342.8,10.2,0.358966649,0.0222444534,0.148635536
,305792000,-22.903326102090613,-43.14878430422248,342.8,10.2,0.358966649,0.0222444534,0.148635536
,305792000,-22.903326102090613,-43.14878430422248,342.8,10.2,0.358966649,0.0222444534,0.148635536
,305792000,-22.903326102090613,-43.14878430422248,342.8,10.2,0.358966649,0.0222444534,0.148635536
,305792000,-22.903326102090613,-43.14878430422248,342.8,10.2,0.358966649,0.0222444534,0.148635536
,305792000,-22.903326102090613,-43.14878430422248,342.8,10.2,0.358966649,0.0222444534,0.148635536
,305792000,-22.903326102090613,-43.14878430422248,342.8,10.2,0.358966649,0.0222444534,0.148635536
,305792000,-22.903326102090613,-43.14878430422248,342.8,10.2,0.358966649,0.0222444534,0.148635536
,305792000,-22.903326102090613,-43.14878430422248,342.8,10.2,0.358966649,0.0222444534,0.148635536
,305792000,-22.903326102090613,-43.14878430422248,342.8,10.2,0.358966649,0.0222444534,0.148635536
,305792000,-22.903326102090613,-43.14878430422248,342.8,10.2,0.358966649,0.0222444534,0.148635536
,305792000,-22.903326102090613,-43.14878430422248,342.8,10.2,0.358966649,0.0222444534,0.148635536
,305792000,-22.903326102090613,-43.14878430422248,342.8,10.2,0.358966649,0.0222444534,0.148635536
,305792000,-22.903326102090613,-43.14878430422248,342.8,10.2,0.358966649,0.0222444534,0.148635536
,305792000,-22.903326102090613,-43.14878430422248,342.8,10.2,0.358966649,0.0222444534,0.148635536
,305792000,-22.903326102090613,-43.14878430422248,342.8,10.2,0.358966649,0.0222444534,0.148635536
,305792000,-22.903326102090613,-43.14878430422248,342.8,10.2,0.358966649,0.0222444534,0.148635536
,305792000,-22.903326102090613,-43.14878430422248,342.8,10.2,0.358966649,0.0222444534,0.148635536
,305792000,-22.903326102090613,-43.14878430422248,342.8,10.2,0.358966649,0.0222444534,0.148635536
,305792000,-22.903326102090613,-43.14878430422248,342.8,10.2,0.358966649,0.0222444534,0.148635536
,305792000,-22.903326102090613,-43.14878430422248,342.8,10.2,0.358966649,0.0222444534,0.148635536
,305792000,-22.903326102090613,-43.14878430422248,342.8,10.2,0.358966649,0.0222444534,0.148635536
,305792000,-22.903326102090613,-43.14878430422248,342.8,10.2,0.358966649,0.0222444534,0.148635536
,305792000,-22.903326102090613,-43.14878430422248,342.8,10.2,0.358966649,0.0222444534,0.148635536
,305792000,-22.903326102090613,-43.14878430422248,342.8,10.2,0.358966649,0.0222444534,0.148635536
,305792000,-22.903281023482023,-43.1488000398273,342.8,10.2,0.358966649,0.0222444534,0.148635536
,305792000,-22.903281023482023,-43.1488000398273,342.8,10.2,0.358966649,0.0222444534,0.148635536
,305792000,-22.903281023482023,-43.1488000398273,342.8,10.2,0.358966649,0.0222444534,0.148635536
,305792000,-22.903281023482023,-43.1488000398273,342.8,10.2,0.358966649,0.0222444534,0.148635536
,305792000,-22.903281023482023,-43.1488000398273,342.8,10.2,0.358966649,0.0222444534,0.148635536
,305792000,-22.903281023482023,-43.1488000398273,342.8,10.2,0.358966649,0.0222444534,0.148635536
,305792000,-22.903281023482023,-43.1488000398273,342.8,10.2,0.358966649,0.0222444534,0.148635536
,305792000,-22.903281023482023,-43.1488000398273,342.8,10.2,0.358966649,0.0222444534,0.148635536
,305792000,-22.903281023482023,-43.1488000398273,342.8,10.2,0.358966649,0.0222444534,0.148635536
,305792000,-22.903281023482023,-43.1488000398273,342.8,10.2,0.358966649,0.0222444534,0.148635536
,305792000,-22.903281023482023,-43.1488000398273,342.8,10.2,0.358966649,0.0222444534,0.148635536
,305792000,-22.903281023482023,-43.1488000398273,342.8,10.2,0.358966649,0.0222444534,0.148635536
,305792000,-22.903281023482023,-43.1488000398273,342.8,10.2,0.358966649,0.0222444534,0.148635536
,305792000,-22.903281023482023,-43.1488000398273,342.8,10.2,0.358966649,0.0222444534,0.148635536
,305792000,-22.903281023482023,-43.1488000398273,342.8,10.2,0.358966649,0.0222444534,0.148635536
,305792000,-22.903281023482023,-43.1488000398273,342.8,10.2,0.358966649,0.0222444534,0.148635536
,305792000,-22.903281023482023,-43.1488000398273,342.8,10.2,0.358966649,0.0222444534,0.148635536
,305792000,-22.903281023482023,-43.1488000398273,342.8,10.2,0.358966649,0.0222444534,0.148635536
,305792000,-22.903281023482023,-43.1488000398273,342.8,10.2,0.358966649,0.0222444534,0.148635536
,305792000,-22.903281023482023,-43.1488000398273,342.8,10.2,0.358966649,0.0222444534,0.148635536
,305792000,-22.903281023482023,-43.1488000398273,342.8,10.2,0.358966649,0.0222444534,0.148635536
,305792000,-22.903281023482023,-43.1488000398273,342.8,10.2,0.358966649,0.0222444534,0.148635536
,305792000,-22.903281023482023,-43.1488000398273,342.8,10.2,0.358966649,0.0222444534,0.148635536
,305792000,-22.903281023482023,-43.1488000398273,342.8,10.2,0.358966649,0.0222444534,0.148635536
,305792000,-22.903281023482023,-43.1488000398273,342.8,10.2,0.358966649,0.0222444534,0.148635536
,305792000,-22.903281023482023,-43.1488000398273,342.8,10.2,0.358966649,0.0222444534,0.148635536
,305792000,-22.903281023482023,-43.1488000398273,342.8,10.2,0.358966649,0.0222444534,0.148635536
,305792000,-22.903281023482023,-43.1488000398273,342.8,10.2,0.358966649,0.0222444534,0.148635536
,305792000,-22.903281023482023,-43.1488000398273,342.8,10.2,0.358966649,0.0222444534,0.148635536
,305792000,-22.903281023482023,-43.1488000398273,342.8,10.2,0.358966649,0.0222444534,0.148635536
,305792000,-22.903281023482023,-43.1488000398273,342.8,10.2,0.358966649,0.0222444534,0.148635536
,305792000,-22.903281023482023,-43.1488000398273,342.8,10.2,0.358966649,0.0222444534,0.148635536
,305792000,-22.903281023482023,-43.1488000398273,342.8,10.2,0.358966649,0.0222444534,0.148635536
,305792000,-22.903281023482023,-43.1488000398273,342.8,10.2,0.358966649,0.0222444534,0.148635536
,305792000,-22.903281023482023,-43.1488000398273,342.8,10.2,0.358966649,0.0222444534,0.148635536
,305792000,-22.903281023482023,-43.1488000398273,342.8,10.2,0.358966649,0.0222444534,0.148635536
,305792000,-22.903281023482023,-43.1488000398273,342.8,10.2,0.358966649,0.0222444534,0.148635536
,305792000,-22.903281023482023,-43.1488000398273,342.8,10.2,0.358966649,0.0222444534,0.148635536
,305792000,-22.903281023482023,-43.1488000398273,342.8,10.2,0.358966649,0.0222444534,0.148635536
,305792000,-22.903281023482023,-43.1488000398273,342.8,10.2,0.358966649,0.0222444534,0.148635536
,305792000,-22.903281023482023,-43.1488000398273,342.8,10.2,0.358966649,0.0222444534,0.148635536
,305792000,-22.903281023482023,-43.1488000398273,342.8,10.2,0.358966649,0.0222444534,0.148635536
,305792000,-22.903281023482023,-43.1488000398273,342.8,10.2,0.358966649,0.0222444534,0.148635536
,305792000,-22.903281023482023,-43.1488000398273,342.8,10.2,0.358966649,0.0222444534,0.148635536
,305792000,-22.903281023482023,-43.1488000398273,342.8,10.2,0.358966649,0.0222444534,0.148635536
,305792000,-22.90323594487095,-43.148815775420694,342.8,10.2,0.358966649,0.0222444534,0.148635536
,305792000,-22.90323594487095,-43.148815775420694,342.8,10.2,0.358966649,0.0222444534,0.148635536
,305792000,-22.90323594487095,-43.148815775420694,342.8,10.2,0.358966649,0.0222444534,0.148635536
,305792000,-22.90323594487095,-43.148815775420694,342.8,10.2,0.358966649,0.0222444534,0.148635536
,305792000,-22.90323594487095,-43.148815775420694,342.8,10.2,0.358966649,0.0222444534,0.148635536
,305792000,-22.90323594487095,-43.148815775420694,342.8,10.2,0.358966649,0.0222444534,0.148635536
,305792000,-22.90323594487095,-43.148815775420694,342.8,10.2,0.358966649,0.0222444534,0.148635536
,305792000,-22.90323594487095,-43.148815775420694,342.8,10.2,0.358966649,0.0222444534,0.148635536
,305792000,-22.90323594487095,-43.148815775420694,342.8,10.2,0.358966649,0.0222444534,0.148635536
,305792000,-22.90323594487095,-43.148815775420694,342.8,10.2,0.358966649,0.0222444534,0.148635536
,305792000,-22.90323594487095,-43.148815775420694,342.8,10.2,0.358966649,0.0222444534,0.148635536
,305792000,-22.90323594487095,-43.148815775420694,342.8,10.2,0.358966649,0.0222444534,0.148635536
,305792000,-22.90323594487095,-43.148815775420694,342.8,10.2,0.358966649,0.0222444534,0.148635536
,305792000,-22.90323594487095,-43.148815775420694,342.8,10.2,0.358966649,0.0222444534,0.148635536
,305792000,-22.90323594487095,-43.148815775420694,342.8,10.2,0.358966649,0.0222444534,0.148635536
,305792000,-22.90323594487095,-43.148815775420694,342.8,10.2,0.358966649,0.0222444534,0.148635536
,305792000,-22.90323594487095,-43.148815775420694,342.8,10.2,0.358966649,0.0222444534,0.148635536
,305792000,-22.90323594487095,-43.148815775420694,342.8,10.2,0.358966649,0.0222444534,0.148635536
,305792000,-22.90323594487095,-43.148815775420694,342.8,10.2,0.358966649,0.0222444534,0.148635536
,305792000,-22.90323594487095,-43.148815775420694,342.8,10.2,0.358966649,0.0222444534,0.148635536
,305792000,-22.90323594487095,-43.148815775420694,342.8,10.2,0.358966649,0.0222444534,0.148635536
,305792000,-22.90323594487095,-43.148815775420694,342.8,10.2,0.355949998,0.0223222971,0.152401343
,305792000,-22.90323594487095,-43.148815775420694,342.8,10.2,0.355949998,0.0223222971,0.152401343
,305792000,-22.90323594487095,-43.148815775420694,342.8,10.2,0.355949998,0.0223222971,0.152401343
,305792000,-22.90323594487095,-43.148815775420694,342.8,10.2,0.355949998,0.0223222971,0.152401343
,305792000,-22.90323594487095,-43.148815775420694,342.8,10.2,0.355949998,0.0223222971,0.152401343
,305792000,-22.90323594487095,-43.148815775420694,342.8,10.2,0.355949998,0.0223222971,0.152401343
,305792000,-22.90323594487095,-43.148815775420694,342.8,10.2,0.355949998,0.0223222971,0.152401343
,305792000,-22.90323594487095,-43.148815775420694,342.8,10.2,0.355949998,0.0223222971,0.152401343
,305792000,-22.90323594487095,-43.148815775420694,342.8,10.2,0.355949998,0.0223222971,0.152401343
,305792000,-22.903190866257386,-43.14883151100264,342.8,10.2,0.355949998,0.0223222971,0.152203694
,305792000,-22.903190866257386,-43.14883151100264,342.8,10.2,0.355949998,0.0223222971,0.152203694
,305792000,-22.903190866257386,-43.14883151100264,342.8,10.2,0.355949998,0.0223222971,0.152203694
,305792000,-22.903190866257386,-43.14883151100264,342.8,10.2,0.355949998,0.0223222971,0.152203694
,305792000,-22.903190866257386,-43.14883151100264,342.8,10.2,0.355949998,0.0223222971,0.152203694
,305792000,-22.903190866257386,-43.14883151100264,342.8,10.2,0.355949998,0.0223222971,0.152203694
,305792000,-22.903190866257386,-43.14883151100264,342.8,10.2,0.355949998,0.0223222971,0.152203694
,305792000,-22.903190866257386,-43.14883151100264,342.8,10.2,0.355949998,0.0223222971,0.152203694
,305792000,-22.903190866257386,-43.14883151100264,342.8,10.2,0.355949998,0.0223222971,0.152203694
,305792000,-22.903190866257386,-43.14883151100264,342.8,10.2,0.355949998,0.0223222971,0.152203694
,305792000,-22.903190866257386,-43.14883151100264,342.8,10.2,0.355949998,0.0223222971,0.152203694
,305792000,-22.903190866257386,-43.14883151100264,342.8,10.2,0.355949998,0.0223222971,0.152203694
,305792000,-22.903190866257386,-43.14883151100264,342.8,10.2,0.355949998,0.0223222971,0.152203694
,305792000,-22.903190866257386,-43.14883151100264,342.8,10.2,0.355949998,0.0223222971,0.152203694
,305792000,-22.903190866257386,-43.14883151100264,342.8,10.2,0.355949998,0.0223222971,0.152203694
,305792000,-22.903190866257386,-43.14883151100264,342.8,10.2,0.355949998,0.0223222971,0.152203694
,305792000,-22.903190866257386,-43.14883151100264,342.8,10.2,0.355949998,0.0223222971,0.152203694
,305792000,-22.903190866257386,-43.14883151100264,342.8,10.2,0.355949998,0.0223222971,0.152203694
,305792000,-22.903145787641346,-43.14884724657317,342.8,10.2,0.355949998,0.0223222971,0.152203694
,305792000,-22.903145787641346,-43.14884724657317,342.8,10.2,0.355949998,0.0223222971,0.152203694
,305792000,-22.903145787641346,-43.14884724657317,342.8,10.2,0.355949998,0.0223222971,0.152203694
,305792000,-22.903145787641346,-43.14884724657317,342.8,10.2,0.355949998,0.0223222971,0.152203694
,305792000,-22.903145787641346,-43.14884724657317,342.8,10.2,0.355949998,0.0223222971,0.152203694
,305792000,-22.903145787641346,-43.14884724657317,342.8,10.2,0.355949998,0.0223222971,0.152203694
,305792000,-22.903145787641346,-43.14884724657317,342.8,10.2,0.355949998,0.0223222971,0.152203694
,305792000,-22.903145787641346,-43.14884724657317,342.8,10.2,0.355949998,0.0223222971,0.152203694
,305792000,-22.903145787641346,-43.14884724657317,342.8,10.2,0.355949998,0.0223222971,0.152203694
,305792000,-22.903145787641346,-43.14884724657317,342.8,10.2,0.355949998,0.0223222971,0.152203694
,305792000,-22.903145787641346,-43.14884724657317,342.8,10.2,0.355949998,0.0223222971,0.152203694
,305792000,-22.903145787641346,-43.14884724657317,342.8,10.2,0.355949998,0.0223222971,0.152203694
,305792000,-22.903145787641346,-43.14884724657317,342.8,10.2,0.355949998,0.0223222971,0.152203694
,305792000,-22.903145787641346,-43.14884724657317,342.8,10.2,0.355949998,0.0223222971,0.152203694
,305792000,-22.903145787641346,-43.14884724657317,342.8,10.2,0.355949998,0.0223222971,0.152203694
,305792000,-22.903145787641346,-43.14884724657317,342.8,10.2,0.355949998,0.0223222971,0.152203694
,305792000,-22.903145787641346,-43.14884724657317,342.8,10.2,0.355949998,0.0223222971,0.152203694
,305792000,-22.903145787641346,-43.14884724657317,342.8,10.2,0.355949998,0.0223222971,0.152203694
,305792000,-22.903145787641346,-43.14884724657317,342.8,10.2,0.355949998,0.0223222971,0.152203694
,305792000,-22.903145787641346,-43.14884724657317,342.8,10.2,0.355949998,0.0223222971,0.152203694
,305792000,-22.903145787641346,-43.14884724657317,342.8,10.2,0.355949998,0.0223222971,0.152203694
,305792000,-22.903145787641346,-43.14884724657317,342.8,10.2,0.355949998,0.0223222971,0.152203694
,305792000,-22.903145787641346,-43.14884724657317,342.8,10.2,0.355949998,0.0223222971,0.152203694
,305792000,-22.903145787641346,-43.14884724657317,342.8,10.2,0.355949998,0.0223222971,0.152203694
,305792000,-22.903145787641346,-43.14884724657317,342.8,10.2,0.355949998,0.0223222971,0.152203694
,305792000,-22.903145787641346,-43.14884724657317,342.8,10.2,0.355949998,0.0223222971,0.152203694
,305792000,-22.903145787641346,-43.14884724657317,342.8,10.2,0.355949998,0.0223222971,0.152203694
,305792000,-22.903145787641346,-43.14884724657317,342.8,10.2,0.355949998,0.0223222971,0.152203694
,305792000,-22.903145787641346,-43.14884724657317,342.8,10.2,0.355949998,0.0223222971,0.152203694
,305792000,-22.903145787641346,-43.14884724657317,342.8,10.2,0.355949998,0.0223222971,0.152203694
,305792000,-22.90310070902282,-43.14886298213227,342.8,10.2,0.355949998,0.0223222971,0.152203694
,305792000,-22.90310070902282,-43.14886298213227,342.8,10.2,0.355949998,0.0223222971,0.152203694
,305792000,-22.90310070902282,-43.14886298213227,342.8,10.2,0.355949998,0.0223222971,0.152203694
,305792000,-22.90310070902282,-43.14886298213227,342.8,10.2,0.355949998,0.0223222971,0.152203694
,305792000,-22.90310070902282,-43.14886298213227,342.8,10.2,0.355949998,0.0223222971,0.152203694
,305792000,-22.90310070902282,-43.14886298213227,342.8,10.2,0.355949998,0.0223222971,0.152203694
,305792000,-22.90310070902282,-43.14886298213227,342.8,10.2,0.355949998,0.0223222971,0.152203694
,305792000,-22.90310070902282,-43.14886298213227,342.8,10.2,0.355949998,0.0223222971,0.152203694
,305792000,-22.90310070902282,-43.14886298213227,342.8,10.2,0.355949998,0.0223222971,0.152203694
,305792000,-22.90310070902282,-43.14886298213227,342.8,10.2,0.355949998,0.0223222971,0.152203694
,305792000,-22.90310070902282,-43.14886298213227,342.8,10.2,0.355949998,0.0223222971,0.152203694
,305792000,-22.90310070902282,-43.14886298213227,342.8,10.2,0.355949998,0.0223222971,0.152203694
,305792000,-22.90310070902282,-43.14886298213227,342.8,10.2,0.355949998,0.0223222971,0.152203694
,305792000,-22.90310070902282,-43.14886298213227,342.8,10.2,0.355949998,0.0223222971,0.152203694
,305792000,-22.90310070902282,-43.14886298213227,342.8,10.2,0.355949998,0.0223222971,0.152203694
,305792000,-22.90310070902282,-43.14886298213227,342.8,10.2,0.355949998,0.0223222971,0.152203694
,305792000,-22.902961365491585,-43.14890363402666,342.8,10.2,0.355949998,0.0223222971,0.152203694
,305792000,-22.902961365491585,-43.14890363402666,342.8,10.2,0.355949998,0.0223222971,0.152203694
,305792000,-22.902961365491585,-43.14890363402666,342.8,10.2,0.355949998,0.0223222971,0.152203694
,305792000,-22.902961365491585,-43.14890363402666,342.8,10.2,0.355949998,0.0223222971,0.152203694
,305792000,-22.902961365491585,-43.14890363402666,342.8,10.2,0.352966666,0.0223889351,0.155771866
,305792000,-22.902961365491585,-43.14890363402666,342.8,10.2,0.352966666,0.0223889351,0.155771866
,305792000,-22.902961365491585,-43.14890363402666,342.8,10.2,0.352966666,0.0223889351,0.155771866
,305792000,-22.902961365491585,-43.14890363402666,342.8,10.2,0.352966666,0.0223889351,0.155771866
,305792000,-22.902961365491585,-43.14890363402666,342.8,10.2,0.352966666,0.0223889351,0.155771866
,305792000,-22.902961365491585,-43.14890363402666,342.8,10.2,0.352966666,0.0223889351,0.155771866
,305792000,-22.902961365491585,-43.14890363402666,342.8,10.2,0.352966666,0.0223889351,0.155771866
,305792000,-22.902961365491585,-43.14890363402666,342.8,10.2,0.352966666,0.0223889351,0.155771866
,305792000,-22.902961365491585,-43.14890363402666,342.8,10.2,0.352966666,0.0223889351,0.155771866
,305792000,-22.902961365491585,-43.14890363402666,342.8,10.2,0.352966666,0.0223889351,0.155771866
,305792000,-22.902961365491585,-43.14890363402666,342.8,10.2,0.352966666,0.0223889351,0.155771866
,305792000,-22.902961365491585,-43.14890363402666,342.8,10.2,0.352966666,0.0223889351,0.155771866
,305792000,-22.902961365491585,-43.14890363402666,342.8,10.2,0.352966666,0.0223889351,0.155771866
,305792000,-22.902961365491585,-43.14890363402666,342.8,10.2,0.352966666,0.0223889351,0.155771866
,305792000,-22.902961365491585,-43.14890363402666,342.8,10.2,0.352966666,0.0223889351,0.155771866
,305792000,-22.902961365491585,-43.14890363402666,342.8,10.2,0.352966666,0.0223889351,0.155771866
,305792000,-22.902961365491585,-43.14890363402666,342.8,10.2,0.352966666,0.0223889351,0.155771866
,305792000,-22.902961365491585,-43.14890363402666,342.8,10.2,0.352966666,0.0223889351,0.155771866
,305792000,-22.902961365491585,-43.14890363402666,342.8,10.2,0.352966666,0.0223889351,0.155771866
,305792000,-22.902961365491585,-43.14890363402666,342.8,10.2,0.352966666,0.0223889351,0.155771866
,305792000,-22.902961365491585,-43.14890363402666,342.8,10.2,0.352966666,0.0223889351,0.155771866
,305792000,-22.902961365491585,-43.14890363402666,342.8,10.2,0.352966666,0.0223889351,0.155771866
,305792000,-22.902961365491585,-43.14890363402666,342.8,10.2,0.352966666,0.0223889351,0.155771866
,305792000,-22.902961365491585,-43.14890363402666,342.8,10.2,0.352966666,0.0223889351,0.155771866
,305792000,-22.902961365491585,-43.14890363402666,342.8,10.2,0.352966666,0.0223889351,0.155771866
,305792000,-22.902961365491585,-43.14890363402666,342.8,10.2,0.352966666,0.0223889351,0.155771866
,305792000,-22.902916286863856,-43.148919369541574,342.8,10.2,0.352966666,0.0223889351,0.155771866
,305792000,-22.902916286863856,-43.148919369541574,342.8,10.2,0.352966666,0.0223889351,0.155771866
,305792000,-22.902916286863856,-43.148919369541574,342.8,10.2,0.352966666,0.0223889351,0.155771866
,305792000,-22.902916286863856,-43.148919369541574,342.8,10.2,0.352966666,0.0223889351,0.155771866
,305792000,-22.902916286863856,-43.148919369541574,342.8,10.2,0.352966666,0.0223889351,0.155771866
,305792000,-22.902916286863856,-43.148919369541574,342.8,10.2,0.352966666,0.0223889351,0.155771866
,305792000,-22.902916286863856,-43.148919369541574,342.8,10.2,0.352966666,0.0223889351,0.155771866
,305792000,-22.902916286863856,-43.148919369541574,342.8,10.2,0.352966666,0.0223889351,0.155771866
,305792000,-22.902916286863856,-43.148919369541574,342.8,10.2,0.352966666,0.0223889351,0.155771866
,305792000,-22.902916286863856,-43.148919369541574,342.8,10.2,0.352966666,0.0223889351,0.155771866
,305792000,-22.902916286863856,-43.148919369541574,342.8,10.2,0.352966666,0.0223889351,0.155771866
,305792000,-22.902916286863856,-43.148919369541574,342.8,10.2,0.352966666,0.0223889351,0.155771866
,305792000,-22.902916286863856,-43.148919369541574,342.8,10.2,0.352966666,0.0223889351,0.155771866
,305792000,-22.902916286863856,-43.148919369541574,342.8,10.2,0.352966666,0.0223889351,0.155771866
,305792000,-22.902916286863856,-43.148919369541574,342.8,10.2,0.352966666,0.0223889351,0.155771866
,305792000,-22.902916286863856,-43.148919369541574,342.8,10.2,0.352966666,0.0223889351,0.155771866
,305792000,-22.902916286863856,-43.148919369541574,342.8,10.2,0.352966666,0.0223889351,0.155771866
,305792000,-22.902916286863856,-43.148919369541574,342.8,10.2,0.352966666,0.0223889351,0.155771866
,305792000,-22.902916286863856,-43.148919369541574,342.8,10.2,0.352966666,0.0223889351,0.155771866
,305792000,-22.902916286863856,-43.148919369541574,342.8,10.2,0.352966666,0.0223889351,0.155771866
,305792000,-22.902916286863856,-43.148919369541574,342.8,10.2,0.352966666,0.0223889351,0.155771866
,305792000,-22.902916286863856,-43.148919369541574,342.8,10.2,0.352966666,0.0223889351,0.155771866
,305792000,-22.902916286863856,-43.148919369541574,342.8,10.2,0.352966666,0.0223889351,0.155771866
,305792000,-22.902916286863856,-43.148919369541574,342.8,10.2,0.352966666,0.0223889351,0.155771866
,305792000,-22.902871208233645,-43.148935105045055,342.8,10.2,0.352966666,0.0223889351,0.155771866
,305792000,-22.902871208233645,-43.148935105045055,342.8,10.2,0.352966666,0.0223889351,0.155771866
,305792000,-22.902871208233645,-43.148935105045055,342.8,10.2,0.352966666,0.0223889351,0.155771866
,305792000,-22.902871208233645,-43.148935105045055,342.8,10.2,0.352966666,0.0223889351,0.155771866
,305792000,-22.902871208233645,-43.148935105045055,342.8,10.2,0.352966666,0.0223889351,0.155771866
,305792000,-22.902871208233645,-43.148935105045055,342.8,10.2,0.352966666,0.0223889351,0.155771866
,305792000,-22.902871208233645,-43.148935105045055,342.8,10.2,0.352966666,0.0223889351,0.155771866
,305792000,-22.902871208233645,-43.148935105045055,342.8,10.2,0.352966666,0.0223889351,0.155771866
,305792000,-22.902871208233645,-43.148935105045055,342.8,10.2,0.352966666,0.0223889351,0.155771866
,305792000,-22.902871208233645,-43.148935105045055,342.8,10.2,0.352966666,0.0223889351,0.155771866
,305792000,-22.902871208233645,-43.148935105045055,342.8,10.2,0.352966666,0.0223889351,0.155771866
,305792000,-22.902871208233645,-43.148935105045055,342.8,10.2,0.352966666,0.0223889351,0.155771866
,305792000,-22.902871208233645,-43.148935105045055,342.8,10.2,0.352966666,0.0223889351,0.155771866
,305792000,-22.902871208233645,-43.148935105045055,342.8,10.2,0.352966666,0.0223889351,0.155771866
,305792000,-22.902871208233645,-43.148935105045055,342.8,10.2,0.352966666,0.0223889351,0.155771866
,305792000,-22.902871208233645,-43.148935105045055,342.8,10.2,0.352966666,0.0223889351,0.155771866
,305792000,-22.902871208233645,-43.148935105045055,342.8,10.2,0.352966666,0.0223889351,0.155771866
,305792000,-22.902826129600946,-43.148950840537104,342.8,10.2,0.352966666,0.0223889351,0.155771866
,305792000,-22.902826129600946,-43.148950840537104,342.8,10.2,0.347144455,0.022544384,0.164585114
,305792000,-22.902826129600946,-43.148950840537104,342.8,10.2,0.347144455,0.022544384,0.164585114
,305792000,-22.902826129600946,-43.148950840537104,342.8,10.2,0.347144455,0.022544384,0.164585114
,305792000,-22.902826129600946,-43.148950840537104,342.8,10.2,0.347144455,0.022544384,0.164585114
,305792000,-22.902826129600946,-43.148950840537104,342.8,10.2,0.347144455,0.022544384,0.164078549
,305792000,-22.902826129600946,-43.148950840537104,342.8,10.2,0.347144455,0.022544384,0.164078549
,305792000,-22.902826129600946,-43.148950840537104,342.8,10.2,0.347144455,0.022544384,0.164078549
,305792000,-22.902826129600946,-43.148950840537104,342.8,10.2,0.347144455,0.022544384,0.164078549
,305792000,-22.902826129600946,-43.148950840537104,342.8,10.2,0.347144455,0.022544384,0.164078549
,305792000,-22.902826129600946,-43.148950840537104,342.8,10.2,0.347144455,0.022544384,0.164078549
,305792000,-22.902826129600946,-43.148950840537104,342.8,10.2,0.347144455,0.022544384,0.164078549
,305792000,-22.902826129600946,-43.148950840537104,342.8,10.2,0.347144455,0.022544384,0.164078549
,305792000,-22.902826129600946,-43.148950840537104,342.8,10.2,0.347144455,0.022544384,0.164078549
,305792000,-22.902826129600946,-43.148950840537104,342.8,10.2,0.347144455,0.022544384,0.164078549
,305792000,-22.902781050965768,-43.14896657601772,342.8,10.2,0.347144455,0.022544384,0.164078549
,305792000,-22.902781050965768,-43.14896657601772,342.8,10.2,0.347144455,0.022544384,0.164078549
,305792000,-22.902781050965768,-43.14896657601772,342.8,10.2,0.347144455,0.022544384,0.164078549
,305792000,-22.902781050965768,-43.14896657601772,342.8,10.2,0.347144455,0.022544384,0.164078549
,305792000,-22.902781050965768,-43.14896657601772,342.8,10.2,0.347144455,0.022544384,0.164078549
,305792000,-22.902781050965768,-43.14896657601772,342.8,10.2,0.347144455,0.022544384,0.164078549
,305792000,-22.902781050965768,-43.14896657601772,342.8,10.2,0.347144455,0.022544384,0.164078549
,305792000,-22.902781050965768,-43.14896657601772,342.8,10.2,0.347144455,0.022544384,0.164078549
,305792000,-22.902781050965768,-43.14896657601772,342.8,10.2,0.347144455,0.022544384,0.164078549
,305792000,-22.902781050965768,-43.14896657601772,342.8,10.2,0.347144455,0.022544384,0.164078549
,305792000,-22.902781050965768,-43.14896657601772,342.8,10.2,0.347144455,0.022544384,0.164078549
,305792000,-22.902781050965768,-43.14896657601772,342.8,10.2,0.347144455,0.022544384,0.164078549
,305792000,-22.902781050965768,-43.14896657601772,342.8,10.2,0.347144455,0.022544384,0.164078549
,305792000,-22.902735972328106,-43.14898231148691,342.8,10.2,0.347144455,0.022544384,0.164078549
,305792000,-22.902735972328106,-43.14898231148691,342.8,10.2,0.347144455,0.022544384,0.164078549
,305792000,-22.902735972328106,-43.14898231148691,342.8,10.2,0.347144455,0.022544384,0.164078549
,305792000,-22.902735972328106,-43.14898231148691,342.8,10.2,0.347144455,0.022544384,0.164078549
,305792000,-22.902735972328106,-43.14898231148691,342.8,10.2,0.347144455,0.022544384,0.164078549
,305792000,-22.902735972328106,-43.14898231148691,342.8,10.2,0.347144455,0.022544384,0.164078549
,305792000,-22.902735972328106,-43.14898231148691,342.8,10.2,0.347144455,0.022544384,0.164078549
,305792000,-22.902735972328106,-43.14898231148691,342.8,10.2,0.347144455,0.022544384,0.164078549
,305792000,-22.902735972328106,-43.14898231148691,342.8,10.2,0.347144455,0.022544384,0.164078549
,305792000,-22.902735972328106,-43.14898231148691,342.8,10.2,0.347144455,0.022544384,0.164078549
,305792000,-22.902735972328106,-43.14898231148691,342.8,10.2,0.347144455,0.022544384,0.164078549
,305792000,-22.902735972328106,-43.14898231148691,342.8,10.2,0.347144455,0.022544384,0.164078549
,305792000,-22.902735972328106,-43.14898231148691,342.8,10.2,0.347144455,0.022544384,0.164078549
,305792000,-22.902735972328106,-43.14898231148691,342.8,10.2,0.347144455,0.022544384,0.164078549
,305792000,-22.902735972328106,-43.14898231148691,342.8,10.2,0.347144455,0.022544384,0.164078549
,305792000,-22.902690893687954,-43.14899804694467,342.8,10.2,0.347144455,0.022544384,0.164078549
,305792000,-22.902690893687954,-43.14899804694467,342.8,10.2,0.347144455,0.022544384,0.164078549
,305792000,-22.902690893687954,-43.14899804694467,342.8,10.2,0.34426111,0.0226222277,0.168845624
,305792000,-22.902690893687954,-43.14899804694467,342.8,10.2,0.34426111,0.0226222277,0.168845624
,305792000,-22.902690893687954,-43.14899804694467,342.8,10.2,0.34426111,0.0226222277,0.168845624
,305792000,-22.902690893687954,-43.14899804694467,342.8,10.2,0.34426111,0.0226222277,0.168845624
,305792000,-22.902690893687954,-43.14899804694467,342.8,10.2,0.34426111,0.0226222277,0.168845624
,305792000,-22.902690893687954,-43.14899804694467,342.8,10.2,0.34426111,0.0226222277,0.168845624
,305792000,-22.902690893687954,-43.14899804694467,342.8,10.2,0.34426111,0.0226222277,0.168845624
,305792000,-22.902690893687954,-43.14899804694467,342.8,10.2,0.34426111,0.0226222277,0.168845624
,305792000,-22.902690893687954,-43.14899804694467,342.8,10.2,0.34426111,0.0226222277,0.168845624
,305792000,-22.902690893687954,-43.14899804694467,342.8,10.2,0.34426111,0.0226222277,0.168845624
,305792000,-22.902690893687954,-43.14899804694467,342.8,10.2,0.34426111,0.0226222277,0.168845624
,305792000,-22.902690893687954,-43.14899804694467,342.8,10.2,0.34426111,0.0226222277,0.168845624
,305792000,-22.902690893687954,-43.14899804694467,342.8,10.2,0.34426111,0.0226222277,0.168845624
,305792000,-22.902645815045318,-43.149013782390995,342.8,10.2,0.34426111,0.0226222277,0.168845624
,305792000,-22.902645815045318,-43.149013782390995,342.8,10.2,0.34426111,0.0226222277,0.168845624
,305792000,-22.902645815045318,-43.149013782390995,342.8,10.2,0.34426111,0.0226222277,0.168845624
,305792000,-22.902645815045318,-43.149013782390995,342.8,10.2,0.34426111,0.0226222277,0.168845624
,305792000,-22.902645815045318,-43.149013782390995,342.8,10.2,0.34426111,0.0226222277,0.168845624
,305792000,-22.902645815045318,-43.149013782390995,342.8,10.2,0.34426111,0.0226222277,0.168845624
,305792000,-22.902645815045318,-43.149013782390995,342.8,10.2,0.34426111,0.0226222277,0.168845624
,305792000,-22.902645815045318,-43.149013782390995,342.8,10.2,0.34426111,0.0226222277,0.168845624
,305792000,-22.902645815045318,-43.149013782390995,342.8,10.2,0.34426111,0.0226222277,0.168845624
,305792000,-22.902645815045318,-43.149013782390995,342.8,10.2,0.34426111,0.0226222277,0.168845624
,305792000,-22.902645815045318,-43.149013782390995,342.8,10.2,0.34426111,0.0226222277,0.168845624
,305792000,-22.902645815045318,-43.149013782390995,342.8,10.2,0.34426111,0.0226222277,0.168845624
,305792000,-22.902645815045318,-43.149013782390995,342.8,10.2,0.34426111,0.0226222277,0.168845624
,305792000,-22.902645815045318,-43.149013782390995,342.8,10.2,0.34426111,0.0226222277,0.168845624
,305792000,-22.902645815045318,-43.149013782390995,342.8,10.2,0.34426111,0.0226222277,0.168845624
,305792000,-22.9026007364002,-43.149029517825895,342.8,10.2,0.34426111,0.0226222277,0.168845624
,305792000,-22.9026007364002,-43.149029517825895,342.8,10.2,0.34426111,0.0226222277,0.168845624
,305792000,-22.9026007364002,-43.149029517825895,342.8,10.2,0.34426111,0.0226222277,0.168845624
,305792000,-22.9026007364002,-43.149029517825895,342.8,10.2,0.34426111,0.0226222277,0.168845624
,305792000,-22.9026007364002,-43.149029517825895,342.8,10.2,0.34426111,0.0226222277,0.168845624
,305792000,-22.9026007364002,-43.149029517825895,342.8,10.2,0.34426111,0.0226222277,0.168845624
,305792000,-22.9026007364002,-43.149029517825895,342.8,10.2,0.34426111,0.0226222277,0.168845624
,305792000,-22.9026007364002,-43.149029517825895,342.8,10.2,0.34426111,0.0226222277,0.168845624
,305792000,-22.9026007364002,-43.149029517825895,342.8,10.2,0.34426111,0.0226222277,0.168845624
,305792000,-22.9026007364002,-43.149029517825895,342.8,10.2,0.34426111,0.0226222277,0.168845624
,305792000,-22.902555657752597,-43.14904525324936,342.8,10.2,0.34426111,0.0226222277,0.168845624
,305792000,-22.902555657752597,-43.14904525324936,342.8,10.2,0.341411114,0.0226999521,0.172413796
,305792000,-22.902555657752597,-43.14904525324936,342.8,10.2,0.341411114,0.0226999521,0.172413796
,305792000,-22.902555657752597,-43.14904525324936,342.8,10.2,0.341411114,0.0226999521,0.172413796
,305792000,-22.902555657752597,-43.14904525324936,342.8,10.2,0.341411114,0.0226999521,0.172413796
,305792000,-22.902555657752597,-43.14904525324936,342.8,10.2,0.341411114,0.0226999521,0.172413796
,305792000,-22.902555657752597,-43.14904525324936,342.8,10.2,0.341411114,0.0226999521,0.172413796
,305792000,-22.902555657752597,-43.14904525324936,342.8,10.2,0.341411114,0.0226999521,0.172413796
,305792000,-22.902555657752597,-43.14904525324936,342.8,10.2,0.341411114,0.0226999521,0.172413796
,305792000,-22.902555657752597,-43.14904525324936,342.8,10.2,0.341411114,0.0226999521,0.172413796
,305792000,-22.902555657752597,-43.14904525324936,342.8,10.2,0.341411114,0.0226999521,0.172413796
