id_categoria,id_test,lat,lon,rumo,velocidade,pan,tilt,zoom
,710020960,-22.892629153718396,-43.13878422111663,278.0,9.2,0.354411095,0.029155612,1.0
,710020960,-22.892629153718396,-43.13878422111663,278.0,9.2,0.354411095,0.029155612,1.0
,710020960,-22.892629153718396,-43.13878422111663,278.0,9.2,0.354411095,0.029155612,1.0
,710020960,-22.892629153718396,-43.13878422111663,278.0,9.2,0.354411095,0.029155612,1.0
,710020960,-22.892629153718396,-43.13878422111663,278.0,9.2,0.354411095,0.029155612,1.0
,710020960,-22.892629153718396,-43.13878422111663,278.0,9.2,0.354411095,0.029155612,1.0
,710020960,-22.892629153718396,-43.13878422111663,278.0,9.2,0.354411095,0.029155612,1.0
,710020960,-22.892629153718396,-43.13878422111663,278.0,9.2,0.354411095,0.029155612,1.0
,710020960,-22.892623741894916,-43.138829971709164,278.0,9.2,0.354411095,0.029155612,1.0
,710020960,-22.892623741894916,-43.138829971709164,278.0,9.2,0.354411095,0.029155612,1.0
,710020960,-22.892623741894916,-43.138829971709164,278.0,9.2,0.354411095,0.029155612,1.0
,710020960,-22.892623741894916,-43.138829971709164,278.0,9.2,0.354411095,0.029155612,1.0
,710020960,-22.892623741894916,-43.138829971709164,278.0,9.2,0.354411095,0.029155612,1.0
,710020960,-22.892623741894916,-43.138829971709164,278.0,9.2,0.354411095,0.029155612,1.0
,710020960,-22.892623741894916,-43.138829971709164,278.0,9.2,0.354411095,0.029155612,1.0
,710020960,-22.892623741894916,-43.138829971709164,278.0,9.2,0.354411095,0.029155612,1.0
,710020960,-22.892623741894916,-43.138829971709164,278.0,9.2,0.354411095,0.029155612,1.0
,710020960,-22.892623741894916,-43.138829971709164,278.0,9.2,0.354411095,0.029155612,1.0
,710020960,-22.892623741894916,-43.138829971709164,278.0,9.2,0.354411095,0.029155612,1.0
,710020960,-22.892623741894916,-43.138829971709164,278.0,9.2,0.354411095,0.029155612,1.0
,710020960,-22.892623741894916,-43.138829971709164,278.0,9.2,0.354411095,0.029155612,1.0
,710020960,-22.892623741894916,-43.138829971709164,278.0,9.2,0.354411095,0.029155612,1.0
,710020960,-22.892623741894916,-43.138829971709164,278.0,9.2,0.354411095,0.029155612,1.0
,710020960,-22.892623741894916,-43.138829971709164,278.0,9.2,0.354411095,0.029155612,1.0
,710020960,-22.892623741894916,-43.138829971709164,278.0,9.2,0.354411095,0.029155612,1.0
,710020960,-22.892623741894916,-43.138829971709164,278.0,9.2,0.354411095,0.029155612,1.0
,710020960,-22.892623741894916,-43.138829971709164,278.0,9.2,0.354411095,0.029155612,1.0
,710020960,-22.892623741894916,-43.138829971709164,278.0,9.2,0.354411095,0.029155612,1.0
,710020960,-22.892623741894916,-43.138829971709164,278.0,9.2,0.354411095,0.029155612,1.0
,710020960,-22.892623741894916,-43.138829971709164,278.0,9.2,0.354411095,0.029155612,1.0
,710020960,-22.892623741894916,-43.138829971709164,278.0,9.2,0.354411095,0.029155612,1.0
,710020960,-22.892623741894916,-43.138829971709164,278.0,9.2,0.354411095,0.029155612,1.0
,710020960,-22.892623741894916,-43.138829971709164,278.0,9.2,0.354411095,0.029155612,1.0
,710020960,-22.892623741894916,-43.138829971709164,278.0,9.2,0.354411095,0.029155612,1.0
,710020960,-22.892623741894916,-43.138829971709164,278.0,9.2,0.354411095,0.029155612,1.0
,710020960,-22.892623741894916,-43.138829971709164,278.0,9.2,0.354411095,0.029155612,1.0
,710020960,-22.892618330058028,-43.138875722299055,278.0,9.2,0.354411095,0.029155612,1.0
,710020960,-22.892618330058028,-43.138875722299055,278.0,9.2,0.354411095,0.029155612,1.0
,710020960,-22.892618330058028,-43.138875722299055,278.0,9.2,0.354411095,0.029155612,1.0
,710020960,-22.892618330058028,-43.138875722299055,278.0,9.2,0.354411095,0.029155612,1.0
,710020960,-22.892618330058028,-43.138875722299055,278.0,9.2,0.354411095,0.029155612,1.0
,710020960,-22.892618330058028,-43.138875722299055,278.0,9.2,0.354411095,0.029155612,1.0
,710020960,-22.892618330058028,-43.138875722299055,278.0,9.2,0.354411095,0.029155612,1.0
,710020960,-22.892618330058028,-43.138875722299055,278.0,9.2,0.354411095,0.029155612,1.0
,710020960,-22.892618330058028,-43.138875722299055,278.0,9.2,0.354411095,0.029155612,1.0
,710020960,-22.892618330058028,-43.138875722299055,278.0,9.2,0.354411095,0.029155612,1.0
,710020960,-22.892618330058028,-43.138875722299055,278.0,9.2,0.354411095,0.029155612,1.0
,710020960,-22.892618330058028,-43.138875722299055,278.0,9.2,0.354411095,0.029155612,1.0
,710020960,-22.892618330058028,-43.138875722299055,278.0,9.2,0.354411095,0.029155612,1.0
,710020960,-22.892618330058028,-43.138875722299055,278.0,9.2,0.354411095,0.029155612,1.0
,710020960,-22.892618330058028,-43.138875722299055,278.0,9.2,0.354411095,0.029155612,1.0
,710020960,-22.89261291820771,-43.13892147288632,278.0,9.2,0.353155553,0.029155612,1.0
,710020960,-22.89261291820771,-43.13892147288632,278.0,9.2,0.353155553,0.0291444063,1.0
,710020960,-22.89261291820771,-43.13892147288632,278.0,9.2,0.353155553,0.0291444063,1.0
,710020960,-22.89261291820771,-43.13892147288632,278.0,9.2,0.353155553,0.0291444063,1.0
,710020960,-22.89261291820771,-43.13892147288632,278.0,9.2,0.353155553,0.0291444063,1.0
,710020960,-22.89261291820771,-43.13892147288632,278.0,9.2,0.353155553,0.0291444063,1.0
,710020960,-22.89261291820771,-43.13892147288632,278.0,9.2,0.353155553,0.0291444063,1.0
,710020960,-22.89261291820771,-43.13892147288632,278.0,9.2,0.353155553,0.0291444063,1.0
,710020960,-22.89261291820771,-43.13892147288632,278.0,9.2,0.353155553,0.0291444063,1.0
,710020960,-22.89261291820771,-43.13892147288632,278.0,9.2,0.353155553,0.0291444063,1.0
,710020960,-22.89261291820771,-43.13892147288632,278.0,9.2,0.353155553,0.0291444063,1.0
,710020960,-22.89261291820771,-43.13892147288632,278.0,9.2,0.353155553,0.0291444063,1.0
,710020960,-22.89261291820771,-43.13892147288632,278.0,9.2,0.353155553,0.0291444063,1.0
,710020960,-22.89261291820771,-43.13892147288632,278.0,9.2,0.353155553,0.0291444063,1.0
,710020960,-22.89261291820771,-43.13892147288632,278.0,9.2,0.353155553,0.0291444063,1.0
,710020960,-22.892607506343968,-43.13896722347094,278.0,9.2,0.353155553,0.0291444063,1.0
,710020960,-22.892607506343968,-43.13896722347094,278.0,9.2,0.353155553,0.0291444063,1.0
,710020960,-22.892640713850874,-43.138920398886306,274.1,9.0,0.353155553,0.0291444063,1.0
,710020960,-22.892640713850874,-43.138920398886306,274.1,9.0,0.353155553,0.0291444063,1.0
,710020960,-22.892640713850874,-43.138920398886306,274.1,9.0,0.353155553,0.0291444063,1.0
,710020960,-22.892640713850874,-43.138920398886306,274.1,9.0,0.353155553,0.0291444063,1.0
,710020960,-22.892640713850874,-43.138920398886306,274.1,9.0,0.353155553,0.0291444063,1.0
,710020960,-22.892640713850874,-43.138920398886306,274.1,9.0,0.353155553,0.0291444063,1.0
,710020960,-22.892640713850874,-43.138920398886306,274.1,9.0,0.353155553,0.0291444063,1.0
,710020960,-22.892640713850874,-43.138920398886306,274.1,9.0,0.353155553,0.0291444063,1.0
,710020960,-22.892640713850874,-43.138920398886306,274.1,9.0,0.353155553,0.0291444063,1.0
,710020960,-22.892640713850874,-43.138920398886306,274.1,9.0,0.353155553,0.0291444063,1.0
,710020960,-22.892640713850874,-43.138920398886306,274.1,9.0,0.353155553,0.0291444063,1.0
,710020960,-22.892640713850874,-43.138920398886306,274.1,9.0,0.353155553,0.0291444063,1.0
,710020960,-22.89263825226369,-43.13896543991187,274.1,9.0,0.353155553,0.0291444063,1.0
,710020960,-22.89263825226369,-43.13896543991187,274.1,9.0,0.353155553,0.0291444063,1.0
,710020960,-22.89263825226369,-43.13896543991187,274.1,9.0,0.353155553,0.0291444063,1.0
,710020960,-22.89263825226369,-43.13896543991187,274.1,9.0,0.353155553,0.0291444063,1.0
,710020960,-22.89263825226369,-43.13896543991187,274.1,9.0,0.353155553,0.0291444063,1.0
,710020960,-22.89263825226369,-43.13896543991187,274.1,9.0,0.353155553,0.0291444063,1.0
,710020960,-22.89263825226369,-43.13896543991187,274.1,9.0,0.353155553,0.0291444063,1.0
,710020960,-22.89263825226369,-43.13896543991187,274.1,9.0,0.353155553,0.0291444063,1.0
,710020960,-22.89263825226369,-43.13896543991187,274.1,9.0,0.353155553,0.0291444063,1.0
,710020960,-22.89263825226369,-43.13896543991187,274.1,9.0,0.353155553,0.0291444063,1.0
,710020960,-22.89263825226369,-43.13896543991187,274.1,9.0,0.353155553,0.0291444063,1.0
,710020960,-22.89263825226369,-43.13896543991187,274.1,9.0,0.353155553,0.0291444063,1.0
,710020960,-22.89263825226369,-43.13896543991187,274.1,9.0,0.353155553,0.0291444063,1.0
,710020960,-22.89263825226369,-43.13896543991187,274.1,9.0,0.352716655,0.0291444063,1.0
,710020960,-22.89263825226369,-43.13896543991187,274.1,9.0,0.352716655,0.0291222334,1.0
,710020960,-22.892635790663622,-43.13901048093679,274.1,9.0,0.352716655,0.0291222334,1.0
,710020960,-22.892635790663622,-43.13901048093679,274.1,9.0,0.352716655,0.0291222334,1.0
,710020960,-22.892635790663622,-43.13901048093679,274.1,9.0,0.352716655,0.0291222334,1.0
,710020960,-22.892635790663622,-43.13901048093679,274.1,9.0,0.352716655,0.0291222334,1.0
,710020960,-22.892635790663622,-43.13901048093679,274.1,9.0,0.352716655,0.0291222334,1.0
,710020960,-22.892635790663622,-43.13901048093679,274.1,9.0,0.352716655,0.0291222334,1.0
,710020960,-22.892635790663622,-43.13901048093679,274.1,9.0,0.352716655,0.0291222334,1.0
,710020960,-22.892635790663622,-43.13901048093679,274.1,9.0,0.352716655,0.0291222334,1.0
,710020960,-22.892635790663622,-43.13901048093679,274.1,9.0,0.352716655,0.0291222334,1.0
,710020960,-22.892635790663622,-43.13901048093679,274.1,9.0,0.352716655,0.0291222334,1.0
,710020960,-22.892635790663622,-43.13901048093679,274.1,9.0,0.352716655,0.0291222334,1.0
,710020960,-22.892635790663622,-43.13901048093679,274.1,9.0,0.352716655,0.0291222334,1.0
,710020960,-22.892635790663622,-43.13901048093679,274.1,9.0,0.352716655,0.0291222334,1.0
,710020960,-22.892635790663622,-43.13901048093679,274.1,9.0,0.352716655,0.0291222334,1.0
,710020960,-22.892635790663622,-43.13901048093679,274.1,9.0,0.352716655,0.0291222334,1.0
,710020960,-22.892633329050675,-43.13905552196107,274.1,9.0,0.352716655,0.0291222334,1.0
,710020960,-22.892633329050675,-43.13905552196107,274.1,9.0,0.352716655,0.0291222334,1.0
,710020960,-22.892633329050675,-43.13905552196107,274.1,9.0,0.352716655,0.0291222334,1.0
,710020960,-22.892633329050675,-43.13905552196107,274.1,9.0,0.352716655,0.0291222334,1.0
,710020960,-22.892633329050675,-43.13905552196107,274.1,9.0,0.352716655,0.0291222334,1.0
,710020960,-22.892633329050675,-43.13905552196107,274.1,9.0,0.352716655,0.0291222334,1.0
,710020960,-22.892633329050675,-43.13905552196107,274.1,9.0,0.352716655,0.0291222334,1.0
,710020960,-22.892633329050675,-43.13905552196107,274.1,9.0,0.352716655,0.0291222334,1.0
,710020960,-22.892633329050675,-43.13905552196107,274.1,9.0,0.352716655,0.0291222334,1.0
,710020960,-22.892633329050675,-43.13905552196107,274.1,9.0,0.352716655,0.0291222334,1.0
,710020960,-22.892633329050675,-43.13905552196107,274.1,9.0,0.352716655,0.0291222334,1.0
,710020960,-22.89263086742485,-43.13910056298469,274.1,9.0,0.352716655,0.0291222334,1.0
,710020960,-22.89263086742485,-43.13910056298469,274.1,9.0,0.352716655,0.0291222334,1.0
,710020960,-22.89263086742485,-43.13910056298469,274.1,9.0,0.352716655,0.0291222334,1.0
,710020960,-22.89263086742485,-43.13910056298469,274.1,9.0,0.352716655,0.0291222334,1.0
,710020960,-22.89263086742485,-43.13910056298469,274.1,9.0,0.352716655,0.0291222334,1.0
,710020960,-22.89263086742485,-43.13910056298469,274.1,9.0,0.352716655,0.0291222334,1.0
,710020960,-22.89263086742485,-43.13910056298469,274.1,9.0,0.352716655,0.0291222334,1.0
,710020960,-22.89263086742485,-43.13910056298469,274.1,9.0,0.352716655,0.0291222334,1.0
,710020960,-22.89263086742485,-43.13910056298469,274.1,9.0,0.352716655,0.0291222334,1.0
,710020960,-22.89263086742485,-43.13910056298469,274.1,9.0,0.352716655,0.0291222334,1.0
,710020960,-22.89263086742485,-43.13910056298469,274.1,9.0,0.352716655,0.0291222334,1.0
,710020960,-22.89263086742485,-43.13910056298469,274.1,9.0,0.352716655,0.0291222334,1.0
,710020960,-22.89263086742485,-43.13910056298469,274.1,9.0,0.352716655,0.0291222334,1.0
,710020960,-22.89263086742485,-43.13910056298469,274.1,9.0,0.352716655,0.0291222334,1.0
,710020960,-22.89263086742485,-43.13910056298469,274.1,9.0,0.351538897,0.0291111469,1.0
,710020960,-22.892628405786127,-43.139145604007666,274.1,9.0,0.351538897,0.0291111469,1.0
,710020960,-22.892628405786127,-43.139145604007666,274.1,9.0,0.351538897,0.0291111469,1.0
,710020960,-22.892628405786127,-43.139145604007666,274.1,9.0,0.351538897,0.0291111469,1.0
,710020960,-22.892628405786127,-43.139145604007666,274.1,9.0,0.351538897,0.0291111469,1.0
,710020960,-22.892628405786127,-43.139145604007666,274.1,9.0,0.351538897,0.0291111469,1.0
,710020960,-22.892628405786127,-43.139145604007666,274.1,9.0,0.351538897,0.0291111469,1.0
,710020960,-22.892628405786127,-43.139145604007666,274.1,9.0,0.351538897,0.0291111469,1.0
,710020960,-22.892628405786127,-43.139145604007666,274.1,9.0,0.351538897,0.0291111469,1.0
,710020960,-22.892628405786127,-43.139145604007666,274.1,9.0,0.351538897,0.0291111469,1.0
,710020960,-22.892628405786127,-43.139145604007666,274.1,9.0,0.351538897,0.0291111469,1.0
,710020960,-22.892628405786127,-43.139145604007666,274.1,9.0,0.351538897,0.0291111469,1.0
,710020960,-22.892628405786127,-43.139145604007666,274.1,9.0,0.351538897,0.0291111469,1.0
,710020960,-22.89262594413454,-43.13919064502999,274.1,9.0,0.351538897,0.0291111469,1.0
,710020960,-22.89262594413454,-43.13919064502999,274.1,9.0,0.351538897,0.0291111469,1.0
,710020960,-22.892618559102488,-43.13932576809309,274.1,9.0,0.351538897,0.0291111469,1.0
,710020960,-22.892618559102488,-43.13932576809309,274.1,9.0,0.351538897,0.0291111469,1.0
,710020960,-22.892614811743083,-43.13941921191132,273.3,9.0,0.351538897,0.0291111469,1.0
,710020960,-22.892614811743083,-43.13941921191132,273.3,9.0,0.349555552,0.0290777683,1.0
,710020960,-22.892614811743083,-43.13941921191132,273.3,9.0,0.349555552,0.0290777683,1.0
,710020960,-22.892614811743083,-43.13941921191132,273.3,9.0,0.349555552,0.0290777683,1.0
,710020960,-22.892614811743083,-43.13941921191132,273.3,9.0,0.349555552,0.0290777683,1.0
,710020960,-22.892614811743083,-43.13941921191132,273.3,9.0,0.349555552,0.0290777683,1.0
,710020960,-22.892614811743083,-43.13941921191132,273.3,9.0,0.349555552,0.0290777683,1.0
,710020960,-22.892614811743083,-43.13941921191132,273.3,9.0,0.349555552,0.0290777683,1.0
,710020960,-22.892614811743083,-43.13941921191132,273.3,9.0,0.349555552,0.0290777683,1.0
,710020960,-22.892614811743083,-43.13941921191132,273.3,9.0,0.349555552,0.0290777683,1.0
,710020960,-22.892614811743083,-43.13941921191132,273.3,9.0,0.348761111,0.0290777683,1.0
,710020960,-22.892614811743083,-43.13941921191132,273.3,9.0,0.348761111,0.0290554762,1.0
,710020960,-22.892614811743083,-43.13941921191132,273.3,9.0,0.348761111,0.0290554762,1.0
,710020960,-22.892614811743083,-43.13941921191132,273.3,9.0,0.348761111,0.0290554762,1.0
,710020960,-22.892614811743083,-43.13941921191132,273.3,9.0,0.348761111,0.0290554762,1.0
,710020960,-22.892612932905017,-43.13946428563745,273.3,9.0,0.348761111,0.0290554762,1.0
,710020960,-22.892612932905017,-43.13946428563745,273.3,9.0,0.348761111,0.0290554762,1.0
,710020960,-22.892612932905017,-43.13946428563745,273.3,9.0,0.348761111,0.0290554762,1.0
,710020960,-22.892612932905017,-43.13946428563745,273.3,9.0,0.348761111,0.0290554762,1.0
,710020960,-22.892612932905017,-43.13946428563745,273.3,9.0,0.348761111,0.0290554762,1.0
,710020960,-22.892612932905017,-43.13946428563745,273.3,9.0,0.348761111,0.0290554762,1.0
,710020960,-22.892612932905017,-43.13946428563745,273.3,9.0,0.348761111,0.0290554762,1.0
,710020960,-22.892612932905017,-43.13946428563745,273.3,9.0,0.348761111,0.0290554762,1.0
,710020960,-22.892612932905017,-43.13946428563745,273.3,9.0,0.348761111,0.0290554762,1.0
,710020960,-22.892612932905017,-43.13946428563745,273.3,9.0,0.348761111,0.0290554762,1.0
,710020960,-22.892612932905017,-43.13946428563745,273.3,9.0,0.348761111,0.0290554762,1.0
,710020960,-22.892612932905017,-43.13946428563745,273.3,9.0,0.348761111,0.0290554762,1.0
,710020960,-22.892612932905017,-43.13946428563745,273.3,9.0,0.348761111,0.0290554762,1.0
,710020960,-22.892612932905017,-43.13946428563745,273.3,9.0,0.348761111,0.0290554762,1.0
,710020960,-22.892612932905017,-43.13946428563745,273.3,9.0,0.348761111,0.0290554762,1.0
,710020960,-22.892611054054072,-43.13950935936333,273.3,9.0,0.348761111,0.0290554762,1.0
,710020960,-22.892611054054072,-43.13950935936333,273.3,9.0,0.348761111,0.0290554762,1.0
,710020960,-22.892611054054072,-43.13950935936333,273.3,9.0,0.348761111,0.0290554762,1.0
,710020960,-22.892611054054072,-43.13950935936333,273.3,9.0,0.348761111,0.0290554762,1.0
,710020960,-22.892611054054072,-43.13950935936333,273.3,9.0,0.348761111,0.0290554762,1.0
,710020960,-22.892611054054072,-43.13950935936333,273.3,9.0,0.348761111,0.0290554762,1.0
,710020960,-22.892611054054072,-43.13950935936333,273.3,9.0,0.348761111,0.0290554762,1.0
,710020960,-22.892611054054072,-43.13950935936333,273.3,9.0,0.348761111,0.0290554762,1.0
,710020960,-22.892611054054072,-43.13950935936333,273.3,9.0,0.348761111,0.0290554762,1.0
,710020960,-22.892611054054072,-43.13950935936333,273.3,9.0,0.348761111,0.0290554762,1.0
,710020960,-22.892611054054072,-43.13950935936333,273.3,9.0,0.348761111,0.0290554762,1.0
,710020960,-22.892611054054072,-43.13950935936333,273.3,9.0,0.348761111,0.0290554762,1.0
,710020960,-22.892611054054072,-43.13950935936333,273.3,9.0,0.348761111,0.0290554762,1.0
,710020960,-22.892611054054072,-43.13950935936333,273.3,9.0,0.348761111,0.0290554762,1.0
,710020960,-22.892611054054072,-43.13950935936333,273.3,9.0,0.348761111,0.0290554762,1.0
,710020960,-22.892609175190255,-43.13955443308894,273.3,9.0,0.348761111,0.0290554762,1.0
,710020960,-22.892609175190255,-43.13955443308894,273.3,9.0,0.348761111,0.0290554762,1.0
,710020960,-22.892609175190255,-43.13955443308894,273.3,9.0,0.348761111,0.0290554762,1.0
,710020960,-22.892609175190255,-43.13955443308894,273.3,9.0,0.348761111,0.0290554762,1.0
,710020960,-22.892609175190255,-43.13955443308894,273.3,9.0,0.348761111,0.0290554762,1.0
,710020960,-22.892609175190255,-43.13955443308894,273.3,9.0,0.348761111,0.0290554762,1.0
,710020960,-22.892609175190255,-43.13955443308894,273.3,9.0,0.348761111,0.0290554762,1.0
,710020960,-22.892609175190255,-43.13955443308894,273.3,9.0,0.348761111,0.0290554762,1.0
,710020960,-22.892609175190255,-43.13955443308894,273.3,9.0,0.348761111,0.0290554762,1.0
,710020960,-22.892609175190255,-43.13955443308894,273.3,9.0,0.347666681,0.0290554762,1.0
,710020960,-22.892609175190255,-43.13955443308894,273.3,9.0,0.347572207,0.0290554762,1.0
,710020960,-22.892609175190255,-43.13955443308894,273.3,9.0,0.347572207,0.0290443897,1.0
,710020960,-22.892609175190255,-43.13955443308894,273.3,9.0,0.347572207,0.0290443897,1.0
,710020960,-22.892609175190255,-43.13955443308894,273.3,9.0,0.347572207,0.0290443897,1.0
,710020960,-22.892609175190255,-43.13955443308894,273.3,9.0,0.347572207,0.0290443897,1.0
,710020960,-22.892607296313564,-43.13959950681429,273.3,9.0,0.347572207,0.0290443897,1.0
,710020960,-22.892607296313564,-43.13959950681429,273.3,9.0,0.347572207,0.0290443897,1.0
,710020960,-22.892607296313564,-43.13959950681429,273.3,9.0,0.347572207,0.0290443897,1.0
,710020960,-22.892607296313564,-43.13959950681429,273.3,9.0,0.347572207,0.0290443897,1.0
,710020960,-22.892607296313564,-43.13959950681429,273.3,9.0,0.347572207,0.0290443897,1.0
,710020960,-22.892607296313564,-43.13959950681429,273.3,9.0,0.347572207,0.0290443897,1.0
,710020960,-22.892607296313564,-43.13959950681429,273.3,9.0,0.347572207,0.0290443897,1.0
,710020960,-22.892607296313564,-43.13959950681429,273.3,9.0,0.347572207,0.0290443897,1.0
,710020960,-22.892607296313564,-43.13959950681429,273.3,9.0,0.347572207,0.0290443897,1.0
,710020960,-22.892607296313564,-43.13959950681429,273.3,9.0,0.347572207,0.0290443897,1.0
,710020960,-22.892607296313564,-43.13959950681429,273.3,9.0,0.347572207,0.0290443897,1.0
,710020960,-22.892607296313564,-43.13959950681429,273.3,9.0,0.347572207,0.0290443897,1.0
,710020960,-22.892607296313564,-43.13959950681429,273.3,9.0,0.347572207,0.0290443897,1.0
,710020960,-22.892607296313564,-43.13959950681429,273.3,9.0,0.347572207,0.0290443897,1.0
,710020960,-22.892607296313564,-43.13959950681429,273.3,9.0,0.347572207,0.0290443897,1.0
,710020960,-22.892605417423997,-43.13964458053939,273.3,9.0,0.347572207,0.0290443897,1.0
,710020960,-22.892605417423997,-43.13964458053939,273.3,9.0,0.347572207,0.0290443897,1.0
,710020960,-22.892605417423997,-43.13964458053939,273.3,9.0,0.347572207,0.0290443897,1.0
,710020960,-22.892605417423997,-43.13964458053939,273.3,9.0,0.347572207,0.0290443897,1.0
,710020960,-22.892605417423997,-43.13964458053939,273.3,9.0,0.347572207,0.0290443897,1.0
,710020960,-22.892605417423997,-43.13964458053939,273.3,9.0,0.347572207,0.0290443897,1.0
,710020960,-22.892605417423997,-43.13964458053939,273.3,9.0,0.347572207,0.0290443897,1.0
,710020960,-22.892605417423997,-43.13964458053939,273.3,9.0,0.347572207,0.0290443897,1.0
,710020960,-22.892605417423997,-43.13964458053939,273.3,9.0,0.347572207,0.0290443897,1.0
,710020960,-22.892605417423997,-43.13964458053939,273.3,9.0,0.347572207,0.0290443897,1.0
,710020960,-22.892605417423997,-43.13964458053939,273.3,9.0,0.347572207,0.0290443897,1.0
,710020960,-22.892605417423997,-43.13964458053939,273.3,9.0,0.347572207,0.0290443897,1.0
,710020960,-22.892605417423997,-43.13964458053939,273.3,9.0,0.347572207,0.0290443897,1.0
,710020960,-22.892605417423997,-43.13964458053939,273.3,9.0,0.347572207,0.0290443897,1.0
,710020960,-22.892605417423997,-43.13964458053939,273.3,9.0,0.347572207,0.0290443897,1.0
,710020960,-22.892603538521563,-43.13968965426421,273.3,9.0,0.347572207,0.0290443897,1.0
,710020960,-22.892603538521563,-43.13968965426421,273.3,9.0,0.347572207,0.0290443897,1.0
,710020960,-22.892603538521563,-43.13968965426421,273.3,9.0,0.347572207,0.0290443897,1.0
,710020960,-22.892603538521563,-43.13968965426421,273.3,9.0,0.347572207,0.0290443897,1.0
,710020960,-22.892603538521563,-43.13968965426421,273.3,9.0,0.347572207,0.0290443897,1.0
,710020960,-22.892603538521563,-43.13968965426421,273.3,9.0,0.347572207,0.0290443897,1.0
,710020960,-22.892603538521563,-43.13968965426421,273.3,9.0,0.347572207,0.0290443897,1.0
,710020960,-22.892603538521563,-43.13968965426421,273.3,9.0,0.347572207,0.0290443897,1.0
,710020960,-22.892603538521563,-43.13968965426421,273.3,9.0,0.347572207,0.0290443897,1.0
,710020960,-22.892603538521563,-43.13968965426421,273.3,9.0,0.347572207,0.0290443897,1.0
,710020960,-22.892603538521563,-43.13968965426421,273.3,9.0,0.347572207,0.0290443897,1.0
,710020960,-22.892603538521563,-43.13968965426421,273.3,9.0,0.346372217,0.0290222168,1.0
,710020960,-22.892603538521563,-43.13968965426421,273.3,9.0,0.346372217,0.0290222168,1.0
,710020960,-22.892603538521563,-43.13968965426421,273.3,9.0,0.346372217,0.0290222168,1.0
,710020960,-22.892603538521563,-43.13968965426421,273.3,9.0,0.346372217,0.0290222168,1.0
,710020960,-22.892601659606242,-43.13973472798878,273.3,9.0,0.346372217,0.0290222168,1.0
,710020960,-22.892601659606242,-43.13973472798878,273.3,9.0,0.346372217,0.0290222168,1.0
,710020960,-22.892601659606242,-43.13973472798878,273.3,9.0,0.346372217,0.0290222168,1.0
,710020960,-22.892601659606242,-43.13973472798878,273.3,9.0,0.346372217,0.0290222168,1.0
,710020960,-22.892601659606242,-43.13973472798878,273.3,9.0,0.346372217,0.0290222168,1.0
,710020960,-22.892601659606242,-43.13973472798878,273.3,9.0,0.346372217,0.0290222168,1.0
,710020960,-22.892601659606242,-43.13973472798878,273.3,9.0,0.346372217,0.0290222168,1.0
,710020960,-22.892601659606242,-43.13973472798878,273.3,9.0,0.346372217,0.0290222168,1.0
,710020960,-22.892601659606242,-43.13973472798878,273.3,9.0,0.346372217,0.0290222168,1.0
,710020960,-22.892601659606242,-43.13973472798878,273.3,9.0,0.346372217,0.0290222168,1.0
,710020960,-22.892601659606242,-43.13973472798878,273.3,9.0,0.346372217,0.0290222168,1.0
,710020960,-22.892601659606242,-43.13973472798878,273.3,9.0,0.346372217,0.0290222168,1.0
,710020960,-22.892601659606242,-43.13973472798878,273.3,9.0,0.346372217,0.0290222168,1.0
,710020960,-22.892601659606242,-43.13973472798878,273.3,9.0,0.346372217,0.0290222168,1.0
,710020960,-22.892601659606242,-43.13973472798878,273.3,9.0,0.346372217,0.0290222168,1.0
,710020960,-22.892599780678058,-43.13977980171308,273.3,9.0,0.346372217,0.0290222168,1.0
,710020960,-22.892599780678058,-43.13977980171308,273.3,9.0,0.346372217,0.0290222168,1.0
,710020960,-22.892599780678058,-43.13977980171308,273.3,9.0,0.346372217,0.0290222168,1.0
,710020960,-22.892599780678058,-43.13977980171308,273.3,9.0,0.346372217,0.0290222168,1.0
,710020960,-22.892599780678058,-43.13977980171308,273.3,9.0,0.346372217,0.0290222168,1.0
,710020960,-22.892599780678058,-43.13977980171308,273.3,9.0,0.346372217,0.0290222168,1.0
,710020960,-22.892599780678058,-43.13977980171308,273.3,9.0,0.346372217,0.0290222168,1.0
,710020960,-22.892599780678058,-43.13977980171308,273.3,9.0,0.346372217,0.0290222168,1.0
,710020960,-22.892599780678058,-43.13977980171308,273.3,9.0,0.346372217,0.0290222168,1.0
,710020960,-22.892599780678058,-43.13977980171308,273.3,9.0,0.346372217,0.0290222168,1.0
,710020960,-22.892599780678058,-43.13977980171308,273.3,9.0,0.346372217,0.0290222168,1.0
,710020960,-22.892599780678058,-43.13977980171308,273.3,9.0,0.346372217,0.0290222168,1.0
,710020960,-22.892599780678058,-43.13977980171308,273.3,9.0,0.346372217,0.0290222168,1.0
,710020960,-22.892599780678058,-43.13977980171308,273.3,9.0,0.346372217,0.0290222168,1.0
,710020960,-22.892599780678058,-43.13977980171308,273.3,9.0,0.346372217,0.0290222168,1.0
,710020960,-22.892597901737002,-43.13982487543713,273.3,9.0,0.346372217,0.0290222168,1.0
,710020960,-22.892597901737002,-43.13982487543713,273.3,9.0,0.346372217,0.0290222168,1.0
,710020960,-22.892597901737002,-43.13982487543713,273.3,9.0,0.346372217,0.0290222168,1.0
,710020960,-22.892597901737002,-43.13982487543713,273.3,9.0,0.346372217,0.0290222168,1.0
,710020960,-22.892597901737002,-43.13982487543713,273.3,9.0,0.346372217,0.0290222168,1.0
,710020960,-22.892597901737002,-43.13982487543713,273.3,9.0,0.346372217,0.0290222168,1.0
,710020960,-22.892597901737002,-43.13982487543713,273.3,9.0,0.346372217,0.0290222168,1.0
,710020960,-22.892597901737002,-43.13982487543713,273.3,9.0,0.346372217,0.0290222168,1.0
,710020960,-22.892597901737002,-43.13982487543713,273.3,9.0,0.346372217,0.0290222168,1.0
,710020960,-22.892597901737002,-43.13982487543713,273.3,9.0,0.346372217,0.0290222168,1.0
,710020960,-22.892597901737002,-43.13982487543713,273.3,9.0,0.345172226,0.0290000439,1.0
,710020960,-22.892597901737002,-43.13982487543713,273.3,9.0,0.345172226,0.0290000439,1.0
,710020960,-22.892597901737002,-43.13982487543713,273.3,9.0,0.345172226,0.0290000439,1.0
,710020960,-22.892597901737002,-43.13982487543713,273.3,9.0,0.345172226,0.0290000439,1.0
,710020960,-22.892597901737002,-43.13982487543713,273.3,9.0,0.345172226,0.0290000439,1.0
,710020960,-22.89259602278307,-43.13986994916091,273.3,9.0,0.345172226,0.0290000439,1.0
,710020960,-22.89259602278307,-43.13986994916091,273.3,9.0,0.345172226,0.0290000439,1.0
,710020960,-22.89259602278307,-43.13986994916091,273.3,9.0,0.345172226,0.0290000439,1.0
,710020960,-22.89259602278307,-43.13986994916091,273.3,9.0,0.345172226,0.0290000439,1.0
,710020960,-22.89259602278307,-43.13986994916091,273.3,9.0,0.345172226,0.0290000439,1.0
,710020960,-22.89259602278307,-43.13986994916091,273.3,9.0,0.345172226,0.0290000439,1.0
,710020960,-22.89259602278307,-43.13986994916091,273.3,9.0,0.345172226,0.0290000439,1.0
,710020960,-22.89259602278307,-43.13986994916091,273.3,9.0,0.345172226,0.0290000439,1.0
,710020960,-22.89259602278307,-43.13986994916091,273.3,9.0,0.345172226,0.0290000439,1.0
,710020960,-22.89259602278307,-43.13986994916091,273.3,9.0,0.345172226,0.0290000439,1.0
,710020960,-22.89259602278307,-43.13986994916091,273.3,9.0,0.345172226,0.0290000439,1.0
,710020960,-22.892594143816257,-43.13991502288444,273.3,9.0,0.345172226,0.0290000439,1.0
,710020960,-22.892594143816257,-43.13991502288444,273.3,9.0,0.345172226,0.0290000439,1.0
,710020960,-22.892594143816257,-43.13991502288444,273.3,9.0,0.345172226,0.0290000439,1.0
,710020960,-22.892594143816257,-43.13991502288444,273.3,9.0,0.345172226,0.0290000439,1.0
,710020960,-22.892594143816257,-43.13991502288444,273.3,9.0,0.345172226,0.0290000439,1.0
,710020960,-22.892594143816257,-43.13991502288444,273.3,9.0,0.345172226,0.0290000439,1.0
,710020960,-22.892594143816257,-43.13991502288444,273.3,9.0,0.345172226,0.0290000439,1.0
,710020960,-22.892594143816257,-43.13991502288444,273.3,9.0,0.345172226,0.0290000439,1.0
,710020960,-22.892594143816257,-43.13991502288444,273.3,9.0,0.345172226,0.0290000439,1.0
,710020960,-22.892594143816257,-43.13991502288444,273.3,9.0,0.345172226,0.0290000439,1.0
,710020960,-22.892594143816257,-43.13991502288444,273.3,9.0,0.345172226,0.0290000439,1.0
,710020960,-22.892594143816257,-43.13991502288444,273.3,9.0,0.345172226,0.0290000439,1.0
,710020960,-22.892594143816257,-43.13991502288444,273.3,9.0,0.345172226,0.0290000439,1.0
,710020960,-22.892594143816257,-43.13991502288444,273.3,9.0,0.345172226,0.0290000439,1.0
,710020960,-22.892594143816257,-43.13991502288444,273.3,9.0,0.345172226,0.0290000439,1.0
,710020960,-22.892594143816257,-43.13991502288444,273.3,9.0,0.345172226,0.0290000439,1.0
,710020960,-22.892592264836576,-43.13996009660769,273.3,9.0,0.345172226,0.0290000439,1.0
,710020960,-22.89261966371199,-43.139827959671564,270.1,9.0,0.345172226,0.0290000439,1.0
,710020960,-22.89261966371199,-43.139827959671564,270.1,9.0,0.345172226,0.0290000439,1.0
,710020960,-22.89261966371199,-43.139827959671564,270.1,9.0,0.345172226,0.0290000439,1.0
,710020960,-22.89261966371199,-43.139827959671564,270.1,9.0,0.345172226,0.0290000439,1.0
,710020960,-22.89261966371199,-43.139827959671564,270.1,9.0,0.345172226,0.0290000439,1.0
,710020960,-22.89261966371199,-43.139827959671564,270.1,9.0,0.345172226,0.0290000439,1.0
,710020960,-22.89261966371199,-43.139827959671564,270.1,9.0,0.345172226,0.0290000439,1.0
,710020960,-22.89261966371199,-43.139827959671564,270.1,9.0,0.345172226,0.0290000439,1.0
,710020960,-22.89261966371199,-43.139827959671564,270.1,9.0,0.345172226,0.0290000439,1.0
,710020960,-22.89261966371199,-43.139827959671564,270.1,9.0,0.345400006,0.0290000439,1.0
,710020960,-22.89261966371199,-43.139827959671564,270.1,9.0,0.345400006,0.0290000439,1.0
,710020960,-22.89261966371199,-43.139827959671564,270.1,9.0,0.345400006,0.0290000439,1.0
,710020960,-22.89261966371199,-43.139827959671564,270.1,9.0,0.345400006,0.0290000439,1.0
,710020960,-22.89261966371199,-43.139827959671564,270.1,9.0,0.345400006,0.0290000439,1.0
,710020960,-22.89261966371199,-43.139827959671564,270.1,9.0,0.345400006,0.0290000439,1.0
,710020960,-22.89262011885051,-43.139873076328584,270.1,9.0,0.345400006,0.0290000439,1.0
,710020960,-22.89262011885051,-43.139873076328584,270.1,9.0,0.345400006,0.0290000439,1.0
,710020960,-22.89262011885051,-43.139873076328584,270.1,9.0,0.345400006,0.0290000439,1.0
,710020960,-22.89262011885051,-43.139873076328584,270.1,9.0,0.345400006,0.0290000439,1.0
,710020960,-22.89262011885051,-43.139873076328584,270.1,9.0,0.345400006,0.0290000439,1.0
,710020960,-22.89262011885051,-43.139873076328584,270.1,9.0,0.345400006,0.0290000439,1.0
,710020960,-22.89262011885051,-43.139873076328584,270.1,9.0,0.345400006,0.0290000439,1.0
,710020960,-22.89262011885051,-43.139873076328584,270.1,9.0,0.345400006,0.0290000439,1.0
,710020960,-22.89262011885051,-43.139873076328584,270.1,9.0,0.345400006,0.0290000439,1.0
,710020960,-22.89262011885051,-43.139873076328584,270.1,9.0,0.345400006,0.0290000439,1.0
,710020960,-22.89262011885051,-43.139873076328584,270.1,9.0,0.345400006,0.0290000439,1.0
,710020960,-22.892620573976238,-43.13991819298689,270.1,9.0,0.345400006,0.0290000439,1.0
,710020960,-22.892620573976238,-43.13991819298689,270.1,9.0,0.345400006,0.0290000439,1.0
,710020960,-22.892620573976238,-43.13991819298689,270.1,9.0,0.345400006,0.0290000439,1.0
,710020960,-22.892620573976238,-43.13991819298689,270.1,9.0,0.345400006,0.0290000439,1.0
,710020960,-22.892620573976238,-43.13991819298689,270.1,9.0,0.345400006,0.0290000439,1.0
,710020960,-22.892620573976238,-43.13991819298689,270.1,9.0,0.345400006,0.0290000439,1.0
,710020960,-22.892620573976238,-43.13991819298689,270.1,9.0,0.345400006,0.0290000439,1.0
,710020960,-22.892620573976238,-43.13991819298689,270.1,9.0,0.345400006,0.0290000439,1.0
,710020960,-22.892620573976238,-43.13991819298689,270.1,9.0,0.345400006,0.0290000439,1.0
,710020960,-22.892620573976238,-43.13991819298689,270.1,9.0,0.345400006,0.0290000439,1.0
,710020960,-22.892620573976238,-43.13991819298689,270.1,9.0,0.345400006,0.0290000439,1.0
,710020960,-22.892620573976238,-43.13991819298689,270.1,9.0,0.345400006,0.0290000439,1.0
,710020960,-22.892620573976238,-43.13991819298689,270.1,9.0,0.345400006,0.0290000439,1.0
,710020960,-22.892620573976238,-43.13991819298689,270.1,9.0,0.345400006,0.0290000439,1.0
,710020960,-22.892620573976238,-43.13991819298689,270.1,9.0,0.345400006,0.0290000439,1.0
,710020960,-22.892620573976238,-43.13991819298689,270.1,9.0,0.345400006,0.0290000439,1.0
,710020960,-22.89262102908916,-43.13996330964648,270.1,9.0,0.345400006,0.0290000439,1.0
,710020960,-22.89262102908916,-43.13996330964648,270.1,9.0,0.345400006,0.0290000439,1.0
,710020960,-22.89262102908916,-43.13996330964648,270.1,9.0,0.345400006,0.0290000439,1.0
,710020960,-22.89262102908916,-43.13996330964648,270.1,9.0,0.345400006,0.0290000439,1.0
,710020960,-22.89262102908916,-43.13996330964648,270.1,9.0,0.345400006,0.0290000439,1.0
,710020960,-22.89262102908916,-43.13996330964648,270.1,9.0,0.345400006,0.0290000439,1.0
,710020960,-22.89262102908916,-43.13996330964648,270.1,9.0,0.345400006,0.0290000439,1.0
,710020960,-22.89262102908916,-43.13996330964648,270.1,9.0,0.345400006,0.0290000439,1.0
,710020960,-22.89262102908916,-43.13996330964648,270.1,9.0,0.344461113,0.0290000439,1.0
,710020960,-22.89262102908916,-43.13996330964648,270.1,9.0,0.34424445,0.0289777517,1.0
,710020960,-22.89262102908916,-43.13996330964648,270.1,9.0,0.34424445,0.0289777517,1.0
,710020960,-22.89262102908916,-43.13996330964648,270.1,9.0,0.34424445,0.0289777517,1.0
,710020960,-22.89262102908916,-43.13996330964648,270.1,9.0,0.34424445,0.0289777517,1.0
,710020960,-22.89262102908916,-43.13996330964648,270.1,9.0,0.34424445,0.0289777517,1.0
,710020960,-22.89262102908916,-43.13996330964648,270.1,9.0,0.34424445,0.0289777517,1.0
,710020960,-22.8926214841893,-43.14000842630737,270.1,9.0,0.34424445,0.0289777517,1.0
,710020960,-22.8926214841893,-43.14000842630737,270.1,9.0,0.34424445,0.0289777517,1.0
,710020960,-22.8926214841893,-43.14000842630737,270.1,9.0,0.34424445,0.0289777517,1.0
,710020960,-22.8926214841893,-43.14000842630737,270.1,9.0,0.34424445,0.0289777517,1.0
,710020960,-22.8926214841893,-43.14000842630737,270.1,9.0,0.34424445,0.0289777517,1.0
,710020960,-22.8926214841893,-43.14000842630737,270.1,9.0,0.34424445,0.0289777517,1.0
,710020960,-22.8926214841893,-43.14000842630737,270.1,9.0,0.34424445,0.0289777517,1.0
,710020960,-22.8926214841893,-43.14000842630737,270.1,9.0,0.34424445,0.0289777517,1.0
,710020960,-22.8926214841893,-43.14000842630737,270.1,9.0,0.34424445,0.0289777517,1.0
,710020960,-22.8926214841893,-43.14000842630737,270.1,9.0,0.34424445,0.0289777517,1.0
,710020960,-22.8926214841893,-43.14000842630737,270.1,9.0,0.34424445,0.0289777517,1.0
,710020960,-22.8926214841893,-43.14000842630737,270.1,9.0,0.34424445,0.0289777517,1.0
,710020960,-22.8926214841893,-43.14000842630737,270.1,9.0,0.34424445,0.0289777517,1.0
,710020960,-22.892621939276633,-43.140053542969525,270.1,9.0,0.34424445,0.0289777517,1.0
,710020960,-22.892621939276633,-43.140053542969525,270.1,9.0,0.34424445,0.0289777517,1.0
,710020960,-22.892621939276633,-43.140053542969525,270.1,9.0,0.34424445,0.0289777517,1.0
,710020960,-22.892621939276633,-43.140053542969525,270.1,9.0,0.34424445,0.0289777517,1.0
,710020960,-22.892621939276633,-43.140053542969525,270.1,9.0,0.34424445,0.0289777517,1.0
,710020960,-22.892621939276633,-43.140053542969525,270.1,9.0,0.34424445,0.0289777517,1.0
,710020960,-22.892621939276633,-43.140053542969525,270.1,9.0,0.34424445,0.0289777517,1.0
,710020960,-22.892621939276633,-43.140053542969525,270.1,9.0,0.34424445,0.0289777517,1.0
,710020960,-22.892621939276633,-43.140053542969525,270.1,9.0,0.34424445,0.0289777517,1.0
,710020960,-22.892621939276633,-43.140053542969525,270.1,9.0,0.34424445,0.0289777517,1.0
,710020960,-22.892621939276633,-43.140053542969525,270.1,9.0,0.34424445,0.0289777517,1.0
,710020960,-22.892621939276633,-43.140053542969525,270.1,9.0,0.34424445,0.0289777517,1.0
,710020960,-22.892621939276633,-43.140053542969525,270.1,9.0,0.34424445,0.0289777517,1.0
,710020960,-22.892621939276633,-43.140053542969525,270.1,9.0,0.34424445,0.0289777517,1.0
,710020960,-22.892621939276633,-43.140053542969525,270.1,9.0,0.34424445,0.0289777517,1.0
,710020960,-22.892622394351175,-43.140098659632976,270.1,9.0,0.34424445,0.0289777517,1.0
,710020960,-22.892622394351175,-43.140098659632976,270.1,9.0,0.34424445,0.0289777517,1.0
,710020960,-22.892622394351175,-43.140098659632976,270.1,9.0,0.34424445,0.0289777517,1.0
,710020960,-22.892622394351175,-43.140098659632976,270.1,9.0,0.34424445,0.0289777517,1.0
,710020960,-22.892622394351175,-43.140098659632976,270.1,9.0,0.343077779,0.0289555788,1.0
,710020960,-22.892622394351175,-43.140098659632976,270.1,9.0,0.343077779,0.0289555788,1.0
,710020960,-22.892622394351175,-43.140098659632976,270.1,9.0,0.343077779,0.0289555788,1.0
,710020960,-22.892622394351175,-43.140098659632976,270.1,9.0,0.343077779,0.0289555788,1.0
,710020960,-22.892622394351175,-43.140098659632976,270.1,9.0,0.343077779,0.0289555788,1.0
,710020960,-22.892622394351175,-43.140098659632976,270.1,9.0,0.343077779,0.0289555788,1.0
,710020960,-22.89262284941292,-43.14014377629771,270.1,9.0,0.343077779,0.0289555788,1.0
,710020960,-22.89262284941292,-43.14014377629771,270.1,9.0,0.343077779,0.0289555788,1.0
,710020960,-22.89262284941292,-43.14014377629771,270.1,9.0,0.343077779,0.0289555788,1.0
,710020960,-22.89262284941292,-43.14014377629771,270.1,9.0,0.343077779,0.0289555788,1.0
,710020960,-22.89262284941292,-43.14014377629771,270.1,9.0,0.343077779,0.0289555788,1.0
,710020960,-22.89262284941292,-43.14014377629771,270.1,9.0,0.343077779,0.0289555788,1.0
,710020960,-22.89262284941292,-43.14014377629771,270.1,9.0,0.343077779,0.0289555788,1.0
,710020960,-22.89262284941292,-43.14014377629771,270.1,9.0,0.343077779,0.0289555788,1.0
,710020960,-22.892632565581064,-43.14031258943682,267.3,8.9,0.343077779,0.0289555788,1.0
,710020960,-22.892632565581064,-43.14031258943682,267.3,8.9,0.343077779,0.0289555788,1.0
,710020960,-22.892632565581064,-43.14031258943682,267.3,8.9,0.343077779,0.0289555788,1.0
,710020960,-22.892632565581064,-43.14031258943682,267.3,8.9,0.343077779,0.0289555788,1.0
,710020960,-22.892632565581064,-43.14031258943682,267.3,8.9,0.343077779,0.0289555788,1.0
,710020960,-22.892632565581064,-43.14031258943682,267.3,8.9,0.343077779,0.0289555788,1.0
,710020960,-22.892632565581064,-43.14031258943682,267.3,8.9,0.343077779,0.0289555788,1.0
,710020960,-22.892632565581064,-43.14031258943682,267.3,8.9,0.343077779,0.0289555788,1.0
,710020960,-22.892632565581064,-43.14031258943682,267.3,8.9,0.343077779,0.0289555788,1.0
,710020960,-22.892632565581064,-43.14031258943682,267.3,8.9,0.343077779,0.0289555788,1.0
,710020960,-22.892632565581064,-43.14031258943682,267.3,8.9,0.343077779,0.0289555788,1.0
,710020960,-22.892632565581064,-43.14031258943682,267.3,8.9,0.343077779,0.0289555788,1.0
,710020960,-22.892632565581064,-43.14031258943682,267.3,8.9,0.343077779,0.0289555788,1.0
,710020960,-22.892632565581064,-43.14031258943682,267.3,8.9,0.343077779,0.0289555788,1.0
,710020960,-22.892632565581064,-43.14031258943682,267.3,8.9,0.343077779,0.0289555788,1.0
,710020960,-22.892635034260884,-43.14035712782631,267.3,8.9,0.343077779,0.0289555788,1.0
,710020960,-22.892635034260884,-43.14035712782631,267.3,8.9,0.343077779,0.0289555788,1.0
,710020960,-22.892635034260884,-43.14035712782631,267.3,8.9,0.343077779,0.0289555788,1.0
,710020960,-22.892635034260884,-43.14035712782631,267.3,8.9,0.343077779,0.0289555788,1.0
,710020960,-22.892635034260884,-43.14035712782631,267.3,8.9,0.343077779,0.0289555788,1.0
,710020960,-22.892635034260884,-43.14035712782631,267.3,8.9,0.343077779,0.0289555788,1.0
,710020960,-22.892635034260884,-43.14035712782631,267.3,8.9,0.343077779,0.0289555788,1.0
,710020960,-22.892635034260884,-43.14035712782631,267.3,8.9,0.343077779,0.0289555788,1.0
,710020960,-22.892635034260884,-43.14035712782631,267.3,8.9,0.343077779,0.0289555788,1.0
,710020960,-22.892635034260884,-43.14035712782631,267.3,8.9,0.343077779,0.0289555788,1.0
,710020960,-22.892635034260884,-43.14035712782631,267.3,8.9,0.343077779,0.0289555788,1.0
,710020960,-22.892635034260884,-43.14035712782631,267.3,8.9,0.343077779,0.0289555788,1.0
,710020960,-22.892635034260884,-43.14035712782631,267.3,8.9,0.343077779,0.0289555788,1.0
,710020960,-22.892635034260884,-43.14035712782631,267.3,8.9,0.343077779,0.0289555788,1.0
,710020960,-22.892635034260884,-43.14035712782631,267.3,8.9,0.343077779,0.0289555788,1.0
,710020960,-22.89263750292832,-43.140401666218374,267.3,8.9,0.343077779,0.0289555788,1.0
,710020960,-22.89263750292832,-43.140401666218374,267.3,8.9,0.341755539,0.0289555788,1.0
,710020960,-22.89263750292832,-43.140401666218374,267.3,8.9,0.34101665,0.0289111137,1.0
,710020960,-22.89263750292832,-43.140401666218374,267.3,8.9,0.34101665,0.0289111137,1.0
,710020960,-22.89263750292832,-43.140401666218374,267.3,8.9,0.34101665,0.0289111137,1.0
,710020960,-22.89263750292832,-43.140401666218374,267.3,8.9,0.34101665,0.0289111137,1.0
,710020960,-22.89263750292832,-43.140401666218374,267.3,8.9,0.34101665,0.0289111137,1.0
,710020960,-22.89263750292832,-43.140401666218374,267.3,8.9,0.34101665,0.0289111137,1.0
,710020960,-22.89263750292832,-43.140401666218374,267.3,8.9,0.34101665,0.0289111137,1.0
,710020960,-22.89263750292832,-43.140401666218374,267.3,8.9,0.34101665,0.0289111137,1.0
,710020960,-22.89263750292832,-43.140401666218374,267.3,8.9,0.34101665,0.0289111137,1.0
,710020960,-22.89263750292832,-43.140401666218374,267.3,8.9,0.34101665,0.0289111137,1.0
,710020960,-22.89263750292832,-43.140401666218374,267.3,8.9,0.34101665,0.0289111137,1.0
,710020960,-22.89263750292832,-43.140401666218374,267.3,8.9,0.34101665,0.0289111137,1.0
,710020960,-22.89263750292832,-43.140401666218374,267.3,8.9,0.34101665,0.0289111137,1.0
,710020960,-22.892639971583367,-43.14044620461301,267.3,8.9,0.34101665,0.0289111137,1.0
,710020960,-22.892639971583367,-43.14044620461301,267.3,8.9,0.34101665,0.0289111137,1.0
,710020960,-22.892639971583367,-43.14044620461301,267.3,8.9,0.34101665,0.0289111137,1.0
,710020960,-22.892639971583367,-43.14044620461301,267.3,8.9,0.34101665,0.0289111137,1.0
,710020960,-22.892639971583367,-43.14044620461301,267.3,8.9,0.34101665,0.0289111137,1.0
,710020960,-22.892639971583367,-43.14044620461301,267.3,8.9,0.34101665,0.0289111137,1.0
,710020960,-22.892639971583367,-43.14044620461301,267.3,8.9,0.34101665,0.0289111137,1.0
,710020960,-22.892639971583367,-43.14044620461301,267.3,8.9,0.34101665,0.0289111137,1.0
,710020960,-22.892639971583367,-43.14044620461301,267.3,8.9,0.34101665,0.0289111137,1.0
,710020960,-22.892639971583367,-43.14044620461301,267.3,8.9,0.34101665,0.0289111137,1.0
,710020960,-22.892639971583367,-43.14044620461301,267.3,8.9,0.34101665,0.0289111137,1.0
,710020960,-22.892639971583367,-43.14044620461301,267.3,8.9,0.34101665,0.0289111137,1.0
,710020960,-22.892639971583367,-43.14044620461301,267.3,8.9,0.34101665,0.0289111137,1.0
,710020960,-22.892639971583367,-43.14044620461301,267.3,8.9,0.34101665,0.0289111137,1.0
,710020960,-22.892639971583367,-43.14044620461301,267.3,8.9,0.34101665,0.0289111137,1.0
,710020960,-22.892642440226037,-43.14049074301021,267.3,8.9,0.34101665,0.0289111137,1.0
,710020960,-22.892642440226037,-43.14049074301021,267.3,8.9,0.34101665,0.0289111137,1.0
,710020960,-22.892642440226037,-43.14049074301021,267.3,8.9,0.34101665,0.0289111137,1.0
,710020960,-22.892642440226037,-43.14049074301021,267.3,8.9,0.34101665,0.0289111137,1.0
,710020960,-22.892642440226037,-43.14049074301021,267.3,8.9,0.34101665,0.0289111137,1.0
,710020960,-22.892642440226037,-43.14049074301021,267.3,8.9,0.34101665,0.0289111137,1.0
,710020960,-22.892642440226037,-43.14049074301021,267.3,8.9,0.34101665,0.0289111137,1.0
,710020960,-22.892642440226037,-43.14049074301021,267.3,8.9,0.34101665,0.0289111137,1.0
,710020960,-22.892642440226037,-43.14049074301021,267.3,8.9,0.34101665,0.0289111137,1.0
,710020960,-22.892642440226037,-43.14049074301021,267.3,8.9,0.34101665,0.0289111137,1.0
,710020960,-22.892642440226037,-43.14049074301021,267.3,8.9,0.34101665,0.0289111137,1.0
,710020960,-22.892642440226037,-43.14049074301021,267.3,8.9,0.34101665,0.0289111137,1.0
,710020960,-22.892642440226037,-43.14049074301021,267.3,8.9,0.34101665,0.0289111137,1.0
,710020960,-22.892642440226037,-43.14049074301021,267.3,8.9,0.34101665,0.0289111137,1.0
,710020960,-22.892642440226037,-43.14049074301021,267.3,8.9,0.34101665,0.0289111137,1.0
,710020960,-22.89264490885632,-43.14053528140998,267.3,8.9,0.34101665,0.0289111137,1.0
,710020960,-22.89264490885632,-43.14053528140998,267.3,8.9,0.339894444,0.0288888216,1.0
,710020960,-22.89264490885632,-43.14053528140998,267.3,8.9,0.339894444,0.0288888216,1.0
,710020960,-22.89264490885632,-43.14053528140998,267.3,8.9,0.339894444,0.0288888216,1.0
,710020960,-22.89264490885632,-43.14053528140998,267.3,8.9,0.339894444,0.0288888216,1.0
,710020960,-22.89264490885632,-43.14053528140998,267.3,8.9,0.339894444,0.0288888216,1.0
,710020960,-22.89264490885632,-43.14053528140998,267.3,8.9,0.339894444,0.0288888216,1.0
,710020960,-22.89264490885632,-43.14053528140998,267.3,8.9,0.339894444,0.0288888216,1.0
,710020960,-22.89264490885632,-43.14053528140998,267.3,8.9,0.339894444,0.0288888216,1.0
,710020960,-22.89264490885632,-43.14053528140998,267.3,8.9,0.339894444,0.0288888216,1.0
,710020960,-22.89264490885632,-43.14053528140998,267.3,8.9,0.339894444,0.0288888216,1.0
,710020960,-22.89264490885632,-43.14053528140998,267.3,8.9,0.339894444,0.0288888216,1.0
,710020960,-22.89264490885632,-43.14053528140998,267.3,8.9,0.339894444,0.0288888216,1.0
,710020960,-22.892647377474216,-43.14057981981232,267.3,8.9,0.339894444,0.0288888216,1.0
,710020960,-22.89264984607973,-43.140624358217224,267.3,8.9,0.339894444,0.0288888216,1.0
,710020960,-22.89264984607973,-43.140624358217224,267.3,8.9,0.339894444,0.0288888216,1.0
,710020960,-22.89264984607973,-43.140624358217224,267.3,8.9,0.339894444,0.0288888216,1.0
,710020960,-22.89264984607973,-43.140624358217224,267.3,8.9,0.339894444,0.0288888216,1.0
,710020960,-22.89264984607973,-43.140624358217224,267.3,8.9,0.339894444,0.0288888216,1.0
,710020960,-22.89264984607973,-43.140624358217224,267.3,8.9,0.339894444,0.0288888216,1.0
,710020960,-22.89264984607973,-43.140624358217224,267.3,8.9,0.339894444,0.0288888216,1.0
,710020960,-22.89264984607973,-43.140624358217224,267.3,8.9,0.339894444,0.0288888216,1.0
,710020960,-22.89264984607973,-43.140624358217224,267.3,8.9,0.339894444,0.0288888216,1.0
,710020960,-22.89265231467286,-43.140668896624696,267.3,8.9,0.339894444,0.0288888216,1.0
,710020960,-22.89265231467286,-43.140668896624696,267.3,8.9,0.338761121,0.0288888216,1.0
,710020960,-22.89265231467286,-43.140668896624696,267.3,8.9,0.338761121,0.0288777351,1.0
,710020960,-22.89265231467286,-43.140668896624696,267.3,8.9,0.338761121,0.0288777351,1.0
,710020960,-22.892654783253604,-43.14071343503474,267.3,8.9,0.338761121,0.0288777351,1.0
,710020960,-22.892654783253604,-43.14071343503474,267.3,8.9,0.338761121,0.0288777351,1.0
,710020960,-22.892654783253604,-43.14071343503474,267.3,8.9,0.338761121,0.0288777351,1.0
,710020960,-22.892654783253604,-43.14071343503474,267.3,8.9,0.338761121,0.0288777351,1.0
,710020960,-22.892654783253604,-43.14071343503474,267.3,8.9,0.338761121,0.0288777351,1.0
,710020960,-22.892654783253604,-43.14071343503474,267.3,8.9,0.338761121,0.0288777351,1.0
,710020960,-22.892657251821973,-43.14075797344735,267.3,8.9,0.338761121,0.0288777351,1.0
,710020960,-22.892657251821973,-43.14075797344735,267.3,8.9,0.338761121,0.0288777351,1.0
,710020960,-22.892657251821973,-43.14075797344735,267.3,8.9,0.338761121,0.0288777351,1.0
,710020960,-22.892657251821973,-43.14075797344735,267.3,8.9,0.338761121,0.0288777351,1.0
,710020960,-22.892657251821973,-43.14075797344735,267.3,8.9,0.338761121,0.0288777351,1.0
,710020960,-22.892657251821973,-43.14075797344735,267.3,8.9,0.338761121,0.0288777351,1.0
,710020960,-22.892657251821973,-43.14075797344735,267.3,8.9,0.338761121,0.0288777351,1.0
,710020960,-22.892657251821973,-43.14075797344735,267.3,8.9,0.338761121,0.0288777351,1.0
,710020960,-22.892657251821973,-43.14075797344735,267.3,8.9,0.338761121,0.0288777351,1.0
,710020960,-22.892657251821973,-43.14075797344735,267.3,8.9,0.338761121,0.0288777351,1.0
,710020960,-22.892657251821973,-43.14075797344735,267.3,8.9,0.338761121,0.0288777351,1.0
,710020960,-22.892657251821973,-43.14075797344735,267.3,8.9,0.338761121,0.0288777351,1.0
,710020960,-22.892657251821973,-43.14075797344735,267.3,8.9,0.338761121,0.0288777351,1.0
,710020960,-22.892657251821973,-43.14075797344735,267.3,8.9,0.338761121,0.0288777351,1.0
,710020960,-22.892659720377946,-43.14080251186253,267.3,8.9,0.338761121,0.0288777351,1.0
,710020960,-22.892659720377946,-43.14080251186253,267.3,8.9,0.338761121,0.0288777351,1.0
,710020960,-22.892659720377946,-43.14080251186253,267.3,8.9,0.337622225,0.0288555622,1.0
,710020960,-22.892659720377946,-43.14080251186253,267.3,8.9,0.337622225,0.0288555622,1.0
,710020960,-22.892659720377946,-43.14080251186253,267.3,8.9,0.337622225,0.0288555622,1.0
,710020960,-22.892659720377946,-43.14080251186253,267.3,8.9,0.337622225,0.0288555622,1.0
,710020960,-22.892659720377946,-43.14080251186253,267.3,8.9,0.337622225,0.0288555622,1.0
,710020960,-22.892659720377946,-43.14080251186253,267.3,8.9,0.337622225,0.0288555622,1.0
,710020960,-22.892659720377946,-43.14080251186253,267.3,8.9,0.337622225,0.0288555622,1.0
,710020960,-22.892678562504674,-43.14078516399932,264.5,8.7,0.337622225,0.0288555622,1.0
,710020960,-22.892678562504674,-43.14078516399932,264.5,8.7,0.337622225,0.0288555622,1.0
,710020960,-22.892678562504674,-43.14078516399932,264.5,8.7,0.337622225,0.0288555622,1.0
,710020960,-22.892678562504674,-43.14078516399932,264.5,8.7,0.337622225,0.0288555622,1.0
,710020960,-22.892678562504674,-43.14078516399932,264.5,8.7,0.337622225,0.0288555622,1.0
,710020960,-22.892678562504674,-43.14078516399932,264.5,8.7,0.337622225,0.0288555622,1.0
,710020960,-22.892678562504674,-43.14078516399932,264.5,8.7,0.337622225,0.0288555622,1.0
,710020960,-22.892678562504674,-43.14078516399932,264.5,8.7,0.337622225,0.0288555622,1.0
,710020960,-22.892678562504674,-43.14078516399932,264.5,8.7,0.337622225,0.0288555622,1.0
,710020960,-22.892678562504674,-43.14078516399932,264.5,8.7,0.337622225,0.0288555622,1.0
,710020960,-22.892678562504674,-43.14078516399932,264.5,8.7,0.337622225,0.0288555622,1.0
,710020960,-22.892678562504674,-43.14078516399932,264.5,8.7,0.337622225,0.0288555622,1.0
,710020960,-22.892678562504674,-43.14078516399932,264.5,8.7,0.337622225,0.0288555622,1.0
,710020960,-22.892678562504674,-43.14078516399932,264.5,8.7,0.337622225,0.0288555622,1.0
,710020960,-22.892678562504674,-43.14078516399932,264.5,8.7,0.337622225,0.0288555622,1.0
,710020960,-22.892682943188813,-43.14082852235248,264.5,8.7,0.337622225,0.0288555622,1.0
,710020960,-22.892682943188813,-43.14082852235248,264.5,8.7,0.337622225,0.0288555622,1.0
,710020960,-22.892682943188813,-43.14082852235248,264.5,8.7,0.337622225,0.0288555622,1.0
,710020960,-22.892682943188813,-43.14082852235248,264.5,8.7,0.337622225,0.0288555622,1.0
,710020960,-22.892682943188813,-43.14082852235248,264.5,8.7,0.337622225,0.0288555622,1.0
,710020960,-22.892687323861306,-43.14087188070932,264.5,8.7,0.337622225,0.0288555622,1.0
,710020960,-22.892687323861306,-43.14087188070932,264.5,8.7,0.337622225,0.0288555622,1.0
,710020960,-22.892687323861306,-43.14087188070932,264.5,8.7,0.336955547,0.0288221836,1.0
,710020960,-22.892691704522136,-43.14091523906986,264.5,8.7,0.336955547,0.0288221836,1.0
,710020960,-22.892691704522136,-43.14091523906986,264.5,8.7,0.336955547,0.0288221836,1.0
,710020960,-22.892691704522136,-43.14091523906986,264.5,8.7,0.336955547,0.0288221836,1.0
,710020960,-22.892691704522136,-43.14091523906986,264.5,8.7,0.336955547,0.0288221836,1.0
,710020960,-22.892691704522136,-43.14091523906986,264.5,8.7,0.336955547,0.0288221836,1.0
,710020960,-22.892691704522136,-43.14091523906986,264.5,8.7,0.336955547,0.0288221836,1.0
,710020960,-22.892691704522136,-43.14091523906986,264.5,8.7,0.336955547,0.0288221836,1.0
,710020960,-22.892691704522136,-43.14091523906986,264.5,8.7,0.336955547,0.0288221836,1.0
,710020960,-22.892691704522136,-43.14091523906986,264.5,8.7,0.336955547,0.0288221836,1.0
,710020960,-22.892691704522136,-43.14091523906986,264.5,8.7,0.336955547,0.0288221836,1.0
,710020960,-22.892691704522136,-43.14091523906986,264.5,8.7,0.336955547,0.0288221836,1.0
,710020960,-22.892691704522136,-43.14091523906986,264.5,8.7,0.336955547,0.0288221836,1.0
,710020960,-22.892691704522136,-43.14091523906986,264.5,8.7,0.336955547,0.0288221836,1.0
,710020960,-22.892691704522136,-43.14091523906986,264.5,8.7,0.336955547,0.0288221836,1.0
,710020960,-22.89269608517131,-43.14095859743407,264.5,8.7,0.336955547,0.0288221836,1.0
,710020960,-22.89269608517131,-43.14095859743407,264.5,8.7,0.336955547,0.0288221836,1.0
,710020960,-22.89269608517131,-43.14095859743407,264.5,8.7,0.336955547,0.0288221836,1.0
,710020960,-22.89269608517131,-43.14095859743407,264.5,8.7,0.336955547,0.0288221836,1.0
,710020960,-22.89269608517131,-43.14095859743407,264.5,8.7,0.336955547,0.0288221836,1.0
,710020960,-22.89269608517131,-43.14095859743407,264.5,8.7,0.336955547,0.0288221836,1.0
,710020960,-22.89269608517131,-43.14095859743407,264.5,8.7,0.336955547,0.0288221836,1.0
,710020960,-22.89269608517131,-43.14095859743407,264.5,8.7,0.336955547,0.0288221836,1.0
,710020960,-22.89269608517131,-43.14095859743407,264.5,8.7,0.336955547,0.0288221836,1.0
,710020960,-22.89269608517131,-43.14095859743407,264.5,8.7,0.336955547,0.0288221836,1.0
,710020960,-22.89269608517131,-43.14095859743407,264.5,8.7,0.336955547,0.0288221836,1.0
,710020960,-22.89269608517131,-43.14095859743407,264.5,8.7,0.336955547,0.0288221836,1.0
,710020960,-22.89269608517131,-43.14095859743407,264.5,8.7,0.336955547,0.0288221836,1.0
,710020960,-22.89269608517131,-43.14095859743407,264.5,8.7,0.336955547,0.0288221836,1.0
,710020960,-22.89269608517131,-43.14095859743407,264.5,8.7,0.336955547,0.0288221836,1.0
,710020960,-22.89269608517131,-43.14095859743407,264.5,8.7,0.336955547,0.0288221836,1.0
,710020960,-22.892700465808833,-43.14100195580197,264.5,8.7,0.336955547,0.0288221836,1.0
,710020960,-22.892700465808833,-43.14100195580197,264.5,8.7,0.336955547,0.0288221836,1.0
,710020960,-22.892700465808833,-43.14100195580197,264.5,8.7,0.336955547,0.0288221836,1.0
,710020960,-22.892700465808833,-43.14100195580197,264.5,8.7,0.336955547,0.0288221836,1.0
,710020960,-22.892704846434704,-43.14104531417355,264.5,8.7,0.336955547,0.0288221836,1.0
,710020960,-22.892704846434704,-43.14104531417355,264.5,8.7,0.336955547,0.0288221836,1.0
,710020960,-22.892709227048915,-43.141088672548825,264.5,8.7,0.335877776,0.0288000107,1.0
,710020960,-22.892709227048915,-43.141088672548825,264.5,8.7,0.335877776,0.0288000107,1.0
,710020960,-22.892709227048915,-43.141088672548825,264.5,8.7,0.335877776,0.0288000107,1.0
,710020960,-22.892709227048915,-43.141088672548825,264.5,8.7,0.335877776,0.0288000107,1.0
,710020960,-22.892709227048915,-43.141088672548825,264.5,8.7,0.335877776,0.0288000107,1.0
,710020960,-22.892709227048915,-43.141088672548825,264.5,8.7,0.335877776,0.0288000107,1.0
,710020960,-22.892709227048915,-43.141088672548825,264.5,8.7,0.335877776,0.0288000107,1.0
,710020960,-22.892709227048915,-43.141088672548825,264.5,8.7,0.335877776,0.0288000107,1.0
,710020960,-22.892709227048915,-43.141088672548825,264.5,8.7,0.335877776,0.0288000107,1.0
,710020960,-22.892709227048915,-43.141088672548825,264.5,8.7,0.335877776,0.0288000107,1.0
,710020960,-22.892709227048915,-43.141088672548825,264.5,8.7,0.335877776,0.0288000107,1.0
,710020960,-22.892709227048915,-43.141088672548825,264.5,8.7,0.335877776,0.0288000107,1.0
,710020960,-22.892709227048915,-43.141088672548825,264.5,8.7,0.335877776,0.0288000107,1.0
,710020960,-22.892709227048915,-43.141088672548825,264.5,8.7,0.335877776,0.0288000107,1.0
,710020960,-22.892709227048915,-43.141088672548825,264.5,8.7,0.335877776,0.0288000107,1.0
,710020960,-22.892709227048915,-43.141088672548825,264.5,8.7,0.335877776,0.0288000107,1.0
,710020960,-22.892709227048915,-43.141088672548825,264.5,8.7,0.335877776,0.0288000107,1.0
,710020960,-22.892709227048915,-43.141088672548825,264.5,8.7,0.335877776,0.0288000107,1.0
,710020960,-22.892709227048915,-43.141088672548825,264.5,8.7,0.335877776,0.0288000107,1.0
,710020960,-22.892709227048915,-43.141088672548825,264.5,8.7,0.335877776,0.0288000107,1.0
,710020960,-22.892709227048915,-43.141088672548825,264.5,8.7,0.335877776,0.0288000107,1.0
,710020960,-22.892709227048915,-43.141088672548825,264.5,8.7,0.335877776,0.0288000107,1.0
,710020960,-22.892709227048915,-43.141088672548825,264.5,8.7,0.335877776,0.0288000107,1.0
,710020960,-22.892709227048915,-43.141088672548825,264.5,8.7,0.335877776,0.0288000107,1.0
,710020960,-22.892709227048915,-43.141088672548825,264.5,8.7,0.335877776,0.0288000107,1.0
,710020960,-22.892709227048915,-43.141088672548825,264.5,8.7,0.335877776,0.0288000107,1.0
,710020960,-22.892713607651476,-43.14113203092778,264.5,8.7,0.335877776,0.0288000107,1.0
,710020960,-22.892713607651476,-43.14113203092778,264.5,8.7,0.335877776,0.0288000107,1.0
,710020960,-22.892713607651476,-43.14113203092778,264.5,8.7,0.335877776,0.0288000107,1.0
,710020960,-22.892713607651476,-43.14113203092778,264.5,8.7,0.335877776,0.0288000107,1.0
,710020960,-22.892713607651476,-43.14113203092778,264.5,8.7,0.335877776,0.0288000107,1.0
,710020960,-22.892713607651476,-43.14113203092778,264.5,8.7,0.335877776,0.0288000107,1.0
,710020960,-22.892713607651476,-43.14113203092778,264.5,8.7,0.335877776,0.0288000107,1.0
,710020960,-22.892713607651476,-43.14113203092778,264.5,8.7,0.335877776,0.0288000107,1.0
,710020960,-22.892713607651476,-43.14113203092778,264.5,8.7,0.335877776,0.0288000107,1.0
,710020960,-22.892713607651476,-43.14113203092778,264.5,8.7,0.335877776,0.0288000107,1.0
,710020960,-22.892713607651476,-43.14113203092778,264.5,8.7,0.335877776,0.0288000107,1.0
,710020960,-22.892713607651476,-43.14113203092778,264.5,8.7,0.335877776,0.0288000107,1.0
,710020960,-22.892713607651476,-43.14113203092778,264.5,8.7,0.335877776,0.0288000107,1.0
,710020960,-22.892713607651476,-43.14113203092778,264.5,8.7,0.335877776,0.0288000107,1.0
,710020960,-22.892713607651476,-43.14113203092778,264.5,8.7,0.334794462,0.0287777185,1.0
,710020960,-22.892713607651476,-43.14113203092778,264.5,8.7,0.334794462,0.0287777185,1.0
,710020960,-22.892720519457836,-43.14117624723353,263.2,8.6,0.334794462,0.0287777185,1.0
,710020960,-22.892720519457836,-43.14117624723353,263.2,8.6,0.334794462,0.0287777185,1.0
,710020960,-22.892720519457836,-43.14117624723353,263.2,8.6,0.334794462,0.0287777185,1.0
,710020960,-22.892720519457836,-43.14117624723353,263.2,8.6,0.334794462,0.0287777185,1.0
,710020960,-22.892720519457836,-43.14117624723353,263.2,8.6,0.334794462,0.0287777185,1.0
,710020960,-22.892720519457836,-43.14117624723353,263.2,8.6,0.334794462,0.0287777185,1.0
,710020960,-22.892720519457836,-43.14117624723353,263.2,8.6,0.334794462,0.0287777185,1.0
,710020960,-22.892720519457836,-43.14117624723353,263.2,8.6,0.334794462,0.0287777185,1.0
,710020960,-22.892720519457836,-43.14117624723353,263.2,8.6,0.334794462,0.0287777185,1.0
,710020960,-22.892720519457836,-43.14117624723353,263.2,8.6,0.334794462,0.0287777185,1.0
,710020960,-22.892720519457836,-43.14117624723353,263.2,8.6,0.334794462,0.0287777185,1.0
,710020960,-22.892720519457836,-43.14117624723353,263.2,8.6,0.334794462,0.0287777185,1.0
,710020960,-22.892720519457836,-43.14117624723353,263.2,8.6,0.334794462,0.0287777185,1.0
,710020960,-22.892720519457836,-43.14117624723353,263.2,8.6,0.334794462,0.0287777185,1.0
,710020960,-22.892720519457836,-43.14117624723353,263.2,8.6,0.334794462,0.0287777185,1.0
,710020960,-22.892720519457836,-43.14117624723353,263.2,8.6,0.334794462,0.0287777185,1.0
,710020960,-22.892720519457836,-43.14117624723353,263.2,8.6,0.334794462,0.0287777185,1.0
,710020960,-22.892720519457836,-43.14117624723353,263.2,8.6,0.334794462,0.0287777185,1.0
,710020960,-22.892720519457836,-43.14117624723353,263.2,8.6,0.334794462,0.0287777185,1.0
,710020960,-22.892720519457836,-43.14117624723353,263.2,8.6,0.334794462,0.0287777185,1.0
,710020960,-22.89272574948435,-43.141218990182345,263.2,8.6,0.334794462,0.0287777185,1.0
,710020960,-22.89272574948435,-43.141218990182345,263.2,8.6,0.334794462,0.0287777185,1.0
,710020960,-22.89272574948435,-43.141218990182345,263.2,8.6,0.334794462,0.0287777185,1.0
,710020960,-22.89272574948435,-43.141218990182345,263.2,8.6,0.334794462,0.0287777185,1.0
,710020960,-22.89272574948435,-43.141218990182345,263.2,8.6,0.334794462,0.0287777185,1.0
,710020960,-22.89272574948435,-43.141218990182345,263.2,8.6,0.334794462,0.0287777185,1.0
,710020960,-22.89272574948435,-43.141218990182345,263.2,8.6,0.334794462,0.0287777185,1.0
,710020960,-22.89272574948435,-43.141218990182345,263.2,8.6,0.334794462,0.0287777185,1.0
,710020960,-22.89272574948435,-43.141218990182345,263.2,8.6,0.334794462,0.0287777185,1.0
,710020960,-22.89272574948435,-43.141218990182345,263.2,8.6,0.334794462,0.0287777185,1.0
,710020960,-22.89272574948435,-43.141218990182345,263.2,8.6,0.334794462,0.0287777185,1.0
,710020960,-22.89272574948435,-43.141218990182345,263.2,8.6,0.334794462,0.0287777185,1.0
,710020960,-22.89272574948435,-43.141218990182345,263.2,8.6,0.334794462,0.0287777185,1.0
,710020960,-22.89272574948435,-43.141218990182345,263.2,8.6,0.334794462,0.0287777185,1.0
,710020960,-22.89272574948435,-43.141218990182345,263.2,8.6,0.334794462,0.0287777185,1.0
,710020960,-22.89272574948435,-43.141218990182345,263.2,8.6,0.334794462,0.0287777185,1.0
,710020960,-22.89272574948435,-43.141218990182345,263.2,8.6,0.334794462,0.0287777185,1.0
,710020960,-22.89272574948435,-43.141218990182345,263.2,8.6,0.334794462,0.0287777185,1.0
,710020960,-22.89272574948435,-43.141218990182345,263.2,8.6,0.334794462,0.0287777185,1.0
,710020960,-22.89272574948435,-43.141218990182345,263.2,8.6,0.334794462,0.0287777185,1.0
,710020960,-22.89272574948435,-43.141218990182345,263.2,8.6,0.334794462,0.0287777185,1.0
,710020960,-22.89272574948435,-43.141218990182345,263.2,8.6,0.334794462,0.0287777185,1.0
,710020960,-22.89272574948435,-43.141218990182345,263.2,8.6,0.334794462,0.0287777185,1.0
,710020960,-22.89272574948435,-43.141218990182345,263.2,8.6,0.334794462,0.0287777185,1.0
,710020960,-22.89272574948435,-43.141218990182345,263.2,8.6,0.334794462,0.0287777185,1.0
,710020960,-22.89272574948435,-43.141218990182345,263.2,8.6,0.334794462,0.0287777185,1.0
,710020960,-22.89272574948435,-43.141218990182345,263.2,8.6,0.334794462,0.0287777185,1.0
,710020960,-22.89272574948435,-43.141218990182345,263.2,8.6,0.334794462,0.0287777185,1.0
,710020960,-22.89272574948435,-43.141218990182345,263.2,8.6,0.334794462,0.0287777185,1.0
,710020960,-22.89272574948435,-43.141218990182345,263.2,8.6,0.334794462,0.0287777185,1.0
,710020960,-22.89272574948435,-43.141218990182345,263.2,8.6,0.334794462,0.0287777185,1.0
,710020960,-22.89272574948435,-43.141218990182345,263.2,8.6,0.334794462,0.0287777185,1.0
,710020960,-22.892730979499582,-43.1412617331353,263.2,8.6,0.334794462,0.0287777185,1.0
,710020960,-22.892730979499582,-43.1412617331353,263.2,8.6,0.334794462,0.0287777185,1.0
,710020960,-22.892730979499582,-43.1412617331353,263.2,8.6,0.334794462,0.0287777185,1.0
,710020960,-22.892730979499582,-43.1412617331353,263.2,8.6,0.334794462,0.0287777185,1.0
,710020960,-22.892730979499582,-43.1412617331353,263.2,8.6,0.334794462,0.0287777185,1.0
,710020960,-22.892730979499582,-43.1412617331353,263.2,8.6,0.334794462,0.0287777185,1.0
,710020960,-22.892730979499582,-43.1412617331353,263.2,8.6,0.334794462,0.0287777185,1.0
,710020960,-22.892730979499582,-43.1412617331353,263.2,8.6,0.334794462,0.0287777185,1.0
,710020960,-22.892730979499582,-43.1412617331353,263.2,8.6,0.334794462,0.0287777185,1.0
,710020960,-22.892730979499582,-43.1412617331353,263.2,8.6,0.334794462,0.0287777185,1.0
,710020960,-22.892730979499582,-43.1412617331353,263.2,8.6,0.334794462,0.0287777185,1.0
,710020960,-22.892730979499582,-43.1412617331353,263.2,8.6,0.334794462,0.0287777185,1.0
,710020960,-22.892730979499582,-43.1412617331353,263.2,8.6,0.334794462,0.0287777185,1.0
,710020960,-22.892730979499582,-43.1412617331353,263.2,8.6,0.334794462,0.0287777185,1.0
,710020960,-22.892730979499582,-43.1412617331353,263.2,8.6,0.334794462,0.0287777185,1.0
,710020960,-22.892730979499582,-43.1412617331353,263.2,8.6,0.334794462,0.0287777185,1.0
,710020960,-22.892730979499582,-43.1412617331353,263.2,8.6,0.334794462,0.0287777185,1.0
,710020960,-22.892730979499582,-43.1412617331353,263.2,8.6,0.334794462,0.0287777185,1.0
,710020960,-22.892730979499582,-43.1412617331353,263.2,8.6,0.334794462,0.0287777185,1.0
,710020960,-22.892730979499582,-43.1412617331353,263.2,8.6,0.334794462,0.0287777185,1.0
,710020960,-22.892730979499582,-43.1412617331353,263.2,8.6,0.334794462,0.0287777185,1.0
,710020960,-22.892730979499582,-43.1412617331353,263.2,8.6,0.334794462,0.0287777185,1.0
,710020960,-22.892730979499582,-43.1412617331353,263.2,8.6,0.334794462,0.0287777185,1.0
,710020960,-22.892730979499582,-43.1412617331353,263.2,8.6,0.334794462,0.0287777185,1.0
,710020960,-22.892730979499582,-43.1412617331353,263.2,8.6,0.334794462,0.0287777185,1.0
,710020960,-22.892730979499582,-43.1412617331353,263.2,8.6,0.334794462,0.0287777185,1.0
,710020960,-22.892730979499582,-43.1412617331353,263.2,8.6,0.334794462,0.0287777185,1.0
,710020960,-22.892730979499582,-43.1412617331353,263.2,8.6,0.334794462,0.0287777185,1.0
,710020960,-22.892736209503514,-43.141304476092415,263.2,8.6,0.333799988,0.0287555456,1.0
,710020960,-22.892736209503514,-43.141304476092415,263.2,8.6,0.333799988,0.0287555456,1.0
,710020960,-22.892736209503514,-43.141304476092415,263.2,8.6,0.333799988,0.0287555456,1.0
,710020960,-22.892736209503514,-43.141304476092415,263.2,8.6,0.333799988,0.0287555456,1.0
,710020960,-22.892736209503514,-43.141304476092415,263.2,8.6,0.333799988,0.0287555456,1.0
,710020960,-22.892736209503514,-43.141304476092415,263.2,8.6,0.333799988,0.0287555456,1.0
,710020960,-22.892736209503514,-43.141304476092415,263.2,8.6,0.333799988,0.0287555456,1.0
,710020960,-22.892736209503514,-43.141304476092415,263.2,8.6,0.333799988,0.0287555456,1.0
,710020960,-22.892736209503514,-43.141304476092415,263.2,8.6,0.333799988,0.0287555456,1.0
,710020960,-22.892736209503514,-43.141304476092415,263.2,8.6,0.333799988,0.0287555456,1.0
,710020960,-22.892736209503514,-43.141304476092415,263.2,8.6,0.333799988,0.0287555456,1.0
,710020960,-22.892736209503514,-43.141304476092415,263.2,8.6,0.333799988,0.0287555456,1.0
,710020960,-22.892736209503514,-43.141304476092415,263.2,8.6,0.333799988,0.0287555456,1.0
,710020960,-22.892736209503514,-43.141304476092415,263.2,8.6,0.333799988,0.0287555456,1.0
,710020960,-22.892736209503514,-43.141304476092415,263.2,8.6,0.333799988,0.0287555456,1.0
,710020960,-22.892736209503514,-43.141304476092415,263.2,8.6,0.333799988,0.0287555456,1.0
,710020960,-22.892736209503514,-43.141304476092415,263.2,8.6,0.333799988,0.0287555456,1.0
,710020960,-22.892736209503514,-43.141304476092415,263.2,8.6,0.333799988,0.0287555456,1.0
,710020960,-22.892736209503514,-43.141304476092415,263.2,8.6,0.333799988,0.0287555456,1.0
,710020960,-22.892736209503514,-43.141304476092415,263.2,8.6,0.333799988,0.0287555456,1.0
,710020960,-22.892736209503514,-43.141304476092415,263.2,8.6,0.333799988,0.0287555456,1.0
,710020960,-22.892736209503514,-43.141304476092415,263.2,8.6,0.333799988,0.0287555456,1.0
,710020960,-22.892736209503514,-43.141304476092415,263.2,8.6,0.333799988,0.0287555456,1.0
,710020960,-22.892736209503514,-43.141304476092415,263.2,8.6,0.333799988,0.0287555456,1.0
,710020960,-22.892736209503514,-43.141304476092415,263.2,8.6,0.333799988,0.0287555456,1.0
,710020960,-22.892736209503514,-43.141304476092415,263.2,8.6,0.333799988,0.0287555456,1.0
,710020960,-22.892736209503514,-43.141304476092415,263.2,8.6,0.333799988,0.0287555456,1.0
,710020960,-22.892736209503514,-43.141304476092415,263.2,8.6,0.333799988,0.0287555456,1.0
,710020960,-22.892741439496152,-43.14134721905367,263.2,8.6,0.333799988,0.0287555456,1.0
,710020960,-22.892741439496152,-43.14134721905367,263.2,8.6,0.333799988,0.0287555456,1.0
,710020960,-22.892741439496152,-43.14134721905367,263.2,8.6,0.333799988,0.0287555456,1.0
,710020960,-22.892741439496152,-43.14134721905367,263.2,8.6,0.333799988,0.0287555456,1.0
,710020960,-22.892741439496152,-43.14134721905367,263.2,8.6,0.333799988,0.0287555456,1.0
,710020960,-22.892741439496152,-43.14134721905367,263.2,8.6,0.333799988,0.0287555456,1.0
,710020960,-22.892741439496152,-43.14134721905367,263.2,8.6,0.333799988,0.0287555456,1.0
,710020960,-22.892741439496152,-43.14134721905367,263.2,8.6,0.333799988,0.0287555456,1.0
,710020960,-22.892741439496152,-43.14134721905367,263.2,8.6,0.333799988,0.0287555456,1.0
,710020960,-22.892741439496152,-43.14134721905367,263.2,8.6,0.333799988,0.0287555456,1.0
,710020960,-22.892741439496152,-43.14134721905367,263.2,8.6,0.333799988,0.0287555456,1.0
,710020960,-22.892741439496152,-43.14134721905367,263.2,8.6,0.333799988,0.0287555456,1.0
,710020960,-22.892741439496152,-43.14134721905367,263.2,8.6,0.333799988,0.0287555456,1.0
,710020960,-22.892741439496152,-43.14134721905367,263.2,8.6,0.333799988,0.0287555456,1.0
,710020960,-22.892741439496152,-43.14134721905367,263.2,8.6,0.333799988,0.0287555456,1.0
,710020960,-22.892741439496152,-43.14134721905367,263.2,8.6,0.333799988,0.0287555456,1.0
,710020960,-22.892741439496152,-43.14134721905367,263.2,8.6,0.333799988,0.0287555456,1.0
,710020960,-22.892741439496152,-43.14134721905367,263.2,8.6,0.333799988,0.0287555456,1.0
,710020960,-22.892741439496152,-43.14134721905367,263.2,8.6,0.333799988,0.0287555456,1.0
,710020960,-22.892741439496152,-43.14134721905367,263.2,8.6,0.333799988,0.0287555456,1.0
,710020960,-22.892741439496152,-43.14134721905367,263.2,8.6,0.333799988,0.0287555456,1.0
,710020960,-22.892741439496152,-43.14134721905367,263.2,8.6,0.333799988,0.0287555456,1.0
,710020960,-22.892741439496152,-43.14134721905367,263.2,8.6,0.333799988,0.0287555456,1.0
,710020960,-22.892741439496152,-43.14134721905367,263.2,8.6,0.333799988,0.0287555456,1.0
,710020960,-22.892741439496152,-43.14134721905367,263.2,8.6,0.333799988,0.0287555456,1.0
,710020960,-22.892741439496152,-43.14134721905367,263.2,8.6,0.333799988,0.0287555456,1.0
,710020960,-22.892746669477514,-43.14138996201907,263.2,8.6,0.333799988,0.0287555456,1.0
,710020960,-22.892746669477514,-43.14138996201907,263.2,8.6,0.333799988,0.0287555456,1.0
,710020960,-22.892746669477514,-43.14138996201907,263.2,8.6,0.333799988,0.0287555456,1.0
,710020960,-22.892746669477514,-43.14138996201907,263.2,8.6,0.333799988,0.0287555456,1.0
,710020960,-22.892746669477514,-43.14138996201907,263.2,8.6,0.333799988,0.0287555456,1.0
,710020960,-22.892746669477514,-43.14138996201907,263.2,8.6,0.333799988,0.0287555456,1.0
,710020960,-22.892746669477514,-43.14138996201907,263.2,8.6,0.333799988,0.0287555456,1.0
,710020960,-22.892746669477514,-43.14138996201907,263.2,8.6,0.333799988,0.0287555456,1.0
,710020960,-22.892746669477514,-43.14138996201907,263.2,8.6,0.333799988,0.0287555456,1.0
,710020960,-22.892746669477514,-43.14138996201907,263.2,8.6,0.333799988,0.0287555456,1.0
,710020960,-22.892746669477514,-43.14138996201907,263.2,8.6,0.333799988,0.0287555456,1.0
,710020960,-22.892746669477514,-43.14138996201907,263.2,8.6,0.333799988,0.0287555456,1.0
,710020960,-22.892746669477514,-43.14138996201907,263.2,8.6,0.333799988,0.0287555456,1.0
,710020960,-22.892746669477514,-43.14138996201907,263.2,8.6,0.333799988,0.0287555456,1.0
,710020960,-22.892746669477514,-43.14138996201907,263.2,8.6,0.333799988,0.0287555456,1.0
,710020960,-22.892746669477514,-43.14138996201907,263.2,8.6,0.333799988,0.0287555456,1.0
,710020960,-22.892746669477514,-43.14138996201907,263.2,8.6,0.333799988,0.0287555456,1.0
,710020960,-22.892746669477514,-43.14138996201907,263.2,8.6,0.333799988,0.0287555456,1.0
,710020960,-22.892746669477514,-43.14138996201907,263.2,8.6,0.333799988,0.0287555456,1.0
,710020960,-22.892746669477514,-43.14138996201907,263.2,8.6,0.333799988,0.0287555456,1.0
,710020960,-22.892746669477514,-43.14138996201907,263.2,8.6,0.333799988,0.0287555456,1.0
,710020960,-22.892746669477514,-43.14138996201907,263.2,8.6,0.333799988,0.0287555456,1.0
,710020960,-22.892746669477514,-43.14138996201907,263.2,8.6,0.333799988,0.0287555456,1.0
,710020960,-22.892746669477514,-43.14138996201907,263.2,8.6,0.333799988,0.0287555456,1.0
,710020960,-22.892746669477514,-43.14138996201907,263.2,8.6,0.333799988,0.0287555456,1.0
,710020960,-22.892746669477514,-43.14138996201907,263.2,8.6,0.333799988,0.0287555456,1.0
,710020960,-22.892746669477514,-43.14138996201907,263.2,8.6,0.332761109,0.0287555456,1.0
,710020960,-22.892746669477514,-43.14138996201907,263.2,8.6,0.332761109,0.0287555456,1.0
,710020960,-22.89275189944758,-43.141432704988624,263.2,8.6,0.332744449,0.0287333727,1.0
,710020960,-22.89275189944758,-43.141432704988624,263.2,8.6,0.332744449,0.0287333727,1.0
,710020960,-22.89275189944758,-43.141432704988624,263.2,8.6,0.332744449,0.0287333727,1.0
,710020960,-22.89275189944758,-43.141432704988624,263.2,8.6,0.332744449,0.0287333727,1.0
,710020960,-22.89275189944758,-43.141432704988624,263.2,8.6,0.332744449,0.0287333727,1.0
,710020960,-22.89275189944758,-43.141432704988624,263.2,8.6,0.332744449,0.0287333727,1.0
,710020960,-22.89275189944758,-43.141432704988624,263.2,8.6,0.332744449,0.0287333727,1.0
,710020960,-22.89275189944758,-43.141432704988624,263.2,8.6,0.332744449,0.0287333727,1.0
,710020960,-22.89275189944758,-43.141432704988624,263.2,8.6,0.332744449,0.0287333727,1.0
,710020960,-22.89275189944758,-43.141432704988624,263.2,8.6,0.332744449,0.0287333727,1.0
,710020960,-22.89275189944758,-43.141432704988624,263.2,8.6,0.332744449,0.0287333727,1.0
,710020960,-22.89275189944758,-43.141432704988624,263.2,8.6,0.332744449,0.0287333727,1.0
,710020960,-22.89275189944758,-43.141432704988624,263.2,8.6,0.332744449,0.0287333727,1.0
,710020960,-22.89275189944758,-43.141432704988624,263.2,8.6,0.332744449,0.0287333727,1.0
,710020960,-22.89275189944758,-43.141432704988624,263.2,8.6,0.332744449,0.0287333727,1.0
,710020960,-22.89275189944758,-43.141432704988624,263.2,8.6,0.332744449,0.0287333727,1.0
,710020960,-22.89275189944758,-43.141432704988624,263.2,8.6,0.332744449,0.0287333727,1.0
,710020960,-22.89275189944758,-43.141432704988624,263.2,8.6,0.332744449,0.0287333727,1.0
,710020960,-22.89275189944758,-43.141432704988624,263.2,8.6,0.332744449,0.0287333727,1.0
,710020960,-22.89275189944758,-43.141432704988624,263.2,8.6,0.332744449,0.0287333727,1.0
,710020960,-22.89275189944758,-43.141432704988624,263.2,8.6,0.332744449,0.0287333727,1.0
,710020960,-22.89275189944758,-43.141432704988624,263.2,8.6,0.332744449,0.0287333727,1.0
,710020960,-22.89275189944758,-43.141432704988624,263.2,8.6,0.332744449,0.0287333727,1.0
,710020960,-22.89275189944758,-43.141432704988624,263.2,8.6,0.332744449,0.0287333727,1.0
,710020960,-22.89275189944758,-43.141432704988624,263.2,8.6,0.332744449,0.0287333727,1.0
,710020960,-22.89275189944758,-43.141432704988624,263.2,8.6,0.332744449,0.0287333727,1.0
,710020960,-22.89275189944758,-43.141432704988624,263.2,8.6,0.332744449,0.0287333727,1.0
,710020960,-22.89275189944758,-43.141432704988624,263.2,8.6,0.332744449,0.0287333727,1.0
,710020960,-22.89275712940636,-43.141475447962314,263.2,8.6,0.332744449,0.0287333727,1.0
,710020960,-22.89275712940636,-43.141475447962314,263.2,8.6,0.332744449,0.0287333727,1.0
,710020960,-22.89275712940636,-43.141475447962314,263.2,8.6,0.332744449,0.0287333727,1.0
,710020960,-22.89275712940636,-43.141475447962314,263.2,8.6,0.332744449,0.0287333727,1.0
,710020960,-22.89275712940636,-43.141475447962314,263.2,8.6,0.332744449,0.0287333727,1.0
,710020960,-22.89275712940636,-43.141475447962314,263.2,8.6,0.332744449,0.0287333727,1.0
,710020960,-22.89275712940636,-43.141475447962314,263.2,8.6,0.332744449,0.0287333727,1.0
,710020960,-22.89275712940636,-43.141475447962314,263.2,8.6,0.332744449,0.0287333727,1.0
,710020960,-22.89275712940636,-43.141475447962314,263.2,8.6,0.332744449,0.0287333727,1.0
,710020960,-22.89275712940636,-43.141475447962314,263.2,8.6,0.332744449,0.0287333727,1.0
,710020960,-22.89275712940636,-43.141475447962314,263.2,8.6,0.332744449,0.0287333727,1.0
,710020960,-22.89275712940636,-43.141475447962314,263.2,8.6,0.332744449,0.0287333727,1.0
,710020960,-22.89275712940636,-43.141475447962314,263.2,8.6,0.332744449,0.0287333727,1.0
,710020960,-22.89275712940636,-43.141475447962314,263.2,8.6,0.332744449,0.0287333727,1.0
,710020960,-22.89275712940636,-43.141475447962314,263.2,8.6,0.332744449,0.0287333727,1.0
,710020960,-22.892762359353835,-43.14151819094016,263.2,8.6,0.332744449,0.0287333727,1.0
,710020960,-22.892762359353835,-43.14151819094016,263.2,8.6,0.332744449,0.0287333727,1.0
,710020960,-22.892762359353835,-43.14151819094016,263.2,8.6,0.332744449,0.0287333727,1.0
,710020960,-22.892762359353835,-43.14151819094016,263.2,8.6,0.332744449,0.0287333727,1.0
,710020960,-22.892762359353835,-43.14151819094016,263.2,8.6,0.332744449,0.0287333727,1.0
,710020960,-22.892762359353835,-43.14151819094016,263.2,8.6,0.332744449,0.0287333727,1.0
,710020960,-22.892762359353835,-43.14151819094016,263.2,8.6,0.332744449,0.0287333727,1.0
,710020960,-22.892762359353835,-43.14151819094016,263.2,8.6,0.332744449,0.0287333727,1.0
,710020960,-22.892762359353835,-43.14151819094016,263.2,8.6,0.332744449,0.0287333727,1.0
,710020960,-22.892762359353835,-43.14151819094016,263.2,8.6,0.332744449,0.0287333727,1.0
,710020960,-22.892762359353835,-43.14151819094016,263.2,8.6,0.332744449,0.0287333727,1.0
,710020960,-22.892762359353835,-43.14151819094016,263.2,8.6,0.332744449,0.0287333727,1.0
,710020960,-22.892762359353835,-43.14151819094016,263.2,8.6,0.332744449,0.0287333727,1.0
,710020960,-22.892762359353835,-43.14151819094016,263.2,8.6,0.331672221,0.0287110806,1.0
,710020960,-22.892762359353835,-43.14151819094016,263.2,8.6,0.331672221,0.0287110806,1.0
,710020960,-22.892767589290035,-43.14156093392215,263.2,8.6,0.331672221,0.0287110806,1.0
,710020960,-22.892767589290035,-43.14156093392215,263.2,8.6,0.331672221,0.0287110806,1.0
,710020960,-22.892767589290035,-43.14156093392215,263.2,8.6,0.331672221,0.0287110806,1.0
,710020960,-22.892767589290035,-43.14156093392215,263.2,8.6,0.331672221,0.0287110806,1.0
,710020960,-22.892767589290035,-43.14156093392215,263.2,8.6,0.331672221,0.0287110806,1.0
,710020960,-22.892767589290035,-43.14156093392215,263.2,8.6,0.331672221,0.0287110806,1.0
,710020960,-22.892767589290035,-43.14156093392215,263.2,8.6,0.331672221,0.0287110806,1.0
,710020960,-22.892767589290035,-43.14156093392215,263.2,8.6,0.331672221,0.0287110806,1.0
,710020960,-22.892767589290035,-43.14156093392215,263.2,8.6,0.331672221,0.0287110806,1.0
,710020960,-22.892767589290035,-43.14156093392215,263.2,8.6,0.331672221,0.0287110806,1.0
,710020960,-22.892767589290035,-43.14156093392215,263.2,8.6,0.331672221,0.0287110806,1.0
,710020960,-22.892767589290035,-43.14156093392215,263.2,8.6,0.331672221,0.0287110806,1.0
,710020960,-22.892767589290035,-43.14156093392215,263.2,8.6,0.331672221,0.0287110806,1.0
,710020960,-22.892767589290035,-43.14156093392215,263.2,8.6,0.331672221,0.0287110806,1.0
,710020960,-22.892767589290035,-43.14156093392215,263.2,8.6,0.331672221,0.0287110806,1.0
,710020960,-22.892772819214947,-43.14160367690828,263.2,8.6,0.331672221,0.0287110806,1.0
,710020960,-22.892772819214947,-43.14160367690828,263.2,8.6,0.331672221,0.0287110806,1.0
,710020960,-22.892772819214947,-43.14160367690828,263.2,8.6,0.331672221,0.0287110806,1.0
,710020960,-22.892772819214947,-43.14160367690828,263.2,8.6,0.331672221,0.0287110806,1.0
,710020960,-22.892772819214947,-43.14160367690828,263.2,8.6,0.331672221,0.0287110806,1.0
,710020960,-22.892772819214947,-43.14160367690828,263.2,8.6,0.331672221,0.0287110806,1.0
,710020960,-22.892772819214947,-43.14160367690828,263.2,8.6,0.331672221,0.0287110806,1.0
,710020960,-22.892772819214947,-43.14160367690828,263.2,8.6,0.331672221,0.0287110806,1.0
,710020960,-22.892772819214947,-43.14160367690828,263.2,8.6,0.331672221,0.0287110806,1.0
,710020960,-22.892772819214947,-43.14160367690828,263.2,8.6,0.331672221,0.0287110806,1.0
,710020960,-22.892772819214947,-43.14160367690828,263.2,8.6,0.331672221,0.0287110806,1.0
,710020960,-22.892772819214947,-43.14160367690828,263.2,8.6,0.331672221,0.0287110806,1.0
,710020960,-22.892772819214947,-43.14160367690828,263.2,8.6,0.331672221,0.0287110806,1.0
,710020960,-22.892772819214947,-43.14160367690828,263.2,8.6,0.331672221,0.0287110806,1.0
,710020960,-22.892772819214947,-43.14160367690828,263.2,8.6,0.331672221,0.0287110806,1.0
,710020960,-22.892778049128548,-43.14164641989857,263.2,8.6,0.331672221,0.0287110806,1.0
,710020960,-22.892743711869926,-43.1416110100921,266.4,8.7,0.331672221,0.0287110806,1.0
,710020960,-22.892743711869926,-43.1416110100921,266.4,8.7,0.331672221,0.0287110806,1.0
,710020960,-22.892743711869926,-43.1416110100921,266.4,8.7,0.331672221,0.0287110806,1.0
,710020960,-22.892743711869926,-43.1416110100921,266.4,8.7,0.331672221,0.0287110806,1.0
,710020960,-22.892743711869926,-43.1416110100921,266.4,8.7,0.331672221,0.0287110806,1.0
,710020960,-22.892743711869926,-43.1416110100921,266.4,8.7,0.331672221,0.0287110806,1.0
,710020960,-22.892743711869926,-43.1416110100921,266.4,8.7,0.331672221,0.0287110806,1.0
,710020960,-22.892743711869926,-43.1416110100921,266.4,8.7,0.331672221,0.0287110806,1.0
,710020960,-22.892743711869926,-43.1416110100921,266.4,8.7,0.331672221,0.0287110806,1.0
,710020960,-22.892743711869926,-43.1416110100921,266.4,8.7,0.331672221,0.0287110806,1.0
,710020960,-22.892743711869926,-43.1416110100921,266.4,8.7,0.331672221,0.0287110806,1.0
,710020960,-22.892743711869926,-43.1416110100921,266.4,8.7,0.331672221,0.0287110806,1.0
,710020960,-22.892743711869926,-43.1416110100921,266.4,8.7,0.330605537,0.0287110806,1.0
,710020960,-22.892743711869926,-43.1416110100921,266.4,8.7,0.330544442,0.0287110806,1.0
,710020960,-22.892743711869926,-43.1416110100921,266.4,8.7,0.330544442,0.0286999941,1.0
,710020960,-22.892746758022213,-43.14165450142765,266.4,8.7,0.330544442,0.0286999941,1.0
,710020960,-22.892746758022213,-43.14165450142765,266.4,8.7,0.330544442,0.0286999941,1.0
,710020960,-22.892746758022213,-43.14165450142765,266.4,8.7,0.330544442,0.0286999941,1.0
,710020960,-22.892746758022213,-43.14165450142765,266.4,8.7,0.330544442,0.0286999941,1.0
,710020960,-22.892746758022213,-43.14165450142765,266.4,8.7,0.330544442,0.0286999941,1.0
,710020960,-22.892746758022213,-43.14165450142765,266.4,8.7,0.330544442,0.0286999941,1.0
,710020960,-22.892746758022213,-43.14165450142765,266.4,8.7,0.330544442,0.0286999941,1.0
,710020960,-22.892746758022213,-43.14165450142765,266.4,8.7,0.330544442,0.0286999941,1.0
,710020960,-22.892746758022213,-43.14165450142765,266.4,8.7,0.330544442,0.0286999941,1.0
,710020960,-22.892746758022213,-43.14165450142765,266.4,8.7,0.330544442,0.0286999941,1.0
,710020960,-22.892746758022213,-43.14165450142765,266.4,8.7,0.330544442,0.0286999941,1.0
,710020960,-22.892746758022213,-43.14165450142765,266.4,8.7,0.330544442,0.0286999941,1.0
,710020960,-22.892749804162726,-43.14169799276605,266.4,8.7,0.330544442,0.0286999941,1.0
,710020960,-22.892749804162726,-43.14169799276605,266.4,8.7,0.330544442,0.0286999941,1.0
,710020960,-22.892749804162726,-43.14169799276605,266.4,8.7,0.330544442,0.0286999941,1.0
,710020960,-22.892749804162726,-43.14169799276605,266.4,8.7,0.330544442,0.0286999941,1.0
,710020960,-22.892749804162726,-43.14169799276605,266.4,8.7,0.330544442,0.0286999941,1.0
,710020960,-22.892749804162726,-43.14169799276605,266.4,8.7,0.330544442,0.0286999941,1.0
,710020960,-22.892749804162726,-43.14169799276605,266.4,8.7,0.330544442,0.0286999941,1.0
,710020960,-22.892749804162726,-43.14169799276605,266.4,8.7,0.330544442,0.0286999941,1.0
,710020960,-22.892749804162726,-43.14169799276605,266.4,8.7,0.330544442,0.0286999941,1.0
,710020960,-22.892749804162726,-43.14169799276605,266.4,8.7,0.330544442,0.0286999941,1.0
,710020960,-22.892749804162726,-43.14169799276605,266.4,8.7,0.330544442,0.0286999941,1.0
,710020960,-22.892749804162726,-43.14169799276605,266.4,8.7,0.330544442,0.0286999941,1.0
,710020960,-22.892749804162726,-43.14169799276605,266.4,8.7,0.330544442,0.0286999941,1.0
,710020960,-22.892749804162726,-43.14169799276605,266.4,8.7,0.330544442,0.0286999941,1.0
,710020960,-22.892749804162726,-43.14169799276605,266.4,8.7,0.330544442,0.0286999941,1.0
,710020960,-22.892749804162726,-43.14169799276605,266.4,8.7,0.330544442,0.0286999941,1.0
,710020960,-22.89275285029145,-43.1417414841073,266.4,8.7,0.330544442,0.0286999941,1.0
,710020960,-22.89275285029145,-43.1417414841073,266.4,8.7,0.330544442,0.0286999941,1.0
,710020960,-22.89275285029145,-43.1417414841073,266.4,8.7,0.330544442,0.0286999941,1.0
,710020960,-22.89275285029145,-43.1417414841073,266.4,8.7,0.330544442,0.0286999941,1.0
,710020960,-22.89275285029145,-43.1417414841073,266.4,8.7,0.330544442,0.0286999941,1.0
,710020960,-22.89275285029145,-43.1417414841073,266.4,8.7,0.330544442,0.0286999941,1.0
,710020960,-22.89275285029145,-43.1417414841073,266.4,8.7,0.330544442,0.0286999941,1.0
,710020960,-22.89275285029145,-43.1417414841073,266.4,8.7,0.330544442,0.0286999941,1.0
,710020960,-22.89275285029145,-43.1417414841073,266.4,8.7,0.330544442,0.0286999941,1.0
,710020960,-22.89275285029145,-43.1417414841073,266.4,8.7,0.330544442,0.0286999941,1.0
,710020960,-22.89275285029145,-43.1417414841073,266.4,8.7,0.330544442,0.0286999941,1.0
,710020960,-22.89275285029145,-43.1417414841073,266.4,8.7,0.330544442,0.0286999941,1.0
,710020960,-22.89275285029145,-43.1417414841073,266.4,8.7,0.32939446,0.0286778212,1.0
,710020960,-22.89275285029145,-43.1417414841073,266.4,8.7,0.32939446,0.0286778212,1.0
,710020960,-22.8927558964084,-43.14178497545141,266.4,8.7,0.32939446,0.0286778212,1.0
,710020960,-22.8927558964084,-43.14178497545141,266.4,8.7,0.32939446,0.0286778212,1.0
,710020960,-22.8927558964084,-43.14178497545141,266.4,8.7,0.32939446,0.0286778212,1.0
,710020960,-22.8927558964084,-43.14178497545141,266.4,8.7,0.32939446,0.0286778212,1.0
,710020960,-22.8927558964084,-43.14178497545141,266.4,8.7,0.32939446,0.0286778212,1.0
,710020960,-22.8927558964084,-43.14178497545141,266.4,8.7,0.32939446,0.0286778212,1.0
,710020960,-22.8927558964084,-43.14178497545141,266.4,8.7,0.32939446,0.0286778212,1.0
,710020960,-22.8927558964084,-43.14178497545141,266.4,8.7,0.32939446,0.0286778212,1.0
,710020960,-22.8927558964084,-43.14178497545141,266.4,8.7,0.32939446,0.0286778212,1.0
,710020960,-22.8927558964084,-43.14178497545141,266.4,8.7,0.32939446,0.0286778212,1.0
,710020960,-22.8927558964084,-43.14178497545141,266.4,8.7,0.32939446,0.0286778212,1.0
,710020960,-22.8927558964084,-43.14178497545141,266.4,8.7,0.32939446,0.0286778212,1.0
,710020960,-22.8927558964084,-43.14178497545141,266.4,8.7,0.32939446,0.0286778212,1.0
,710020960,-22.8927558964084,-43.14178497545141,266.4,8.7,0.32939446,0.0286778212,1.0
,710020960,-22.89275894251356,-43.141828466798366,266.4,8.7,0.32939446,0.0286778212,1.0
,710020960,-22.89275894251356,-43.141828466798366,266.4,8.7,0.32939446,0.0286778212,1.0
,710020960,-22.89275894251356,-43.141828466798366,266.4,8.7,0.32939446,0.0286778212,1.0
,710020960,-22.89275894251356,-43.141828466798366,266.4,8.7,0.32939446,0.0286778212,1.0
,710020960,-22.89275894251356,-43.141828466798366,266.4,8.7,0.32939446,0.0286778212,1.0
,710020960,-22.892761988606942,-43.14187195814817,266.4,8.7,0.32939446,0.0286778212,1.0
,710020960,-22.892761988606942,-43.14187195814817,266.4,8.7,0.32939446,0.0286778212,1.0
,710020960,-22.892761988606942,-43.14187195814817,266.4,8.7,0.32939446,0.0286778212,1.0
,710020960,-22.892761988606942,-43.14187195814817,266.4,8.7,0.32939446,0.0286778212,1.0
,710020960,-22.892761988606942,-43.14187195814817,266.4,8.7,0.32939446,0.0286778212,1.0
,710020960,-22.892761988606942,-43.14187195814817,266.4,8.7,0.32939446,0.0286778212,1.0
,710020960,-22.892761988606942,-43.14187195814817,266.4,8.7,0.32939446,0.0286778212,1.0
,710020960,-22.892761988606942,-43.14187195814817,266.4,8.7,0.32939446,0.0286778212,1.0
,710020960,-22.892761988606942,-43.14187195814817,266.4,8.7,0.32939446,0.0286778212,1.0
,710020960,-22.892761988606942,-43.14187195814817,266.4,8.7,0.32939446,0.0286778212,1.0
,710020960,-22.892761988606942,-43.14187195814817,266.4,8.7,0.32939446,0.0286778212,1.0
,710020960,-22.892761988606942,-43.14187195814817,266.4,8.7,0.32939446,0.0286778212,1.0
,710020960,-22.892761988606942,-43.14187195814817,266.4,8.7,0.32939446,0.0286778212,1.0
,710020960,-22.892761988606942,-43.14187195814817,266.4,8.7,0.328233331,0.028655529,1.0
,710020960,-22.892761988606942,-43.14187195814817,266.4,8.7,0.328233331,0.028655529,1.0
,710020960,-22.892765034688534,-43.141915449500836,266.4,8.7,0.328233331,0.028655529,1.0
,710020960,-22.892765034688534,-43.141915449500836,266.4,8.7,0.328233331,0.028655529,1.0
,710020960,-22.892765034688534,-43.141915449500836,266.4,8.7,0.328233331,0.028655529,1.0
,710020960,-22.892765034688534,-43.141915449500836,266.4,8.7,0.328233331,0.028655529,1.0
,710020960,-22.892765034688534,-43.141915449500836,266.4,8.7,0.328233331,0.028655529,1.0
,710020960,-22.892765034688534,-43.141915449500836,266.4,8.7,0.328233331,0.028655529,1.0
,710020960,-22.892765034688534,-43.141915449500836,266.4,8.7,0.328233331,0.028655529,1.0
,710020960,-22.892765034688534,-43.141915449500836,266.4,8.7,0.328233331,0.028655529,1.0
,710020960,-22.892765034688534,-43.141915449500836,266.4,8.7,0.328233331,0.028655529,1.0
,710020960,-22.892765034688534,-43.141915449500836,266.4,8.7,0.328233331,0.028655529,1.0
,710020960,-22.892765034688534,-43.141915449500836,266.4,8.7,0.328233331,0.028655529,1.0
,710020960,-22.892765034688534,-43.141915449500836,266.4,8.7,0.328233331,0.028655529,1.0
,710020960,-22.892765034688534,-43.141915449500836,266.4,8.7,0.328233331,0.028655529,1.0
,710020960,-22.892765034688534,-43.141915449500836,266.4,8.7,0.328233331,0.028655529,1.0
,710020960,-22.892765034688534,-43.141915449500836,266.4,8.7,0.328233331,0.028655529,1.0
,710020960,-22.892768080758355,-43.14195894085635,266.4,8.7,0.328233331,0.028655529,1.0
,710020960,-22.892768080758355,-43.14195894085635,266.4,8.7,0.328233331,0.028655529,1.0
,710020960,-22.892768080758355,-43.14195894085635,266.4,8.7,0.328233331,0.028655529,1.0
,710020960,-22.892768080758355,-43.14195894085635,266.4,8.7,0.328233331,0.028655529,1.0
,710020960,-22.892768080758355,-43.14195894085635,266.4,8.7,0.328233331,0.028655529,1.0
,710020960,-22.892768080758355,-43.14195894085635,266.4,8.7,0.328233331,0.028655529,1.0
,710020960,-22.892768080758355,-43.14195894085635,266.4,8.7,0.328233331,0.028655529,1.0
,710020960,-22.892768080758355,-43.14195894085635,266.4,8.7,0.328233331,0.028655529,1.0
,710020960,-22.892768080758355,-43.14195894085635,266.4,8.7,0.328233331,0.028655529,1.0
,710020960,-22.892768080758355,-43.14195894085635,266.4,8.7,0.328233331,0.028655529,1.0
,710020960,-22.892740526087998,-43.142100341352815,269.9,8.8,0.328233331,0.028655529,1.0
,710020960,-22.892740526087998,-43.142100341352815,269.9,8.8,0.328233331,0.028655529,1.0
,710020960,-22.892740526087998,-43.142100341352815,269.9,8.8,0.328233331,0.028655529,1.0
,710020960,-22.892740526087998,-43.142100341352815,269.9,8.8,0.328233331,0.028655529,1.0
,710020960,-22.892740526087998,-43.142100341352815,269.9,8.8,0.328233331,0.028655529,1.0
,710020960,-22.892740526087998,-43.142100341352815,269.9,8.8,0.328233331,0.028655529,1.0
,710020960,-22.892740526087998,-43.142100341352815,269.9,8.8,0.328233331,0.028655529,1.0
,710020960,-22.892740526087998,-43.142100341352815,269.9,8.8,0.328233331,0.028655529,1.0
,710020960,-22.892740526087998,-43.142100341352815,269.9,8.8,0.328233331,0.028655529,1.0
,710020960,-22.892740526087998,-43.142100341352815,269.9,8.8,0.328233331,0.028655529,1.0
,710020960,-22.892740526087998,-43.142100341352815,269.9,8.8,0.328233331,0.028655529,1.0
,710020960,-22.892740526087998,-43.142100341352815,269.9,8.8,0.328233331,0.028655529,1.0
,710020960,-22.892740526087998,-43.142100341352815,269.9,8.8,0.328233331,0.028655529,1.0
,710020960,-22.892740526087998,-43.142100341352815,269.9,8.8,0.328233331,0.028655529,1.0
,710020960,-22.892740526087998,-43.142100341352815,269.9,8.8,0.328233331,0.028655529,1.0
,710020960,-22.892741113151356,-43.14214445356937,269.9,8.8,0.328233331,0.028655529,1.0
,710020960,-22.892741113151356,-43.14214445356937,269.9,8.8,0.328233331,0.028655529,1.0
,710020960,-22.892741113151356,-43.14214445356937,269.9,8.8,0.328233331,0.028655529,1.0
,710020960,-22.892741113151356,-43.14214445356937,269.9,8.8,0.325783312,0.0286333561,1.0
,710020960,-22.892741113151356,-43.14214445356937,269.9,8.8,0.325783312,0.0286333561,1.0
,710020960,-22.892741113151356,-43.14214445356937,269.9,8.8,0.325783312,0.0286333561,1.0
,710020960,-22.892741113151356,-43.14214445356937,269.9,8.8,0.325783312,0.0286333561,1.0
,710020960,-22.892741113151356,-43.14214445356937,269.9,8.8,0.325783312,0.0286333561,1.0
,710020960,-22.892741113151356,-43.14214445356937,269.9,8.8,0.325783312,0.0286333561,1.0
,710020960,-22.892741113151356,-43.14214445356937,269.9,8.8,0.325783312,0.0286333561,1.0
,710020960,-22.892741113151356,-43.14214445356937,269.9,8.8,0.325783312,0.0286333561,1.0
,710020960,-22.892741113151356,-43.14214445356937,269.9,8.8,0.325783312,0.0286333561,1.0
,710020960,-22.892741113151356,-43.14214445356937,269.9,8.8,0.325783312,0.0286333561,1.0
,710020960,-22.892741113151356,-43.14214445356937,269.9,8.8,0.325783312,0.0286333561,1.0
,710020960,-22.89274170020249,-43.14218856578725,269.9,8.8,0.325783312,0.0286333561,1.0
,710020960,-22.89274170020249,-43.14218856578725,269.9,8.8,0.325783312,0.0286333561,1.0
,710020960,-22.89274170020249,-43.14218856578725,269.9,8.8,0.325783312,0.0286333561,1.0
,710020960,-22.89274170020249,-43.14218856578725,269.9,8.8,0.325783312,0.0286333561,1.0
,710020960,-22.89274170020249,-43.14218856578725,269.9,8.8,0.325783312,0.0286333561,1.0
,710020960,-22.89274170020249,-43.14218856578725,269.9,8.8,0.325783312,0.0286333561,1.0
,710020960,-22.89274170020249,-43.14218856578725,269.9,8.8,0.325783312,0.0286333561,1.0
,710020960,-22.89274170020249,-43.14218856578725,269.9,8.8,0.325783312,0.0286333561,1.0
,710020960,-22.89274170020249,-43.14218856578725,269.9,8.8,0.325783312,0.0286333561,1.0
,710020960,-22.89274170020249,-43.14218856578725,269.9,8.8,0.325783312,0.0286333561,1.0
,710020960,-22.89274170020249,-43.14218856578725,269.9,8.8,0.325783312,0.0286333561,1.0
,710020960,-22.89274170020249,-43.14218856578725,269.9,8.8,0.325783312,0.0286333561,1.0
,710020960,-22.89274170020249,-43.14218856578725,269.9,8.8,0.325783312,0.0286333561,1.0
,710020960,-22.89274170020249,-43.14218856578725,269.9,8.8,0.325783312,0.0286333561,1.0
,710020960,-22.89274170020249,-43.14218856578725,269.9,8.8,0.325783312,0.0286333561,1.0
,710020960,-22.89274170020249,-43.14218856578725,269.9,8.8,0.325783312,0.0286333561,1.0
,710020960,-22.89274228724139,-43.142232678006444,269.9,8.8,0.325783312,0.0286333561,1.0
,710020960,-22.89274228724139,-43.142232678006444,269.9,8.8,0.325783312,0.0286333561,1.0
,710020960,-22.89274228724139,-43.142232678006444,269.9,8.8,0.325783312,0.0286333561,1.0
,710020960,-22.89274228724139,-43.142232678006444,269.9,8.8,0.325783312,0.0286333561,1.0
,710020960,-22.89274228724139,-43.142232678006444,269.9,8.8,0.325783312,0.0286333561,1.0
,710020960,-22.89274228724139,-43.142232678006444,269.9,8.8,0.325783312,0.0286333561,1.0
,710020960,-22.89274228724139,-43.142232678006444,269.9,8.8,0.325783312,0.0286333561,1.0
,710020960,-22.89274228724139,-43.142232678006444,269.9,8.8,0.325783312,0.0286333561,1.0
,710020960,-22.89274228724139,-43.142232678006444,269.9,8.8,0.325783312,0.0286333561,1.0
,710020960,-22.89274228724139,-43.142232678006444,269.9,8.8,0.325783312,0.0286333561,1.0
,710020960,-22.89274228724139,-43.142232678006444,269.9,8.8,0.325783312,0.0286333561,1.0
,710020960,-22.89274228724139,-43.142232678006444,269.9,8.8,0.325783312,0.0286333561,1.0
,710020960,-22.89274228724139,-43.142232678006444,269.9,8.8,0.325783312,0.0286333561,1.0
,710020960,-22.89274228724139,-43.142232678006444,269.9,8.8,0.325783312,0.0286333561,1.0
,710020960,-22.89274228724139,-43.142232678006444,269.9,8.8,0.325783312,0.0286333561,1.0
,710020960,-22.89274228724139,-43.142232678006444,269.9,8.8,0.325783312,0.0286333561,1.0
,710020960,-22.89274228724139,-43.142232678006444,269.9,8.8,0.325783312,0.0286333561,1.0
,710020960,-22.89274228724139,-43.142232678006444,269.9,8.8,0.325783312,0.0286333561,1.0
,710020960,-22.89274228724139,-43.142232678006444,269.9,8.8,0.325783312,0.0286333561,1.0
,710020960,-22.89274228724139,-43.142232678006444,269.9,8.8,0.325783312,0.0286333561,1.0
,710020960,-22.89274228724139,-43.142232678006444,269.9,8.8,0.325783312,0.0286333561,1.0
,710020960,-22.89274228724139,-43.142232678006444,269.9,8.8,0.325783312,0.0286333561,1.0
,710020960,-22.89274228724139,-43.142232678006444,269.9,8.8,0.325783312,0.0286333561,1.0
,710020960,-22.89274228724139,-43.142232678006444,269.9,8.8,0.325783312,0.0286333561,1.0
,710020960,-22.892743461282514,-43.1423209024488,269.9,8.8,0.325783312,0.0286333561,1.0
,710020960,-22.892743461282514,-43.1423209024488,269.9,8.8,0.325783312,0.0286333561,1.0
,710020960,-22.892743461282514,-43.1423209024488,269.9,8.8,0.32452777,0.028611064,1.0
,710020960,-22.892743461282514,-43.1423209024488,269.9,8.8,0.32452777,0.028611064,1.0
,710020960,-22.892743461282514,-43.1423209024488,269.9,8.8,0.32452777,0.028611064,1.0
,710020960,-22.892743461282514,-43.1423209024488,269.9,8.8,0.32452777,0.028611064,1.0
,710020960,-22.892743461282514,-43.1423209024488,269.9,8.8,0.32452777,0.028611064,1.0
,710020960,-22.892743461282514,-43.1423209024488,269.9,8.8,0.32452777,0.028611064,1.0
,710020960,-22.892743461282514,-43.1423209024488,269.9,8.8,0.32452777,0.028611064,1.0
,710020960,-22.892743461282514,-43.1423209024488,269.9,8.8,0.32452777,0.028611064,1.0
,710020960,-22.892743461282514,-43.1423209024488,269.9,8.8,0.32452777,0.028611064,1.0
,710020960,-22.892743461282514,-43.1423209024488,269.9,8.8,0.32452777,0.028611064,1.0
,710020960,-22.892743461282514,-43.1423209024488,269.9,8.8,0.32452777,0.028611064,1.0
,710020960,-22.892743461282514,-43.1423209024488,269.9,8.8,0.32452777,0.028611064,1.0
,710020960,-22.892743461282514,-43.1423209024488,269.9,8.8,0.32452777,0.028611064,1.0
,710020960,-22.892743461282514,-43.1423209024488,269.9,8.8,0.32452777,0.028611064,1.0
,710020960,-22.892743461282514,-43.1423209024488,269.9,8.8,0.32452777,0.028611064,1.0
,710020960,-22.892743461282514,-43.1423209024488,269.9,8.8,0.32452777,0.028611064,1.0
,710020960,-22.892743461282514,-43.1423209024488,269.9,8.8,0.32452777,0.028611064,1.0
,710020960,-22.892743461282514,-43.1423209024488,269.9,8.8,0.32452777,0.028611064,1.0
,710020960,-22.892743461282514,-43.1423209024488,269.9,8.8,0.32452777,0.028611064,1.0
,710020960,-22.892743461282514,-43.1423209024488,269.9,8.8,0.32452777,0.028611064,1.0
,710020960,-22.892743461282514,-43.1423209024488,269.9,8.8,0.32452777,0.028611064,1.0
,710020960,-22.892743461282514,-43.1423209024488,269.9,8.8,0.32452777,0.028611064,1.0
,710020960,-22.892743461282514,-43.1423209024488,269.9,8.8,0.32452777,0.028611064,1.0
,710020960,-22.892743461282514,-43.1423209024488,269.9,8.8,0.32452777,0.028611064,1.0
,710020960,-22.892743461282514,-43.1423209024488,269.9,8.8,0.32452777,0.028611064,1.0
,710020960,-22.892743461282514,-43.1423209024488,269.9,8.8,0.32452777,0.028611064,1.0
,710020960,-22.892744048284747,-43.14236501467195,269.9,8.8,0.32452777,0.028611064,1.0
,710020960,-22.892744048284747,-43.14236501467195,269.9,8.8,0.32452777,0.028611064,1.0
,710020960,-22.892744048284747,-43.14236501467195,269.9,8.8,0.32452777,0.028611064,1.0
,710020960,-22.892744048284747,-43.14236501467195,269.9,8.8,0.32452777,0.028611064,1.0
,710020960,-22.892744048284747,-43.14236501467195,269.9,8.8,0.32452777,0.028611064,1.0
,710020960,-22.892744048284747,-43.14236501467195,269.9,8.8,0.32452777,0.028611064,1.0
,710020960,-22.892744048284747,-43.14236501467195,269.9,8.8,0.32452777,0.028611064,1.0
,710020960,-22.892744048284747,-43.14236501467195,269.9,8.8,0.32452777,0.028611064,1.0
,710020960,-22.892744048284747,-43.14236501467195,269.9,8.8,0.32452777,0.028611064,1.0
,710020960,-22.892744048284747,-43.14236501467195,269.9,8.8,0.32452777,0.028611064,1.0
,710020960,-22.892744048284747,-43.14236501467195,269.9,8.8,0.32452777,0.028611064,1.0
,710020960,-22.892744048284747,-43.14236501467195,269.9,8.8,0.32452777,0.028611064,1.0
,710020960,-22.892744048284747,-43.14236501467195,269.9,8.8,0.32452777,0.028611064,1.0
,710020960,-22.892744048284747,-43.14236501467195,269.9,8.8,0.32452777,0.028611064,1.0
,710020960,-22.892744048284747,-43.14236501467195,269.9,8.8,0.32452777,0.028611064,1.0
,710020960,-22.892744048284747,-43.14236501467195,269.9,8.8,0.32452777,0.028611064,1.0
,710020960,-22.892744048284747,-43.14236501467195,269.9,8.8,0.32452777,0.028611064,1.0
,710020960,-22.892744048284747,-43.14236501467195,269.9,8.8,0.32452777,0.028611064,1.0
,710020960,-22.892744048284747,-43.14236501467195,269.9,8.8,0.32452777,0.028611064,1.0
,710020960,-22.892744048284747,-43.14236501467195,269.9,8.8,0.32452777,0.028611064,1.0
,710020960,-22.892744048284747,-43.14236501467195,269.9,8.8,0.32452777,0.028611064,1.0
,710020960,-22.892744048284747,-43.14236501467195,269.9,8.8,0.32452777,0.028611064,1.0
,710020960,-22.892744048284747,-43.14236501467195,269.9,8.8,0.32452777,0.028611064,1.0
,710020960,-22.892744048284747,-43.14236501467195,269.9,8.8,0.32452777,0.028611064,1.0
,710020960,-22.892744048284747,-43.14236501467195,269.9,8.8,0.32452777,0.028611064,1.0
,710020960,-22.892744048284747,-43.14236501467195,269.9,8.8,0.32452777,0.028611064,1.0
,710020960,-22.892744048284747,-43.14236501467195,269.9,8.8,0.32452777,0.028611064,1.0
,710020960,-22.892744048284747,-43.14236501467195,269.9,8.8,0.32452777,0.028611064,1.0
,710020960,-22.892744048284747,-43.14236501467195,269.9,8.8,0.32452777,0.028611064,1.0
,710020960,-22.892744048284747,-43.14236501467195,269.9,8.8,0.32452777,0.028611064,1.0
,710020960,-22.89274463527474,-43.142409126896425,269.9,8.8,0.32452777,0.028611064,1.0
,710020960,-22.89274463527474,-43.142409126896425,269.9,8.8,0.32452777,0.028611064,1.0
,710020960,-22.89274463527474,-43.142409126896425,269.9,8.8,0.32452777,0.028611064,1.0
,710020960,-22.89274463527474,-43.142409126896425,269.9,8.8,0.32452777,0.028611064,1.0
,710020960,-22.89274463527474,-43.142409126896425,269.9,8.8,0.32452777,0.028611064,1.0
,710020960,-22.89274463527474,-43.142409126896425,269.9,8.8,0.32452777,0.028611064,1.0
,710020960,-22.89274463527474,-43.142409126896425,269.9,8.8,0.32452777,0.028611064,1.0
,710020960,-22.89274463527474,-43.142409126896425,269.9,8.8,0.32452777,0.028611064,1.0
,710020960,-22.89274463527474,-43.142409126896425,269.9,8.8,0.323266655,0.028588891,1.0
,710020960,-22.89274463527474,-43.142409126896425,269.9,8.8,0.323266655,0.028588891,1.0
,710020960,-22.89274463527474,-43.142409126896425,269.9,8.8,0.323266655,0.028588891,1.0
,710020960,-22.89274463527474,-43.142409126896425,269.9,8.8,0.323266655,0.028588891,1.0
,710020960,-22.89274463527474,-43.142409126896425,269.9,8.8,0.323266655,0.028588891,1.0
,710020960,-22.89274463527474,-43.142409126896425,269.9,8.8,0.323266655,0.028588891,1.0
,710020960,-22.89274463527474,-43.142409126896425,269.9,8.8,0.323266655,0.028588891,1.0
,710020960,-22.89274463527474,-43.142409126896425,269.9,8.8,0.323266655,0.028588891,1.0
,710020960,-22.89274463527474,-43.142409126896425,269.9,8.8,0.323266655,0.028588891,1.0
,710020960,-22.89274463527474,-43.142409126896425,269.9,8.8,0.323266655,0.028588891,1.0
,710020960,-22.89274463527474,-43.142409126896425,269.9,8.8,0.323266655,0.028588891,1.0
,710020960,-22.89274463527474,-43.142409126896425,269.9,8.8,0.323266655,0.028588891,1.0
,710020960,-22.89274463527474,-43.142409126896425,269.9,8.8,0.323266655,0.028588891,1.0
,710020960,-22.89274463527474,-43.142409126896425,269.9,8.8,0.323266655,0.028588891,1.0
,710020960,-22.89274463527474,-43.142409126896425,269.9,8.8,0.323266655,0.028588891,1.0
,710020960,-22.89274463527474,-43.142409126896425,269.9,8.8,0.323266655,0.028588891,1.0
,710020960,-22.89274522225252,-43.142453239122226,269.9,8.8,0.323266655,0.028588891,1.0
,710020960,-22.89274522225252,-43.142453239122226,269.9,8.8,0.323266655,0.028588891,1.0
,710020960,-22.89274522225252,-43.142453239122226,269.9,8.8,0.323266655,0.028588891,1.0
,710020960,-22.89274522225252,-43.142453239122226,269.9,8.8,0.323266655,0.028588891,1.0
,710020960,-22.89274522225252,-43.142453239122226,269.9,8.8,0.323266655,0.028588891,1.0
,710020960,-22.89274522225252,-43.142453239122226,269.9,8.8,0.323266655,0.028588891,1.0
,710020960,-22.89274522225252,-43.142453239122226,269.9,8.8,0.323266655,0.028588891,1.0
,710020960,-22.89274522225252,-43.142453239122226,269.9,8.8,0.323266655,0.028588891,1.0
,710020960,-22.89274522225252,-43.142453239122226,269.9,8.8,0.323266655,0.028588891,1.0
,710020960,-22.89274522225252,-43.142453239122226,269.9,8.8,0.323266655,0.028588891,1.0
,710020960,-22.892745809218052,-43.14249735134934,269.9,8.8,0.323266655,0.028588891,1.0
,710020960,-22.892745809218052,-43.14249735134934,269.9,8.8,0.323266655,0.028588891,1.0
,710020960,-22.892745809218052,-43.14249735134934,269.9,8.8,0.323266655,0.028588891,1.0
,710020960,-22.892745809218052,-43.14249735134934,269.9,8.8,0.323266655,0.028588891,1.0
,710020960,-22.892745809218052,-43.14249735134934,269.9,8.8,0.323266655,0.028588891,1.0
,710020960,-22.892745809218052,-43.14249735134934,269.9,8.8,0.323266655,0.028588891,1.0
,710020960,-22.892745809218052,-43.14249735134934,269.9,8.8,0.323266655,0.028588891,1.0
,710020960,-22.892745809218052,-43.14249735134934,269.9,8.8,0.323266655,0.028588891,1.0
,710020960,-22.892745809218052,-43.14249735134934,269.9,8.8,0.323266655,0.028588891,1.0
,710020960,-22.892745809218052,-43.14249735134934,269.9,8.8,0.323266655,0.028588891,1.0
,710020960,-22.892745809218052,-43.14249735134934,269.9,8.8,0.323266655,0.028588891,1.0
,710020960,-22.892745809218052,-43.14249735134934,269.9,8.8,0.323266655,0.028588891,1.0
,710020960,-22.892745809218052,-43.14249735134934,269.9,8.8,0.323266655,0.028588891,1.0
,710020960,-22.892745809218052,-43.14249735134934,269.9,8.8,0.323266655,0.028588891,1.0
,710020960,-22.892745809218052,-43.14249735134934,269.9,8.8,0.323266655,0.028588891,1.0
,710020960,-22.892745809218052,-43.14249735134934,269.9,8.8,0.323266655,0.028588891,1.0
,710020960,-22.892745809218052,-43.14249735134934,269.9,8.8,0.323266655,0.028588891,1.0
,710020960,-22.892745809218052,-43.14249735134934,269.9,8.8,0.323266655,0.028588891,1.0
,710020960,-22.892745809218052,-43.14249735134934,269.9,8.8,0.323266655,0.028588891,1.0
,710020960,-22.892745809218052,-43.14249735134934,269.9,8.8,0.323266655,0.028588891,1.0
,710020960,-22.892745809218052,-43.14249735134934,269.9,8.8,0.323266655,0.028588891,1.0
,710020960,-22.892745809218052,-43.14249735134934,269.9,8.8,0.323266655,0.028588891,1.0
,710020960,-22.892745809218052,-43.14249735134934,269.9,8.8,0.323266655,0.028588891,1.0
,710020960,-22.892745809218052,-43.14249735134934,269.9,8.8,0.323266655,0.028588891,1.0
,710020960,-22.892745809218052,-43.14249735134934,269.9,8.8,0.323266655,0.028588891,1.0
,710020960,-22.892745809218052,-43.14249735134934,269.9,8.8,0.323266655,0.028588891,1.0
,710020960,-22.892745809218052,-43.14249735134934,269.9,8.8,0.323266655,0.028588891,1.0
,710020960,-22.892745809218052,-43.14249735134934,269.9,8.8,0.323266655,0.028588891,1.0
,710020960,-22.892746396171372,-43.14254146357777,269.9,8.8,0.323266655,0.028588891,1.0
,710020960,-22.892746396171372,-43.14254146357777,269.9,8.8,0.323266655,0.028588891,1.0
,710020960,-22.892746396171372,-43.14254146357777,269.9,8.8,0.323266655,0.028588891,1.0
,710020960,-22.892746396171372,-43.14254146357777,269.9,8.8,0.323266655,0.028588891,1.0
,710020960,-22.892746396171372,-43.14254146357777,269.9,8.8,0.323266655,0.028588891,1.0
,710020960,-22.892746396171372,-43.14254146357777,269.9,8.8,0.323266655,0.028588891,1.0
,710020960,-22.892746396171372,-43.14254146357777,269.9,8.8,0.323266655,0.028588891,1.0
,710020960,-22.892746396171372,-43.14254146357777,269.9,8.8,0.323266655,0.028588891,1.0
,710020960,-22.892746396171372,-43.14254146357777,269.9,8.8,0.321999997,0.0285665989,1.0
,710020960,-22.892746396171372,-43.14254146357777,269.9,8.8,0.321999997,0.0285665989,1.0
,710020960,-22.892746396171372,-43.14254146357777,269.9,8.8,0.321999997,0.0285665989,1.0
,710020960,-22.892746396171372,-43.14254146357777,269.9,8.8,0.321999997,0.0285665989,1.0
,710020960,-22.892746396171372,-43.14254146357777,269.9,8.8,0.321999997,0.0285665989,1.0
,710020960,-22.892746396171372,-43.14254146357777,269.9,8.8,0.321999997,0.0285665989,1.0
,710020960,-22.892746396171372,-43.14254146357777,269.9,8.8,0.321999997,0.0285665989,1.0
,710020960,-22.892746396171372,-43.14254146357777,269.9,8.8,0.321999997,0.0285665989,1.0
,710020960,-22.892746396171372,-43.14254146357777,269.9,8.8,0.321999997,0.0285665989,1.0
,710020960,-22.892746396171372,-43.14254146357777,269.9,8.8,0.321999997,0.0285665989,1.0
,710020960,-22.892746396171372,-43.14254146357777,269.9,8.8,0.321999997,0.0285665989,1.0
,710020960,-22.892746396171372,-43.14254146357777,269.9,8.8,0.321999997,0.0285665989,1.0
,710020960,-22.892746396171372,-43.14254146357777,269.9,8.8,0.321999997,0.0285665989,1.0
,710020960,-22.892746396171372,-43.14254146357777,269.9,8.8,0.321999997,0.0285665989,1.0
,710020960,-22.892746396171372,-43.14254146357777,269.9,8.8,0.321999997,0.0285665989,1.0
,710020960,-22.892746396171372,-43.14254146357777,269.9,8.8,0.321999997,0.0285665989,1.0
,710020960,-22.892746396171372,-43.14254146357777,269.9,8.8,0.321999997,0.0285665989,1.0
,710020960,-22.892746396171372,-43.14254146357777,269.9,8.8,0.321999997,0.0285665989,1.0
,710020960,-22.892746396171372,-43.14254146357777,269.9,8.8,0.321999997,0.0285665989,1.0
,710020960,-22.892746396171372,-43.14254146357777,269.9,8.8,0.321999997,0.0285665989,1.0
,710020960,-22.892746396171372,-43.14254146357777,269.9,8.8,0.321999997,0.0285665989,1.0
,710020960,-22.892746396171372,-43.14254146357777,269.9,8.8,0.321999997,0.0285665989,1.0
,710020960,-22.89274698311246,-43.14258557580752,269.9,8.8,0.321999997,0.0285665989,1.0
,710020960,-22.89274698311246,-43.14258557580752,269.9,8.8,0.321999997,0.0285665989,1.0
,710020960,-22.89274698311246,-43.14258557580752,269.9,8.8,0.321999997,0.0285665989,1.0
,710020960,-22.89274698311246,-43.14258557580752,269.9,8.8,0.321999997,0.0285665989,1.0
,710020960,-22.89274698311246,-43.14258557580752,269.9,8.8,0.321999997,0.0285665989,1.0
,710020960,-22.89274698311246,-43.14258557580752,269.9,8.8,0.321999997,0.0285665989,1.0
,710020960,-22.89274698311246,-43.14258557580752,269.9,8.8,0.321999997,0.0285665989,1.0
,710020960,-22.89274698311246,-43.14258557580752,269.9,8.8,0.321999997,0.0285665989,1.0
,710020960,-22.89274698311246,-43.14258557580752,269.9,8.8,0.321999997,0.0285665989,1.0
,710020960,-22.89274698311246,-43.14258557580752,269.9,8.8,0.321999997,0.0285665989,1.0
,710020960,-22.89274698311246,-43.14258557580752,269.9,8.8,0.321999997,0.0285665989,1.0
,710020960,-22.89274698311246,-43.14258557580752,269.9,8.8,0.321999997,0.0285665989,1.0
,710020960,-22.89274698311246,-43.14258557580752,269.9,8.8,0.321999997,0.0285665989,1.0
,710020960,-22.89274698311246,-43.14258557580752,269.9,8.8,0.321999997,0.0285665989,1.0
,710020960,-22.89274698311246,-43.14258557580752,269.9,8.8,0.321999997,0.0285665989,1.0
,710020960,-22.89274698311246,-43.14258557580752,269.9,8.8,0.321999997,0.0285665989,1.0
,710020960,-22.89274698311246,-43.14258557580752,269.9,8.8,0.321999997,0.0285665989,1.0
,710020960,-22.89274698311246,-43.14258557580752,269.9,8.8,0.321999997,0.0285665989,1.0
,710020960,-22.89274698311246,-43.14258557580752,269.9,8.8,0.321999997,0.0285665989,1.0
,710020960,-22.89274698311246,-43.14258557580752,269.9,8.8,0.321999997,0.0285665989,1.0
,710020960,-22.89274698311246,-43.14258557580752,269.9,8.8,0.321999997,0.0285665989,1.0
,710020960,-22.89274698311246,-43.14258557580752,269.9,8.8,0.321999997,0.0285665989,1.0
,710020960,-22.89274698311246,-43.14258557580752,269.9,8.8,0.321999997,0.0285665989,1.0
,710020960,-22.89274698311246,-43.14258557580752,269.9,8.8,0.321999997,0.0285665989,1.0
,710020960,-22.89274698311246,-43.14258557580752,269.9,8.8,0.321999997,0.0285665989,1.0
,710020960,-22.89274698311246,-43.14258557580752,269.9,8.8,0.321999997,0.0285665989,1.0
,710020960,-22.89274698311246,-43.14258557580752,269.9,8.8,0.321999997,0.0285665989,1.0
,710020960,-22.89274698311246,-43.14258557580752,269.9,8.8,0.321999997,0.0285665989,1.0
,710020960,-22.89274698311246,-43.14258557580752,269.9,8.8,0.321999997,0.0285665989,1.0
,710020960,-22.89274698311246,-43.14258557580752,269.9,8.8,0.321999997,0.0285665989,1.0
,710020960,-22.89274698311246,-43.14258557580752,269.9,8.8,0.321999997,0.0285665989,1.0
,710020960,-22.89274698311246,-43.14258557580752,269.9,8.8,0.321999997,0.0285665989,1.0
,710020960,-22.89274757004133,-43.142629688038596,269.9,8.8,0.321999997,0.0285665989,1.0
,710020960,-22.89274757004133,-43.142629688038596,269.9,8.8,0.321999997,0.0285665989,1.0
,710020960,-22.89274757004133,-43.142629688038596,269.9,8.8,0.321999997,0.0285665989,1.0
,710020960,-22.89274757004133,-43.142629688038596,269.9,8.8,0.321999997,0.0285665989,1.0
,710020960,-22.89274757004133,-43.142629688038596,269.9,8.8,0.321999997,0.0285665989,1.0
,710020960,-22.89274757004133,-43.142629688038596,269.9,8.8,0.321999997,0.0285665989,1.0
,710020960,-22.892706822975917,-43.14255579639925,272.8,9.0,0.321999997,0.0285665989,1.0
,710020960,-22.892706822975917,-43.14255579639925,272.8,9.0,0.321999997,0.0285665989,1.0
,710020960,-22.892706822975917,-43.14255579639925,272.8,9.0,0.321999997,0.0285665989,1.0
,710020960,-22.892706822975917,-43.14255579639925,272.8,9.0,0.321999997,0.0285665989,1.0
,710020960,-22.892706822975917,-43.14255579639925,272.8,9.0,0.321999997,0.0285665989,1.0
,710020960,-22.892706822975917,-43.14255579639925,272.8,9.0,0.321999997,0.0285665989,1.0
,710020960,-22.892706822975917,-43.14255579639925,272.8,9.0,0.321999997,0.0285665989,1.0
,710020960,-22.892706822975917,-43.14255579639925,272.8,9.0,0.321999997,0.0285665989,1.0
,710020960,-22.892706822975917,-43.14255579639925,272.8,9.0,0.321999997,0.0285665989,1.0
,710020960,-22.892706822975917,-43.14255579639925,272.8,9.0,0.321999997,0.0285665989,1.0
,710020960,-22.892705307747672,-43.142600886169554,272.8,9.0,0.321999997,0.0285665989,1.0
,710020960,-22.892705307747672,-43.142600886169554,272.8,9.0,0.321999997,0.0285665989,1.0
,710020960,-22.892705307747672,-43.142600886169554,272.8,9.0,0.321011126,0.0285665989,1.0
,710020960,-22.892705307747672,-43.142600886169554,272.8,9.0,0.321011126,0.0285665989,1.0
,710020960,-22.892705307747672,-43.142600886169554,272.8,9.0,0.321011126,0.0285665989,1.0
,710020960,-22.892705307747672,-43.142600886169554,272.8,9.0,0.321011126,0.0285665989,1.0
,710020960,-22.892705307747672,-43.142600886169554,272.8,9.0,0.321011126,0.0285665989,1.0
,710020960,-22.892705307747672,-43.142600886169554,272.8,9.0,0.321011126,0.0285665989,1.0
,710020960,-22.892705307747672,-43.142600886169554,272.8,9.0,0.321011126,0.0285665989,1.0
,710020960,-22.892705307747672,-43.142600886169554,272.8,9.0,0.321011126,0.0285665989,1.0
,710020960,-22.892705307747672,-43.142600886169554,272.8,9.0,0.321011126,0.0285665989,1.0
,710020960,-22.892705307747672,-43.142600886169554,272.8,9.0,0.321011126,0.0285665989,1.0
,710020960,-22.892705307747672,-43.142600886169554,272.8,9.0,0.321011126,0.0285665989,1.0
,710020960,-22.892705307747672,-43.142600886169554,272.8,9.0,0.321011126,0.0285665989,1.0
,710020960,-22.892705307747672,-43.142600886169554,272.8,9.0,0.321011126,0.0285665989,1.0
,710020960,-22.892705307747672,-43.142600886169554,272.8,9.0,0.321011126,0.0285665989,1.0
,710020960,-22.892705307747672,-43.142600886169554,272.8,9.0,0.321011126,0.0285665989,1.0
,710020960,-22.892705307747672,-43.142600886169554,272.8,9.0,0.321011126,0.0285665989,1.0
,710020960,-22.892705307747672,-43.142600886169554,272.8,9.0,0.321011126,0.0285665989,1.0
,710020960,-22.892705307747672,-43.142600886169554,272.8,9.0,0.321011126,0.0285665989,1.0
,710020960,-22.892705307747672,-43.142600886169554,272.8,9.0,0.321011126,0.0285665989,1.0
,710020960,-22.892705307747672,-43.142600886169554,272.8,9.0,0.321011126,0.0285665989,1.0
,710020960,-22.892705307747672,-43.142600886169554,272.8,9.0,0.321011126,0.0285665989,1.0
,710020960,-22.892705307747672,-43.142600886169554,272.8,9.0,0.321011126,0.0285665989,1.0
,710020960,-22.892705307747672,-43.142600886169554,272.8,9.0,0.321011126,0.0285665989,1.0
,710020960,-22.892705307747672,-43.142600886169554,272.8,9.0,0.321011126,0.0285665989,1.0
,710020960,-22.892705307747672,-43.142600886169554,272.8,9.0,0.321011126,0.0285665989,1.0
,710020960,-22.892705307747672,-43.142600886169554,272.8,9.0,0.321011126,0.0285665989,1.0
,710020960,-22.892705307747672,-43.142600886169554,272.8,9.0,0.321011126,0.0285665989,1.0
,710020960,-22.892705307747672,-43.142600886169554,272.8,9.0,0.321011126,0.0285665989,1.0
,710020960,-22.892705307747672,-43.142600886169554,272.8,9.0,0.321011126,0.0285665989,1.0
,710020960,-22.892705307747672,-43.142600886169554,272.8,9.0,0.321011126,0.0285665989,1.0
,710020960,-22.89270379250657,-43.142645975939836,272.8,9.0,0.321011126,0.0285665989,1.0
,710020960,-22.89270379250657,-43.142645975939836,272.8,9.0,0.321011126,0.0285665989,1.0
,710020960,-22.89270379250657,-43.142645975939836,272.8,9.0,0.321011126,0.0285665989,1.0
,710020960,-22.89270379250657,-43.142645975939836,272.8,9.0,0.321011126,0.0285665989,1.0
,710020960,-22.89270379250657,-43.142645975939836,272.8,9.0,0.321011126,0.0285665989,1.0
,710020960,-22.89270379250657,-43.142645975939836,272.8,9.0,0.321011126,0.0285665989,1.0
,710020960,-22.89270379250657,-43.142645975939836,272.8,9.0,0.321011126,0.0285665989,1.0
,710020960,-22.89270379250657,-43.142645975939836,272.8,9.0,0.321011126,0.0285665989,1.0
,710020960,-22.89270379250657,-43.142645975939836,272.8,9.0,0.321011126,0.0285665989,1.0
,710020960,-22.89270379250657,-43.142645975939836,272.8,9.0,0.321011126,0.0285665989,1.0
,710020960,-22.89270379250657,-43.142645975939836,272.8,9.0,0.321011126,0.0285665989,1.0
,710020960,-22.89270379250657,-43.142645975939836,272.8,9.0,0.321011126,0.0285665989,1.0
,710020960,-22.89270379250657,-43.142645975939836,272.8,9.0,0.321011126,0.0285665989,1.0
,710020960,-22.89270379250657,-43.142645975939836,272.8,9.0,0.321011126,0.0285665989,1.0
,710020960,-22.89270379250657,-43.142645975939836,272.8,9.0,0.321011126,0.0285665989,1.0
,710020960,-22.89270379250657,-43.142645975939836,272.8,9.0,0.321011126,0.0285665989,1.0
,710020960,-22.89270379250657,-43.142645975939836,272.8,9.0,0.321011126,0.0285665989,1.0
,710020960,-22.89270379250657,-43.142645975939836,272.8,9.0,0.321011126,0.0285665989,1.0
,710020960,-22.89270379250657,-43.142645975939836,272.8,9.0,0.321011126,0.0285665989,1.0
,710020960,-22.89270379250657,-43.142645975939836,272.8,9.0,0.321011126,0.0285665989,1.0
,710020960,-22.89270379250657,-43.142645975939836,272.8,9.0,0.321011126,0.0285665989,1.0
,710020960,-22.89270379250657,-43.142645975939836,272.8,9.0,0.321011126,0.0285665989,1.0
,710020960,-22.89270379250657,-43.142645975939836,272.8,9.0,0.321011126,0.0285665989,1.0
,710020960,-22.89270379250657,-43.142645975939836,272.8,9.0,0.321011126,0.0285665989,1.0
,710020960,-22.89270379250657,-43.142645975939836,272.8,9.0,0.321011126,0.0285665989,1.0
,710020960,-22.89270379250657,-43.142645975939836,272.8,9.0,0.321011126,0.0285665989,1.0
,710020960,-22.89270379250657,-43.142645975939836,272.8,9.0,0.321011126,0.0285665989,1.0
,710020960,-22.892702277252596,-43.142691065710096,272.8,9.0,0.321011126,0.0285665989,1.0
,710020960,-22.892702277252596,-43.142691065710096,272.8,9.0,0.321011126,0.0285665989,1.0
,710020960,-22.892702277252596,-43.142691065710096,272.8,9.0,0.321011126,0.0285665989,1.0
,710020960,-22.892702277252596,-43.142691065710096,272.8,9.0,0.321011126,0.0285665989,1.0
,710020960,-22.892702277252596,-43.142691065710096,272.8,9.0,0.321011126,0.0285665989,1.0
,710020960,-22.892702277252596,-43.142691065710096,272.8,9.0,0.321011126,0.0285665989,1.0
,710020960,-22.892702277252596,-43.142691065710096,272.8,9.0,0.321011126,0.0285665989,1.0
,710020960,-22.892702277252596,-43.142691065710096,272.8,9.0,0.321011126,0.0285665989,1.0
,710020960,-22.892702277252596,-43.142691065710096,272.8,9.0,0.321011126,0.0285665989,1.0
,710020960,-22.892702277252596,-43.142691065710096,272.8,9.0,0.321011126,0.0285665989,1.0
,710020960,-22.892702277252596,-43.142691065710096,272.8,9.0,0.321011126,0.0285665989,1.0
,710020960,-22.892702277252596,-43.142691065710096,272.8,9.0,0.321011126,0.0285665989,1.0
,710020960,-22.892702277252596,-43.142691065710096,272.8,9.0,0.321011126,0.0285665989,1.0
,710020960,-22.892702277252596,-43.142691065710096,272.8,9.0,0.321011126,0.0285665989,1.0
,710020960,-22.892702277252596,-43.142691065710096,272.8,9.0,0.319672227,0.0285665989,1.0
,710020960,-22.89270076198576,-43.142736155480335,272.8,9.0,0.319655538,0.028544426,1.0
,710020960,-22.89270076198576,-43.142736155480335,272.8,9.0,0.319655538,0.028544426,1.0
,710020960,-22.89270076198576,-43.142736155480335,272.8,9.0,0.319655538,0.028544426,1.0
,710020960,-22.89270076198576,-43.142736155480335,272.8,9.0,0.319655538,0.028544426,1.0
,710020960,-22.89270076198576,-43.142736155480335,272.8,9.0,0.319655538,0.028544426,1.0
,710020960,-22.89270076198576,-43.142736155480335,272.8,9.0,0.319655538,0.028544426,1.0
,710020960,-22.89270076198576,-43.142736155480335,272.8,9.0,0.319655538,0.028544426,1.0
,710020960,-22.89270076198576,-43.142736155480335,272.8,9.0,0.319655538,0.028544426,1.0
,710020960,-22.89270076198576,-43.142736155480335,272.8,9.0,0.319655538,0.028544426,1.0
,710020960,-22.89270076198576,-43.142736155480335,272.8,9.0,0.319655538,0.028544426,1.0
,710020960,-22.89270076198576,-43.142736155480335,272.8,9.0,0.319655538,0.028544426,1.0
,710020960,-22.89270076198576,-43.142736155480335,272.8,9.0,0.319655538,0.028544426,1.0
,710020960,-22.892699246706048,-43.142781245250546,272.8,9.0,0.319655538,0.028544426,1.0
,710020960,-22.892699246706048,-43.142781245250546,272.8,9.0,0.319655538,0.028544426,1.0
,710020960,-22.892699246706048,-43.142781245250546,272.8,9.0,0.319655538,0.028544426,1.0
,710020960,-22.892699246706048,-43.142781245250546,272.8,9.0,0.319655538,0.028544426,1.0
,710020960,-22.892699246706048,-43.142781245250546,272.8,9.0,0.319655538,0.028544426,1.0
,710020960,-22.892699246706048,-43.142781245250546,272.8,9.0,0.319655538,0.028544426,1.0
,710020960,-22.892699246706048,-43.142781245250546,272.8,9.0,0.319655538,0.028544426,1.0
,710020960,-22.892699246706048,-43.142781245250546,272.8,9.0,0.319655538,0.028544426,1.0
,710020960,-22.892699246706048,-43.142781245250546,272.8,9.0,0.319655538,0.028544426,1.0
,710020960,-22.892699246706048,-43.142781245250546,272.8,9.0,0.319655538,0.028544426,1.0
,710020960,-22.892699246706048,-43.142781245250546,272.8,9.0,0.319655538,0.028544426,1.0
,710020960,-22.892699246706048,-43.142781245250546,272.8,9.0,0.319655538,0.028544426,1.0
,710020960,-22.892699246706048,-43.142781245250546,272.8,9.0,0.319655538,0.028544426,1.0
,710020960,-22.892699246706048,-43.142781245250546,272.8,9.0,0.319655538,0.028544426,1.0
,710020960,-22.892699246706048,-43.142781245250546,272.8,9.0,0.319655538,0.028544426,1.0
,710020960,-22.892697731413477,-43.14282633502074,272.8,9.0,0.319655538,0.028544426,1.0
,710020960,-22.892697731413477,-43.14282633502074,272.8,9.0,0.319655538,0.028544426,1.0
,710020960,-22.892697731413477,-43.14282633502074,272.8,9.0,0.319655538,0.028544426,1.0
,710020960,-22.892697731413477,-43.14282633502074,272.8,9.0,0.319655538,0.028544426,1.0
,710020960,-22.892697731413477,-43.14282633502074,272.8,9.0,0.319655538,0.028544426,1.0
,710020960,-22.892697731413477,-43.14282633502074,272.8,9.0,0.319655538,0.028544426,1.0
,710020960,-22.892697731413477,-43.14282633502074,272.8,9.0,0.319655538,0.028544426,1.0
,710020960,-22.892697731413477,-43.14282633502074,272.8,9.0,0.319655538,0.028544426,1.0
,710020960,-22.892697731413477,-43.14282633502074,272.8,9.0,0.319655538,0.028544426,1.0
,710020960,-22.892697731413477,-43.14282633502074,272.8,9.0,0.319655538,0.028544426,1.0
,710020960,-22.892697731413477,-43.14282633502074,272.8,9.0,0.319655538,0.028544426,1.0
,710020960,-22.892697731413477,-43.14282633502074,272.8,9.0,0.319655538,0.028544426,1.0
,710020960,-22.892697731413477,-43.14282633502074,272.8,9.0,0.319655538,0.028544426,1.0
,710020960,-22.892697731413477,-43.14282633502074,272.8,9.0,0.319655538,0.028544426,1.0
,710020960,-22.892697731413477,-43.14282633502074,272.8,9.0,0.319655538,0.028544426,1.0
,710020960,-22.892696216108035,-43.14287142479091,272.8,9.0,0.318294436,0.0285333395,1.0
,710020960,-22.892696216108035,-43.14287142479091,272.8,9.0,0.318294436,0.0285333395,1.0
,710020960,-22.892696216108035,-43.14287142479091,272.8,9.0,0.318294436,0.0285333395,1.0
,710020960,-22.89268635276029,-43.142960771133886,272.9,9.0,0.318294436,0.0285333395,1.0
,710020960,-22.89268635276029,-43.142960771133886,272.9,9.0,0.318294436,0.0285333395,1.0
,710020960,-22.89268635276029,-43.142960771133886,272.9,9.0,0.318294436,0.0285333395,1.0
,710020960,-22.89268635276029,-43.142960771133886,272.9,9.0,0.318294436,0.0285333395,1.0
,710020960,-22.89268635276029,-43.142960771133886,272.9,9.0,0.318294436,0.0285333395,1.0
,710020960,-22.89268635276029,-43.142960771133886,272.9,9.0,0.318294436,0.0285333395,1.0
,710020960,-22.89268635276029,-43.142960771133886,272.9,9.0,0.318294436,0.0285333395,1.0
,710020960,-22.89268635276029,-43.142960771133886,272.9,9.0,0.318294436,0.0285333395,1.0
,710020960,-22.89268635276029,-43.142960771133886,272.9,9.0,0.318294436,0.0285333395,1.0
,710020960,-22.89268635276029,-43.142960771133886,272.9,9.0,0.318294436,0.0285333395,1.0
,710020960,-22.89268635276029,-43.142960771133886,272.9,9.0,0.318294436,0.0285333395,1.0
,710020960,-22.89268635276029,-43.142960771133886,272.9,9.0,0.318294436,0.0285333395,1.0
,710020960,-22.89268635276029,-43.142960771133886,272.9,9.0,0.318294436,0.0285333395,1.0
,710020960,-22.89268635276029,-43.142960771133886,272.9,9.0,0.318294436,0.0285333395,1.0
,710020960,-22.89268635276029,-43.142960771133886,272.9,9.0,0.318294436,0.0285333395,1.0
,710020960,-22.89268635276029,-43.142960771133886,272.9,9.0,0.318294436,0.0285333395,1.0
,710020960,-22.892684764506047,-43.14300585797846,272.9,9.0,0.318294436,0.0285333395,1.0
,710020960,-22.892684764506047,-43.14300585797846,272.9,9.0,0.318294436,0.0285333395,1.0
,710020960,-22.892684764506047,-43.14300585797846,272.9,9.0,0.318294436,0.0285333395,1.0
,710020960,-22.892684764506047,-43.14300585797846,272.9,9.0,0.318294436,0.0285333395,1.0
,710020960,-22.892684764506047,-43.14300585797846,272.9,9.0,0.318294436,0.0285333395,1.0
,710020960,-22.892684764506047,-43.14300585797846,272.9,9.0,0.318294436,0.0285333395,1.0
,710020960,-22.892684764506047,-43.14300585797846,272.9,9.0,0.318294436,0.0285333395,1.0
,710020960,-22.892684764506047,-43.14300585797846,272.9,9.0,0.318294436,0.0285333395,1.0
,710020960,-22.892684764506047,-43.14300585797846,272.9,9.0,0.318294436,0.0285333395,1.0
,710020960,-22.892684764506047,-43.14300585797846,272.9,9.0,0.318294436,0.0285333395,1.0
,710020960,-22.892684764506047,-43.14300585797846,272.9,9.0,0.318294436,0.0285333395,1.0
,710020960,-22.892683176238947,-43.14305094482296,272.9,9.0,0.318294436,0.0285333395,1.0
,710020960,-22.892683176238947,-43.14305094482296,272.9,9.0,0.318294436,0.0285333395,1.0
,710020960,-22.892683176238947,-43.14305094482296,272.9,9.0,0.318294436,0.0285333395,1.0
,710020960,-22.892683176238947,-43.14305094482296,272.9,9.0,0.318294436,0.0285333395,1.0
,710020960,-22.892683176238947,-43.14305094482296,272.9,9.0,0.318294436,0.0285333395,1.0
,710020960,-22.892683176238947,-43.14305094482296,272.9,9.0,0.318294436,0.0285333395,1.0
,710020960,-22.892683176238947,-43.14305094482296,272.9,9.0,0.318294436,0.0285333395,1.0
,710020960,-22.892683176238947,-43.14305094482296,272.9,9.0,0.318294436,0.0285333395,1.0
,710020960,-22.892683176238947,-43.14305094482296,272.9,9.0,0.318294436,0.0285333395,1.0
,710020960,-22.892683176238947,-43.14305094482296,272.9,9.0,0.318294436,0.0285333395,1.0
,710020960,-22.892683176238947,-43.14305094482296,272.9,9.0,0.318294436,0.0285333395,1.0
,710020960,-22.892683176238947,-43.14305094482296,272.9,9.0,0.315961123,0.0285000801,1.0
,710020960,-22.892683176238947,-43.14305094482296,272.9,9.0,0.315961123,0.0285000801,1.0
,710020960,-22.892683176238947,-43.14305094482296,272.9,9.0,0.315961123,0.0285000801,1.0
,710020960,-22.892683176238947,-43.14305094482296,272.9,9.0,0.315961123,0.0285000801,1.0
,710020960,-22.892681587958965,-43.14309603166739,272.9,9.0,0.315961123,0.0285000801,1.0
,710020960,-22.892681587958965,-43.14309603166739,272.9,9.0,0.315961123,0.0285000801,1.0
,710020960,-22.892681587958965,-43.14309603166739,272.9,9.0,0.315961123,0.0285000801,1.0
,710020960,-22.892681587958965,-43.14309603166739,272.9,9.0,0.315961123,0.0285000801,1.0
,710020960,-22.892681587958965,-43.14309603166739,272.9,9.0,0.315961123,0.0285000801,1.0
,710020960,-22.892681587958965,-43.14309603166739,272.9,9.0,0.315961123,0.0285000801,1.0
,710020960,-22.892681587958965,-43.14309603166739,272.9,9.0,0.315961123,0.0285000801,1.0
,710020960,-22.892681587958965,-43.14309603166739,272.9,9.0,0.315961123,0.0285000801,1.0
,710020960,-22.892681587958965,-43.14309603166739,272.9,9.0,0.315961123,0.0285000801,1.0
,710020960,-22.892681587958965,-43.14309603166739,272.9,9.0,0.315961123,0.0285000801,1.0
,710020960,-22.892681587958965,-43.14309603166739,272.9,9.0,0.315961123,0.0285000801,1.0
,710020960,-22.892681587958965,-43.14309603166739,272.9,9.0,0.315961123,0.0285000801,1.0
,710020960,-22.892681587958965,-43.14309603166739,272.9,9.0,0.315961123,0.0285000801,1.0
,710020960,-22.892681587958965,-43.14309603166739,272.9,9.0,0.315961123,0.0285000801,1.0
,710020960,-22.892681587958965,-43.14309603166739,272.9,9.0,0.315961123,0.0285000801,1.0
,710020960,-22.892679999666125,-43.14314111851176,272.9,9.0,0.315961123,0.0285000801,1.0
,710020960,-22.892679999666125,-43.14314111851176,272.9,9.0,0.315961123,0.0285000801,1.0
,710020960,-22.892679999666125,-43.14314111851176,272.9,9.0,0.315961123,0.0285000801,1.0
,710020960,-22.892679999666125,-43.14314111851176,272.9,9.0,0.315961123,0.0285000801,1.0
,710020960,-22.892679999666125,-43.14314111851176,272.9,9.0,0.315961123,0.0285000801,1.0
,710020960,-22.892679999666125,-43.14314111851176,272.9,9.0,0.315961123,0.0285000801,1.0
,710020960,-22.892679999666125,-43.14314111851176,272.9,9.0,0.315961123,0.0285000801,1.0
,710020960,-22.892679999666125,-43.14314111851176,272.9,9.0,0.315961123,0.0285000801,1.0
,710020960,-22.892679999666125,-43.14314111851176,272.9,9.0,0.315961123,0.0285000801,1.0
,710020960,-22.892679999666125,-43.14314111851176,272.9,9.0,0.315961123,0.0285000801,1.0
,710020960,-22.892679999666125,-43.14314111851176,272.9,9.0,0.315961123,0.0285000801,1.0
,710020960,-22.892679999666125,-43.14314111851176,272.9,9.0,0.315961123,0.0285000801,1.0
,710020960,-22.892679999666125,-43.14314111851176,272.9,9.0,0.315961123,0.0285000801,1.0
,710020960,-22.892679999666125,-43.14314111851176,272.9,9.0,0.315961123,0.0285000801,1.0
,710020960,-22.892679999666125,-43.14314111851176,272.9,9.0,0.315961123,0.0285000801,1.0
,710020960,-22.892679999666125,-43.14314111851176,272.9,9.0,0.315961123,0.0285000801,1.0
,710020960,-22.892679999666125,-43.14314111851176,272.9,9.0,0.315961123,0.0285000801,1.0
,710020960,-22.892679999666125,-43.14314111851176,272.9,9.0,0.315961123,0.0285000801,1.0
,710020960,-22.892679999666125,-43.14314111851176,272.9,9.0,0.315961123,0.0285000801,1.0
,710020960,-22.892679999666125,-43.14314111851176,272.9,9.0,0.315961123,0.0285000801,1.0
,710020960,-22.892679999666125,-43.14314111851176,272.9,9.0,0.315961123,0.0285000801,1.0
,710020960,-22.892679999666125,-43.14314111851176,272.9,9.0,0.315961123,0.0285000801,1.0
,710020960,-22.892678411360407,-43.143186205356045,272.9,9.0,0.315961123,0.0285000801,1.0
,710020960,-22.892678411360407,-43.143186205356045,272.9,9.0,0.315961123,0.0285000801,1.0
,710020960,-22.892678411360407,-43.143186205356045,272.9,9.0,0.315961123,0.0285000801,1.0
,710020960,-22.892678411360407,-43.143186205356045,272.9,9.0,0.315961123,0.0285000801,1.0
,710020960,-22.892678411360407,-43.143186205356045,272.9,9.0,0.315961123,0.0285000801,1.0
,710020960,-22.892678411360407,-43.143186205356045,272.9,9.0,0.315961123,0.0285000801,1.0
,710020960,-22.892678411360407,-43.143186205356045,272.9,9.0,0.315961123,0.0285000801,1.0
,710020960,-22.892678411360407,-43.143186205356045,272.9,9.0,0.315961123,0.0285000801,1.0
,710020960,-22.892678411360407,-43.143186205356045,272.9,9.0,0.315961123,0.0285000801,1.0
,710020960,-22.892678411360407,-43.143186205356045,272.9,9.0,0.315961123,0.0285000801,1.0
,710020960,-22.892678411360407,-43.143186205356045,272.9,9.0,0.315961123,0.0285000801,1.0
,710020960,-22.892678411360407,-43.143186205356045,272.9,9.0,0.315961123,0.0285000801,1.0
,710020960,-22.892678411360407,-43.143186205356045,272.9,9.0,0.315961123,0.0285000801,1.0
,710020960,-22.892678411360407,-43.143186205356045,272.9,9.0,0.315961123,0.0285000801,1.0
,710020960,-22.892678411360407,-43.143186205356045,272.9,9.0,0.315961123,0.0285000801,1.0
,710020960,-22.892678411360407,-43.143186205356045,272.9,9.0,0.315961123,0.0285000801,1.0
,710020960,-22.892678411360407,-43.143186205356045,272.9,9.0,0.315961123,0.0285000801,1.0
,710020960,-22.892678411360407,-43.143186205356045,272.9,9.0,0.315961123,0.0285000801,1.0
,710020960,-22.892678411360407,-43.143186205356045,272.9,9.0,0.315961123,0.0285000801,1.0
,710020960,-22.892678411360407,-43.143186205356045,272.9,9.0,0.315961123,0.0285000801,1.0
,710020960,-22.892678411360407,-43.143186205356045,272.9,9.0,0.315961123,0.0285000801,1.0
,710020960,-22.892678411360407,-43.143186205356045,272.9,9.0,0.315961123,0.0285000801,1.0
,710020960,-22.892678411360407,-43.143186205356045,272.9,9.0,0.314577788,0.028477788,1.0
,710020960,-22.892678411360407,-43.143186205356045,272.9,9.0,0.314577788,0.028477788,1.0
,710020960,-22.892678411360407,-43.143186205356045,272.9,9.0,0.314577788,0.028477788,1.0
,710020960,-22.892678411360407,-43.143186205356045,272.9,9.0,0.314577788,0.028477788,1.0
,710020960,-22.892678411360407,-43.143186205356045,272.9,9.0,0.314577788,0.028477788,1.0
,710020960,-22.892678411360407,-43.143186205356045,272.9,9.0,0.314577788,0.028477788,1.0
,710020960,-22.892678411360407,-43.143186205356045,272.9,9.0,0.314577788,0.028477788,1.0
,710020960,-22.892678411360407,-43.143186205356045,272.9,9.0,0.314577788,0.028477788,1.0
,710020960,-22.89267682304183,-43.14323129220027,272.9,9.0,0.314577788,0.028477788,1.0
,710020960,-22.89267682304183,-43.14323129220027,272.9,9.0,0.314577788,0.028477788,1.0
,710020960,-22.89267682304183,-43.14323129220027,272.9,9.0,0.314577788,0.028477788,1.0
,710020960,-22.89267682304183,-43.14323129220027,272.9,9.0,0.314577788,0.028477788,1.0
,710020960,-22.89267682304183,-43.14323129220027,272.9,9.0,0.314577788,0.028477788,1.0
,710020960,-22.89267682304183,-43.14323129220027,272.9,9.0,0.314577788,0.028477788,1.0
,710020960,-22.89267682304183,-43.14323129220027,272.9,9.0,0.314577788,0.028477788,1.0
,710020960,-22.89267682304183,-43.14323129220027,272.9,9.0,0.314577788,0.028477788,1.0
,710020960,-22.89267682304183,-43.14323129220027,272.9,9.0,0.314577788,0.028477788,1.0
,710020960,-22.89267682304183,-43.14323129220027,272.9,9.0,0.314577788,0.028477788,1.0
,710020960,-22.89267682304183,-43.14323129220027,272.9,9.0,0.314577788,0.028477788,1.0
,710020960,-22.89267682304183,-43.14323129220027,272.9,9.0,0.314577788,0.028477788,1.0
,710020960,-22.89267682304183,-43.14323129220027,272.9,9.0,0.314577788,0.028477788,1.0
,710020960,-22.89267682304183,-43.14323129220027,272.9,9.0,0.314577788,0.028477788,1.0
,710020960,-22.89267682304183,-43.14323129220027,272.9,9.0,0.314577788,0.028477788,1.0
,710020960,-22.89267682304183,-43.14323129220027,272.9,9.0,0.314577788,0.028477788,1.0
,710020960,-22.89267682304183,-43.14323129220027,272.9,9.0,0.314577788,0.028477788,1.0
,710020960,-22.89267682304183,-43.14323129220027,272.9,9.0,0.314577788,0.028477788,1.0
,710020960,-22.89267682304183,-43.14323129220027,272.9,9.0,0.314577788,0.028477788,1.0
,710020960,-22.89267682304183,-43.14323129220027,272.9,9.0,0.314577788,0.028477788,1.0
,710020960,-22.89267682304183,-43.14323129220027,272.9,9.0,0.314577788,0.028477788,1.0
,710020960,-22.89267682304183,-43.14323129220027,272.9,9.0,0.314577788,0.028477788,1.0
,710020960,-22.89267682304183,-43.14323129220027,272.9,9.0,0.314577788,0.028477788,1.0
,710020960,-22.89267682304183,-43.14323129220027,272.9,9.0,0.314577788,0.028477788,1.0
,710020960,-22.89267682304183,-43.14323129220027,272.9,9.0,0.314577788,0.028477788,1.0
,710020960,-22.89267682304183,-43.14323129220027,272.9,9.0,0.314577788,0.028477788,1.0
,710020960,-22.892675234710378,-43.14327637904442,272.9,9.0,0.314577788,0.028477788,1.0
,710020960,-22.892675234710378,-43.14327637904442,272.9,9.0,0.314577788,0.028477788,1.0
,710020960,-22.892675234710378,-43.14327637904442,272.9,9.0,0.314577788,0.028477788,1.0
,710020960,-22.892675234710378,-43.14327637904442,272.9,9.0,0.314577788,0.028477788,1.0
,710020960,-22.892673646366063,-43.143321465888505,272.9,9.0,0.314577788,0.028477788,1.0
,710020960,-22.892673646366063,-43.143321465888505,272.9,9.0,0.314577788,0.028477788,1.0
,710020960,-22.892673646366063,-43.143321465888505,272.9,9.0,0.314577788,0.028477788,1.0
,710020960,-22.892673646366063,-43.143321465888505,272.9,9.0,0.314577788,0.028477788,1.0
,710020960,-22.892673646366063,-43.143321465888505,272.9,9.0,0.314577788,0.028477788,1.0
,710020960,-22.892673646366063,-43.143321465888505,272.9,9.0,0.314577788,0.028477788,1.0
,710020960,-22.892673646366063,-43.143321465888505,272.9,9.0,0.314577788,0.028477788,1.0
,710020960,-22.892673646366063,-43.143321465888505,272.9,9.0,0.314577788,0.028477788,1.0
,710020960,-22.892673646366063,-43.143321465888505,272.9,9.0,0.314577788,0.028477788,1.0
,710020960,-22.892673646366063,-43.143321465888505,272.9,9.0,0.314577788,0.028477788,1.0
,710020960,-22.892673646366063,-43.143321465888505,272.9,9.0,0.314577788,0.028477788,1.0
,710020960,-22.892673646366063,-43.143321465888505,272.9,9.0,0.314577788,0.028477788,1.0
,710020960,-22.892673646366063,-43.143321465888505,272.9,9.0,0.314577788,0.028477788,1.0
,710020960,-22.892673646366063,-43.143321465888505,272.9,9.0,0.314577788,0.028477788,1.0
,710020960,-22.892673646366063,-43.143321465888505,272.9,9.0,0.314577788,0.028477788,1.0
,710020960,-22.892673646366063,-43.143321465888505,272.9,9.0,0.314577788,0.028477788,1.0
,710020960,-22.892673646366063,-43.143321465888505,272.9,9.0,0.314577788,0.028477788,1.0
,710020960,-22.892673646366063,-43.143321465888505,272.9,9.0,0.314577788,0.028477788,1.0
,710020960,-22.892673646366063,-43.143321465888505,272.9,9.0,0.314577788,0.028477788,1.0
,710020960,-22.892673646366063,-43.143321465888505,272.9,9.0,0.314577788,0.028477788,1.0
,710020960,-22.892673646366063,-43.143321465888505,272.9,9.0,0.314577788,0.028477788,1.0
,710020960,-22.892673646366063,-43.143321465888505,272.9,9.0,0.314577788,0.028477788,1.0
,710020960,-22.892673646366063,-43.143321465888505,272.9,9.0,0.314577788,0.028477788,1.0
,710020960,-22.892673646366063,-43.143321465888505,272.9,9.0,0.314577788,0.028477788,1.0
,710020960,-22.892673646366063,-43.143321465888505,272.9,9.0,0.313188881,0.0284665823,1.0
,710020960,-22.892673646366063,-43.143321465888505,272.9,9.0,0.313188881,0.0284665823,1.0
,710020960,-22.892673646366063,-43.143321465888505,272.9,9.0,0.313188881,0.0284665823,1.0
,710020960,-22.892673646366063,-43.143321465888505,272.9,9.0,0.313188881,0.0284665823,1.0
,710020960,-22.892673646366063,-43.143321465888505,272.9,9.0,0.313188881,0.0284665823,1.0
,710020960,-22.892673646366063,-43.143321465888505,272.9,9.0,0.313188881,0.0284665823,1.0
,710020960,-22.892670469638826,-43.14341163957645,272.9,9.0,0.313188881,0.0284665823,1.0
,710020960,-22.892670469638826,-43.14341163957645,272.9,9.0,0.313188881,0.0284665823,1.0
,710020960,-22.892670469638826,-43.14341163957645,272.9,9.0,0.313188881,0.0284665823,1.0
,710020960,-22.892670469638826,-43.14341163957645,272.9,9.0,0.313188881,0.0284665823,1.0
,710020960,-22.892670469638826,-43.14341163957645,272.9,9.0,0.313188881,0.0284665823,1.0
,710020960,-22.892670469638826,-43.14341163957645,272.9,9.0,0.313188881,0.0284665823,1.0
,710020960,-22.892670469638826,-43.14341163957645,272.9,9.0,0.313188881,0.0284665823,1.0
,710020960,-22.892670469638826,-43.14341163957645,272.9,9.0,0.313188881,0.0284665823,1.0
,710020960,-22.892668881255897,-43.14345672642032,272.9,9.0,0.313188881,0.0284665823,1.0
,710020960,-22.892668881255897,-43.14345672642032,272.9,9.0,0.313188881,0.0284665823,1.0
,710020960,-22.892668881255897,-43.14345672642032,272.9,9.0,0.313188881,0.0284665823,1.0
,710020960,-22.892668881255897,-43.14345672642032,272.9,9.0,0.313188881,0.0284665823,1.0
,710020960,-22.892668881255897,-43.14345672642032,272.9,9.0,0.313188881,0.0284665823,1.0
,710020960,-22.892668881255897,-43.14345672642032,272.9,9.0,0.313188881,0.0284665823,1.0
,710020960,-22.892687871717254,-43.14344403089637,270.4,8.9,0.313188881,0.0284665823,1.0
,710020960,-22.892687871717254,-43.14344403089637,270.4,8.9,0.313188881,0.0284665823,1.0
,710020960,-22.892687871717254,-43.14344403089637,270.4,8.9,0.313188881,0.0284665823,1.0
,710020960,-22.892687871717254,-43.14344403089637,270.4,8.9,0.313188881,0.0284665823,1.0
,710020960,-22.892687871717254,-43.14344403089637,270.4,8.9,0.313188881,0.0284665823,1.0
,710020960,-22.892687871717254,-43.14344403089637,270.4,8.9,0.313188881,0.0284665823,1.0
,710020960,-22.892687871717254,-43.14344403089637,270.4,8.9,0.312177777,0.0284665823,1.0
,710020960,-22.892687871717254,-43.14344403089637,270.4,8.9,0.312177777,0.0284665823,1.0
,710020960,-22.892687871717254,-43.14344403089637,270.4,8.9,0.312150002,0.0284333229,1.0
,710020960,-22.892687871717254,-43.14344403089637,270.4,8.9,0.312150002,0.0284333229,1.0
,710020960,-22.892687871717254,-43.14344403089637,270.4,8.9,0.312150002,0.0284333229,1.0
,710020960,-22.892687871717254,-43.14344403089637,270.4,8.9,0.312150002,0.0284333229,1.0
,710020960,-22.892687871717254,-43.14344403089637,270.4,8.9,0.312150002,0.0284333229,1.0
,710020960,-22.892687871717254,-43.14344403089637,270.4,8.9,0.312150002,0.0284333229,1.0
,710020960,-22.892687871717254,-43.14344403089637,270.4,8.9,0.312150002,0.0284333229,1.0
,710020960,-22.892687871717254,-43.14344403089637,270.4,8.9,0.312150002,0.0284333229,1.0
,710020960,-22.892687871717254,-43.14344403089637,270.4,8.9,0.312150002,0.0284333229,1.0
,710020960,-22.892687871717254,-43.14344403089637,270.4,8.9,0.312150002,0.0284333229,1.0
,710020960,-22.892687871717254,-43.14344403089637,270.4,8.9,0.312150002,0.0284333229,1.0
,710020960,-22.892687871717254,-43.14344403089637,270.4,8.9,0.312150002,0.0284333229,1.0
,710020960,-22.892687871717254,-43.14344403089637,270.4,8.9,0.312150002,0.0284333229,1.0
,710020960,-22.892687871717254,-43.14344403089637,270.4,8.9,0.312150002,0.0284333229,1.0
,710020960,-22.892687871717254,-43.14344403089637,270.4,8.9,0.312150002,0.0284333229,1.0
,710020960,-22.892687871717254,-43.14344403089637,270.4,8.9,0.312150002,0.0284333229,1.0
,710020960,-22.892687871717254,-43.14344403089637,270.4,8.9,0.312150002,0.0284333229,1.0
,710020960,-22.892687871717254,-43.14344403089637,270.4,8.9,0.312150002,0.0284333229,1.0
,710020960,-22.89268810434305,-43.1434886482956,270.4,8.9,0.312150002,0.0284333229,1.0
,710020960,-22.89268810434305,-43.1434886482956,270.4,8.9,0.312150002,0.0284333229,1.0
,710020960,-22.89268810434305,-43.1434886482956,270.4,8.9,0.312150002,0.0284333229,1.0
,710020960,-22.89268810434305,-43.1434886482956,270.4,8.9,0.312150002,0.0284333229,1.0
,710020960,-22.89268810434305,-43.1434886482956,270.4,8.9,0.312150002,0.0284333229,1.0
,710020960,-22.89268810434305,-43.1434886482956,270.4,8.9,0.312150002,0.0284333229,1.0
,710020960,-22.89268810434305,-43.1434886482956,270.4,8.9,0.312150002,0.0284333229,1.0
,710020960,-22.89268810434305,-43.1434886482956,270.4,8.9,0.312150002,0.0284333229,1.0
,710020960,-22.89268810434305,-43.1434886482956,270.4,8.9,0.312150002,0.0284333229,1.0
,710020960,-22.89268810434305,-43.1434886482956,270.4,8.9,0.312150002,0.0284333229,1.0
,710020960,-22.89268810434305,-43.1434886482956,270.4,8.9,0.312150002,0.0284333229,1.0
,710020960,-22.89268810434305,-43.1434886482956,270.4,8.9,0.312150002,0.0284333229,1.0
,710020960,-22.89268810434305,-43.1434886482956,270.4,8.9,0.312150002,0.0284333229,1.0
,710020960,-22.89268810434305,-43.1434886482956,270.4,8.9,0.312150002,0.0284333229,1.0
,710020960,-22.89268810434305,-43.1434886482956,270.4,8.9,0.312150002,0.0284333229,1.0
,710020960,-22.89268810434305,-43.1434886482956,270.4,8.9,0.312150002,0.0284333229,1.0
,710020960,-22.89268810434305,-43.1434886482956,270.4,8.9,0.312150002,0.0284333229,1.0
,710020960,-22.89268810434305,-43.1434886482956,270.4,8.9,0.312150002,0.0284333229,1.0
,710020960,-22.89268810434305,-43.1434886482956,270.4,8.9,0.312150002,0.0284333229,1.0
,710020960,-22.89268810434305,-43.1434886482956,270.4,8.9,0.312150002,0.0284333229,1.0
,710020960,-22.89268810434305,-43.1434886482956,270.4,8.9,0.312150002,0.0284333229,1.0
,710020960,-22.89268810434305,-43.1434886482956,270.4,8.9,0.312150002,0.0284333229,1.0
,710020960,-22.89268810434305,-43.1434886482956,270.4,8.9,0.312150002,0.0284333229,1.0
,710020960,-22.89268810434305,-43.1434886482956,270.4,8.9,0.312150002,0.0284333229,1.0
,710020960,-22.89268810434305,-43.1434886482956,270.4,8.9,0.312150002,0.0284333229,1.0
,710020960,-22.89268810434305,-43.1434886482956,270.4,8.9,0.312150002,0.0284333229,1.0
,710020960,-22.89268810434305,-43.1434886482956,270.4,8.9,0.312150002,0.0284333229,1.0
,710020960,-22.89268810434305,-43.1434886482956,270.4,8.9,0.312150002,0.0284333229,1.0
,710020960,-22.892688336956333,-43.143533265695936,270.4,8.9,0.312150002,0.0284333229,1.0
,710020960,-22.892688336956333,-43.143533265695936,270.4,8.9,0.312150002,0.0284333229,1.0
,710020960,-22.892688336956333,-43.143533265695936,270.4,8.9,0.312150002,0.0284333229,1.0
,710020960,-22.892688336956333,-43.143533265695936,270.4,8.9,0.312150002,0.0284333229,1.0
,710020960,-22.892688336956333,-43.143533265695936,270.4,8.9,0.312150002,0.0284333229,1.0
,710020960,-22.892688336956333,-43.143533265695936,270.4,8.9,0.312150002,0.0284333229,1.0
,710020960,-22.892688336956333,-43.143533265695936,270.4,8.9,0.312150002,0.0284333229,1.0
,710020960,-22.892688336956333,-43.143533265695936,270.4,8.9,0.312150002,0.0284333229,1.0
,710020960,-22.892688336956333,-43.143533265695936,270.4,8.9,0.312150002,0.0284333229,1.0
,710020960,-22.892688336956333,-43.143533265695936,270.4,8.9,0.312150002,0.0284333229,1.0
,710020960,-22.892688336956333,-43.143533265695936,270.4,8.9,0.312150002,0.0284333229,1.0
,710020960,-22.892688336956333,-43.143533265695936,270.4,8.9,0.312150002,0.0284333229,1.0
,710020960,-22.892688336956333,-43.143533265695936,270.4,8.9,0.312150002,0.0284333229,1.0
,710020960,-22.892688336956333,-43.143533265695936,270.4,8.9,0.312150002,0.0284333229,1.0
,710020960,-22.892688336956333,-43.143533265695936,270.4,8.9,0.312150002,0.0284333229,1.0
,710020960,-22.892688336956333,-43.143533265695936,270.4,8.9,0.312150002,0.0284333229,1.0
,710020960,-22.892688569557095,-43.14357788309739,270.4,8.9,0.312150002,0.0284333229,1.0
,710020960,-22.892688569557095,-43.14357788309739,270.4,8.9,0.312150002,0.0284333229,1.0
,710020960,-22.892688802145326,-43.14362250049996,270.4,8.9,0.310800016,0.02841115,1.0
,710020960,-22.892688802145326,-43.14362250049996,270.4,8.9,0.310800016,0.02841115,1.0
,710020960,-22.892688802145326,-43.14362250049996,270.4,8.9,0.310800016,0.02841115,1.0
,710020960,-22.892688802145326,-43.14362250049996,270.4,8.9,0.310800016,0.02841115,1.0
,710020960,-22.892688802145326,-43.14362250049996,270.4,8.9,0.310800016,0.02841115,1.0
,710020960,-22.892688802145326,-43.14362250049996,270.4,8.9,0.310800016,0.02841115,1.0
,710020960,-22.892706964547248,-43.14384938106648,267.4,8.8,0.309438884,0.0283888578,1.0
,710020960,-22.892706964547248,-43.14384938106648,267.4,8.8,0.309438884,0.0283888578,1.0
,710020960,-22.892706964547248,-43.14384938106648,267.4,8.8,0.309438884,0.0283888578,1.0
,710020960,-22.892706964547248,-43.14384938106648,267.4,8.8,0.309438884,0.0283888578,1.0
,710020960,-22.892709333298523,-43.143893423716385,267.4,8.8,0.309438884,0.0283888578,1.0
,710020960,-22.892709333298523,-43.143893423716385,267.4,8.8,0.309438884,0.0283888578,1.0
,710020960,-22.892709333298523,-43.143893423716385,267.4,8.8,0.308261096,0.0283888578,1.0
,710020960,-22.892709333298523,-43.143893423716385,267.4,8.8,0.308261096,0.0283666849,1.0
,710020960,-22.892709333298523,-43.143893423716385,267.4,8.8,0.308261096,0.0283666849,1.0
,710020960,-22.892709333298523,-43.143893423716385,267.4,8.8,0.308261096,0.0283666849,1.0
,710020960,-22.892709333298523,-43.143893423716385,267.4,8.8,0.308261096,0.0283666849,1.0
,710020960,-22.892709333298523,-43.143893423716385,267.4,8.8,0.308261096,0.0283666849,1.0
,710020960,-22.892711702037673,-43.14393746636874,267.4,8.8,0.308261096,0.0283666849,1.0
,710020960,-22.892711702037673,-43.14393746636874,267.4,8.8,0.308261096,0.0283666849,1.0
,710020960,-22.892711702037673,-43.14393746636874,267.4,8.8,0.308261096,0.0283666849,1.0
,710020960,-22.892711702037673,-43.14393746636874,267.4,8.8,0.308261096,0.0283666849,1.0
,710020960,-22.892711702037673,-43.14393746636874,267.4,8.8,0.308261096,0.0283666849,1.0
,710020960,-22.892711702037673,-43.14393746636874,267.4,8.8,0.308261096,0.0283666849,1.0
,710020960,-22.892711702037673,-43.14393746636874,267.4,8.8,0.308261096,0.0283666849,1.0
,710020960,-22.892711702037673,-43.14393746636874,267.4,8.8,0.308261096,0.0283666849,1.0
,710020960,-22.892711702037673,-43.14393746636874,267.4,8.8,0.308261096,0.0283666849,1.0
,710020960,-22.892711702037673,-43.14393746636874,267.4,8.8,0.308261096,0.0283666849,1.0
,710020960,-22.892711702037673,-43.14393746636874,267.4,8.8,0.308261096,0.0283666849,1.0
,710020960,-22.892711702037673,-43.14393746636874,267.4,8.8,0.308261096,0.0283666849,1.0
,710020960,-22.89271407076471,-43.14398150902357,267.4,8.8,0.308261096,0.0283666849,1.0
,710020960,-22.89271407076471,-43.14398150902357,267.4,8.8,0.308261096,0.0283666849,1.0
,710020960,-22.89271407076471,-43.14398150902357,267.4,8.8,0.308261096,0.0283666849,1.0
,710020960,-22.89271407076471,-43.14398150902357,267.4,8.8,0.308261096,0.0283666849,1.0
,710020960,-22.89271407076471,-43.14398150902357,267.4,8.8,0.308261096,0.0283666849,1.0
,710020960,-22.89271407076471,-43.14398150902357,267.4,8.8,0.308261096,0.0283666849,1.0
,710020960,-22.89271407076471,-43.14398150902357,267.4,8.8,0.306950003,0.028344512,1.0
,710020960,-22.89271407076471,-43.14398150902357,267.4,8.8,0.306950003,0.028344512,1.0
,710020960,-22.89271407076471,-43.14398150902357,267.4,8.8,0.306950003,0.028344512,1.0
,710020960,-22.89271407076471,-43.14398150902357,267.4,8.8,0.306950003,0.028344512,1.0
,710020960,-22.89271407076471,-43.14398150902357,267.4,8.8,0.306950003,0.028344512,1.0
,710020960,-22.892716439479646,-43.14402555168086,267.4,8.8,0.306950003,0.028344512,1.0
,710020960,-22.892716439479646,-43.14402555168086,267.4,8.8,0.306950003,0.028344512,1.0
,710020960,-22.892716439479646,-43.14402555168086,267.4,8.8,0.306950003,0.028344512,1.0
,710020960,-22.892716439479646,-43.14402555168086,267.4,8.8,0.306950003,0.028344512,1.0
,710020960,-22.892716439479646,-43.14402555168086,267.4,8.8,0.306950003,0.028344512,1.0
,710020960,-22.892716439479646,-43.14402555168086,267.4,8.8,0.306950003,0.028344512,1.0
,710020960,-22.892716439479646,-43.14402555168086,267.4,8.8,0.306950003,0.028344512,1.0
,710020960,-22.892716439479646,-43.14402555168086,267.4,8.8,0.306950003,0.028344512,1.0
,710020960,-22.892716439479646,-43.14402555168086,267.4,8.8,0.306950003,0.028344512,1.0
,710020960,-22.892716439479646,-43.14402555168086,267.4,8.8,0.306950003,0.028344512,1.0
,710020960,-22.892716439479646,-43.14402555168086,267.4,8.8,0.306950003,0.028344512,1.0
,710020960,-22.892716439479646,-43.14402555168086,267.4,8.8,0.306950003,0.028344512,1.0
,710020960,-22.892716439479646,-43.14402555168086,267.4,8.8,0.306950003,0.028344512,1.0
,710020960,-22.892716439479646,-43.14402555168086,267.4,8.8,0.306950003,0.028344512,1.0
,710020960,-22.892716439479646,-43.14402555168086,267.4,8.8,0.306950003,0.028344512,1.0
,710020960,-22.892718808182455,-43.144069594340614,267.4,8.8,0.306950003,0.028344512,1.0
,710020960,-22.892718808182455,-43.144069594340614,267.4,8.8,0.306950003,0.028344512,1.0
,710020960,-22.892718808182455,-43.144069594340614,267.4,8.8,0.306950003,0.028344512,1.0
,710020960,-22.892718808182455,-43.144069594340614,267.4,8.8,0.306950003,0.028344512,1.0
,710020960,-22.892718808182455,-43.144069594340614,267.4,8.8,0.306950003,0.028344512,1.0
,710020960,-22.892718808182455,-43.144069594340614,267.4,8.8,0.306950003,0.028344512,1.0
,710020960,-22.892718808182455,-43.144069594340614,267.4,8.8,0.306950003,0.028344512,1.0
,710020960,-22.892718808182455,-43.144069594340614,267.4,8.8,0.306950003,0.028344512,1.0
,710020960,-22.892718808182455,-43.144069594340614,267.4,8.8,0.306950003,0.028344512,1.0
,710020960,-22.892718808182455,-43.144069594340614,267.4,8.8,0.306950003,0.028344512,1.0
,710020960,-22.892718808182455,-43.144069594340614,267.4,8.8,0.306950003,0.028344512,1.0
,710020960,-22.892718808182455,-43.144069594340614,267.4,8.8,0.306950003,0.028344512,1.0
,710020960,-22.892718808182455,-43.144069594340614,267.4,8.8,0.306950003,0.028344512,1.0
,710020960,-22.892718808182455,-43.144069594340614,267.4,8.8,0.306950003,0.028344512,1.0
,710020960,-22.892718808182455,-43.144069594340614,267.4,8.8,0.306950003,0.028344512,1.0
,710020960,-22.892721176873163,-43.144113637002825,267.4,8.8,0.306950003,0.028344512,1.0
,710020960,-22.892721176873163,-43.144113637002825,267.4,8.8,0.306950003,0.028344512,1.0
,710020960,-22.892721176873163,-43.144113637002825,267.4,8.8,0.306950003,0.028344512,1.0
,710020960,-22.892721176873163,-43.144113637002825,267.4,8.8,0.306950003,0.028344512,1.0
,710020960,-22.892721176873163,-43.144113637002825,267.4,8.8,0.306950003,0.028344512,1.0
,710020960,-22.892721176873163,-43.144113637002825,267.4,8.8,0.306950003,0.028344512,1.0
,710020960,-22.892721176873163,-43.144113637002825,267.4,8.8,0.306950003,0.028344512,1.0
,710020960,-22.892721176873163,-43.144113637002825,267.4,8.8,0.306950003,0.028344512,1.0
,710020960,-22.892721176873163,-43.144113637002825,267.4,8.8,0.306950003,0.028344512,1.0
,710020960,-22.892721176873163,-43.144113637002825,267.4,8.8,0.306950003,0.028344512,1.0
,710020960,-22.892721176873163,-43.144113637002825,267.4,8.8,0.305633336,0.0283222198,1.0
,710020960,-22.892721176873163,-43.144113637002825,267.4,8.8,0.305633336,0.0283222198,1.0
,710020960,-22.892721176873163,-43.144113637002825,267.4,8.8,0.305633336,0.0283222198,1.0
,710020960,-22.892721176873163,-43.144113637002825,267.4,8.8,0.305633336,0.0283222198,1.0
,710020960,-22.892721176873163,-43.144113637002825,267.4,8.8,0.305633336,0.0283222198,1.0
,710020960,-22.892723545551757,-43.14415767966751,267.4,8.8,0.305633336,0.0283222198,1.0
,710020960,-22.892723545551757,-43.14415767966751,267.4,8.8,0.305633336,0.0283222198,1.0
,710020960,-22.892723545551757,-43.14415767966751,267.4,8.8,0.305633336,0.0283222198,1.0
,710020960,-22.892723545551757,-43.14415767966751,267.4,8.8,0.305633336,0.0283222198,1.0
,710020960,-22.892723545551757,-43.14415767966751,267.4,8.8,0.305633336,0.0283222198,1.0
,710020960,-22.892723545551757,-43.14415767966751,267.4,8.8,0.305633336,0.0283222198,1.0
,710020960,-22.892723545551757,-43.14415767966751,267.4,8.8,0.305633336,0.0283222198,1.0
,710020960,-22.892723545551757,-43.14415767966751,267.4,8.8,0.305633336,0.0283222198,1.0
,710020960,-22.892723545551757,-43.14415767966751,267.4,8.8,0.305633336,0.0283222198,1.0
,710020960,-22.892723545551757,-43.14415767966751,267.4,8.8,0.305633336,0.0283222198,1.0
,710020960,-22.892723545551757,-43.14415767966751,267.4,8.8,0.305633336,0.0283222198,1.0
,710020960,-22.892723545551757,-43.14415767966751,267.4,8.8,0.305633336,0.0283222198,1.0
,710020960,-22.892723545551757,-43.14415767966751,267.4,8.8,0.305633336,0.0283222198,1.0
,710020960,-22.892723545551757,-43.14415767966751,267.4,8.8,0.305633336,0.0283222198,1.0
,710020960,-22.892723545551757,-43.14415767966751,267.4,8.8,0.305633336,0.0283222198,1.0
,710020960,-22.89272591421823,-43.14420172233465,267.4,8.8,0.305633336,0.0283222198,1.0
,710020960,-22.89272591421823,-43.14420172233465,267.4,8.8,0.305633336,0.0283222198,1.0
,710020960,-22.89272591421823,-43.14420172233465,267.4,8.8,0.305633336,0.0283222198,1.0
,710020960,-22.89272591421823,-43.14420172233465,267.4,8.8,0.305633336,0.0283222198,1.0
,710020960,-22.89272591421823,-43.14420172233465,267.4,8.8,0.305633336,0.0283222198,1.0
,710020960,-22.89272591421823,-43.14420172233465,267.4,8.8,0.305633336,0.0283222198,1.0
,710020960,-22.89272591421823,-43.14420172233465,267.4,8.8,0.305633336,0.0283222198,1.0
,710020960,-22.89272591421823,-43.14420172233465,267.4,8.8,0.305633336,0.0283222198,1.0
,710020960,-22.89272591421823,-43.14420172233465,267.4,8.8,0.305633336,0.0283222198,1.0
,710020960,-22.89272591421823,-43.14420172233465,267.4,8.8,0.305633336,0.0283222198,1.0
,710020960,-22.89272591421823,-43.14420172233465,267.4,8.8,0.305633336,0.0283222198,1.0
,710020960,-22.89272591421823,-43.14420172233465,267.4,8.8,0.305633336,0.0283222198,1.0
,710020960,-22.89272591421823,-43.14420172233465,267.4,8.8,0.305633336,0.0283222198,1.0
,710020960,-22.89272591421823,-43.14420172233465,267.4,8.8,0.305633336,0.0283222198,1.0
,710020960,-22.89272591421823,-43.14420172233465,267.4,8.8,0.305633336,0.0283222198,1.0
,710020960,-22.892728282872593,-43.14424576500426,267.4,8.8,0.305633336,0.0283222198,1.0
,710020960,-22.892728282872593,-43.14424576500426,267.4,8.8,0.305633336,0.0283222198,1.0
,710020960,-22.892728282872593,-43.14424576500426,267.4,8.8,0.305633336,0.0283222198,1.0
,710020960,-22.892728282872593,-43.14424576500426,267.4,8.8,0.305633336,0.0283222198,1.0
,710020960,-22.892728282872593,-43.14424576500426,267.4,8.8,0.305633336,0.0283222198,1.0
,710020960,-22.892728282872593,-43.14424576500426,267.4,8.8,0.305633336,0.0283222198,1.0
,710020960,-22.892728282872593,-43.14424576500426,267.4,8.8,0.305633336,0.0283222198,1.0
,710020960,-22.892728282872593,-43.14424576500426,267.4,8.8,0.305633336,0.0283222198,1.0
,710020960,-22.892728282872593,-43.14424576500426,267.4,8.8,0.305633336,0.0283222198,1.0
,710020960,-22.892728282872593,-43.14424576500426,267.4,8.8,0.30431667,0.0283222198,1.0
,710020960,-22.892757184319805,-43.14428476347785,263.8,8.7,0.304305553,0.0282999277,1.0
,710020960,-22.892757184319805,-43.14428476347785,263.8,8.7,0.304305553,0.0282999277,1.0
,710020960,-22.892757184319805,-43.14428476347785,263.8,8.7,0.304305553,0.0282999277,1.0
,710020960,-22.892757184319805,-43.14428476347785,263.8,8.7,0.304305553,0.0282999277,1.0
,710020960,-22.892757184319805,-43.14428476347785,263.8,8.7,0.304305553,0.0282999277,1.0
,710020960,-22.892757184319805,-43.14428476347785,263.8,8.7,0.304305553,0.0282999277,1.0
,710020960,-22.892757184319805,-43.14428476347785,263.8,8.7,0.304305553,0.0282999277,1.0
,710020960,-22.892757184319805,-43.14428476347785,263.8,8.7,0.304305553,0.0282999277,1.0
,710020960,-22.892762054510516,-43.144328061053955,263.8,8.7,0.304305553,0.0282999277,1.0
,710020960,-22.892762054510516,-43.144328061053955,263.8,8.7,0.304305553,0.0282999277,1.0
,710020960,-22.892762054510516,-43.144328061053955,263.8,8.7,0.304305553,0.0282999277,1.0
,710020960,-22.892762054510516,-43.144328061053955,263.8,8.7,0.304305553,0.0282999277,1.0
,710020960,-22.892762054510516,-43.144328061053955,263.8,8.7,0.304305553,0.0282999277,1.0
,710020960,-22.892762054510516,-43.144328061053955,263.8,8.7,0.304305553,0.0282999277,1.0
,710020960,-22.892762054510516,-43.144328061053955,263.8,8.7,0.304305553,0.0282999277,1.0
,710020960,-22.892762054510516,-43.144328061053955,263.8,8.7,0.304305553,0.0282999277,1.0
,710020960,-22.892762054510516,-43.144328061053955,263.8,8.7,0.304305553,0.0282999277,1.0
,710020960,-22.892762054510516,-43.144328061053955,263.8,8.7,0.304305553,0.0282999277,1.0
,710020960,-22.892762054510516,-43.144328061053955,263.8,8.7,0.304305553,0.0282999277,1.0
,710020960,-22.892762054510516,-43.144328061053955,263.8,8.7,0.304305553,0.0282999277,1.0
,710020960,-22.892762054510516,-43.144328061053955,263.8,8.7,0.304305553,0.0282999277,1.0
,710020960,-22.892762054510516,-43.144328061053955,263.8,8.7,0.304305553,0.0282999277,1.0
,710020960,-22.892762054510516,-43.144328061053955,263.8,8.7,0.304305553,0.0282999277,1.0
,710020960,-22.89276692468961,-43.14437135863405,263.8,8.7,0.304305553,0.0282999277,1.0
,710020960,-22.89276692468961,-43.14437135863405,263.8,8.7,0.304305553,0.0282999277,1.0
,710020960,-22.89276692468961,-43.14437135863405,263.8,8.7,0.304305553,0.0282999277,1.0
,710020960,-22.89276692468961,-43.14437135863405,263.8,8.7,0.304305553,0.0282999277,1.0
,710020960,-22.89276692468961,-43.14437135863405,263.8,8.7,0.304305553,0.0282999277,1.0
,710020960,-22.89276692468961,-43.14437135863405,263.8,8.7,0.304305553,0.0282999277,1.0
,710020960,-22.89276692468961,-43.14437135863405,263.8,8.7,0.304305553,0.0282999277,1.0
,710020960,-22.89276692468961,-43.14437135863405,263.8,8.7,0.304305553,0.0282999277,1.0
,710020960,-22.89276692468961,-43.14437135863405,263.8,8.7,0.304305553,0.0282999277,1.0
,710020960,-22.89276692468961,-43.14437135863405,263.8,8.7,0.304305553,0.0282999277,1.0
,710020960,-22.89276692468961,-43.14437135863405,263.8,8.7,0.304305553,0.0282999277,1.0
,710020960,-22.89276692468961,-43.14437135863405,263.8,8.7,0.304305553,0.0282999277,1.0
,710020960,-22.89276692468961,-43.14437135863405,263.8,8.7,0.303394437,0.0282666683,1.0
,710020960,-22.89276692468961,-43.14437135863405,263.8,8.7,0.303394437,0.0282666683,1.0
,710020960,-22.89276692468961,-43.14437135863405,263.8,8.7,0.303394437,0.0282666683,1.0
,710020960,-22.892771794857104,-43.144414656218125,263.8,8.7,0.303394437,0.0282666683,1.0
,710020960,-22.892771794857104,-43.144414656218125,263.8,8.7,0.303394437,0.0282666683,1.0
,710020960,-22.892771794857104,-43.144414656218125,263.8,8.7,0.303394437,0.0282666683,1.0
,710020960,-22.892771794857104,-43.144414656218125,263.8,8.7,0.303394437,0.0282666683,1.0
,710020960,-22.892771794857104,-43.144414656218125,263.8,8.7,0.303394437,0.0282666683,1.0
,710020960,-22.892771794857104,-43.144414656218125,263.8,8.7,0.303394437,0.0282666683,1.0
,710020960,-22.892771794857104,-43.144414656218125,263.8,8.7,0.303394437,0.0282666683,1.0
,710020960,-22.892771794857104,-43.144414656218125,263.8,8.7,0.303394437,0.0282666683,1.0
,710020960,-22.892771794857104,-43.144414656218125,263.8,8.7,0.303394437,0.0282666683,1.0
,710020960,-22.892771794857104,-43.144414656218125,263.8,8.7,0.303394437,0.0282666683,1.0
,710020960,-22.892771794857104,-43.144414656218125,263.8,8.7,0.303394437,0.0282666683,1.0
,710020960,-22.892771794857104,-43.144414656218125,263.8,8.7,0.303394437,0.0282666683,1.0
,710020960,-22.892771794857104,-43.144414656218125,263.8,8.7,0.303394437,0.0282666683,1.0
,710020960,-22.892771794857104,-43.144414656218125,263.8,8.7,0.303394437,0.0282666683,1.0
,710020960,-22.892771794857104,-43.144414656218125,263.8,8.7,0.303394437,0.0282666683,1.0
,710020960,-22.892776665013002,-43.14445795380618,263.8,8.7,0.303394437,0.0282666683,1.0
,710020960,-22.892776665013002,-43.14445795380618,263.8,8.7,0.303394437,0.0282666683,1.0
,710020960,-22.892776665013002,-43.14445795380618,263.8,8.7,0.303394437,0.0282666683,1.0
,710020960,-22.892776665013002,-43.14445795380618,263.8,8.7,0.303394437,0.0282666683,1.0
,710020960,-22.892776665013002,-43.14445795380618,263.8,8.7,0.303394437,0.0282666683,1.0
,710020960,-22.892776665013002,-43.14445795380618,263.8,8.7,0.303394437,0.0282666683,1.0
,710020960,-22.892776665013002,-43.14445795380618,263.8,8.7,0.303394437,0.0282666683,1.0
,710020960,-22.892776665013002,-43.14445795380618,263.8,8.7,0.303394437,0.0282666683,1.0
,710020960,-22.892776665013002,-43.14445795380618,263.8,8.7,0.303394437,0.0282666683,1.0
,710020960,-22.892776665013002,-43.14445795380618,263.8,8.7,0.303394437,0.0282666683,1.0
,710020960,-22.892776665013002,-43.14445795380618,263.8,8.7,0.303394437,0.0282666683,1.0
,710020960,-22.892776665013002,-43.14445795380618,263.8,8.7,0.303394437,0.0282666683,1.0
,710020960,-22.892781535157297,-43.14450125139822,263.8,8.7,0.303394437,0.0282666683,1.0
,710020960,-22.892781535157297,-43.14450125139822,263.8,8.7,0.303394437,0.0282666683,1.0
,710020960,-22.892781535157297,-43.14450125139822,263.8,8.7,0.303394437,0.0282666683,1.0
,710020960,-22.892781535157297,-43.14450125139822,263.8,8.7,0.303394437,0.0282666683,1.0
,710020960,-22.892781535157297,-43.14450125139822,263.8,8.7,0.303394437,0.0282666683,1.0
,710020960,-22.892781535157297,-43.14450125139822,263.8,8.7,0.303394437,0.0282666683,1.0
,710020960,-22.892781535157297,-43.14450125139822,263.8,8.7,0.303394437,0.0282666683,1.0
,710020960,-22.892781535157297,-43.14450125139822,263.8,8.7,0.303394437,0.0282666683,1.0
,710020960,-22.892781535157297,-43.14450125139822,263.8,8.7,0.303394437,0.0282666683,1.0
,710020960,-22.892781535157297,-43.14450125139822,263.8,8.7,0.303394437,0.0282666683,1.0
,710020960,-22.892781535157297,-43.14450125139822,263.8,8.7,0.303394437,0.0282666683,1.0
,710020960,-22.892781535157297,-43.14450125139822,263.8,8.7,0.303394437,0.0282666683,1.0
,710020960,-22.892781535157297,-43.14450125139822,263.8,8.7,0.302122235,0.0282444954,1.0
,710020960,-22.892781535157297,-43.14450125139822,263.8,8.7,0.302122235,0.0282444954,1.0
,710020960,-22.89278640528999,-43.14454454899425,263.8,8.7,0.302122235,0.0282444954,1.0
,710020960,-22.89278640528999,-43.14454454899425,263.8,8.7,0.302122235,0.0282444954,1.0
,710020960,-22.89278640528999,-43.14454454899425,263.8,8.7,0.302122235,0.0282444954,1.0
,710020960,-22.89278640528999,-43.14454454899425,263.8,8.7,0.302122235,0.0282444954,1.0
,710020960,-22.892796145520563,-43.14463114419826,263.8,8.7,0.302122235,0.0282444954,1.0
,710020960,-22.892796145520563,-43.14463114419826,263.8,8.7,0.300850004,0.0282222033,1.0
,710020960,-22.892796145520563,-43.14463114419826,263.8,8.7,0.300850004,0.0282222033,1.0
,710020960,-22.892796145520563,-43.14463114419826,263.8,8.7,0.300850004,0.0282222033,1.0
,710020960,-22.892801015618453,-43.14467444180624,263.8,8.7,0.300850004,0.0282222033,1.0
,710020960,-22.892801015618453,-43.14467444180624,263.8,8.7,0.300850004,0.0282222033,1.0
,710020960,-22.892801015618453,-43.14467444180624,263.8,8.7,0.300850004,0.0282222033,1.0
,710020960,-22.892801015618453,-43.14467444180624,263.8,8.7,0.300850004,0.0282222033,1.0
,710020960,-22.892801015618453,-43.14467444180624,263.8,8.7,0.300850004,0.0282222033,1.0
,710020960,-22.892801015618453,-43.14467444180624,263.8,8.7,0.300850004,0.0282222033,1.0
,710020960,-22.892801015618453,-43.14467444180624,263.8,8.7,0.300850004,0.0282222033,1.0
,710020960,-22.892801015618453,-43.14467444180624,263.8,8.7,0.300850004,0.0282222033,1.0
,710020960,-22.892801015618453,-43.14467444180624,263.8,8.7,0.300850004,0.0282222033,1.0
,710020960,-22.892801015618453,-43.14467444180624,263.8,8.7,0.300850004,0.0282222033,1.0
,710020960,-22.892801015618453,-43.14467444180624,263.8,8.7,0.300850004,0.0282222033,1.0
,710020960,-22.892801015618453,-43.14467444180624,263.8,8.7,0.300850004,0.0282222033,1.0
,710020960,-22.892801015618453,-43.14467444180624,263.8,8.7,0.300850004,0.0282222033,1.0
,710020960,-22.892801015618453,-43.14467444180624,263.8,8.7,0.300850004,0.0282222033,1.0
,710020960,-22.892801015618453,-43.14467444180624,263.8,8.7,0.300850004,0.0282222033,1.0
,710020960,-22.892805885704725,-43.144717739418205,263.8,8.7,0.300850004,0.0282222033,1.0
,710020960,-22.892805885704725,-43.144717739418205,263.8,8.7,0.300850004,0.0282222033,1.0
,710020960,-22.892805885704725,-43.144717739418205,263.8,8.7,0.300850004,0.0282222033,1.0
,710020960,-22.892805885704725,-43.144717739418205,263.8,8.7,0.300850004,0.0282222033,1.0
,710020960,-22.892805885704725,-43.144717739418205,263.8,8.7,0.300850004,0.0282222033,1.0
,710020960,-22.892805885704725,-43.144717739418205,263.8,8.7,0.300850004,0.0282222033,1.0
,710020960,-22.892805885704725,-43.144717739418205,263.8,8.7,0.300850004,0.0282222033,1.0
,710020960,-22.892805885704725,-43.144717739418205,263.8,8.7,0.300850004,0.0282222033,1.0
,710020960,-22.892805885704725,-43.144717739418205,263.8,8.7,0.300850004,0.0282222033,1.0
,710020960,-22.892805885704725,-43.144717739418205,263.8,8.7,0.300850004,0.0282222033,1.0
,710020960,-22.892805885704725,-43.144717739418205,263.8,8.7,0.300850004,0.0282222033,1.0
,710020960,-22.892805885704725,-43.144717739418205,263.8,8.7,0.300850004,0.0282222033,1.0
,710020960,-22.892805885704725,-43.144717739418205,263.8,8.7,0.300850004,0.0282222033,1.0
,710020960,-22.892805885704725,-43.144717739418205,263.8,8.7,0.300850004,0.0282222033,1.0
,710020960,-22.892805885704725,-43.144717739418205,263.8,8.7,0.300850004,0.0282222033,1.0
,710020960,-22.892810755779408,-43.144761037034144,263.8,8.7,0.300850004,0.0282222033,1.0
,710020960,-22.892810755779408,-43.144761037034144,263.8,8.7,0.300850004,0.0282222033,1.0
,710020960,-22.892810755779408,-43.144761037034144,263.8,8.7,0.300850004,0.0282222033,1.0
,710020960,-22.892810755779408,-43.144761037034144,263.8,8.7,0.300850004,0.0282222033,1.0
,710020960,-22.892810755779408,-43.144761037034144,263.8,8.7,0.300850004,0.0282222033,1.0
,710020960,-22.892810755779408,-43.144761037034144,263.8,8.7,0.300850004,0.0282222033,1.0
,710020960,-22.892810755779408,-43.144761037034144,263.8,8.7,0.300850004,0.0282222033,1.0
,710020960,-22.892810755779408,-43.144761037034144,263.8,8.7,0.300850004,0.0282222033,1.0
,710020960,-22.892810755779408,-43.144761037034144,263.8,8.7,0.299572229,0.0282222033,1.0
,710020960,-22.892810755779408,-43.144761037034144,263.8,8.7,0.299566686,0.0282000303,1.0
,710020960,-22.892810755779408,-43.144761037034144,263.8,8.7,0.299566686,0.0282000303,1.0
,710020960,-22.892810755779408,-43.144761037034144,263.8,8.7,0.299566686,0.0282000303,1.0
,710020960,-22.89281562584248,-43.14480433465408,263.8,8.7,0.299566686,0.0282000303,1.0
,710020960,-22.89281562584248,-43.14480433465408,263.8,8.7,0.299566686,0.0282000303,1.0
,710020960,-22.89281562584248,-43.14480433465408,263.8,8.7,0.299566686,0.0282000303,1.0
,710020960,-22.89281562584248,-43.14480433465408,263.8,8.7,0.299566686,0.0282000303,1.0
,710020960,-22.89281562584248,-43.14480433465408,263.8,8.7,0.299566686,0.0282000303,1.0
,710020960,-22.89281562584248,-43.14480433465408,263.8,8.7,0.299566686,0.0282000303,1.0
,710020960,-22.89281562584248,-43.14480433465408,263.8,8.7,0.299566686,0.0282000303,1.0
,710020960,-22.89281562584248,-43.14480433465408,263.8,8.7,0.299566686,0.0282000303,1.0
,710020960,-22.89281562584248,-43.14480433465408,263.8,8.7,0.299566686,0.0282000303,1.0
,710020960,-22.89281562584248,-43.14480433465408,263.8,8.7,0.299566686,0.0282000303,1.0
,710020960,-22.89281562584248,-43.14480433465408,263.8,8.7,0.299566686,0.0282000303,1.0
,710020960,-22.89281562584248,-43.14480433465408,263.8,8.7,0.299566686,0.0282000303,1.0
,710020960,-22.89281562584248,-43.14480433465408,263.8,8.7,0.299566686,0.0282000303,1.0
,710020960,-22.89281562584248,-43.14480433465408,263.8,8.7,0.299566686,0.0282000303,1.0
,710020960,-22.89281562584248,-43.14480433465408,263.8,8.7,0.299566686,0.0282000303,1.0
,710020960,-22.89280732545685,-43.14476102762297,263.7,8.6,0.299566686,0.0282000303,1.0
,710020960,-22.89280732545685,-43.14476102762297,263.7,8.6,0.299566686,0.0282000303,1.0
,710020960,-22.89280732545685,-43.14476102762297,263.7,8.6,0.299566686,0.0282000303,1.0
,710020960,-22.89280732545685,-43.14476102762297,263.7,8.6,0.299566686,0.0282000303,1.0
,710020960,-22.89280732545685,-43.14476102762297,263.7,8.6,0.299566686,0.0282000303,1.0
,710020960,-22.89280732545685,-43.14476102762297,263.7,8.6,0.299566686,0.0282000303,1.0
,710020960,-22.89280732545685,-43.14476102762297,263.7,8.6,0.299566686,0.0282000303,1.0
,710020960,-22.89280732545685,-43.14476102762297,263.7,8.6,0.299566686,0.0282000303,1.0
,710020960,-22.89280732545685,-43.14476102762297,263.7,8.6,0.299566686,0.0282000303,1.0
,710020960,-22.89280732545685,-43.14476102762297,263.7,8.6,0.299566686,0.0282000303,1.0
,710020960,-22.89280732545685,-43.14476102762297,263.7,8.6,0.299566686,0.0282000303,1.0
,710020960,-22.89280732545685,-43.14476102762297,263.7,8.6,0.299566686,0.0282000303,1.0
,710020960,-22.89280732545685,-43.14476102762297,263.7,8.6,0.299566686,0.0282000303,1.0
,710020960,-22.892812208744612,-43.14480381843416,263.7,8.6,0.299566686,0.0282000303,1.0
,710020960,-22.892812208744612,-43.14480381843416,263.7,8.6,0.299566686,0.0282000303,1.0
,710020960,-22.892812208744612,-43.14480381843416,263.7,8.6,0.299566686,0.0282000303,1.0
,710020960,-22.892812208744612,-43.14480381843416,263.7,8.6,0.299566686,0.0282000303,1.0
,710020960,-22.892812208744612,-43.14480381843416,263.7,8.6,0.299566686,0.0282000303,1.0
,710020960,-22.892812208744612,-43.14480381843416,263.7,8.6,0.299566686,0.0282000303,1.0
,710020960,-22.892812208744612,-43.14480381843416,263.7,8.6,0.299566686,0.0282000303,1.0
,710020960,-22.892812208744612,-43.14480381843416,263.7,8.6,0.299566686,0.0282000303,1.0
,710020960,-22.892812208744612,-43.14480381843416,263.7,8.6,0.299566686,0.0282000303,1.0
,710020960,-22.892812208744612,-43.14480381843416,263.7,8.6,0.299566686,0.0282000303,1.0
,710020960,-22.892812208744612,-43.14480381843416,263.7,8.6,0.299566686,0.0282000303,1.0
,710020960,-22.892812208744612,-43.14480381843416,263.7,8.6,0.299566686,0.0282000303,1.0
,710020960,-22.892812208744612,-43.14480381843416,263.7,8.6,0.299566686,0.0282000303,1.0
,710020960,-22.892812208744612,-43.14480381843416,263.7,8.6,0.29914999,0.0281889439,1.0
,710020960,-22.892812208744612,-43.14480381843416,263.7,8.6,0.29914999,0.0281889439,1.0
,710020960,-22.892812208744612,-43.14480381843416,263.7,8.6,0.29914999,0.0281889439,1.0
,710020960,-22.892817092021055,-43.1448466092493,263.7,8.6,0.29914999,0.0281889439,1.0
,710020960,-22.892817092021055,-43.1448466092493,263.7,8.6,0.29914999,0.0281889439,1.0
,710020960,-22.892817092021055,-43.1448466092493,263.7,8.6,0.29914999,0.0281889439,1.0
,710020960,-22.892817092021055,-43.1448466092493,263.7,8.6,0.29914999,0.0281889439,1.0
,710020960,-22.892817092021055,-43.1448466092493,263.7,8.6,0.29914999,0.0281889439,1.0
,710020960,-22.892821975286164,-43.14488940006836,263.7,8.6,0.29914999,0.0281889439,1.0
,710020960,-22.892821975286164,-43.14488940006836,263.7,8.6,0.29914999,0.0281889439,1.0
,710020960,-22.892821975286164,-43.14488940006836,263.7,8.6,0.29914999,0.0281889439,1.0
,710020960,-22.892821975286164,-43.14488940006836,263.7,8.6,0.29914999,0.0281889439,1.0
,710020960,-22.892821975286164,-43.14488940006836,263.7,8.6,0.29914999,0.0281889439,1.0
,710020960,-22.892821975286164,-43.14488940006836,263.7,8.6,0.29914999,0.0281889439,1.0
,710020960,-22.892821975286164,-43.14488940006836,263.7,8.6,0.29914999,0.0281889439,1.0
,710020960,-22.892821975286164,-43.14488940006836,263.7,8.6,0.29914999,0.0281889439,1.0
,710020960,-22.892821975286164,-43.14488940006836,263.7,8.6,0.29914999,0.0281889439,1.0
,710020960,-22.892821975286164,-43.14488940006836,263.7,8.6,0.29914999,0.0281889439,1.0
,710020960,-22.892821975286164,-43.14488940006836,263.7,8.6,0.29914999,0.0281889439,1.0
,710020960,-22.892821975286164,-43.14488940006836,263.7,8.6,0.29914999,0.0281889439,1.0
,710020960,-22.892821975286164,-43.14488940006836,263.7,8.6,0.29914999,0.0281889439,1.0
,710020960,-22.892826858539944,-43.14493219089136,263.7,8.6,0.29914999,0.0281889439,1.0
,710020960,-22.8928317417824,-43.1449749817183,263.7,8.6,0.29914999,0.0281889439,1.0
,710020960,-22.8928317417824,-43.1449749817183,263.7,8.6,0.29914999,0.0281889439,1.0
,710020960,-22.892836625013516,-43.145017772549174,263.7,8.6,0.29914999,0.0281889439,1.0
,710020960,-22.892836625013516,-43.145017772549174,263.7,8.6,0.297444463,0.0281555653,1.0
,710020960,-22.892836625013516,-43.145017772549174,263.7,8.6,0.297444463,0.0281555653,1.0
,710020960,-22.892836625013516,-43.145017772549174,263.7,8.6,0.297444463,0.0281555653,1.0
,710020960,-22.892841508233303,-43.14506056338398,263.7,8.6,0.297444463,0.0281555653,1.0
,710020960,-22.892841508233303,-43.14506056338398,263.7,8.6,0.297444463,0.0281555653,1.0
,710020960,-22.892841508233303,-43.14506056338398,263.7,8.6,0.297444463,0.0281555653,1.0
,710020960,-22.892841508233303,-43.14506056338398,263.7,8.6,0.297444463,0.0281555653,1.0
,710020960,-22.892841508233303,-43.14506056338398,263.7,8.6,0.297444463,0.0281555653,1.0
,710020960,-22.892841508233303,-43.14506056338398,263.7,8.6,0.297444463,0.0281555653,1.0
,710020960,-22.892841508233303,-43.14506056338398,263.7,8.6,0.297444463,0.0281555653,1.0
,710020960,-22.892841508233303,-43.14506056338398,263.7,8.6,0.297444463,0.0281555653,1.0
,710020960,-22.892841508233303,-43.14506056338398,263.7,8.6,0.297444463,0.0281555653,1.0
,710020960,-22.892841508233303,-43.14506056338398,263.7,8.6,0.297444463,0.0281555653,1.0
,710020960,-22.892841508233303,-43.14506056338398,263.7,8.6,0.297444463,0.0281555653,1.0
,710020960,-22.892841508233303,-43.14506056338398,263.7,8.6,0.297444463,0.0281555653,1.0
,710020960,-22.892841508233303,-43.14506056338398,263.7,8.6,0.296583325,0.0281443596,1.0
,710020960,-22.892841508233303,-43.14506056338398,263.7,8.6,0.296583325,0.0281443596,1.0
,710020960,-22.89282220902374,-43.145000281609725,265.3,8.7,0.296583325,0.0281443596,1.0
,710020960,-22.89282220902374,-43.145000281609725,265.3,8.7,0.296583325,0.0281443596,1.0
,710020960,-22.89282220902374,-43.145000281609725,265.3,8.7,0.296583325,0.0281443596,1.0
,710020960,-22.89282220902374,-43.145000281609725,265.3,8.7,0.296583325,0.0281443596,1.0
,710020960,-22.89282220902374,-43.145000281609725,265.3,8.7,0.296583325,0.0281443596,1.0
,710020960,-22.89282220902374,-43.145000281609725,265.3,8.7,0.296583325,0.0281443596,1.0
,710020960,-22.89282220902374,-43.145000281609725,265.3,8.7,0.296583325,0.0281443596,1.0
,710020960,-22.89282220902374,-43.145000281609725,265.3,8.7,0.296583325,0.0281443596,1.0
,710020960,-22.89282220902374,-43.145000281609725,265.3,8.7,0.296583325,0.0281443596,1.0
,710020960,-22.89282220902374,-43.145000281609725,265.3,8.7,0.296583325,0.0281443596,1.0
,710020960,-22.89282220902374,-43.145000281609725,265.3,8.7,0.296583325,0.0281443596,1.0
,710020960,-22.89282220902374,-43.145000281609725,265.3,8.7,0.296583325,0.0281443596,1.0
,710020960,-22.89282220902374,-43.145000281609725,265.3,8.7,0.296583325,0.0281443596,1.0
,710020960,-22.89282220902374,-43.145000281609725,265.3,8.7,0.296583325,0.0281443596,1.0
,710020960,-22.89282220902374,-43.145000281609725,265.3,8.7,0.296583325,0.0281443596,1.0
,710020960,-22.89282602725475,-43.145043702004074,265.3,8.7,0.296583325,0.0281443596,1.0
,710020960,-22.89282602725475,-43.145043702004074,265.3,8.7,0.296583325,0.0281443596,1.0
,710020960,-22.89282602725475,-43.145043702004074,265.3,8.7,0.296583325,0.0281443596,1.0
,710020960,-22.89282602725475,-43.145043702004074,265.3,8.7,0.296583325,0.0281443596,1.0
,710020960,-22.89282602725475,-43.145043702004074,265.3,8.7,0.296583325,0.0281443596,1.0
,710020960,-22.89282602725475,-43.145043702004074,265.3,8.7,0.296583325,0.0281443596,1.0
,710020960,-22.89282602725475,-43.145043702004074,265.3,8.7,0.296583325,0.0281443596,1.0
,710020960,-22.89282602725475,-43.145043702004074,265.3,8.7,0.296583325,0.0281443596,1.0
,710020960,-22.89282602725475,-43.145043702004074,265.3,8.7,0.296583325,0.0281443596,1.0
,710020960,-22.89282602725475,-43.145043702004074,265.3,8.7,0.296583325,0.0281443596,1.0
,710020960,-22.89282602725475,-43.145043702004074,265.3,8.7,0.296583325,0.0281443596,1.0
,710020960,-22.89282602725475,-43.145043702004074,265.3,8.7,0.296583325,0.0281443596,1.0
,710020960,-22.89282602725475,-43.145043702004074,265.3,8.7,0.296583325,0.0281443596,1.0
,710020960,-22.89282602725475,-43.145043702004074,265.3,8.7,0.296583325,0.0281443596,1.0
,710020960,-22.89282984547405,-43.14508712240176,265.3,8.7,0.296583325,0.0281443596,1.0
,710020960,-22.89282984547405,-43.14508712240176,265.3,8.7,0.296583325,0.0281443596,1.0
,710020960,-22.89282984547405,-43.14508712240176,265.3,8.7,0.296583325,0.0281443596,1.0
,710020960,-22.89282984547405,-43.14508712240176,265.3,8.7,0.296583325,0.0281443596,1.0
,710020960,-22.89282984547405,-43.14508712240176,265.3,8.7,0.296583325,0.0281443596,1.0
,710020960,-22.89282984547405,-43.14508712240176,265.3,8.7,0.296583325,0.0281443596,1.0
,710020960,-22.89283366368164,-43.145130542802775,265.3,8.7,0.296583325,0.0281443596,1.0
,710020960,-22.89283366368164,-43.145130542802775,265.3,8.7,0.296583325,0.0281443596,1.0
,710020960,-22.89283366368164,-43.145130542802775,265.3,8.7,0.296583325,0.0281443596,1.0
,710020960,-22.89283366368164,-43.145130542802775,265.3,8.7,0.296583325,0.0281443596,1.0
,710020960,-22.89283366368164,-43.145130542802775,265.3,8.7,0.296583325,0.0281443596,1.0
,710020960,-22.89283366368164,-43.145130542802775,265.3,8.7,0.296144456,0.0281443596,1.0
,710020960,-22.89283366368164,-43.145130542802775,265.3,8.7,0.296144456,0.0281443596,1.0
,710020960,-22.89283366368164,-43.145130542802775,265.3,8.7,0.296144456,0.0281443596,1.0
,710020960,-22.89283366368164,-43.145130542802775,265.3,8.7,0.296144456,0.0281443596,1.0
,710020960,-22.89283366368164,-43.145130542802775,265.3,8.7,0.296144456,0.0281443596,1.0
,710020960,-22.89283366368164,-43.145130542802775,265.3,8.7,0.296144456,0.0281443596,1.0
,710020960,-22.89283366368164,-43.145130542802775,265.3,8.7,0.296144456,0.0281443596,1.0
,710020960,-22.89283366368164,-43.145130542802775,265.3,8.7,0.296144456,0.0281443596,1.0
,710020960,-22.89283366368164,-43.145130542802775,265.3,8.7,0.296144456,0.0281443596,1.0
,710020960,-22.89283366368164,-43.145130542802775,265.3,8.7,0.296144456,0.0281443596,1.0
,710020960,-22.892837481877514,-43.14517396320712,265.3,8.7,0.296144456,0.0281443596,1.0
,710020960,-22.892837481877514,-43.14517396320712,265.3,8.7,0.296144456,0.0281443596,1.0
,710020960,-22.892837481877514,-43.14517396320712,265.3,8.7,0.296144456,0.0281443596,1.0
,710020960,-22.892837481877514,-43.14517396320712,265.3,8.7,0.296144456,0.0281443596,1.0
,710020960,-22.892837481877514,-43.14517396320712,265.3,8.7,0.296144456,0.0281443596,1.0
,710020960,-22.892837481877514,-43.14517396320712,265.3,8.7,0.296144456,0.0281443596,1.0
,710020960,-22.892837481877514,-43.14517396320712,265.3,8.7,0.296144456,0.0281443596,1.0
,710020960,-22.892837481877514,-43.14517396320712,265.3,8.7,0.296144456,0.0281443596,1.0
,710020960,-22.892837481877514,-43.14517396320712,265.3,8.7,0.296144456,0.0281443596,1.0
,710020960,-22.892837481877514,-43.14517396320712,265.3,8.7,0.296144456,0.0281443596,1.0
,710020960,-22.892837481877514,-43.14517396320712,265.3,8.7,0.296144456,0.0281443596,1.0
,710020960,-22.892837481877514,-43.14517396320712,265.3,8.7,0.296144456,0.0281443596,1.0
,710020960,-22.892837481877514,-43.14517396320712,265.3,8.7,0.296144456,0.0281443596,1.0
,710020960,-22.892837481877514,-43.14517396320712,265.3,8.7,0.296144456,0.0281443596,1.0
,710020960,-22.892837481877514,-43.14517396320712,265.3,8.7,0.296144456,0.0281443596,1.0
,710020960,-22.892841300061683,-43.145217383614806,265.3,8.7,0.296144456,0.0281443596,1.0
,710020960,-22.892841300061683,-43.145217383614806,265.3,8.7,0.296144456,0.0281443596,1.0
,710020960,-22.892841300061683,-43.145217383614806,265.3,8.7,0.296144456,0.0281443596,1.0
,710020960,-22.892841300061683,-43.145217383614806,265.3,8.7,0.296144456,0.0281443596,1.0
,710020960,-22.892841300061683,-43.145217383614806,265.3,8.7,0.296144456,0.0281443596,1.0
,710020960,-22.892841300061683,-43.145217383614806,265.3,8.7,0.296144456,0.0281443596,1.0
,710020960,-22.892841300061683,-43.145217383614806,265.3,8.7,0.296144456,0.0281443596,1.0
,710020960,-22.892841300061683,-43.145217383614806,265.3,8.7,0.296144456,0.0281443596,1.0
,710020960,-22.892841300061683,-43.145217383614806,265.3,8.7,0.296144456,0.0281443596,1.0
,710020960,-22.892841300061683,-43.145217383614806,265.3,8.7,0.296144456,0.0281443596,1.0
,710020960,-22.892841300061683,-43.145217383614806,265.3,8.7,0.296144456,0.0281443596,1.0
,710020960,-22.892841300061683,-43.145217383614806,265.3,8.7,0.296144456,0.0281443596,1.0
,710020960,-22.892841300061683,-43.145217383614806,265.3,8.7,0.294827789,0.0281443596,1.0
,710020960,-22.892841300061683,-43.145217383614806,265.3,8.7,0.294805557,0.0281221867,1.0
,710020960,-22.892841300061683,-43.145217383614806,265.3,8.7,0.294805557,0.0281221867,1.0
,710020960,-22.89284511823413,-43.14526080402582,265.3,8.7,0.294805557,0.0281221867,1.0
,710020960,-22.89284511823413,-43.14526080402582,265.3,8.7,0.294805557,0.0281221867,1.0
,710020960,-22.89284511823413,-43.14526080402582,265.3,8.7,0.294805557,0.0281221867,1.0
,710020960,-22.89284511823413,-43.14526080402582,265.3,8.7,0.294805557,0.0281221867,1.0
,710020960,-22.89284511823413,-43.14526080402582,265.3,8.7,0.294805557,0.0281221867,1.0
,710020960,-22.89284511823413,-43.14526080402582,265.3,8.7,0.294805557,0.0281221867,1.0
,710020960,-22.89284511823413,-43.14526080402582,265.3,8.7,0.294805557,0.0281221867,1.0
,710020960,-22.89284511823413,-43.14526080402582,265.3,8.7,0.294805557,0.0281221867,1.0
,710020960,-22.89284511823413,-43.14526080402582,265.3,8.7,0.294805557,0.0281221867,1.0
,710020960,-22.89284511823413,-43.14526080402582,265.3,8.7,0.294805557,0.0281221867,1.0
,710020960,-22.89284511823413,-43.14526080402582,265.3,8.7,0.294805557,0.0281221867,1.0
,710020960,-22.89284511823413,-43.14526080402582,265.3,8.7,0.294805557,0.0281221867,1.0
,710020960,-22.89284511823413,-43.14526080402582,265.3,8.7,0.294805557,0.0281221867,1.0
,710020960,-22.89284511823413,-43.14526080402582,265.3,8.7,0.294805557,0.0281221867,1.0
,710020960,-22.89284511823413,-43.14526080402582,265.3,8.7,0.294805557,0.0281221867,1.0
,710020960,-22.892848936394874,-43.14530422444017,265.3,8.7,0.294805557,0.0281221867,1.0
,710020960,-22.892848936394874,-43.14530422444017,265.3,8.7,0.294805557,0.0281221867,1.0
,710020960,-22.892848936394874,-43.14530422444017,265.3,8.7,0.294805557,0.0281221867,1.0
,710020960,-22.892848936394874,-43.14530422444017,265.3,8.7,0.294805557,0.0281221867,1.0
,710020960,-22.892848936394874,-43.14530422444017,265.3,8.7,0.294805557,0.0281221867,1.0
,710020960,-22.892848936394874,-43.14530422444017,265.3,8.7,0.294805557,0.0281221867,1.0
,710020960,-22.892848936394874,-43.14530422444017,265.3,8.7,0.294805557,0.0281221867,1.0
,710020960,-22.892848936394874,-43.14530422444017,265.3,8.7,0.294805557,0.0281221867,1.0
,710020960,-22.892848936394874,-43.14530422444017,265.3,8.7,0.294805557,0.0281221867,1.0
,710020960,-22.892848936394874,-43.14530422444017,265.3,8.7,0.294805557,0.0281221867,1.0
,710020960,-22.892848936394874,-43.14530422444017,265.3,8.7,0.294805557,0.0281221867,1.0
,710020960,-22.892848936394874,-43.14530422444017,265.3,8.7,0.294805557,0.0281221867,1.0
,710020960,-22.892848936394874,-43.14530422444017,265.3,8.7,0.294805557,0.0281221867,1.0
,710020960,-22.892848936394874,-43.14530422444017,265.3,8.7,0.294805557,0.0281221867,1.0
,710020960,-22.892848936394874,-43.14530422444017,265.3,8.7,0.294805557,0.0281221867,1.0
,710020960,-22.892848936394874,-43.14530422444017,265.3,8.7,0.294805557,0.0281221867,1.0
,710020960,-22.892852754543892,-43.14534764485786,265.3,8.7,0.294805557,0.0281221867,1.0
,710020960,-22.892852754543892,-43.14534764485786,265.3,8.7,0.294805557,0.0281221867,1.0
,710020960,-22.892852754543892,-43.14534764485786,265.3,8.7,0.294805557,0.0281221867,1.0
,710020960,-22.892852754543892,-43.14534764485786,265.3,8.7,0.294805557,0.0281221867,1.0
,710020960,-22.892852754543892,-43.14534764485786,265.3,8.7,0.294805557,0.0281221867,1.0
,710020960,-22.892852754543892,-43.14534764485786,265.3,8.7,0.294805557,0.0281221867,1.0
,710020960,-22.892852754543892,-43.14534764485786,265.3,8.7,0.294805557,0.0281221867,1.0
,710020960,-22.892852754543892,-43.14534764485786,265.3,8.7,0.294805557,0.0281221867,1.0
,710020960,-22.892852754543892,-43.14534764485786,265.3,8.7,0.294805557,0.0281221867,1.0
,710020960,-22.892852754543892,-43.14534764485786,265.3,8.7,0.294805557,0.0281221867,1.0
,710020960,-22.892852754543892,-43.14534764485786,265.3,8.7,0.294805557,0.0281221867,1.0
,710020960,-22.892852754543892,-43.14534764485786,265.3,8.7,0.293672234,0.0281221867,1.0
,710020960,-22.892852754543892,-43.14534764485786,265.3,8.7,0.293455541,0.0281000137,1.0
,710020960,-22.892852754543892,-43.14534764485786,265.3,8.7,0.293455541,0.0281000137,1.0
,710020960,-22.892856572681207,-43.145391065278865,265.3,8.7,0.293455541,0.0281000137,1.0
,710020960,-22.892856572681207,-43.145391065278865,265.3,8.7,0.293455541,0.0281000137,1.0
,710020960,-22.892856572681207,-43.145391065278865,265.3,8.7,0.293455541,0.0281000137,1.0
,710020960,-22.892856572681207,-43.145391065278865,265.3,8.7,0.293455541,0.0281000137,1.0
,710020960,-22.892856572681207,-43.145391065278865,265.3,8.7,0.293455541,0.0281000137,1.0
,710020960,-22.892856572681207,-43.145391065278865,265.3,8.7,0.293455541,0.0281000137,1.0
,710020960,-22.892856572681207,-43.145391065278865,265.3,8.7,0.293455541,0.0281000137,1.0
,710020960,-22.892856572681207,-43.145391065278865,265.3,8.7,0.293455541,0.0281000137,1.0
,710020960,-22.892856572681207,-43.145391065278865,265.3,8.7,0.293455541,0.0281000137,1.0
,710020960,-22.892856572681207,-43.145391065278865,265.3,8.7,0.293455541,0.0281000137,1.0
,710020960,-22.892856572681207,-43.145391065278865,265.3,8.7,0.293455541,0.0281000137,1.0
,710020960,-22.892856572681207,-43.145391065278865,265.3,8.7,0.293455541,0.0281000137,1.0
,710020960,-22.892856572681207,-43.145391065278865,265.3,8.7,0.293455541,0.0281000137,1.0
,710020960,-22.892856572681207,-43.145391065278865,265.3,8.7,0.293455541,0.0281000137,1.0
,710020960,-22.892856572681207,-43.145391065278865,265.3,8.7,0.293455541,0.0281000137,1.0
,710020960,-22.892860390806813,-43.14543448570321,265.3,8.7,0.293455541,0.0281000137,1.0
,710020960,-22.892860390806813,-43.14543448570321,265.3,8.7,0.293455541,0.0281000137,1.0
,710020960,-22.892860390806813,-43.14543448570321,265.3,8.7,0.293455541,0.0281000137,1.0
,710020960,-22.892860390806813,-43.14543448570321,265.3,8.7,0.293455541,0.0281000137,1.0
,710020960,-22.892860390806813,-43.14543448570321,265.3,8.7,0.293455541,0.0281000137,1.0
,710020960,-22.892860390806813,-43.14543448570321,265.3,8.7,0.293455541,0.0281000137,1.0
,710020960,-22.892860390806813,-43.14543448570321,265.3,8.7,0.293455541,0.0281000137,1.0
,710020960,-22.892860390806813,-43.14543448570321,265.3,8.7,0.293455541,0.0281000137,1.0
,710020960,-22.892860390806813,-43.14543448570321,265.3,8.7,0.293455541,0.0281000137,1.0
,710020960,-22.892858622725857,-43.14553512302283,265.9,8.9,0.293455541,0.0281000137,1.0
,710020960,-22.892858622725857,-43.14553512302283,265.9,8.9,0.293455541,0.0281000137,1.0
,710020960,-22.892858622725857,-43.14553512302283,265.9,8.9,0.293455541,0.0281000137,1.0
,710020960,-22.892858622725857,-43.14553512302283,265.9,8.9,0.293455541,0.0281000137,1.0
,710020960,-22.892858622725857,-43.14553512302283,265.9,8.9,0.293455541,0.0281000137,1.0
,710020960,-22.892858622725857,-43.14553512302283,265.9,8.9,0.293455541,0.0281000137,1.0
,710020960,-22.892858622725857,-43.14553512302283,265.9,8.9,0.293455541,0.0281000137,1.0
,710020960,-22.892858622725857,-43.14553512302283,265.9,8.9,0.293455541,0.0281000137,1.0
,710020960,-22.892862097414703,-43.1455795833361,265.9,8.9,0.293455541,0.0281000137,1.0
,710020960,-22.892862097414703,-43.1455795833361,265.9,8.9,0.293455541,0.0281000137,1.0
,710020960,-22.892862097414703,-43.1455795833361,265.9,8.9,0.293455541,0.0281000137,1.0
,710020960,-22.892862097414703,-43.1455795833361,265.9,8.9,0.293455541,0.0281000137,1.0
,710020960,-22.892862097414703,-43.1455795833361,265.9,8.9,0.291361123,0.0280666351,1.0
,710020960,-22.892862097414703,-43.1455795833361,265.9,8.9,0.291361123,0.0280666351,1.0
,710020960,-22.892862097414703,-43.1455795833361,265.9,8.9,0.291361123,0.0280666351,1.0
,710020960,-22.892862097414703,-43.1455795833361,265.9,8.9,0.291361123,0.0280666351,1.0
,710020960,-22.892862097414703,-43.1455795833361,265.9,8.9,0.291361123,0.0280666351,1.0
,710020960,-22.892862097414703,-43.1455795833361,265.9,8.9,0.291361123,0.0280666351,1.0
,710020960,-22.892862097414703,-43.1455795833361,265.9,8.9,0.291361123,0.0280666351,1.0
,710020960,-22.892862097414703,-43.1455795833361,265.9,8.9,0.291361123,0.0280666351,1.0
,710020960,-22.892862097414703,-43.1455795833361,265.9,8.9,0.291361123,0.0280666351,1.0
,710020960,-22.892862097414703,-43.1455795833361,265.9,8.9,0.291361123,0.0280666351,1.0
,710020960,-22.892862097414703,-43.1455795833361,265.9,8.9,0.291361123,0.0280666351,1.0
,710020960,-22.892865572091246,-43.14562404365258,265.9,8.9,0.291361123,0.0280666351,1.0
,710020960,-22.892865572091246,-43.14562404365258,265.9,8.9,0.291361123,0.0280666351,1.0
,710020960,-22.892865572091246,-43.14562404365258,265.9,8.9,0.291361123,0.0280666351,1.0
,710020960,-22.892865572091246,-43.14562404365258,265.9,8.9,0.291361123,0.0280666351,1.0
,710020960,-22.892865572091246,-43.14562404365258,265.9,8.9,0.291361123,0.0280666351,1.0
,710020960,-22.892865572091246,-43.14562404365258,265.9,8.9,0.291361123,0.0280666351,1.0
,710020960,-22.892865572091246,-43.14562404365258,265.9,8.9,0.291361123,0.0280666351,1.0
,710020960,-22.892865572091246,-43.14562404365258,265.9,8.9,0.291361123,0.0280666351,1.0
,710020960,-22.892865572091246,-43.14562404365258,265.9,8.9,0.291361123,0.0280666351,1.0
,710020960,-22.892865572091246,-43.14562404365258,265.9,8.9,0.291361123,0.0280666351,1.0
,710020960,-22.892865572091246,-43.14562404365258,265.9,8.9,0.291361123,0.0280666351,1.0
,710020960,-22.892865572091246,-43.14562404365258,265.9,8.9,0.291361123,0.0280666351,1.0
,710020960,-22.892865572091246,-43.14562404365258,265.9,8.9,0.291361123,0.0280666351,1.0
,710020960,-22.892865572091246,-43.14562404365258,265.9,8.9,0.291361123,0.0280666351,1.0
,710020960,-22.892865572091246,-43.14562404365258,265.9,8.9,0.291361123,0.0280666351,1.0
,710020960,-22.892865572091246,-43.14562404365258,265.9,8.9,0.291361123,0.0280666351,1.0
,710020960,-22.892869046755496,-43.145668503972274,265.9,8.9,0.291361123,0.0280666351,1.0
,710020960,-22.892869046755496,-43.145668503972274,265.9,8.9,0.291361123,0.0280666351,1.0
,710020960,-22.892869046755496,-43.145668503972274,265.9,8.9,0.291361123,0.0280666351,1.0
,710020960,-22.892869046755496,-43.145668503972274,265.9,8.9,0.291361123,0.0280666351,1.0
,710020960,-22.892869046755496,-43.145668503972274,265.9,8.9,0.291361123,0.0280666351,1.0
,710020960,-22.892869046755496,-43.145668503972274,265.9,8.9,0.291361123,0.0280666351,1.0
,710020960,-22.892869046755496,-43.145668503972274,265.9,8.9,0.291361123,0.0280666351,1.0
,710020960,-22.892869046755496,-43.145668503972274,265.9,8.9,0.291361123,0.0280666351,1.0
,710020960,-22.892869046755496,-43.145668503972274,265.9,8.9,0.291361123,0.0280666351,1.0
,710020960,-22.892869046755496,-43.145668503972274,265.9,8.9,0.291361123,0.0280666351,1.0
,710020960,-22.892869046755496,-43.145668503972274,265.9,8.9,0.291361123,0.0280666351,1.0
,710020960,-22.892869046755496,-43.145668503972274,265.9,8.9,0.291361123,0.0280666351,1.0
,710020960,-22.892869046755496,-43.145668503972274,265.9,8.9,0.291361123,0.0280666351,1.0
,710020960,-22.892869046755496,-43.145668503972274,265.9,8.9,0.291361123,0.0280666351,1.0
,710020960,-22.892869046755496,-43.145668503972274,265.9,8.9,0.291361123,0.0280666351,1.0
,710020960,-22.89287252140745,-43.14571296429518,265.9,8.9,0.291361123,0.0280666351,1.0
,710020960,-22.89287252140745,-43.14571296429518,265.9,8.9,0.291361123,0.0280666351,1.0
,710020960,-22.89287252140745,-43.14571296429518,265.9,8.9,0.291361123,0.0280666351,1.0
,710020960,-22.89287252140745,-43.14571296429518,265.9,8.9,0.289950013,0.0280444622,1.0
,710020960,-22.89287252140745,-43.14571296429518,265.9,8.9,0.289950013,0.0280444622,1.0
,710020960,-22.89287252140745,-43.14571296429518,265.9,8.9,0.289950013,0.0280444622,1.0
,710020960,-22.89287252140745,-43.14571296429518,265.9,8.9,0.289950013,0.0280444622,1.0
,710020960,-22.89287252140745,-43.14571296429518,265.9,8.9,0.289950013,0.0280444622,1.0
,710020960,-22.89287252140745,-43.14571296429518,265.9,8.9,0.289950013,0.0280444622,1.0
,710020960,-22.89287252140745,-43.14571296429518,265.9,8.9,0.289950013,0.0280444622,1.0
,710020960,-22.89287252140745,-43.14571296429518,265.9,8.9,0.289950013,0.0280444622,1.0
,710020960,-22.89287252140745,-43.14571296429518,265.9,8.9,0.289950013,0.0280444622,1.0
,710020960,-22.89287252140745,-43.14571296429518,265.9,8.9,0.289950013,0.0280444622,1.0
,710020960,-22.89287252140745,-43.14571296429518,265.9,8.9,0.289950013,0.0280444622,1.0
,710020960,-22.89287252140745,-43.14571296429518,265.9,8.9,0.289950013,0.0280444622,1.0
,710020960,-22.892875996047103,-43.1457574246213,265.9,8.9,0.289950013,0.0280444622,1.0
,710020960,-22.892875996047103,-43.1457574246213,265.9,8.9,0.289950013,0.0280444622,1.0
,710020960,-22.892875996047103,-43.1457574246213,265.9,8.9,0.289950013,0.0280444622,1.0
,710020960,-22.892875996047103,-43.1457574246213,265.9,8.9,0.289950013,0.0280444622,1.0
,710020960,-22.892875996047103,-43.1457574246213,265.9,8.9,0.289950013,0.0280444622,1.0
,710020960,-22.892875996047103,-43.1457574246213,265.9,8.9,0.289950013,0.0280444622,1.0
,710020960,-22.892875996047103,-43.1457574246213,265.9,8.9,0.289950013,0.0280444622,1.0
,710020960,-22.892875996047103,-43.1457574246213,265.9,8.9,0.289950013,0.0280444622,1.0
,710020960,-22.892875996047103,-43.1457574246213,265.9,8.9,0.289950013,0.0280444622,1.0
,710020960,-22.892875996047103,-43.1457574246213,265.9,8.9,0.289950013,0.0280444622,1.0
,710020960,-22.892875996047103,-43.1457574246213,265.9,8.9,0.289950013,0.0280444622,1.0
,710020960,-22.892875996047103,-43.1457574246213,265.9,8.9,0.289950013,0.0280444622,1.0
,710020960,-22.892875996047103,-43.1457574246213,265.9,8.9,0.289950013,0.0280444622,1.0
,710020960,-22.892875996047103,-43.1457574246213,265.9,8.9,0.289950013,0.0280444622,1.0
,710020960,-22.89287947067446,-43.14580188495063,265.9,8.9,0.289950013,0.0280444622,1.0
,710020960,-22.89287947067446,-43.14580188495063,265.9,8.9,0.289950013,0.0280444622,1.0
,710020960,-22.89287947067446,-43.14580188495063,265.9,8.9,0.289950013,0.0280444622,1.0
,710020960,-22.89287947067446,-43.14580188495063,265.9,8.9,0.289950013,0.0280444622,1.0
,710020960,-22.89287947067446,-43.14580188495063,265.9,8.9,0.289950013,0.0280444622,1.0
,710020960,-22.89287947067446,-43.14580188495063,265.9,8.9,0.289950013,0.0280444622,1.0
,710020960,-22.89287947067446,-43.14580188495063,265.9,8.9,0.289950013,0.0280444622,1.0
,710020960,-22.89287947067446,-43.14580188495063,265.9,8.9,0.289950013,0.0280444622,1.0
,710020960,-22.89287947067446,-43.14580188495063,265.9,8.9,0.289950013,0.0280444622,1.0
,710020960,-22.89287947067446,-43.14580188495063,265.9,8.9,0.289950013,0.0280444622,1.0
,710020960,-22.89287947067446,-43.14580188495063,265.9,8.9,0.289950013,0.0280444622,1.0
,710020960,-22.89287947067446,-43.14580188495063,265.9,8.9,0.289950013,0.0280444622,1.0
,710020960,-22.89287947067446,-43.14580188495063,265.9,8.9,0.289950013,0.0280444622,1.0
,710020960,-22.89287947067446,-43.14580188495063,265.9,8.9,0.289950013,0.0280444622,1.0
,710020960,-22.892882945289518,-43.145846345283175,265.9,8.9,0.289950013,0.0280444622,1.0
,710020960,-22.892882945289518,-43.145846345283175,265.9,8.9,0.289950013,0.0280444622,1.0
,710020960,-22.892882945289518,-43.145846345283175,265.9,8.9,0.289950013,0.0280444622,1.0
,710020960,-22.892882945289518,-43.145846345283175,265.9,8.9,0.289950013,0.0280444622,1.0
,710020960,-22.892882945289518,-43.145846345283175,265.9,8.9,0.28853333,0.0280222893,1.0
,710020960,-22.892882945289518,-43.145846345283175,265.9,8.9,0.28853333,0.0280222893,1.0
,710020960,-22.892882945289518,-43.145846345283175,265.9,8.9,0.28853333,0.0280222893,1.0
,710020960,-22.892882945289518,-43.145846345283175,265.9,8.9,0.28853333,0.0280222893,1.0
,710020960,-22.892882945289518,-43.145846345283175,265.9,8.9,0.28853333,0.0280222893,1.0
,710020960,-22.892882945289518,-43.145846345283175,265.9,8.9,0.28853333,0.0280222893,1.0
,710020960,-22.892882945289518,-43.145846345283175,265.9,8.9,0.28853333,0.0280222893,1.0
,710020960,-22.892882945289518,-43.145846345283175,265.9,8.9,0.28853333,0.0280222893,1.0
,710020960,-22.892882945289518,-43.145846345283175,265.9,8.9,0.28853333,0.0280222893,1.0
,710020960,-22.892882945289518,-43.145846345283175,265.9,8.9,0.28853333,0.0280222893,1.0
,710020960,-22.892882945289518,-43.145846345283175,265.9,8.9,0.28853333,0.0280222893,1.0
,710020960,-22.892886419892275,-43.145890805618926,265.9,8.9,0.28853333,0.0280222893,1.0
,710020960,-22.892886419892275,-43.145890805618926,265.9,8.9,0.28853333,0.0280222893,1.0
,710020960,-22.892886419892275,-43.145890805618926,265.9,8.9,0.28853333,0.0280222893,1.0
,710020960,-22.892886419892275,-43.145890805618926,265.9,8.9,0.28853333,0.0280222893,1.0
,710020960,-22.892886419892275,-43.145890805618926,265.9,8.9,0.28853333,0.0280222893,1.0
,710020960,-22.892886419892275,-43.145890805618926,265.9,8.9,0.28853333,0.0280222893,1.0
,710020960,-22.892886419892275,-43.145890805618926,265.9,8.9,0.28853333,0.0280222893,1.0
,710020960,-22.892886419892275,-43.145890805618926,265.9,8.9,0.28853333,0.0280222893,1.0
,710020960,-22.892886419892275,-43.145890805618926,265.9,8.9,0.28853333,0.0280222893,1.0
,710020960,-22.892886419892275,-43.145890805618926,265.9,8.9,0.28853333,0.0280222893,1.0
,710020960,-22.892886419892275,-43.145890805618926,265.9,8.9,0.28853333,0.0280222893,1.0
,710020960,-22.892889071813464,-43.146062172231964,265.9,8.9,0.28853333,0.0280222893,1.0
,710020960,-22.892889071813464,-43.146062172231964,265.9,8.9,0.28853333,0.0280222893,1.0
,710020960,-22.892889071813464,-43.146062172231964,265.9,8.9,0.28853333,0.0280222893,1.0
,710020960,-22.892889071813464,-43.146062172231964,265.9,8.9,0.28853333,0.0280222893,1.0
,710020960,-22.892889071813464,-43.146062172231964,265.9,8.9,0.28853333,0.0280222893,1.0
,710020960,-22.892889071813464,-43.146062172231964,265.9,8.9,0.28853333,0.0280222893,1.0
,710020960,-22.892889071813464,-43.146062172231964,265.9,8.9,0.28853333,0.0280222893,1.0
,710020960,-22.892889071813464,-43.146062172231964,265.9,8.9,0.28853333,0.0280222893,1.0
,710020960,-22.892889071813464,-43.146062172231964,265.9,8.9,0.28853333,0.0280222893,1.0
,710020960,-22.892889071813464,-43.146062172231964,265.9,8.9,0.28853333,0.0280222893,1.0
,710020960,-22.892889071813464,-43.146062172231964,265.9,8.9,0.28853333,0.0280222893,1.0
,710020960,-22.892889071813464,-43.146062172231964,265.9,8.9,0.28853333,0.0280222893,1.0
,710020960,-22.892889071813464,-43.146062172231964,265.9,8.9,0.28853333,0.0280222893,1.0
,710020960,-22.892889071813464,-43.146062172231964,265.9,8.9,0.28853333,0.0280222893,1.0
,710020960,-22.892889071813464,-43.146062172231964,265.9,8.9,0.28853333,0.0280222893,1.0
,710020960,-22.892892546356293,-43.14610663257984,265.9,8.9,0.28853333,0.0280222893,1.0
,710020960,-22.892892546356293,-43.14610663257984,265.9,8.9,0.28853333,0.0280222893,1.0
,710020960,-22.892892546356293,-43.14610663257984,265.9,8.9,0.28853333,0.0280222893,1.0
,710020960,-22.892892546356293,-43.14610663257984,265.9,8.9,0.28853333,0.0280222893,1.0
,710020960,-22.892892546356293,-43.14610663257984,265.9,8.9,0.285672218,0.027977705,1.0
,710020960,-22.892892546356293,-43.14610663257984,265.9,8.9,0.285672218,0.027977705,1.0
,710020960,-22.892892546356293,-43.14610663257984,265.9,8.9,0.285672218,0.027977705,1.0
,710020960,-22.892892546356293,-43.14610663257984,265.9,8.9,0.285672218,0.027977705,1.0
,710020960,-22.892892546356293,-43.14610663257984,265.9,8.9,0.285672218,0.027977705,1.0
,710020960,-22.892892546356293,-43.14610663257984,265.9,8.9,0.285672218,0.027977705,1.0
,710020960,-22.892892546356293,-43.14610663257984,265.9,8.9,0.285672218,0.027977705,1.0
,710020960,-22.892892546356293,-43.14610663257984,265.9,8.9,0.285672218,0.027977705,1.0
,710020960,-22.892892546356293,-43.14610663257984,265.9,8.9,0.285672218,0.027977705,1.0
,710020960,-22.892892546356293,-43.14610663257984,265.9,8.9,0.285672218,0.027977705,1.0
,710020960,-22.892892546356293,-43.14610663257984,265.9,8.9,0.285672218,0.027977705,1.0
,710020960,-22.89289602088683,-43.146151092930914,265.9,8.9,0.285672218,0.027977705,1.0
,710020960,-22.89289602088683,-43.146151092930914,265.9,8.9,0.285672218,0.027977705,1.0
,710020960,-22.89289602088683,-43.146151092930914,265.9,8.9,0.285672218,0.027977705,1.0
,710020960,-22.89289602088683,-43.146151092930914,265.9,8.9,0.285672218,0.027977705,1.0
,710020960,-22.89289602088683,-43.146151092930914,265.9,8.9,0.285672218,0.027977705,1.0
,710020960,-22.89289602088683,-43.146151092930914,265.9,8.9,0.285672218,0.027977705,1.0
,710020960,-22.89289602088683,-43.146151092930914,265.9,8.9,0.285672218,0.027977705,1.0
,710020960,-22.89289602088683,-43.146151092930914,265.9,8.9,0.285672218,0.027977705,1.0
,710020960,-22.89289602088683,-43.146151092930914,265.9,8.9,0.285672218,0.027977705,1.0
,710020960,-22.89289602088683,-43.146151092930914,265.9,8.9,0.285672218,0.027977705,1.0
,710020960,-22.89289602088683,-43.146151092930914,265.9,8.9,0.285672218,0.027977705,1.0
,710020960,-22.89289602088683,-43.146151092930914,265.9,8.9,0.285672218,0.027977705,1.0
,710020960,-22.89289602088683,-43.146151092930914,265.9,8.9,0.285672218,0.027977705,1.0
,710020960,-22.89289602088683,-43.146151092930914,265.9,8.9,0.285672218,0.027977705,1.0
,710020960,-22.89289602088683,-43.146151092930914,265.9,8.9,0.285672218,0.027977705,1.0
,710020960,-22.89289949540507,-43.14619555328521,265.9,8.9,0.285672218,0.027977705,1.0
,710020960,-22.89289949540507,-43.14619555328521,265.9,8.9,0.285672218,0.027977705,1.0
,710020960,-22.89289949540507,-43.14619555328521,265.9,8.9,0.285672218,0.027977705,1.0
,710020960,-22.89289949540507,-43.14619555328521,265.9,8.9,0.285672218,0.027977705,1.0
,710020960,-22.89289949540507,-43.14619555328521,265.9,8.9,0.285672218,0.027977705,1.0
,710020960,-22.89290296991101,-43.14624001364272,265.9,8.9,0.285672218,0.027977705,1.0
,710020960,-22.89290296991101,-43.14624001364272,265.9,8.9,0.284227788,0.0279555321,1.0
,710020960,-22.89290296991101,-43.14624001364272,265.9,8.9,0.284227788,0.0279555321,1.0
,710020960,-22.89290296991101,-43.14624001364272,265.9,8.9,0.284227788,0.0279555321,1.0
,710020960,-22.89290296991101,-43.14624001364272,265.9,8.9,0.284227788,0.0279555321,1.0
,710020960,-22.892906444404648,-43.14628447400343,265.9,8.9,0.284227788,0.0279555321,1.0
,710020960,-22.892906444404648,-43.14628447400343,265.9,8.9,0.284227788,0.0279555321,1.0
,710020960,-22.892906444404648,-43.14628447400343,265.9,8.9,0.284227788,0.0279555321,1.0
,710020960,-22.892906444404648,-43.14628447400343,265.9,8.9,0.284227788,0.0279555321,1.0
,710020960,-22.892906444404648,-43.14628447400343,265.9,8.9,0.284227788,0.0279555321,1.0
,710020960,-22.892906444404648,-43.14628447400343,265.9,8.9,0.284227788,0.0279555321,1.0
,710020960,-22.892906444404648,-43.14628447400343,265.9,8.9,0.284227788,0.0279555321,1.0
,710020960,-22.892906444404648,-43.14628447400343,265.9,8.9,0.284227788,0.0279555321,1.0
,710020960,-22.892906444404648,-43.14628447400343,265.9,8.9,0.284227788,0.0279555321,1.0
,710020960,-22.892906444404648,-43.14628447400343,265.9,8.9,0.284227788,0.0279555321,1.0
,710020960,-22.892906444404648,-43.14628447400343,265.9,8.9,0.284227788,0.0279555321,1.0
,710020960,-22.892906444404648,-43.14628447400343,265.9,8.9,0.284227788,0.0279555321,1.0
,710020960,-22.892909918885987,-43.14632893436736,265.9,8.9,0.284227788,0.0279555321,1.0
,710020960,-22.892909918885987,-43.14632893436736,265.9,8.9,0.284227788,0.0279555321,1.0
,710020960,-22.892909918885987,-43.14632893436736,265.9,8.9,0.284227788,0.0279555321,1.0
,710020960,-22.892909918885987,-43.14632893436736,265.9,8.9,0.284227788,0.0279555321,1.0
,710020960,-22.892909918885987,-43.14632893436736,265.9,8.9,0.284227788,0.0279555321,1.0
,710020960,-22.892909918885987,-43.14632893436736,265.9,8.9,0.284227788,0.0279555321,1.0
,710020960,-22.892909918885987,-43.14632893436736,265.9,8.9,0.284227788,0.0279555321,1.0
,710020960,-22.892909918885987,-43.14632893436736,265.9,8.9,0.284227788,0.0279555321,1.0
,710020960,-22.892909918885987,-43.14632893436736,265.9,8.9,0.284227788,0.0279555321,1.0
,710020960,-22.892909918885987,-43.14632893436736,265.9,8.9,0.284227788,0.0279555321,1.0
,710020960,-22.892909918885987,-43.14632893436736,265.9,8.9,0.284227788,0.0279555321,1.0
,710020960,-22.892909918885987,-43.14632893436736,265.9,8.9,0.284227788,0.0279555321,1.0
,710020960,-22.892909918885987,-43.14632893436736,265.9,8.9,0.284227788,0.0279555321,1.0
,710020960,-22.892909918885987,-43.14632893436736,265.9,8.9,0.284227788,0.0279555321,1.0
,710020960,-22.892909918885987,-43.14632893436736,265.9,8.9,0.284227788,0.0279555321,1.0
,710020960,-22.89291339335503,-43.146373394734496,265.9,8.9,0.284227788,0.0279555321,1.0
,710020960,-22.89291339335503,-43.146373394734496,265.9,8.9,0.284227788,0.0279555321,1.0
,710020960,-22.89291339335503,-43.146373394734496,265.9,8.9,0.284227788,0.0279555321,1.0
,710020960,-22.89291339335503,-43.146373394734496,265.9,8.9,0.284227788,0.0279555321,1.0
,710020960,-22.89291339335503,-43.146373394734496,265.9,8.9,0.284227788,0.0279555321,1.0
,710020960,-22.89291339335503,-43.146373394734496,265.9,8.9,0.282772213,0.0279333591,1.0
,710020960,-22.89291339335503,-43.146373394734496,265.9,8.9,0.282772213,0.0279333591,1.0
,710020960,-22.89291686781177,-43.14641785510486,265.9,8.9,0.282772213,0.0279333591,1.0
,710020960,-22.89291686781177,-43.14641785510486,265.9,8.9,0.282772213,0.0279333591,1.0
,710020960,-22.89291686781177,-43.14641785510486,265.9,8.9,0.282772213,0.0279333591,1.0
,710020960,-22.89291686781177,-43.14641785510486,265.9,8.9,0.282772213,0.0279333591,1.0
,710020960,-22.89291686781177,-43.14641785510486,265.9,8.9,0.282772213,0.0279333591,1.0
,710020960,-22.89291686781177,-43.14641785510486,265.9,8.9,0.282772213,0.0279333591,1.0
,710020960,-22.89291686781177,-43.14641785510486,265.9,8.9,0.282772213,0.0279333591,1.0
,710020960,-22.89291686781177,-43.14641785510486,265.9,8.9,0.282772213,0.0279333591,1.0
,710020960,-22.89291686781177,-43.14641785510486,265.9,8.9,0.282772213,0.0279333591,1.0
,710020960,-22.89291686781177,-43.14641785510486,265.9,8.9,0.282772213,0.0279333591,1.0
,710020960,-22.89291686781177,-43.14641785510486,265.9,8.9,0.282772213,0.0279333591,1.0
,710020960,-22.89291686781177,-43.14641785510486,265.9,8.9,0.282772213,0.0279333591,1.0
,710020960,-22.89291686781177,-43.14641785510486,265.9,8.9,0.282772213,0.0279333591,1.0
,710020960,-22.89291686781177,-43.14641785510486,265.9,8.9,0.282772213,0.0279333591,1.0
,710020960,-22.89291686781177,-43.14641785510486,265.9,8.9,0.282772213,0.0279333591,1.0
,710020960,-22.892920342256218,-43.14646231547842,265.9,8.9,0.282772213,0.0279333591,1.0
,710020960,-22.892920342256218,-43.14646231547842,265.9,8.9,0.282772213,0.0279333591,1.0
,710020960,-22.892920342256218,-43.14646231547842,265.9,8.9,0.282772213,0.0279333591,1.0
,710020960,-22.892920342256218,-43.14646231547842,265.9,8.9,0.282772213,0.0279333591,1.0
,710020960,-22.892920342256218,-43.14646231547842,265.9,8.9,0.282772213,0.0279333591,1.0
,710020960,-22.892920342256218,-43.14646231547842,265.9,8.9,0.282772213,0.0279333591,1.0
,710020960,-22.892920342256218,-43.14646231547842,265.9,8.9,0.282772213,0.0279333591,1.0
,710020960,-22.892920342256218,-43.14646231547842,265.9,8.9,0.282772213,0.0279333591,1.0
,710020960,-22.892920342256218,-43.14646231547842,265.9,8.9,0.282772213,0.0279333591,1.0
,710020960,-22.892920342256218,-43.14646231547842,265.9,8.9,0.282772213,0.0279333591,1.0
,710020960,-22.892920342256218,-43.14646231547842,265.9,8.9,0.282772213,0.0279333591,1.0
,710020960,-22.892920342256218,-43.14646231547842,265.9,8.9,0.282772213,0.0279333591,1.0
,710020960,-22.892920342256218,-43.14646231547842,265.9,8.9,0.282772213,0.0279333591,1.0
,710020960,-22.892920342256218,-43.14646231547842,265.9,8.9,0.282772213,0.0279333591,1.0
,710020960,-22.892920342256218,-43.14646231547842,265.9,8.9,0.282772213,0.0279333591,1.0
,710020960,-22.89292381668837,-43.1465067758552,265.9,8.9,0.282772213,0.0279333591,1.0
,710020960,-22.89292381668837,-43.1465067758552,265.9,8.9,0.282772213,0.0279333591,1.0
,710020960,-22.89292381668837,-43.1465067758552,265.9,8.9,0.282772213,0.0279333591,1.0
,710020960,-22.89292381668837,-43.1465067758552,265.9,8.9,0.281338871,0.0279333591,1.0
,710020960,-22.89292381668837,-43.1465067758552,265.9,8.9,0.281316668,0.027911067,1.0
,710020960,-22.89292381668837,-43.1465067758552,265.9,8.9,0.281316668,0.027911067,1.0
,710020960,-22.89292381668837,-43.1465067758552,265.9,8.9,0.281316668,0.027911067,1.0
,710020960,-22.892899973189493,-43.146471544308085,267.5,8.9,0.281316668,0.027911067,1.0
,710020960,-22.892899973189493,-43.146471544308085,267.5,8.9,0.281316668,0.027911067,1.0
,710020960,-22.892899973189493,-43.146471544308085,267.5,8.9,0.281316668,0.027911067,1.0
,710020960,-22.892899973189493,-43.146471544308085,267.5,8.9,0.281316668,0.027911067,1.0
,710020960,-22.892899973189493,-43.146471544308085,267.5,8.9,0.281316668,0.027911067,1.0
,710020960,-22.892899973189493,-43.146471544308085,267.5,8.9,0.281316668,0.027911067,1.0
,710020960,-22.892899973189493,-43.146471544308085,267.5,8.9,0.281316668,0.027911067,1.0
,710020960,-22.892899973189493,-43.146471544308085,267.5,8.9,0.281316668,0.027911067,1.0
,710020960,-22.892899973189493,-43.146471544308085,267.5,8.9,0.281316668,0.027911067,1.0
,710020960,-22.892899973189493,-43.146471544308085,267.5,8.9,0.281316668,0.027911067,1.0
,710020960,-22.892902296097592,-43.14651609205155,267.5,8.9,0.281316668,0.027911067,1.0
,710020960,-22.892902296097592,-43.14651609205155,267.5,8.9,0.281316668,0.027911067,1.0
,710020960,-22.892902296097592,-43.14651609205155,267.5,8.9,0.281316668,0.027911067,1.0
,710020960,-22.892902296097592,-43.14651609205155,267.5,8.9,0.281316668,0.027911067,1.0
,710020960,-22.892902296097592,-43.14651609205155,267.5,8.9,0.281316668,0.027911067,1.0
,710020960,-22.892902296097592,-43.14651609205155,267.5,8.9,0.281316668,0.027911067,1.0
,710020960,-22.892902296097592,-43.14651609205155,267.5,8.9,0.281316668,0.027911067,1.0
,710020960,-22.892902296097592,-43.14651609205155,267.5,8.9,0.281316668,0.027911067,1.0
,710020960,-22.892902296097592,-43.14651609205155,267.5,8.9,0.281316668,0.027911067,1.0
,710020960,-22.892902296097592,-43.14651609205155,267.5,8.9,0.281316668,0.027911067,1.0
,710020960,-22.892902296097592,-43.14651609205155,267.5,8.9,0.281316668,0.027911067,1.0
,710020960,-22.892902296097592,-43.14651609205155,267.5,8.9,0.281316668,0.027911067,1.0
,710020960,-22.892902296097592,-43.14651609205155,267.5,8.9,0.281316668,0.027911067,1.0
,710020960,-22.892902296097592,-43.14651609205155,267.5,8.9,0.281316668,0.027911067,1.0
,710020960,-22.892902296097592,-43.14651609205155,267.5,8.9,0.281316668,0.027911067,1.0
,710020960,-22.892902296097592,-43.14651609205155,267.5,8.9,0.281316668,0.027911067,1.0
,710020960,-22.892902296097592,-43.14651609205155,267.5,8.9,0.281316668,0.027911067,1.0
,710020960,-22.892904618993303,-43.14656063979748,267.5,8.9,0.281316668,0.027911067,1.0
,710020960,-22.892904618993303,-43.14656063979748,267.5,8.9,0.281316668,0.027911067,1.0
,710020960,-22.892904618993303,-43.14656063979748,267.5,8.9,0.281316668,0.027911067,1.0
,710020960,-22.892904618993303,-43.14656063979748,267.5,8.9,0.281316668,0.027911067,1.0
,710020960,-22.892904618993303,-43.14656063979748,267.5,8.9,0.281316668,0.027911067,1.0
,710020960,-22.892904618993303,-43.14656063979748,267.5,8.9,0.281316668,0.027911067,1.0
,710020960,-22.892904618993303,-43.14656063979748,267.5,8.9,0.281316668,0.027911067,1.0
,710020960,-22.892904618993303,-43.14656063979748,267.5,8.9,0.281316668,0.027911067,1.0
,710020960,-22.892904618993303,-43.14656063979748,267.5,8.9,0.281316668,0.027911067,1.0
,710020960,-22.892904618993303,-43.14656063979748,267.5,8.9,0.281316668,0.027911067,1.0
,710020960,-22.892904618993303,-43.14656063979748,267.5,8.9,0.281316668,0.027911067,1.0
,710020960,-22.892904618993303,-43.14656063979748,267.5,8.9,0.280149996,0.027911067,1.0
,710020960,-22.892904618993303,-43.14656063979748,267.5,8.9,0.28003332,0.0278999805,1.0
,710020960,-22.892904618993303,-43.14656063979748,267.5,8.9,0.28003332,0.0278999805,1.0
,710020960,-22.892904618993303,-43.14656063979748,267.5,8.9,0.28003332,0.0278999805,1.0
,710020960,-22.892906941876607,-43.14660518754589,267.5,8.9,0.28003332,0.0278999805,1.0
,710020960,-22.892906941876607,-43.14660518754589,267.5,8.9,0.28003332,0.0278999805,1.0
,710020960,-22.892906941876607,-43.14660518754589,267.5,8.9,0.28003332,0.0278999805,1.0
,710020960,-22.892906941876607,-43.14660518754589,267.5,8.9,0.28003332,0.0278999805,1.0
,710020960,-22.892906941876607,-43.14660518754589,267.5,8.9,0.28003332,0.0278999805,1.0
,710020960,-22.892906941876607,-43.14660518754589,267.5,8.9,0.28003332,0.0278999805,1.0
,710020960,-22.892906941876607,-43.14660518754589,267.5,8.9,0.28003332,0.0278999805,1.0
,710020960,-22.892906941876607,-43.14660518754589,267.5,8.9,0.28003332,0.0278999805,1.0
,710020960,-22.892906941876607,-43.14660518754589,267.5,8.9,0.28003332,0.0278999805,1.0
,710020960,-22.892906941876607,-43.14660518754589,267.5,8.9,0.28003332,0.0278999805,1.0
,710020960,-22.892906941876607,-43.14660518754589,267.5,8.9,0.28003332,0.0278999805,1.0
,710020960,-22.892906941876607,-43.14660518754589,267.5,8.9,0.28003332,0.0278999805,1.0
,710020960,-22.892906941876607,-43.14660518754589,267.5,8.9,0.28003332,0.0278999805,1.0
,710020960,-22.892906941876607,-43.14660518754589,267.5,8.9,0.28003332,0.0278999805,1.0
,710020960,-22.892906941876607,-43.14660518754589,267.5,8.9,0.28003332,0.0278999805,1.0
,710020960,-22.892909264747527,-43.14664973529676,267.5,8.9,0.28003332,0.0278999805,1.0
,710020960,-22.892909264747527,-43.14664973529676,267.5,8.9,0.28003332,0.0278999805,1.0
,710020960,-22.892909264747527,-43.14664973529676,267.5,8.9,0.28003332,0.0278999805,1.0
,710020960,-22.892909264747527,-43.14664973529676,267.5,8.9,0.28003332,0.0278999805,1.0
,710020960,-22.892909264747527,-43.14664973529676,267.5,8.9,0.28003332,0.0278999805,1.0
,710020960,-22.89291158760604,-43.14669428305011,267.5,8.9,0.28003332,0.0278999805,1.0
,710020960,-22.89291158760604,-43.14669428305011,267.5,8.9,0.28003332,0.0278999805,1.0
,710020960,-22.89291158760604,-43.14669428305011,267.5,8.9,0.28003332,0.0278999805,1.0
,710020960,-22.89291158760604,-43.14669428305011,267.5,8.9,0.28003332,0.0278999805,1.0
,710020960,-22.89291158760604,-43.14669428305011,267.5,8.9,0.28003332,0.0278999805,1.0
,710020960,-22.89291158760604,-43.14669428305011,267.5,8.9,0.28003332,0.0278999805,1.0
,710020960,-22.89291158760604,-43.14669428305011,267.5,8.9,0.28003332,0.0278999805,1.0
,710020960,-22.89291158760604,-43.14669428305011,267.5,8.9,0.27853334,0.0278778076,1.0
,710020960,-22.89291158760604,-43.14669428305011,267.5,8.9,0.27853334,0.0278778076,1.0
,710020960,-22.89291158760604,-43.14669428305011,267.5,8.9,0.27853334,0.0278778076,1.0
,710020960,-22.89291391045216,-43.14673883080594,267.5,8.9,0.27853334,0.0278778076,1.0
,710020960,-22.89291391045216,-43.14673883080594,267.5,8.9,0.27853334,0.0278778076,1.0
,710020960,-22.89291391045216,-43.14673883080594,267.5,8.9,0.27853334,0.0278778076,1.0
,710020960,-22.89291391045216,-43.14673883080594,267.5,8.9,0.27853334,0.0278778076,1.0
,710020960,-22.89291391045216,-43.14673883080594,267.5,8.9,0.27853334,0.0278778076,1.0
,710020960,-22.89291391045216,-43.14673883080594,267.5,8.9,0.27853334,0.0278778076,1.0
