id_categoria,id_test,lat,lon,rumo,velocidade,pan,tilt,zoom
,710030930,-22.899410273574972,-43.16171535494623,68.1,14.0,0.0529999994,0.0230332613,0.701241374
,710030930,-22.899410273574972,-43.16171535494623,68.1,14.0,0.0529999994,0.0230332613,0.701241374
,710030930,-22.899410273574972,-43.16171535494623,68.1,14.0,0.0529999994,0.0230332613,0.701241374
,710030930,-22.899410273574972,-43.16171535494623,68.1,14.0,0.0529999994,0.0230332613,0.701241374
,710030930,-22.899410273574972,-43.16171535494623,68.1,14.0,0.0529999994,0.0230332613,0.701241374
,710030930,-22.899410273574972,-43.16171535494623,68.1,14.0,0.0529999994,0.0230332613,0.701241374
,710030930,-22.899410273574972,-43.16171535494623,68.1,14.0,0.0529999994,0.0230332613,0.701241374
,710030930,-22.899410273574972,-43.16171535494623,68.1,14.0,0.0529999994,0.0230332613,0.701241374
,710030930,-22.899410273574972,-43.16171535494623,68.1,14.0,0.0529999994,0.0230332613,0.701241374
,710030930,-22.899410273574972,-43.16171535494623,68.1,14.0,0.0529999994,0.0230332613,0.701241374
,710030930,-22.899410273574972,-43.16171535494623,68.1,14.0,0.0529999994,0.0230332613,0.701241374
,710030930,-22.899410273574972,-43.16171535494623,68.1,14.0,0.0529999994,0.0230332613,0.701241374
,710030930,-22.899385267373187,-43.16165056226893,68.1,14.0,0.0529999994,0.0230332613,0.701241374
,710030930,-22.899385267373187,-43.16165056226893,68.1,14.0,0.0529999994,0.0230332613,0.701241374
,710030930,-22.899385267373187,-43.16165056226893,68.1,14.0,0.0529999994,0.0230332613,0.701241374
,710030930,-22.899385267373187,-43.16165056226893,68.1,14.0,0.0529999994,0.0230332613,0.701241374
,710030930,-22.899385267373187,-43.16165056226893,68.1,14.0,0.0529999994,0.0230332613,0.701241374
,710030930,-22.899385267373187,-43.16165056226893,68.1,14.0,0.0529999994,0.0230332613,0.701241374
,710030930,-22.899385267373187,-43.16165056226893,68.1,14.0,0.0529999994,0.0230332613,0.701241374
,710030930,-22.899385267373187,-43.16165056226893,68.1,14.0,0.0529999994,0.0230332613,0.701241374
,710030930,-22.899385267373187,-43.16165056226893,68.1,14.0,0.0529999994,0.0230332613,0.701241374
,710030930,-22.899385267373187,-43.16165056226893,68.1,14.0,0.0529999994,0.0230332613,0.701241374
,710030930,-22.899385267373187,-43.16165056226893,68.1,14.0,0.0529999994,0.0230332613,0.701241374
,710030930,-22.899385267373187,-43.16165056226893,68.1,14.0,0.0529999994,0.0230332613,0.701241374
,710030930,-22.899385267373187,-43.16165056226893,68.1,14.0,0.0529999994,0.0230332613,0.701241374
,710030930,-22.899385267373187,-43.16165056226893,68.1,14.0,0.0529999994,0.0230332613,0.701241374
,710030930,-22.899385267373187,-43.16165056226893,68.1,14.0,0.0529999994,0.0230332613,0.701241374
,710030930,-22.899385267373187,-43.16165056226893,68.1,14.0,0.0529999994,0.0230332613,0.701241374
,710030930,-22.899385267373187,-43.16165056226893,68.1,14.0,0.0529999994,0.0230332613,0.701241374
,710030930,-22.899385267373187,-43.16165056226893,68.1,14.0,0.0529999994,0.0230332613,0.701241374
,710030930,-22.899385267373187,-43.16165056226893,68.1,14.0,0.0529999994,0.0230332613,0.701241374
,710030930,-22.899385267373187,-43.16165056226893,68.1,14.0,0.0529999994,0.0230332613,0.701241374
,710030930,-22.899385267373187,-43.16165056226893,68.1,14.0,0.0529999994,0.0230332613,0.701241374
,710030930,-22.899385267373187,-43.16165056226893,68.1,14.0,0.0529999994,0.0230332613,0.701241374
,710030930,-22.899385267373187,-43.16165056226893,68.1,14.0,0.0529999994,0.0230332613,0.701241374
,710030930,-22.899385267373187,-43.16165056226893,68.1,14.0,0.0529999994,0.0230332613,0.701241374
,710030930,-22.899385267373187,-43.16165056226893,68.1,14.0,0.0529999994,0.0230332613,0.701241374
,710030930,-22.899385267373187,-43.16165056226893,68.1,14.0,0.0529999994,0.0230332613,0.701241374
,710030930,-22.899385267373187,-43.16165056226893,68.1,14.0,0.0529999994,0.0230332613,0.701241374
,710030930,-22.899385267373187,-43.16165056226893,68.1,14.0,0.0529999994,0.0230332613,0.701241374
,710030930,-22.89936026114643,-43.16158576961707,68.1,14.0,0.0529999994,0.0230332613,0.701241374
,710030930,-22.89936026114643,-43.16158576961707,68.1,14.0,0.0529999994,0.0230332613,0.701241374
,710030930,-22.89936026114643,-43.16158576961707,68.1,14.0,0.0529999994,0.0230332613,0.701241374
,710030930,-22.89936026114643,-43.16158576961707,68.1,14.0,0.0529999994,0.0230332613,0.701241374
,710030930,-22.89936026114643,-43.16158576961707,68.1,14.0,0.0529999994,0.0230332613,0.701241374
,710030930,-22.89936026114643,-43.16158576961707,68.1,14.0,0.0529999994,0.0230332613,0.701241374
,710030930,-22.89936026114643,-43.16158576961707,68.1,14.0,0.0529999994,0.0230332613,0.701241374
,710030930,-22.89936026114643,-43.16158576961707,68.1,14.0,0.0529999994,0.0230332613,0.701241374
,710030930,-22.89936026114643,-43.16158576961707,68.1,14.0,0.0529999994,0.0230332613,0.701241374
,710030930,-22.89936026114643,-43.16158576961707,68.1,14.0,0.0529999994,0.0230332613,0.701241374
,710030930,-22.89936026114643,-43.16158576961707,68.1,14.0,0.0529999994,0.0230332613,0.701241374
,710030930,-22.89936026114643,-43.16158576961707,68.1,14.0,0.0529999994,0.0230332613,0.701241374
,710030930,-22.89936026114643,-43.16158576961707,68.1,14.0,0.0574333332,0.0230555534,0.706393003
,710030930,-22.89936026114643,-43.16158576961707,68.1,14.0,0.0574333332,0.0230555534,0.706393003
,710030930,-22.89936026114643,-43.16158576961707,68.1,14.0,0.0574333332,0.0230555534,0.701241374
,710030930,-22.89936026114643,-43.16158576961707,68.1,14.0,0.0574333332,0.0230555534,0.701241374
,710030930,-22.89936026114643,-43.16158576961707,68.1,14.0,0.0574333332,0.0230555534,0.701241374
,710030930,-22.89936026114643,-43.16158576961707,68.1,14.0,0.0574333332,0.0230555534,0.701241374
,710030930,-22.89936026114643,-43.16158576961707,68.1,14.0,0.0574333332,0.0230555534,0.701241374
,710030930,-22.89936026114643,-43.16158576961707,68.1,14.0,0.0574333332,0.0230555534,0.701241374
,710030930,-22.89936026114643,-43.16158576961707,68.1,14.0,0.0574333332,0.0230555534,0.701241374
,710030930,-22.89936026114643,-43.16158576961707,68.1,14.0,0.0574333332,0.0230555534,0.701241374
,710030930,-22.89936026114643,-43.16158576961707,68.1,14.0,0.0574333332,0.0230555534,0.701241374
,710030930,-22.89936026114643,-43.16158576961707,68.1,14.0,0.0574333332,0.0230555534,0.701241374
,710030930,-22.89936026114643,-43.16158576961707,68.1,14.0,0.0574333332,0.0230555534,0.701241374
,710030930,-22.89936026114643,-43.16158576961707,68.1,14.0,0.0574333332,0.0230555534,0.701241374
,710030930,-22.89936026114643,-43.16158576961707,68.1,14.0,0.0574333332,0.0230555534,0.701241374
,710030930,-22.89936026114643,-43.16158576961707,68.1,14.0,0.0574333332,0.0230555534,0.701241374
,710030930,-22.89936026114643,-43.16158576961707,68.1,14.0,0.0574333332,0.0230555534,0.701241374
,710030930,-22.89936026114643,-43.16158576961707,68.1,14.0,0.0574333332,0.0230555534,0.701241374
,710030930,-22.899335254894716,-43.161520976990644,68.1,14.0,0.0574333332,0.0230555534,0.701241374
,710030930,-22.899335254894716,-43.161520976990644,68.1,14.0,0.0574333332,0.0230555534,0.701241374
,710030930,-22.899335254894716,-43.161520976990644,68.1,14.0,0.0574333332,0.0230555534,0.701241374
,710030930,-22.899335254894716,-43.161520976990644,68.1,14.0,0.0574333332,0.0230555534,0.701241374
,710030930,-22.899335254894716,-43.161520976990644,68.1,14.0,0.0574333332,0.0230555534,0.701241374
,710030930,-22.899335254894716,-43.161520976990644,68.1,14.0,0.0574333332,0.0230555534,0.701241374
,710030930,-22.899335254894716,-43.161520976990644,68.1,14.0,0.0574333332,0.0230555534,0.701241374
,710030930,-22.899335254894716,-43.161520976990644,68.1,14.0,0.0574333332,0.0230555534,0.701241374
,710030930,-22.899335254894716,-43.161520976990644,68.1,14.0,0.0574333332,0.0230555534,0.701241374
,710030930,-22.899335254894716,-43.161520976990644,68.1,14.0,0.0574333332,0.0230555534,0.701241374
,710030930,-22.899335254894716,-43.161520976990644,68.1,14.0,0.0574333332,0.0230555534,0.701241374
,710030930,-22.899335254894716,-43.161520976990644,68.1,14.0,0.0574333332,0.0230555534,0.701241374
,710030930,-22.899335254894716,-43.161520976990644,68.1,14.0,0.0574333332,0.0230555534,0.701241374
,710030930,-22.899335254894716,-43.161520976990644,68.1,14.0,0.0574333332,0.0230555534,0.701241374
,710030930,-22.899335254894716,-43.161520976990644,68.1,14.0,0.0574333332,0.0230555534,0.701241374
,710030930,-22.899335254894716,-43.161520976990644,68.1,14.0,0.0574333332,0.0230555534,0.701241374
,710030930,-22.899335254894716,-43.161520976990644,68.1,14.0,0.0574333332,0.0230555534,0.701241374
,710030930,-22.899335254894716,-43.161520976990644,68.1,14.0,0.0574333332,0.0230555534,0.701241374
,710030930,-22.899335254894716,-43.161520976990644,68.1,14.0,0.0574333332,0.0230555534,0.701241374
,710030930,-22.899335254894716,-43.161520976990644,68.1,14.0,0.0574333332,0.0230555534,0.701241374
,710030930,-22.899335254894716,-43.161520976990644,68.1,14.0,0.0574333332,0.0230555534,0.701241374
,710030930,-22.899335254894716,-43.161520976990644,68.1,14.0,0.0574333332,0.0230555534,0.701241374
,710030930,-22.899335254894716,-43.161520976990644,68.1,14.0,0.0574333332,0.0230555534,0.701241374
,710030930,-22.899335254894716,-43.161520976990644,68.1,14.0,0.0574333332,0.0230555534,0.701241374
,710030930,-22.899335254894716,-43.161520976990644,68.1,14.0,0.0574333332,0.0230555534,0.701241374
,710030930,-22.899335254894716,-43.161520976990644,68.1,14.0,0.0574333332,0.0230555534,0.701241374
,710030930,-22.899335254894716,-43.161520976990644,68.1,14.0,0.0574333332,0.0230555534,0.701241374
,710030930,-22.899335254894716,-43.161520976990644,68.1,14.0,0.0574333332,0.0230555534,0.701241374
,710030930,-22.899335254894716,-43.161520976990644,68.1,14.0,0.0574333332,0.0230555534,0.701241374
,710030930,-22.899335254894716,-43.161520976990644,68.1,14.0,0.0574333332,0.0230555534,0.701241374
,710030930,-22.899335254894716,-43.161520976990644,68.1,14.0,0.0574333332,0.0230555534,0.701241374
,710030930,-22.899335254894716,-43.161520976990644,68.1,14.0,0.0574333332,0.0230555534,0.701241374
,710030930,-22.89931024861804,-43.16145618438964,68.1,14.0,0.0574333332,0.0230555534,0.701241374
,710030930,-22.89931024861804,-43.16145618438964,68.1,14.0,0.0574333332,0.0230555534,0.701241374
,710030930,-22.89931024861804,-43.16145618438964,68.1,14.0,0.0574333332,0.0230555534,0.701241374
,710030930,-22.89931024861804,-43.16145618438964,68.1,14.0,0.0574333332,0.0230555534,0.701241374
,710030930,-22.89931024861804,-43.16145618438964,68.1,14.0,0.0574333332,0.0230555534,0.701241374
,710030930,-22.89931024861804,-43.16145618438964,68.1,14.0,0.0574333332,0.0230555534,0.701241374
,710030930,-22.89931024861804,-43.16145618438964,68.1,14.0,0.0574333332,0.0230555534,0.701241374
,710030930,-22.89931024861804,-43.16145618438964,68.1,14.0,0.0574333332,0.0230555534,0.701241374
,710030930,-22.89931024861804,-43.16145618438964,68.1,14.0,0.0574333332,0.0230555534,0.701241374
,710030930,-22.89931024861804,-43.16145618438964,68.1,14.0,0.0574333332,0.0230555534,0.701241374
,710030930,-22.89931024861804,-43.16145618438964,68.1,14.0,0.0574333332,0.0230555534,0.701241374
,710030930,-22.89931024861804,-43.16145618438964,68.1,14.0,0.0574333332,0.0230555534,0.701241374
,710030930,-22.89931024861804,-43.16145618438964,68.1,14.0,0.0574333332,0.0230555534,0.701241374
,710030930,-22.89931024861804,-43.16145618438964,68.1,14.0,0.0574333332,0.0230555534,0.701241374
,710030930,-22.89931024861804,-43.16145618438964,68.1,14.0,0.0574333332,0.0230555534,0.701241374
,710030930,-22.89931024861804,-43.16145618438964,68.1,14.0,0.0574333332,0.0230555534,0.701241374
,710030930,-22.89931024861804,-43.16145618438964,68.1,14.0,0.0574333332,0.0230555534,0.701241374
,710030930,-22.89931024861804,-43.16145618438964,68.1,14.0,0.0574333332,0.0230555534,0.701241374
,710030930,-22.899210223261704,-43.161197014239995,68.1,14.0,0.0574333332,0.0230555534,0.701241374
,710030930,-22.899210223261704,-43.161197014239995,68.1,14.0,0.0574333332,0.0230555534,0.701241374
,710030930,-22.899210223261704,-43.161197014239995,68.1,14.0,0.0618444458,0.0231000185,0.712827623
,710030930,-22.899210223261704,-43.161197014239995,68.1,14.0,0.0618444458,0.0231000185,0.712827623
,710030930,-22.899210223261704,-43.161197014239995,68.1,14.0,0.0618444458,0.0231000185,0.712827623
,710030930,-22.899210223261704,-43.161197014239995,68.1,14.0,0.0618444458,0.0231000185,0.712827623
,710030930,-22.899185216860204,-43.16113222176617,68.1,14.0,0.0618444458,0.0231000185,0.712827623
,710030930,-22.899185216860204,-43.16113222176617,68.1,14.0,0.0618444458,0.0231000185,0.712827623
,710030930,-22.899185216860204,-43.16113222176617,68.1,14.0,0.0618444458,0.0231000185,0.712827623
,710030930,-22.899185216860204,-43.16113222176617,68.1,14.0,0.0618444458,0.0231000185,0.712827623
,710030930,-22.899185216860204,-43.16113222176617,68.1,14.0,0.0618444458,0.0231000185,0.712827623
,710030930,-22.899185216860204,-43.16113222176617,68.1,14.0,0.0618444458,0.0231000185,0.712827623
,710030930,-22.899185216860204,-43.16113222176617,68.1,14.0,0.0618444458,0.0231000185,0.712827623
,710030930,-22.899185216860204,-43.16113222176617,68.1,14.0,0.0618444458,0.0231000185,0.712827623
,710030930,-22.899185216860204,-43.16113222176617,68.1,14.0,0.0618444458,0.0231000185,0.712827623
,710030930,-22.899185216860204,-43.16113222176617,68.1,14.0,0.0618444458,0.0231000185,0.712827623
,710030930,-22.899185216860204,-43.16113222176617,68.1,14.0,0.0618444458,0.0231000185,0.712827623
,710030930,-22.899185216860204,-43.16113222176617,68.1,14.0,0.0618444458,0.0231000185,0.712827623
,710030930,-22.899185216860204,-43.16113222176617,68.1,14.0,0.0618444458,0.0231000185,0.712827623
,710030930,-22.899185216860204,-43.16113222176617,68.1,14.0,0.0618444458,0.0231000185,0.712827623
,710030930,-22.899185216860204,-43.16113222176617,68.1,14.0,0.0618444458,0.0231000185,0.712827623
,710030930,-22.899185216860204,-43.16113222176617,68.1,14.0,0.0618444458,0.0231000185,0.712827623
,710030930,-22.899185216860204,-43.16113222176617,68.1,14.0,0.0618444458,0.0231000185,0.712827623
,710030930,-22.899185216860204,-43.16113222176617,68.1,14.0,0.0618444458,0.0231000185,0.712827623
,710030930,-22.899185216860204,-43.16113222176617,68.1,14.0,0.0618444458,0.0231000185,0.712827623
,710030930,-22.899185216860204,-43.16113222176617,68.1,14.0,0.0618444458,0.0231000185,0.712827623
,710030930,-22.899185216860204,-43.16113222176617,68.1,14.0,0.0618444458,0.0231000185,0.712827623
,710030930,-22.899185216860204,-43.16113222176617,68.1,14.0,0.0618444458,0.0231000185,0.712827623
,710030930,-22.899185216860204,-43.16113222176617,68.1,14.0,0.0691444427,0.02315557,0.712827623
,710030930,-22.899185216860204,-43.16113222176617,68.1,14.0,0.0691444427,0.02315557,0.712827623
,710030930,-22.89919704690123,-43.161159134437305,67.9,14.7,0.0691444427,0.02315557,0.712827623
,710030930,-22.89919704690123,-43.161159134437305,67.9,14.7,0.0691444427,0.02315557,0.712827623
,710030930,-22.89919704690123,-43.161159134437305,67.9,14.7,0.0658388883,0.0231333971,0.712827623
,710030930,-22.89919704690123,-43.161159134437305,67.9,14.7,0.0658388883,0.0231333971,0.712827623
,710030930,-22.89919704690123,-43.161159134437305,67.9,14.7,0.0658388883,0.0231333971,0.712827623
,710030930,-22.89919704690123,-43.161159134437305,67.9,14.7,0.0658388883,0.0231333971,0.712827623
,710030930,-22.89919704690123,-43.161159134437305,67.9,14.7,0.0658388883,0.0231333971,0.712827623
,710030930,-22.89919704690123,-43.161159134437305,67.9,14.7,0.0658388883,0.0231333971,0.712827623
,710030930,-22.89919704690123,-43.161159134437305,67.9,14.7,0.0658388883,0.0231333971,0.712827623
,710030930,-22.89919704690123,-43.161159134437305,67.9,14.7,0.0658388883,0.0231333971,0.712827623
,710030930,-22.89919704690123,-43.161159134437305,67.9,14.7,0.0658388883,0.0231333971,0.712827623
,710030930,-22.89919704690123,-43.161159134437305,67.9,14.7,0.0658388883,0.0231333971,0.712827623
,710030930,-22.89919704690123,-43.161159134437305,67.9,14.7,0.0658388883,0.0231333971,0.712827623
,710030930,-22.89919704690123,-43.161159134437305,67.9,14.7,0.0658388883,0.0231333971,0.712827623
,710030930,-22.89919704690123,-43.161159134437305,67.9,14.7,0.0658388883,0.0231333971,0.712827623
,710030930,-22.89919704690123,-43.161159134437305,67.9,14.7,0.0658388883,0.0231333971,0.712827623
,710030930,-22.89919704690123,-43.161159134437305,67.9,14.7,0.0658388883,0.0231333971,0.712827623
,710030930,-22.89919704690123,-43.161159134437305,67.9,14.7,0.0658388883,0.0231333971,0.712827623
,710030930,-22.89919704690123,-43.161159134437305,67.9,14.7,0.0658388883,0.0231333971,0.712827623
,710030930,-22.89919704690123,-43.161159134437305,67.9,14.7,0.0658388883,0.0231333971,0.712827623
,710030930,-22.89919704690123,-43.161159134437305,67.9,14.7,0.0658388883,0.0231333971,0.712827623
,710030930,-22.89919704690123,-43.161159134437305,67.9,14.7,0.0658388883,0.0231333971,0.712827623
,710030930,-22.89919704690123,-43.161159134437305,67.9,14.7,0.0658388883,0.0231333971,0.712827623
,710030930,-22.89919704690123,-43.161159134437305,67.9,14.7,0.0658388883,0.0231333971,0.712827623
,710030930,-22.89919704690123,-43.161159134437305,67.9,14.7,0.0658388883,0.0231333971,0.712827623
,710030930,-22.89919704690123,-43.161159134437305,67.9,14.7,0.0658388883,0.0231333971,0.712827623
,710030930,-22.89919704690123,-43.161159134437305,67.9,14.7,0.0658388883,0.0231333971,0.712827623
,710030930,-22.89919704690123,-43.161159134437305,67.9,14.7,0.0658388883,0.0231333971,0.712827623
,710030930,-22.89919704690123,-43.161159134437305,67.9,14.7,0.0658388883,0.0231333971,0.712827623
,710030930,-22.89919704690123,-43.161159134437305,67.9,14.7,0.0658388883,0.0231333971,0.712827623
,710030930,-22.89919704690123,-43.161159134437305,67.9,14.7,0.0658388883,0.0231333971,0.712827623
,710030930,-22.89919704690123,-43.161159134437305,67.9,14.7,0.0658388883,0.0231333971,0.712827623
,710030930,-22.89917057031152,-43.16109120169826,67.9,14.7,0.0658388883,0.0231333971,0.712827623
,710030930,-22.89917057031152,-43.16109120169826,67.9,14.7,0.0658388883,0.0231333971,0.712827623
,710030930,-22.89917057031152,-43.16109120169826,67.9,14.7,0.0658388883,0.0231333971,0.712827623
,710030930,-22.89917057031152,-43.16109120169826,67.9,14.7,0.0658388883,0.0231333971,0.712827623
,710030930,-22.89917057031152,-43.16109120169826,67.9,14.7,0.0658388883,0.0231333971,0.712827623
,710030930,-22.89917057031152,-43.16109120169826,67.9,14.7,0.0658388883,0.0231333971,0.712827623
,710030930,-22.89917057031152,-43.16109120169826,67.9,14.7,0.0658388883,0.0231333971,0.712827623
,710030930,-22.89917057031152,-43.16109120169826,67.9,14.7,0.0658388883,0.0231333971,0.712827623
,710030930,-22.89917057031152,-43.16109120169826,67.9,14.7,0.0658388883,0.0231333971,0.712827623
,710030930,-22.89917057031152,-43.16109120169826,67.9,14.7,0.0658388883,0.0231333971,0.712827623
,710030930,-22.89917057031152,-43.16109120169826,67.9,14.7,0.0658388883,0.0231333971,0.712827623
,710030930,-22.89917057031152,-43.16109120169826,67.9,14.7,0.0658388883,0.0231333971,0.712827623
,710030930,-22.89917057031152,-43.16109120169826,67.9,14.7,0.0658388883,0.0231333971,0.712827623
,710030930,-22.89917057031152,-43.16109120169826,67.9,14.7,0.0658388883,0.0231333971,0.712827623
,710030930,-22.89917057031152,-43.16109120169826,67.9,14.7,0.0658388883,0.0231333971,0.712827623
,710030930,-22.89917057031152,-43.16109120169826,67.9,14.7,0.0658388883,0.0231333971,0.712827623
,710030930,-22.89917057031152,-43.16109120169826,67.9,14.7,0.0658388883,0.0231333971,0.712827623
,710030930,-22.89917057031152,-43.16109120169826,67.9,14.7,0.0658388883,0.0231333971,0.712827623
,710030930,-22.89917057031152,-43.16109120169826,67.9,14.7,0.0658388883,0.0231333971,0.712827623
,710030930,-22.89917057031152,-43.16109120169826,67.9,14.7,0.0658388883,0.0231333971,0.712827623
,710030930,-22.89917057031152,-43.16109120169826,67.9,14.7,0.0658388883,0.0231333971,0.712827623
,710030930,-22.89917057031152,-43.16109120169826,67.9,14.7,0.0658388883,0.0231333971,0.712827623
,710030930,-22.89917057031152,-43.16109120169826,67.9,14.7,0.0658388883,0.0231333971,0.712827623
,710030930,-22.89917057031152,-43.16109120169826,67.9,14.7,0.0658388883,0.0231333971,0.712827623
,710030930,-22.89917057031152,-43.16109120169826,67.9,14.7,0.0658388883,0.0231333971,0.712827623
,710030930,-22.89917057031152,-43.16109120169826,67.9,14.7,0.0658388883,0.0231333971,0.712827623
,710030930,-22.89917057031152,-43.16109120169826,67.9,14.7,0.0658388883,0.0231333971,0.712827623
,710030930,-22.89917057031152,-43.16109120169826,67.9,14.7,0.0658388883,0.0231333971,0.712827623
,710030930,-22.89917057031152,-43.16109120169826,67.9,14.7,0.0658388883,0.0231333971,0.712827623
,710030930,-22.89917057031152,-43.16109120169826,67.9,14.7,0.0658388883,0.0231333971,0.712827623
,710030930,-22.89917057031152,-43.16109120169826,67.9,14.7,0.0658388883,0.0231333971,0.712827623
,710030930,-22.89917057031152,-43.16109120169826,67.9,14.7,0.0658388883,0.0231333971,0.712827623
,710030930,-22.89917057031152,-43.16109120169826,67.9,14.7,0.0658388883,0.0231333971,0.712827623
,710030930,-22.89917057031152,-43.16109120169826,67.9,14.7,0.0658388883,0.0231333971,0.712827623
,710030930,-22.89917057031152,-43.16109120169826,67.9,14.7,0.0658388883,0.0231333971,0.712827623
,710030930,-22.89917057031152,-43.16109120169826,67.9,14.7,0.0658388883,0.0231333971,0.712827623
,710030930,-22.89917057031152,-43.16109120169826,67.9,14.7,0.0658388883,0.0231333971,0.712827623
,710030930,-22.89917057031152,-43.16109120169826,67.9,14.7,0.0658388883,0.0231333971,0.712827623
,710030930,-22.89917057031152,-43.16109120169826,67.9,14.7,0.0658388883,0.0231333971,0.712827623
,710030930,-22.89917057031152,-43.16109120169826,67.9,14.7,0.0658388883,0.0231333971,0.712827623
,710030930,-22.89917057031152,-43.16109120169826,67.9,14.7,0.0658388883,0.0231333971,0.712827623
,710030930,-22.89917057031152,-43.16109120169826,67.9,14.7,0.0658388883,0.0231333971,0.712827623
,710030930,-22.89917057031152,-43.16109120169826,67.9,14.7,0.0658388883,0.0231333971,0.712827623
,710030930,-22.89917057031152,-43.16109120169826,67.9,14.7,0.0658388883,0.0231333971,0.712827623
,710030930,-22.89917057031152,-43.16109120169826,67.9,14.7,0.0658388883,0.0231333971,0.712827623
,710030930,-22.899144093694378,-43.16102326898742,67.9,14.7,0.0658388883,0.0231333971,0.712827623
,710030930,-22.899144093694378,-43.16102326898742,67.9,14.7,0.0658388883,0.0231333971,0.712827623
,710030930,-22.899144093694378,-43.16102326898742,67.9,14.7,0.0658388883,0.0231333971,0.712827623
,710030930,-22.899144093694378,-43.16102326898742,67.9,14.7,0.0658388883,0.0231333971,0.712827623
,710030930,-22.899144093694378,-43.16102326898742,67.9,14.7,0.0658388883,0.0231333971,0.712827623
,710030930,-22.899144093694378,-43.16102326898742,67.9,14.7,0.0658388883,0.0231333971,0.712827623
,710030930,-22.899144093694378,-43.16102326898742,67.9,14.7,0.0658388883,0.0231333971,0.712827623
,710030930,-22.899144093694378,-43.16102326898742,67.9,14.7,0.0658388883,0.0231333971,0.712827623
,710030930,-22.899144093694378,-43.16102326898742,67.9,14.7,0.0658388883,0.0231333971,0.712827623
,710030930,-22.899144093694378,-43.16102326898742,67.9,14.7,0.0658388883,0.0231333971,0.712827623
,710030930,-22.899144093694378,-43.16102326898742,67.9,14.7,0.0658388883,0.0231333971,0.712827623
,710030930,-22.899144093694378,-43.16102326898742,67.9,14.7,0.0658388883,0.0231333971,0.712827623
,710030930,-22.899144093694378,-43.16102326898742,67.9,14.7,0.0704111084,0.0231666565,0.712827623
,710030930,-22.899144093694378,-43.16102326898742,67.9,14.7,0.0704111084,0.0231666565,0.712827623
,710030930,-22.899144093694378,-43.16102326898742,67.9,14.7,0.0704111084,0.0231666565,0.712827623
,710030930,-22.899144093694378,-43.16102326898742,67.9,14.7,0.0704111084,0.0231666565,0.712827623
,710030930,-22.899144093694378,-43.16102326898742,67.9,14.7,0.0704111084,0.0231666565,0.712827623
,710030930,-22.899144093694378,-43.16102326898742,67.9,14.7,0.0704111084,0.0231666565,0.712827623
,710030930,-22.899144093694378,-43.16102326898742,67.9,14.7,0.0704111084,0.0231666565,0.712827623
,710030930,-22.899144093694378,-43.16102326898742,67.9,14.7,0.0704111084,0.0231666565,0.712827623
,710030930,-22.899144093694378,-43.16102326898742,67.9,14.7,0.0704111084,0.0231666565,0.712827623
,710030930,-22.899144093694378,-43.16102326898742,67.9,14.7,0.0704111084,0.0231666565,0.712827623
,710030930,-22.899144093694378,-43.16102326898742,67.9,14.7,0.0704111084,0.0231666565,0.712827623
,710030930,-22.899144093694378,-43.16102326898742,67.9,14.7,0.0704111084,0.0231666565,0.712827623
,710030930,-22.899144093694378,-43.16102326898742,67.9,14.7,0.0704111084,0.0231666565,0.712827623
,710030930,-22.899144093694378,-43.16102326898742,67.9,14.7,0.0704111084,0.0231666565,0.712827623
,710030930,-22.899144093694378,-43.16102326898742,67.9,14.7,0.0704111084,0.0231666565,0.712827623
,710030930,-22.899144093694378,-43.16102326898742,67.9,14.7,0.0704111084,0.0231666565,0.712827623
,710030930,-22.899144093694378,-43.16102326898742,67.9,14.7,0.0704111084,0.0231666565,0.712827623
,710030930,-22.899144093694378,-43.16102326898742,67.9,14.7,0.0704111084,0.0231666565,0.712827623
,710030930,-22.899144093694378,-43.16102326898742,67.9,14.7,0.0704111084,0.0231666565,0.712827623
,710030930,-22.899144093694378,-43.16102326898742,67.9,14.7,0.0704111084,0.0231666565,0.712827623
,710030930,-22.899144093694378,-43.16102326898742,67.9,14.7,0.0704111084,0.0231666565,0.712827623
,710030930,-22.899144093694378,-43.16102326898742,67.9,14.7,0.0704111084,0.0231666565,0.712827623
,710030930,-22.899144093694378,-43.16102326898742,67.9,14.7,0.0704111084,0.0231666565,0.712827623
,710030930,-22.899144093694378,-43.16102326898742,67.9,14.7,0.0704111084,0.0231666565,0.712827623
,710030930,-22.899144093694378,-43.16102326898742,67.9,14.7,0.0704111084,0.0231666565,0.712827623
,710030930,-22.899144093694378,-43.16102326898742,67.9,14.7,0.0704111084,0.0231666565,0.712827623
,710030930,-22.89911761704982,-43.160955336304795,67.9,14.7,0.0704111084,0.0231666565,0.712827623
,710030930,-22.89911761704982,-43.160955336304795,67.9,14.7,0.0704111084,0.0231666565,0.712827623
,710030930,-22.89911761704982,-43.160955336304795,67.9,14.7,0.0704111084,0.0231666565,0.712827623
,710030930,-22.89911761704982,-43.160955336304795,67.9,14.7,0.0704111084,0.0231666565,0.712827623
,710030930,-22.89911761704982,-43.160955336304795,67.9,14.7,0.0704111084,0.0231666565,0.712827623
,710030930,-22.89911761704982,-43.160955336304795,67.9,14.7,0.0704111084,0.0231666565,0.712827623
,710030930,-22.89911761704982,-43.160955336304795,67.9,14.7,0.0704111084,0.0231666565,0.712827623
,710030930,-22.89911761704982,-43.160955336304795,67.9,14.7,0.0704111084,0.0231666565,0.712827623
,710030930,-22.89911761704982,-43.160955336304795,67.9,14.7,0.0704111084,0.0231666565,0.712827623
,710030930,-22.89911761704982,-43.160955336304795,67.9,14.7,0.0704111084,0.0231666565,0.712827623
,710030930,-22.89911761704982,-43.160955336304795,67.9,14.7,0.0704111084,0.0231666565,0.712827623
,710030930,-22.89911761704982,-43.160955336304795,67.9,14.7,0.0704111084,0.0231666565,0.712827623
,710030930,-22.89911761704982,-43.160955336304795,67.9,14.7,0.0704111084,0.0231666565,0.712827623
,710030930,-22.89911761704982,-43.160955336304795,67.9,14.7,0.0704111084,0.0231666565,0.712827623
,710030930,-22.89911761704982,-43.160955336304795,67.9,14.7,0.0704111084,0.0231666565,0.712827623
,710030930,-22.89911761704982,-43.160955336304795,67.9,14.7,0.0704111084,0.0231666565,0.712827623
,710030930,-22.89911761704982,-43.160955336304795,67.9,14.7,0.0704111084,0.0231666565,0.712827623
,710030930,-22.89911761704982,-43.160955336304795,67.9,14.7,0.0704111084,0.0231666565,0.712827623
,710030930,-22.89911761704982,-43.160955336304795,67.9,14.7,0.0704111084,0.0231666565,0.712827623
,710030930,-22.89911761704982,-43.160955336304795,67.9,14.7,0.0704111084,0.0231666565,0.712827623
,710030930,-22.89911761704982,-43.160955336304795,67.9,14.7,0.0704111084,0.0231666565,0.712827623
,710030930,-22.89911761704982,-43.160955336304795,67.9,14.7,0.0704111084,0.0231666565,0.712827623
,710030930,-22.89911761704982,-43.160955336304795,67.9,14.7,0.0704111084,0.0231666565,0.712827623
,710030930,-22.89911761704982,-43.160955336304795,67.9,14.7,0.0704111084,0.0231666565,0.712827623
,710030930,-22.89911761704982,-43.160955336304795,67.9,14.7,0.0704111084,0.0231666565,0.712827623
,710030930,-22.89911761704982,-43.160955336304795,67.9,14.7,0.0704111084,0.0231666565,0.712827623
,710030930,-22.89911761704982,-43.160955336304795,67.9,14.7,0.0704111084,0.0231666565,0.712827623
,710030930,-22.89911761704982,-43.160955336304795,67.9,14.7,0.0704111084,0.0231666565,0.712827623
,710030930,-22.89911761704982,-43.160955336304795,67.9,14.7,0.0704111084,0.0231666565,0.712827623
,710030930,-22.89911761704982,-43.160955336304795,67.9,14.7,0.0704111084,0.0231666565,0.712827623
,710030930,-22.89911761704982,-43.160955336304795,67.9,14.7,0.0704111084,0.0231666565,0.712827623
,710030930,-22.89911761704982,-43.160955336304795,67.9,14.7,0.0704111084,0.0231666565,0.712827623
,710030930,-22.89911761704982,-43.160955336304795,67.9,14.7,0.0704111084,0.0231666565,0.712827623
,710030930,-22.89911761704982,-43.160955336304795,67.9,14.7,0.0704111084,0.0231666565,0.712827623
,710030930,-22.89911761704982,-43.160955336304795,67.9,14.7,0.0704111084,0.0231666565,0.712827623
,710030930,-22.89911761704982,-43.160955336304795,67.9,14.7,0.0704111084,0.0231666565,0.712827623
,710030930,-22.89911761704982,-43.160955336304795,67.9,14.7,0.0704111084,0.0231666565,0.712827623
,710030930,-22.89911761704982,-43.160955336304795,67.9,14.7,0.0704111084,0.0231666565,0.712827623
,710030930,-22.89911761704982,-43.160955336304795,67.9,14.7,0.0704111084,0.0231666565,0.712827623
,710030930,-22.89911761704982,-43.160955336304795,67.9,14.7,0.0704111084,0.0231666565,0.712827623
,710030930,-22.89911761704982,-43.160955336304795,67.9,14.7,0.0704111084,0.0231666565,0.712827623
,710030930,-22.898934999999998,-43.160475,68.4,14.5,0.0704111084,0.0231666565,0.712827623
,710030930,-22.898934999999998,-43.160475,68.4,14.5,0.0704111084,0.0231666565,0.712827623
,710030930,-22.898934999999998,-43.160475,68.4,14.5,0.0704111084,0.0231666565,0.712827623
,710030930,-22.898934999999998,-43.160475,68.4,14.5,0.0704111084,0.0231666565,0.712827623
,710030930,-22.898934999999998,-43.160475,68.4,14.5,0.0704111084,0.0231666565,0.712827623
,710030930,-22.898934999999998,-43.160475,68.4,14.5,0.0704111084,0.0231666565,0.712827623
,710030930,-22.898934999999998,-43.160475,68.4,14.5,0.0704111084,0.0231666565,0.712827623
,710030930,-22.898934999999998,-43.160475,68.4,14.5,0.0704111084,0.0231666565,0.712827623
,710030930,-22.898934999999998,-43.160475,68.4,14.5,0.0704111084,0.0231666565,0.712827623
,710030930,-22.898934999999998,-43.160475,68.4,14.5,0.0704111084,0.0231666565,0.712827623
,710030930,-22.898934999999998,-43.160475,68.4,14.5,0.0704111084,0.0231666565,0.712827623
,710030930,-22.898934999999998,-43.160475,68.4,14.5,0.0704111084,0.0231666565,0.712827623
,710030930,-22.898934999999998,-43.160475,68.4,14.5,0.0704111084,0.0231666565,0.712827623
,710030930,-22.898934999999998,-43.160475,68.4,14.5,0.0704111084,0.0231666565,0.712827623
,710030930,-22.898934999999998,-43.160475,68.4,14.5,0.0704111084,0.0231666565,0.712827623
,710030930,-22.898934999999998,-43.160475,68.4,14.5,0.0704111084,0.0231666565,0.712827623
,710030930,-22.898934999999998,-43.160475,68.4,14.5,0.0704111084,0.0231666565,0.712827623
,710030930,-22.898934999999998,-43.160475,68.4,14.5,0.0704111084,0.0231666565,0.712827623
,710030930,-22.898934999999998,-43.160475,68.4,14.5,0.0704111084,0.0231666565,0.712827623
,710030930,-22.898934999999998,-43.160475,68.4,14.5,0.0704111084,0.0231666565,0.712827623
,710030930,-22.898934999999998,-43.160475,68.4,14.5,0.0704111084,0.0231666565,0.712827623
,710030930,-22.898934999999998,-43.160475,68.4,14.5,0.0704111084,0.0231666565,0.712827623
,710030930,-22.898934999999998,-43.160475,68.4,14.5,0.0704111084,0.0231666565,0.712827623
,710030930,-22.898934999999998,-43.160475,68.4,14.5,0.0704111084,0.0231666565,0.712827623
,710030930,-22.898934999999998,-43.160475,68.4,14.5,0.0704111084,0.0231666565,0.712827623
,710030930,-22.898934999999998,-43.160475,68.4,14.5,0.0704111084,0.0231666565,0.712827623
,710030930,-22.898934999999998,-43.160475,68.4,14.5,0.0704111084,0.0231666565,0.712827623
,710030930,-22.898934999999998,-43.160475,68.4,14.5,0.0704111084,0.0231666565,0.712827623
,710030930,-22.898934999999998,-43.160475,68.4,14.5,0.0704111084,0.0231666565,0.712827623
,710030930,-22.898934999999998,-43.160475,68.4,14.5,0.0704111084,0.0231666565,0.712827623
,710030930,-22.898934999999998,-43.160475,68.4,14.5,0.0704111084,0.0231666565,0.712827623
,710030930,-22.898934999999998,-43.160475,68.4,14.5,0.0704111084,0.0231666565,0.712827623
,710030930,-22.898934999999998,-43.160475,68.4,14.5,0.0704111084,0.0231666565,0.712827623
,710030930,-22.898934999999998,-43.160475,68.4,14.5,0.0704111084,0.0231666565,0.712827623
,710030930,-22.898934999999998,-43.160475,68.4,14.5,0.0704111084,0.0231666565,0.712827623
,710030930,-22.898934999999998,-43.160475,68.4,14.5,0.0704111084,0.0231666565,0.712827623
,710030930,-22.898934999999998,-43.160475,68.4,14.5,0.0704111084,0.0231666565,0.712827623
,710030930,-22.898934999999998,-43.160475,68.4,14.5,0.0704111084,0.0231666565,0.712827623
,710030930,-22.898934999999998,-43.160475,68.4,14.5,0.0704111084,0.0231666565,0.712827623
,710030930,-22.898934999999998,-43.160475,68.4,14.5,0.0704111084,0.0231666565,0.712827623
,710030930,-22.898934999999998,-43.160475,68.4,14.5,0.0704111084,0.0231666565,0.712827623
,710030930,-22.898934999999998,-43.160475,68.4,14.5,0.0704111084,0.0231666565,0.712827623
,710030930,-22.898934999999998,-43.160475,68.4,14.5,0.0704111084,0.0231666565,0.712827623
,710030930,-22.898934999999998,-43.160475,68.4,14.5,0.0704111084,0.0231666565,0.712827623
,710030930,-22.898934999999998,-43.160475,68.4,14.5,0.0704111084,0.0231666565,0.712827623
,710030930,-22.89890942610567,-43.160407748346934,68.4,14.5,0.0704111084,0.0231666565,0.712827623
,710030930,-22.89890942610567,-43.160407748346934,68.4,14.5,0.0704111084,0.0231666565,0.712827623
,710030930,-22.89890942610567,-43.160407748346934,68.4,14.5,0.0704111084,0.0231666565,0.712827623
,710030930,-22.89890942610567,-43.160407748346934,68.4,14.5,0.0704111084,0.0231666565,0.712827623
,710030930,-22.89890942610567,-43.160407748346934,68.4,14.5,0.0704111084,0.0231666565,0.712827623
,710030930,-22.89890942610567,-43.160407748346934,68.4,14.5,0.0704111084,0.0231666565,0.712827623
,710030930,-22.89890942610567,-43.160407748346934,68.4,14.5,0.0704111084,0.0231666565,0.712827623
,710030930,-22.89890942610567,-43.160407748346934,68.4,14.5,0.0704111084,0.0231666565,0.712827623
,710030930,-22.89890942610567,-43.160407748346934,68.4,14.5,0.0704111084,0.0231666565,0.712827623
,710030930,-22.89890942610567,-43.160407748346934,68.4,14.5,0.0704111084,0.0231666565,0.712827623
,710030930,-22.89890942610567,-43.160407748346934,68.4,14.5,0.0704111084,0.0231666565,0.712827623
,710030930,-22.89890942610567,-43.160407748346934,68.4,14.5,0.0704111084,0.0231666565,0.712827623
,710030930,-22.89890942610567,-43.160407748346934,68.4,14.5,0.0704111084,0.0231666565,0.712827623
,710030930,-22.89890942610567,-43.160407748346934,68.4,14.5,0.0704111084,0.0231666565,0.712827623
,710030930,-22.89890942610567,-43.160407748346934,68.4,14.5,0.0704111084,0.0231666565,0.712827623
,710030930,-22.89890942610567,-43.160407748346934,68.4,14.5,0.0839555562,0.0233000517,0.720661044
,710030930,-22.89890942610567,-43.160407748346934,68.4,14.5,0.0839555562,0.0233000517,0.720661044
,710030930,-22.89890942610567,-43.160407748346934,68.4,14.5,0.0839555562,0.0233000517,0.720661044
,710030930,-22.89890942610567,-43.160407748346934,68.4,14.5,0.0839555562,0.0233000517,0.720661044
,710030930,-22.89890942610567,-43.160407748346934,68.4,14.5,0.0839555562,0.0233000517,0.720661044
,710030930,-22.89890942610567,-43.160407748346934,68.4,14.5,0.0839555562,0.0233000517,0.720661044
,710030930,-22.89890942610567,-43.160407748346934,68.4,14.5,0.0839555562,0.0233000517,0.720661044
,710030930,-22.89890942610567,-43.160407748346934,68.4,14.5,0.0839555562,0.0233000517,0.720661044
,710030930,-22.89890942610567,-43.160407748346934,68.4,14.5,0.0839555562,0.0233000517,0.720661044
,710030930,-22.89890942610567,-43.160407748346934,68.4,14.5,0.0839555562,0.0233000517,0.724137902
,710030930,-22.89890942610567,-43.160407748346934,68.4,14.5,0.0839555562,0.0233000517,0.724137902
,710030930,-22.89890942610567,-43.160407748346934,68.4,14.5,0.0839555562,0.0233000517,0.724137902
,710030930,-22.89890942610567,-43.160407748346934,68.4,14.5,0.0839555562,0.0233000517,0.724137902
,710030930,-22.89890942610567,-43.160407748346934,68.4,14.5,0.0839555562,0.0233000517,0.724137902
,710030930,-22.89890942610567,-43.160407748346934,68.4,14.5,0.0839555562,0.0233000517,0.724137902
,710030930,-22.89890942610567,-43.160407748346934,68.4,14.5,0.0839555562,0.0233000517,0.724137902
,710030930,-22.89890942610567,-43.160407748346934,68.4,14.5,0.0839555562,0.0233000517,0.724137902
,710030930,-22.89890942610567,-43.160407748346934,68.4,14.5,0.0839555562,0.0233000517,0.724137902
,710030930,-22.89890942610567,-43.160407748346934,68.4,14.5,0.0839555562,0.0233000517,0.724137902
,710030930,-22.89890942610567,-43.160407748346934,68.4,14.5,0.0839555562,0.0233000517,0.724137902
,710030930,-22.89890942610567,-43.160407748346934,68.4,14.5,0.0839555562,0.0233000517,0.724137902
,710030930,-22.89890942610567,-43.160407748346934,68.4,14.5,0.0839555562,0.0233000517,0.724137902
,710030930,-22.89890942610567,-43.160407748346934,68.4,14.5,0.0839555562,0.0233000517,0.724137902
,710030930,-22.89890942610567,-43.160407748346934,68.4,14.5,0.0839555562,0.0233000517,0.724137902
,710030930,-22.89890942610567,-43.160407748346934,68.4,14.5,0.0839555562,0.0233000517,0.724137902
,710030930,-22.89890942610567,-43.160407748346934,68.4,14.5,0.0839555562,0.0233000517,0.724137902
,710030930,-22.89890942610567,-43.160407748346934,68.4,14.5,0.0839555562,0.0233000517,0.724137902
,710030930,-22.89890942610567,-43.160407748346934,68.4,14.5,0.0839555562,0.0233000517,0.724137902
,710030930,-22.89890942610567,-43.160407748346934,68.4,14.5,0.0839555562,0.0233000517,0.724137902
,710030930,-22.89890942610567,-43.160407748346934,68.4,14.5,0.0839555562,0.0233000517,0.724137902
,710030930,-22.89888385218443,-43.1603404967209,68.4,14.5,0.0839555562,0.0233000517,0.724137902
,710030930,-22.89888385218443,-43.1603404967209,68.4,14.5,0.0839555562,0.0233000517,0.724137902
,710030930,-22.89888385218443,-43.1603404967209,68.4,14.5,0.0839555562,0.0233000517,0.724137902
,710030930,-22.89888385218443,-43.1603404967209,68.4,14.5,0.0839555562,0.0233000517,0.724137902
,710030930,-22.89888385218443,-43.1603404967209,68.4,14.5,0.0839555562,0.0233000517,0.724137902
,710030930,-22.89888385218443,-43.1603404967209,68.4,14.5,0.0839555562,0.0233000517,0.724137902
,710030930,-22.89888385218443,-43.1603404967209,68.4,14.5,0.0839555562,0.0233000517,0.724137902
,710030930,-22.89888385218443,-43.1603404967209,68.4,14.5,0.0839555562,0.0233000517,0.724137902
,710030930,-22.89888385218443,-43.1603404967209,68.4,14.5,0.0839555562,0.0233000517,0.724137902
,710030930,-22.89888385218443,-43.1603404967209,68.4,14.5,0.0839555562,0.0233000517,0.724137902
,710030930,-22.89888385218443,-43.1603404967209,68.4,14.5,0.0839555562,0.0233000517,0.724137902
,710030930,-22.89888385218443,-43.1603404967209,68.4,14.5,0.0839555562,0.0233000517,0.724137902
,710030930,-22.89888385218443,-43.1603404967209,68.4,14.5,0.0839555562,0.0233000517,0.724137902
,710030930,-22.89888385218443,-43.1603404967209,68.4,14.5,0.0839555562,0.0233000517,0.724137902
,710030930,-22.89888385218443,-43.1603404967209,68.4,14.5,0.0839555562,0.0233000517,0.724137902
,710030930,-22.89888385218443,-43.1603404967209,68.4,14.5,0.0839555562,0.0233000517,0.724137902
,710030930,-22.89888385218443,-43.1603404967209,68.4,14.5,0.0839555562,0.0233000517,0.724137902
,710030930,-22.89888385218443,-43.1603404967209,68.4,14.5,0.0839555562,0.0233000517,0.724137902
,710030930,-22.89888385218443,-43.1603404967209,68.4,14.5,0.0839555562,0.0233000517,0.724137902
,710030930,-22.89888385218443,-43.1603404967209,68.4,14.5,0.0839555562,0.0233000517,0.724137902
,710030930,-22.89888385218443,-43.1603404967209,68.4,14.5,0.0839555562,0.0233000517,0.724137902
,710030930,-22.89888385218443,-43.1603404967209,68.4,14.5,0.0839555562,0.0233000517,0.724137902
,710030930,-22.89888385218443,-43.1603404967209,68.4,14.5,0.0839555562,0.0233000517,0.724137902
,710030930,-22.89888385218443,-43.1603404967209,68.4,14.5,0.0839555562,0.0233000517,0.724137902
,710030930,-22.89888385218443,-43.1603404967209,68.4,14.5,0.0839555562,0.0233000517,0.724137902
,710030930,-22.89888385218443,-43.1603404967209,68.4,14.5,0.0839555562,0.0233000517,0.724137902
,710030930,-22.89888385218443,-43.1603404967209,68.4,14.5,0.0839555562,0.0233000517,0.724137902
,710030930,-22.89888385218443,-43.1603404967209,68.4,14.5,0.0839555562,0.0233000517,0.724137902
,710030930,-22.89888385218443,-43.1603404967209,68.4,14.5,0.0839555562,0.0233000517,0.724137902
,710030930,-22.89888385218443,-43.1603404967209,68.4,14.5,0.0839555562,0.0233000517,0.724137902
,710030930,-22.89888385218443,-43.1603404967209,68.4,14.5,0.0839555562,0.0233000517,0.724137902
,710030930,-22.89888385218443,-43.1603404967209,68.4,14.5,0.0839555562,0.0233000517,0.724137902
,710030930,-22.89888385218443,-43.1603404967209,68.4,14.5,0.0839555562,0.0233000517,0.724137902
,710030930,-22.89888385218443,-43.1603404967209,68.4,14.5,0.0839555562,0.0233000517,0.724137902
,710030930,-22.89888385218443,-43.1603404967209,68.4,14.5,0.0839555562,0.0233000517,0.724137902
,710030930,-22.89888385218443,-43.1603404967209,68.4,14.5,0.0839555562,0.0233000517,0.724137902
,710030930,-22.89888385218443,-43.1603404967209,68.4,14.5,0.0839555562,0.0233000517,0.724137902
,710030930,-22.89888385218443,-43.1603404967209,68.4,14.5,0.0839555562,0.0233000517,0.724137902
,710030930,-22.89888385218443,-43.1603404967209,68.4,14.5,0.0839555562,0.0233000517,0.724137902
,710030930,-22.89888385218443,-43.1603404967209,68.4,14.5,0.0839555562,0.0233000517,0.724137902
,710030930,-22.89888385218443,-43.1603404967209,68.4,14.5,0.0839555562,0.0233000517,0.724137902
,710030930,-22.89888385218443,-43.1603404967209,68.4,14.5,0.0839555562,0.0233000517,0.724137902
,710030930,-22.89885827823628,-43.1602732451219,68.4,14.5,0.0839555562,0.0233000517,0.724137902
,710030930,-22.89885827823628,-43.1602732451219,68.4,14.5,0.0839555562,0.0233000517,0.724137902
,710030930,-22.89885827823628,-43.1602732451219,68.4,14.5,0.0839555562,0.0233000517,0.724137902
,710030930,-22.89885827823628,-43.1602732451219,68.4,14.5,0.0839555562,0.0233000517,0.724137902
,710030930,-22.89885827823628,-43.1602732451219,68.4,14.5,0.0839555562,0.0233000517,0.724137902
,710030930,-22.89885827823628,-43.1602732451219,68.4,14.5,0.0839555562,0.0233000517,0.724137902
,710030930,-22.89885827823628,-43.1602732451219,68.4,14.5,0.0839555562,0.0233000517,0.724137902
,710030930,-22.89885827823628,-43.1602732451219,68.4,14.5,0.0839555562,0.0233000517,0.724137902
,710030930,-22.89885827823628,-43.1602732451219,68.4,14.5,0.0839555562,0.0233000517,0.724137902
,710030930,-22.89885827823628,-43.1602732451219,68.4,14.5,0.0839555562,0.0233000517,0.724137902
,710030930,-22.89885827823628,-43.1602732451219,68.4,14.5,0.0839555562,0.0233000517,0.724137902
,710030930,-22.89885827823628,-43.1602732451219,68.4,14.5,0.0839555562,0.0233000517,0.724137902
,710030930,-22.89885827823628,-43.1602732451219,68.4,14.5,0.0839555562,0.0233000517,0.724137902
,710030930,-22.89885827823628,-43.1602732451219,68.4,14.5,0.0839555562,0.0233000517,0.724137902
,710030930,-22.89885827823628,-43.1602732451219,68.4,14.5,0.0839555562,0.0233000517,0.724137902
,710030930,-22.89885827823628,-43.1602732451219,68.4,14.5,0.0839555562,0.0233000517,0.724137902
,710030930,-22.89885827823628,-43.1602732451219,68.4,14.5,0.0839555562,0.0233000517,0.724137902
,710030930,-22.89885827823628,-43.1602732451219,68.4,14.5,0.0839555562,0.0233000517,0.724137902
,710030930,-22.89885827823628,-43.1602732451219,68.4,14.5,0.0839555562,0.0233000517,0.724137902
,710030930,-22.89885827823628,-43.1602732451219,68.4,14.5,0.0839555562,0.0233000517,0.724137902
,710030930,-22.89885827823628,-43.1602732451219,68.4,14.5,0.0839555562,0.0233000517,0.724137902
,710030930,-22.89885827823628,-43.1602732451219,68.4,14.5,0.0839555562,0.0233000517,0.724137902
,710030930,-22.89885827823628,-43.1602732451219,68.4,14.5,0.0839555562,0.0233000517,0.724137902
,710030930,-22.89885827823628,-43.1602732451219,68.4,14.5,0.0839555562,0.0233000517,0.724137902
,710030930,-22.89885827823628,-43.1602732451219,68.4,14.5,0.0839555562,0.0233000517,0.724137902
,710030930,-22.89885827823628,-43.1602732451219,68.4,14.5,0.0839555562,0.0233000517,0.724137902
,710030930,-22.89885827823628,-43.1602732451219,68.4,14.5,0.0839555562,0.0233000517,0.724137902
,710030930,-22.89885827823628,-43.1602732451219,68.4,14.5,0.0839555562,0.0233000517,0.724137902
,710030930,-22.89885827823628,-43.1602732451219,68.4,14.5,0.0839555562,0.0233000517,0.724137902
,710030930,-22.89885827823628,-43.1602732451219,68.4,14.5,0.0839555562,0.0233000517,0.724137902
,710030930,-22.89885827823628,-43.1602732451219,68.4,14.5,0.0839555562,0.0233000517,0.724137902
,710030930,-22.89885827823628,-43.1602732451219,68.4,14.5,0.0839555562,0.0233000517,0.724137902
,710030930,-22.89885827823628,-43.1602732451219,68.4,14.5,0.0839555562,0.0233000517,0.724137902
,710030930,-22.89885827823628,-43.1602732451219,68.4,14.5,0.0839555562,0.0233000517,0.724137902
,710030930,-22.89885827823628,-43.1602732451219,68.4,14.5,0.0839555562,0.0233000517,0.724137902
,710030930,-22.89885827823628,-43.1602732451219,68.4,14.5,0.0839555562,0.0233000517,0.724137902
,710030930,-22.89885827823628,-43.1602732451219,68.4,14.5,0.0839555562,0.0233000517,0.724137902
,710030930,-22.89885827823628,-43.1602732451219,68.4,14.5,0.0839555562,0.0233000517,0.724137902
,710030930,-22.89885827823628,-43.1602732451219,68.4,14.5,0.0839555562,0.0233000517,0.724137902
,710030930,-22.89885827823628,-43.1602732451219,68.4,14.5,0.0839555562,0.0233000517,0.724137902
,710030930,-22.89885827823628,-43.1602732451219,68.4,14.5,0.0839555562,0.0233000517,0.724137902
,710030930,-22.89885827823628,-43.1602732451219,68.4,14.5,0.0839555562,0.0233000517,0.724137902
,710030930,-22.89885827823628,-43.1602732451219,68.4,14.5,0.0839555562,0.0233000517,0.724137902
,710030930,-22.89885827823628,-43.1602732451219,68.4,14.5,0.0839555562,0.0233000517,0.724137902
,710030930,-22.89885827823628,-43.1602732451219,68.4,14.5,0.0839555562,0.0233000517,0.724137902
,710030930,-22.89885827823628,-43.1602732451219,68.4,14.5,0.0839555562,0.0233000517,0.724137902
,710030930,-22.89885827823628,-43.1602732451219,68.4,14.5,0.0839555562,0.0233000517,0.724137902
,710030930,-22.89885827823628,-43.1602732451219,68.4,14.5,0.0839555562,0.0233000517,0.724137902
,710030930,-22.898832704261213,-43.16020599354994,68.4,14.5,0.0839555562,0.0233000517,0.724137902
,710030930,-22.898832704261213,-43.16020599354994,68.4,14.5,0.0839555562,0.0233000517,0.724137902
,710030930,-22.898832704261213,-43.16020599354994,68.4,14.5,0.0839555562,0.0233000517,0.724137902
,710030930,-22.898832704261213,-43.16020599354994,68.4,14.5,0.0839555562,0.0233000517,0.724137902
,710030930,-22.898832704261213,-43.16020599354994,68.4,14.5,0.0839555562,0.0233000517,0.724137902
,710030930,-22.898832704261213,-43.16020599354994,68.4,14.5,0.0839555562,0.0233000517,0.724137902
,710030930,-22.898832704261213,-43.16020599354994,68.4,14.5,0.0839555562,0.0233000517,0.724137902
,710030930,-22.898832704261213,-43.16020599354994,68.4,14.5,0.0839555562,0.0233000517,0.724137902
,710030930,-22.898832704261213,-43.16020599354994,68.4,14.5,0.0839555562,0.0233000517,0.724137902
,710030930,-22.898832704261213,-43.16020599354994,68.4,14.5,0.0883555561,0.0233443975,0.723580599
,710030930,-22.898832704261213,-43.16020599354994,68.4,14.5,0.0883555561,0.0233443975,0.723580599
,710030930,-22.898832704261213,-43.16020599354994,68.4,14.5,0.0883555561,0.0233443975,0.723580599
,710030930,-22.898832704261213,-43.16020599354994,68.4,14.5,0.0883555561,0.0233443975,0.724137902
,710030930,-22.898832704261213,-43.16020599354994,68.4,14.5,0.0883555561,0.0233443975,0.724137902
,710030930,-22.898832704261213,-43.16020599354994,68.4,14.5,0.0883555561,0.0233443975,0.724137902
,710030930,-22.898832704261213,-43.16020599354994,68.4,14.5,0.0883555561,0.0233443975,0.724137902
,710030930,-22.898832704261213,-43.16020599354994,68.4,14.5,0.0883555561,0.0233443975,0.724137902
,710030930,-22.898832704261213,-43.16020599354994,68.4,14.5,0.0883555561,0.0233443975,0.724137902
,710030930,-22.898832704261213,-43.16020599354994,68.4,14.5,0.0883555561,0.0233443975,0.724137902
,710030930,-22.898832704261213,-43.16020599354994,68.4,14.5,0.0883555561,0.0233443975,0.724137902
,710030930,-22.898832704261213,-43.16020599354994,68.4,14.5,0.0883555561,0.0233443975,0.724137902
,710030930,-22.898832704261213,-43.16020599354994,68.4,14.5,0.0883555561,0.0233443975,0.724137902
,710030930,-22.898832704261213,-43.16020599354994,68.4,14.5,0.0883555561,0.0233443975,0.724137902
,710030930,-22.898832704261213,-43.16020599354994,68.4,14.5,0.0883555561,0.0233443975,0.724137902
,710030930,-22.898832704261213,-43.16020599354994,68.4,14.5,0.0883555561,0.0233443975,0.724137902
,710030930,-22.898832704261213,-43.16020599354994,68.4,14.5,0.0883555561,0.0233443975,0.724137902
,710030930,-22.898832704261213,-43.16020599354994,68.4,14.5,0.0883555561,0.0233443975,0.724137902
,710030930,-22.898832704261213,-43.16020599354994,68.4,14.5,0.0883555561,0.0233443975,0.724137902
,710030930,-22.898832704261213,-43.16020599354994,68.4,14.5,0.0883555561,0.0233443975,0.724137902
,710030930,-22.898832704261213,-43.16020599354994,68.4,14.5,0.0883555561,0.0233443975,0.724137902
,710030930,-22.898832704261213,-43.16020599354994,68.4,14.5,0.0883555561,0.0233443975,0.724137902
,710030930,-22.898832704261213,-43.16020599354994,68.4,14.5,0.0883555561,0.0233443975,0.724137902
,710030930,-22.898832704261213,-43.16020599354994,68.4,14.5,0.0883555561,0.0233443975,0.724137902
,710030930,-22.898832704261213,-43.16020599354994,68.4,14.5,0.0883555561,0.0233443975,0.724137902
,710030930,-22.898832704261213,-43.16020599354994,68.4,14.5,0.0883555561,0.0233443975,0.724137902
,710030930,-22.898832704261213,-43.16020599354994,68.4,14.5,0.0883555561,0.0233443975,0.724137902
,710030930,-22.898832704261213,-43.16020599354994,68.4,14.5,0.0883555561,0.0233443975,0.724137902
,710030930,-22.898832704261213,-43.16020599354994,68.4,14.5,0.0883555561,0.0233443975,0.724137902
,710030930,-22.898832704261213,-43.16020599354994,68.4,14.5,0.0883555561,0.0233443975,0.724137902
,710030930,-22.898832704261213,-43.16020599354994,68.4,14.5,0.0883555561,0.0233443975,0.724137902
,710030930,-22.898832704261213,-43.16020599354994,68.4,14.5,0.0883555561,0.0233443975,0.724137902
,710030930,-22.898832704261213,-43.16020599354994,68.4,14.5,0.0883555561,0.0233443975,0.724137902
,710030930,-22.898832704261213,-43.16020599354994,68.4,14.5,0.0883555561,0.0233443975,0.724137902
,710030930,-22.898832704261213,-43.16020599354994,68.4,14.5,0.0883555561,0.0233443975,0.724137902
,710030930,-22.898832704261213,-43.16020599354994,68.4,14.5,0.0883555561,0.0233443975,0.724137902
,710030930,-22.89880713025923,-43.16013874200501,68.4,14.5,0.0883555561,0.0233443975,0.724137902
,710030930,-22.89880713025923,-43.16013874200501,68.4,14.5,0.0883555561,0.0233443975,0.724137902
,710030930,-22.89880713025923,-43.16013874200501,68.4,14.5,0.0883555561,0.0233443975,0.724137902
,710030930,-22.89880713025923,-43.16013874200501,68.4,14.5,0.0883555561,0.0233443975,0.724137902
,710030930,-22.89880713025923,-43.16013874200501,68.4,14.5,0.0883555561,0.0233443975,0.724137902
,710030930,-22.89880713025923,-43.16013874200501,68.4,14.5,0.0883555561,0.0233443975,0.724137902
,710030930,-22.89880713025923,-43.16013874200501,68.4,14.5,0.0883555561,0.0233443975,0.724137902
,710030930,-22.89880713025923,-43.16013874200501,68.4,14.5,0.0883555561,0.0233443975,0.724137902
,710030930,-22.89880713025923,-43.16013874200501,68.4,14.5,0.0883555561,0.0233443975,0.724137902
,710030930,-22.89880713025923,-43.16013874200501,68.4,14.5,0.0883555561,0.0233443975,0.724137902
,710030930,-22.89880713025923,-43.16013874200501,68.4,14.5,0.0883555561,0.0233443975,0.724137902
,710030930,-22.89880713025923,-43.16013874200501,68.4,14.5,0.0883555561,0.0233443975,0.724137902
,710030930,-22.89880713025923,-43.16013874200501,68.4,14.5,0.0883555561,0.0233443975,0.724137902
,710030930,-22.89880713025923,-43.16013874200501,68.4,14.5,0.0883555561,0.0233443975,0.724137902
,710030930,-22.89880713025923,-43.16013874200501,68.4,14.5,0.0883555561,0.0233443975,0.724137902
,710030930,-22.89880713025923,-43.16013874200501,68.4,14.5,0.0883555561,0.0233443975,0.724137902
,710030930,-22.89880713025923,-43.16013874200501,68.4,14.5,0.0883555561,0.0233443975,0.724137902
,710030930,-22.89880713025923,-43.16013874200501,68.4,14.5,0.0883555561,0.0233443975,0.724137902
,710030930,-22.89880713025923,-43.16013874200501,68.4,14.5,0.0883555561,0.0233443975,0.724137902
,710030930,-22.89880713025923,-43.16013874200501,68.4,14.5,0.0883555561,0.0233443975,0.724137902
,710030930,-22.89880713025923,-43.16013874200501,68.4,14.5,0.0883555561,0.0233443975,0.724137902
,710030930,-22.89880713025923,-43.16013874200501,68.4,14.5,0.0883555561,0.0233443975,0.724137902
,710030930,-22.89880713025923,-43.16013874200501,68.4,14.5,0.0883555561,0.0233443975,0.724137902
,710030930,-22.89880713025923,-43.16013874200501,68.4,14.5,0.0883555561,0.0233443975,0.724137902
,710030930,-22.89880713025923,-43.16013874200501,68.4,14.5,0.0883555561,0.0233443975,0.724137902
,710030930,-22.89880713025923,-43.16013874200501,68.4,14.5,0.0883555561,0.0233443975,0.724137902
,710030930,-22.89880713025923,-43.16013874200501,68.4,14.5,0.0883555561,0.0233443975,0.724137902
,710030930,-22.89880713025923,-43.16013874200501,68.4,14.5,0.0883555561,0.0233443975,0.724137902
,710030930,-22.89880713025923,-43.16013874200501,68.4,14.5,0.0883555561,0.0233443975,0.724137902
,710030930,-22.89880713025923,-43.16013874200501,68.4,14.5,0.0883555561,0.0233443975,0.724137902
,710030930,-22.89880713025923,-43.16013874200501,68.4,14.5,0.0883555561,0.0233443975,0.724137902
,710030930,-22.89880713025923,-43.16013874200501,68.4,14.5,0.0883555561,0.0233443975,0.724137902
,710030930,-22.89880713025923,-43.16013874200501,68.4,14.5,0.0883555561,0.0233443975,0.724137902
,710030930,-22.89880713025923,-43.16013874200501,68.4,14.5,0.0883555561,0.0233443975,0.724137902
,710030930,-22.89880713025923,-43.16013874200501,68.4,14.5,0.0883555561,0.0233443975,0.724137902
,710030930,-22.89880713025923,-43.16013874200501,68.4,14.5,0.0883555561,0.0233443975,0.724137902
,710030930,-22.89880713025923,-43.16013874200501,68.4,14.5,0.0883555561,0.0233443975,0.724137902
,710030930,-22.89880713025923,-43.16013874200501,68.4,14.5,0.0883555561,0.0233443975,0.724137902
,710030930,-22.89880713025923,-43.16013874200501,68.4,14.5,0.0883555561,0.0233443975,0.724137902
,710030930,-22.89880713025923,-43.16013874200501,68.4,14.5,0.0883555561,0.0233443975,0.724137902
,710030930,-22.89880713025923,-43.16013874200501,68.4,14.5,0.0883555561,0.0233443975,0.724137902
,710030930,-22.89880713025923,-43.16013874200501,68.4,14.5,0.0883555561,0.0233443975,0.724137902
,710030930,-22.89880713025923,-43.16013874200501,68.4,14.5,0.0883555561,0.0233443975,0.724137902
,710030930,-22.89880713025923,-43.16013874200501,68.4,14.5,0.0883555561,0.0233443975,0.724137902
,710030930,-22.89880713025923,-43.16013874200501,68.4,14.5,0.0883555561,0.0233443975,0.724137902
,710030930,-22.898781556230336,-43.16007149048712,68.4,14.5,0.0883555561,0.0233443975,0.724137902
,710030930,-22.898781556230336,-43.16007149048712,68.4,14.5,0.0883555561,0.0233443975,0.724137902
,710030930,-22.898781556230336,-43.16007149048712,68.4,14.5,0.0883555561,0.0233443975,0.724137902
,710030930,-22.898781556230336,-43.16007149048712,68.4,14.5,0.0883555561,0.0233443975,0.724137902
,710030930,-22.898781556230336,-43.16007149048712,68.4,14.5,0.0883555561,0.0233443975,0.724137902
,710030930,-22.898781556230336,-43.16007149048712,68.4,14.5,0.0883555561,0.0233443975,0.724137902
,710030930,-22.898781556230336,-43.16007149048712,68.4,14.5,0.0883555561,0.0233443975,0.724137902
,710030930,-22.898781556230336,-43.16007149048712,68.4,14.5,0.0883555561,0.0233443975,0.724137902
,710030930,-22.898781556230336,-43.16007149048712,68.4,14.5,0.0883555561,0.0233443975,0.724137902
,710030930,-22.898781556230336,-43.16007149048712,68.4,14.5,0.0883555561,0.0233443975,0.724137902
,710030930,-22.898781556230336,-43.16007149048712,68.4,14.5,0.0883555561,0.0233443975,0.724137902
,710030930,-22.898781556230336,-43.16007149048712,68.4,14.5,0.0883555561,0.0233443975,0.724137902
,710030930,-22.898781556230336,-43.16007149048712,68.4,14.5,0.0883555561,0.0233443975,0.724137902
,710030930,-22.898781556230336,-43.16007149048712,68.4,14.5,0.0883555561,0.0233443975,0.724137902
,710030930,-22.898781556230336,-43.16007149048712,68.4,14.5,0.0883555561,0.0233443975,0.724137902
,710030930,-22.898781556230336,-43.16007149048712,68.4,14.5,0.0883555561,0.0233443975,0.724137902
,710030930,-22.898781556230336,-43.16007149048712,68.4,14.5,0.0883555561,0.0233443975,0.724137902
,710030930,-22.898781556230336,-43.16007149048712,68.4,14.5,0.0883555561,0.0233443975,0.724137902
,710030930,-22.898781556230336,-43.16007149048712,68.4,14.5,0.0883555561,0.0233443975,0.724137902
,710030930,-22.898781556230336,-43.16007149048712,68.4,14.5,0.0883555561,0.0233443975,0.724137902
,710030930,-22.898781556230336,-43.16007149048712,68.4,14.5,0.0883555561,0.0233443975,0.724137902
,710030930,-22.898781556230336,-43.16007149048712,68.4,14.5,0.0883555561,0.0233443975,0.724137902
,710030930,-22.898781556230336,-43.16007149048712,68.4,14.5,0.0883555561,0.0233443975,0.724137902
,710030930,-22.898781556230336,-43.16007149048712,68.4,14.5,0.0883555561,0.0233443975,0.724137902
,710030930,-22.898781556230336,-43.16007149048712,68.4,14.5,0.0883555561,0.0233443975,0.724137902
,710030930,-22.898781556230336,-43.16007149048712,68.4,14.5,0.0883555561,0.0233443975,0.724137902
,710030930,-22.898781556230336,-43.16007149048712,68.4,14.5,0.0883555561,0.0233443975,0.724137902
,710030930,-22.898781556230336,-43.16007149048712,68.4,14.5,0.0883555561,0.0233443975,0.724137902
,710030930,-22.898781556230336,-43.16007149048712,68.4,14.5,0.0883555561,0.0233443975,0.724137902
,710030930,-22.898781556230336,-43.16007149048712,68.4,14.5,0.0883555561,0.0233443975,0.724137902
,710030930,-22.898781556230336,-43.16007149048712,68.4,14.5,0.0883555561,0.0233443975,0.724137902
,710030930,-22.898781556230336,-43.16007149048712,68.4,14.5,0.0883555561,0.0233443975,0.724137902
,710030930,-22.898781556230336,-43.16007149048712,68.4,14.5,0.0883555561,0.0233443975,0.724137902
,710030930,-22.898781556230336,-43.16007149048712,68.4,14.5,0.0883555561,0.0233443975,0.724137902
,710030930,-22.898781556230336,-43.16007149048712,68.4,14.5,0.0883555561,0.0233443975,0.724137902
,710030930,-22.898781556230336,-43.16007149048712,68.4,14.5,0.0883555561,0.0233443975,0.724137902
,710030930,-22.898781556230336,-43.16007149048712,68.4,14.5,0.0883555561,0.0233443975,0.724137902
,710030930,-22.898781556230336,-43.16007149048712,68.4,14.5,0.0883555561,0.0233443975,0.724137902
,710030930,-22.898781556230336,-43.16007149048712,68.4,14.5,0.0883555561,0.0233443975,0.724137902
,710030930,-22.898781556230336,-43.16007149048712,68.4,14.5,0.0883555561,0.0233443975,0.724137902
,710030930,-22.898781556230336,-43.16007149048712,68.4,14.5,0.0883555561,0.0233443975,0.724137902
,710030930,-22.898781556230336,-43.16007149048712,68.4,14.5,0.0883555561,0.0233443975,0.724137902
,710030930,-22.898781556230336,-43.16007149048712,68.4,14.5,0.0883555561,0.0233443975,0.724137902
,710030930,-22.898781556230336,-43.16007149048712,68.4,14.5,0.0883555561,0.0233443975,0.724137902
,710030930,-22.898781556230336,-43.16007149048712,68.4,14.5,0.0883555561,0.0233443975,0.724137902
,710030930,-22.898755982174528,-43.160004238996265,68.4,14.5,0.0883555561,0.0233443975,0.724137902
,710030930,-22.898755982174528,-43.160004238996265,68.4,14.5,0.0883555561,0.0233443975,0.724137902
,710030930,-22.898755982174528,-43.160004238996265,68.4,14.5,0.0883555561,0.0233443975,0.724137902
,710030930,-22.898755982174528,-43.160004238996265,68.4,14.5,0.0883555561,0.0233443975,0.724137902
,710030930,-22.898755982174528,-43.160004238996265,68.4,14.5,0.0883555561,0.0233443975,0.724137902
,710030930,-22.898755982174528,-43.160004238996265,68.4,14.5,0.0883555561,0.0233443975,0.724137902
,710030930,-22.898755982174528,-43.160004238996265,68.4,14.5,0.0883555561,0.0233443975,0.724137902
,710030930,-22.898755982174528,-43.160004238996265,68.4,14.5,0.0883555561,0.0233443975,0.724137902
,710030930,-22.898755982174528,-43.160004238996265,68.4,14.5,0.0883555561,0.0233443975,0.724137902
,710030930,-22.898755982174528,-43.160004238996265,68.4,14.5,0.0927166641,0.0233889818,0.726643682
,710030930,-22.898755982174528,-43.160004238996265,68.4,14.5,0.0927166641,0.0233889818,0.726643682
,710030930,-22.898755982174528,-43.160004238996265,68.4,14.5,0.0927166641,0.0233889818,0.726643682
,710030930,-22.898755982174528,-43.160004238996265,68.4,14.5,0.0927166641,0.0233889818,0.724137902
,710030930,-22.898755982174528,-43.160004238996265,68.4,14.5,0.0927166641,0.0233889818,0.724137902
,710030930,-22.898755982174528,-43.160004238996265,68.4,14.5,0.0927166641,0.0233889818,0.724137902
,710030930,-22.898755982174528,-43.160004238996265,68.4,14.5,0.0927166641,0.0233889818,0.724137902
,710030930,-22.898755982174528,-43.160004238996265,68.4,14.5,0.0927166641,0.0233889818,0.724137902
,710030930,-22.898755982174528,-43.160004238996265,68.4,14.5,0.0927166641,0.0233889818,0.724137902
,710030930,-22.898755982174528,-43.160004238996265,68.4,14.5,0.0927166641,0.0233889818,0.724137902
,710030930,-22.898755982174528,-43.160004238996265,68.4,14.5,0.0927166641,0.0233889818,0.724137902
,710030930,-22.898755982174528,-43.160004238996265,68.4,14.5,0.0927166641,0.0233889818,0.724137902
,710030930,-22.898755982174528,-43.160004238996265,68.4,14.5,0.0927166641,0.0233889818,0.724137902
,710030930,-22.898755982174528,-43.160004238996265,68.4,14.5,0.0927166641,0.0233889818,0.724137902
,710030930,-22.898755982174528,-43.160004238996265,68.4,14.5,0.0927166641,0.0233889818,0.724137902
,710030930,-22.898755982174528,-43.160004238996265,68.4,14.5,0.0927166641,0.0233889818,0.724137902
,710030930,-22.898755982174528,-43.160004238996265,68.4,14.5,0.0927166641,0.0233889818,0.724137902
,710030930,-22.898755982174528,-43.160004238996265,68.4,14.5,0.0927166641,0.0233889818,0.724137902
,710030930,-22.898755982174528,-43.160004238996265,68.4,14.5,0.0927166641,0.0233889818,0.724137902
,710030930,-22.898755982174528,-43.160004238996265,68.4,14.5,0.0927166641,0.0233889818,0.724137902
,710030930,-22.898755982174528,-43.160004238996265,68.4,14.5,0.0927166641,0.0233889818,0.724137902
,710030930,-22.898755982174528,-43.160004238996265,68.4,14.5,0.0927166641,0.0233889818,0.724137902
,710030930,-22.898755982174528,-43.160004238996265,68.4,14.5,0.0927166641,0.0233889818,0.724137902
,710030930,-22.898755982174528,-43.160004238996265,68.4,14.5,0.0927166641,0.0233889818,0.724137902
,710030930,-22.898755982174528,-43.160004238996265,68.4,14.5,0.0927166641,0.0233889818,0.724137902
,710030930,-22.898755982174528,-43.160004238996265,68.4,14.5,0.0927166641,0.0233889818,0.724137902
,710030930,-22.898755982174528,-43.160004238996265,68.4,14.5,0.0927166641,0.0233889818,0.724137902
,710030930,-22.898755982174528,-43.160004238996265,68.4,14.5,0.0927166641,0.0233889818,0.724137902
,710030930,-22.898755982174528,-43.160004238996265,68.4,14.5,0.0927166641,0.0233889818,0.724137902
,710030930,-22.898755982174528,-43.160004238996265,68.4,14.5,0.0927166641,0.0233889818,0.724137902
,710030930,-22.898755982174528,-43.160004238996265,68.4,14.5,0.0927166641,0.0233889818,0.724137902
,710030930,-22.898755982174528,-43.160004238996265,68.4,14.5,0.0927166641,0.0233889818,0.724137902
,710030930,-22.898755982174528,-43.160004238996265,68.4,14.5,0.0927166641,0.0233889818,0.724137902
,710030930,-22.898730408091808,-43.15993698753245,68.4,14.5,0.0927166641,0.0233889818,0.724137902
,710030930,-22.898730408091808,-43.15993698753245,68.4,14.5,0.0927166641,0.0233889818,0.724137902
,710030930,-22.898730408091808,-43.15993698753245,68.4,14.5,0.0927166641,0.0233889818,0.724137902
,710030930,-22.898730408091808,-43.15993698753245,68.4,14.5,0.0927166641,0.0233889818,0.724137902
,710030930,-22.898730408091808,-43.15993698753245,68.4,14.5,0.0927166641,0.0233889818,0.724137902
,710030930,-22.898730408091808,-43.15993698753245,68.4,14.5,0.0927166641,0.0233889818,0.724137902
,710030930,-22.898730408091808,-43.15993698753245,68.4,14.5,0.0927166641,0.0233889818,0.724137902
,710030930,-22.898730408091808,-43.15993698753245,68.4,14.5,0.0927166641,0.0233889818,0.724137902
,710030930,-22.898730408091808,-43.15993698753245,68.4,14.5,0.0927166641,0.0233889818,0.724137902
,710030930,-22.898730408091808,-43.15993698753245,68.4,14.5,0.0927166641,0.0233889818,0.724137902
,710030930,-22.898730408091808,-43.15993698753245,68.4,14.5,0.0927166641,0.0233889818,0.724137902
,710030930,-22.898730408091808,-43.15993698753245,68.4,14.5,0.0927166641,0.0233889818,0.724137902
,710030930,-22.898730408091808,-43.15993698753245,68.4,14.5,0.0927166641,0.0233889818,0.724137902
,710030930,-22.898730408091808,-43.15993698753245,68.4,14.5,0.0927166641,0.0233889818,0.724137902
,710030930,-22.898730408091808,-43.15993698753245,68.4,14.5,0.0927166641,0.0233889818,0.724137902
,710030930,-22.898730408091808,-43.15993698753245,68.4,14.5,0.0927166641,0.0233889818,0.724137902
,710030930,-22.898730408091808,-43.15993698753245,68.4,14.5,0.0927166641,0.0233889818,0.724137902
,710030930,-22.898730408091808,-43.15993698753245,68.4,14.5,0.0927166641,0.0233889818,0.724137902
,710030930,-22.898730408091808,-43.15993698753245,68.4,14.5,0.0927166641,0.0233889818,0.724137902
,710030930,-22.898730408091808,-43.15993698753245,68.4,14.5,0.0927166641,0.0233889818,0.724137902
,710030930,-22.898730408091808,-43.15993698753245,68.4,14.5,0.0927166641,0.0233889818,0.724137902
,710030930,-22.898730408091808,-43.15993698753245,68.4,14.5,0.0927166641,0.0233889818,0.724137902
,710030930,-22.898730408091808,-43.15993698753245,68.4,14.5,0.0927166641,0.0233889818,0.724137902
,710030930,-22.898730408091808,-43.15993698753245,68.4,14.5,0.0927166641,0.0233889818,0.724137902
,710030930,-22.898730408091808,-43.15993698753245,68.4,14.5,0.0927166641,0.0233889818,0.724137902
,710030930,-22.898730408091808,-43.15993698753245,68.4,14.5,0.0927166641,0.0233889818,0.724137902
,710030930,-22.898730408091808,-43.15993698753245,68.4,14.5,0.0927166641,0.0233889818,0.724137902
,710030930,-22.898730408091808,-43.15993698753245,68.4,14.5,0.0927166641,0.0233889818,0.724137902
,710030930,-22.898730408091808,-43.15993698753245,68.4,14.5,0.0927166641,0.0233889818,0.724137902
,710030930,-22.898730408091808,-43.15993698753245,68.4,14.5,0.0927166641,0.0233889818,0.724137902
,710030930,-22.898730408091808,-43.15993698753245,68.4,14.5,0.0927166641,0.0233889818,0.724137902
,710030930,-22.898730408091808,-43.15993698753245,68.4,14.5,0.0927166641,0.0233889818,0.724137902
,710030930,-22.898730408091808,-43.15993698753245,68.4,14.5,0.0927166641,0.0233889818,0.724137902
,710030930,-22.898730408091808,-43.15993698753245,68.4,14.5,0.0927166641,0.0233889818,0.724137902
,710030930,-22.898730408091808,-43.15993698753245,68.4,14.5,0.0927166641,0.0233889818,0.724137902
,710030930,-22.898730408091808,-43.15993698753245,68.4,14.5,0.0927166641,0.0233889818,0.724137902
,710030930,-22.898730408091808,-43.15993698753245,68.4,14.5,0.0927166641,0.0233889818,0.724137902
,710030930,-22.898730408091808,-43.15993698753245,68.4,14.5,0.0927166641,0.0233889818,0.724137902
,710030930,-22.898730408091808,-43.15993698753245,68.4,14.5,0.0927166641,0.0233889818,0.724137902
,710030930,-22.898730408091808,-43.15993698753245,68.4,14.5,0.0927166641,0.0233889818,0.724137902
,710030930,-22.898730408091808,-43.15993698753245,68.4,14.5,0.0927166641,0.0233889818,0.724137902
,710030930,-22.898730408091808,-43.15993698753245,68.4,14.5,0.0927166641,0.0233889818,0.724137902
,710030930,-22.898730408091808,-43.15993698753245,68.4,14.5,0.0927166641,0.0233889818,0.724137902
,710030930,-22.898730408091808,-43.15993698753245,68.4,14.5,0.0927166641,0.0233889818,0.724137902
,710030930,-22.898730408091808,-43.15993698753245,68.4,14.5,0.0927166641,0.0233889818,0.724137902
,710030930,-22.89870483398217,-43.159869736095665,68.4,14.5,0.0927166641,0.0233889818,0.724137902
,710030930,-22.89870483398217,-43.159869736095665,68.4,14.5,0.0927166641,0.0233889818,0.724137902
,710030930,-22.89870483398217,-43.159869736095665,68.4,14.5,0.0927166641,0.0233889818,0.724137902
,710030930,-22.89870483398217,-43.159869736095665,68.4,14.5,0.0927166641,0.0233889818,0.724137902
,710030930,-22.89870483398217,-43.159869736095665,68.4,14.5,0.0927166641,0.0233889818,0.724137902
,710030930,-22.89870483398217,-43.159869736095665,68.4,14.5,0.0927166641,0.0233889818,0.724137902
,710030930,-22.89870483398217,-43.159869736095665,68.4,14.5,0.0927166641,0.0233889818,0.724137902
,710030930,-22.89870483398217,-43.159869736095665,68.4,14.5,0.0927166641,0.0233889818,0.724137902
,710030930,-22.89870483398217,-43.159869736095665,68.4,14.5,0.0927166641,0.0233889818,0.724137902
,710030930,-22.89870483398217,-43.159869736095665,68.4,14.5,0.0927166641,0.0233889818,0.724137902
,710030930,-22.89870483398217,-43.159869736095665,68.4,14.5,0.0927166641,0.0233889818,0.724137902
,710030930,-22.89870483398217,-43.159869736095665,68.4,14.5,0.0927166641,0.0233889818,0.724137902
,710030930,-22.89870483398217,-43.159869736095665,68.4,14.5,0.0927166641,0.0233889818,0.724137902
,710030930,-22.89870483398217,-43.159869736095665,68.4,14.5,0.0927166641,0.0233889818,0.724137902
,710030930,-22.89870483398217,-43.159869736095665,68.4,14.5,0.0927166641,0.0233889818,0.724137902
,710030930,-22.89870483398217,-43.159869736095665,68.4,14.5,0.0927166641,0.0233889818,0.724137902
,710030930,-22.89870483398217,-43.159869736095665,68.4,14.5,0.0927166641,0.0233889818,0.724137902
,710030930,-22.89870483398217,-43.159869736095665,68.4,14.5,0.0927166641,0.0233889818,0.724137902
,710030930,-22.89870483398217,-43.159869736095665,68.4,14.5,0.0927166641,0.0233889818,0.724137902
,710030930,-22.89870483398217,-43.159869736095665,68.4,14.5,0.0927166641,0.0233889818,0.724137902
,710030930,-22.89870483398217,-43.159869736095665,68.4,14.5,0.0927166641,0.0233889818,0.724137902
,710030930,-22.89870483398217,-43.159869736095665,68.4,14.5,0.0927166641,0.0233889818,0.724137902
,710030930,-22.89870483398217,-43.159869736095665,68.4,14.5,0.0927166641,0.0233889818,0.724137902
,710030930,-22.89870483398217,-43.159869736095665,68.4,14.5,0.0927166641,0.0233889818,0.724137902
,710030930,-22.89870483398217,-43.159869736095665,68.4,14.5,0.0927166641,0.0233889818,0.724137902
,710030930,-22.89870483398217,-43.159869736095665,68.4,14.5,0.0927166641,0.0233889818,0.724137902
,710030930,-22.89870483398217,-43.159869736095665,68.4,14.5,0.0927166641,0.0233889818,0.724137902
,710030930,-22.89870483398217,-43.159869736095665,68.4,14.5,0.0927166641,0.0233889818,0.724137902
,710030930,-22.89870483398217,-43.159869736095665,68.4,14.5,0.0927166641,0.0233889818,0.724137902
,710030930,-22.89870483398217,-43.159869736095665,68.4,14.5,0.0927166641,0.0233889818,0.724137902
,710030930,-22.89870483398217,-43.159869736095665,68.4,14.5,0.0927166641,0.0233889818,0.724137902
,710030930,-22.89870483398217,-43.159869736095665,68.4,14.5,0.0927166641,0.0233889818,0.724137902
,710030930,-22.89870483398217,-43.159869736095665,68.4,14.5,0.0927166641,0.0233889818,0.724137902
,710030930,-22.89870483398217,-43.159869736095665,68.4,14.5,0.0927166641,0.0233889818,0.724137902
,710030930,-22.89870483398217,-43.159869736095665,68.4,14.5,0.0927166641,0.0233889818,0.724137902
,710030930,-22.89870483398217,-43.159869736095665,68.4,14.5,0.0927166641,0.0233889818,0.724137902
,710030930,-22.89870483398217,-43.159869736095665,68.4,14.5,0.0927166641,0.0233889818,0.724137902
,710030930,-22.89870483398217,-43.159869736095665,68.4,14.5,0.0927166641,0.0233889818,0.724137902
,710030930,-22.89870483398217,-43.159869736095665,68.4,14.5,0.0927166641,0.0233889818,0.724137902
,710030930,-22.89870483398217,-43.159869736095665,68.4,14.5,0.0927166641,0.0233889818,0.724137902
,710030930,-22.89870483398217,-43.159869736095665,68.4,14.5,0.0927166641,0.0233889818,0.724137902
,710030930,-22.89870483398217,-43.159869736095665,68.4,14.5,0.0927166641,0.0233889818,0.724137902
,710030930,-22.89870483398217,-43.159869736095665,68.4,14.5,0.0927166641,0.0233889818,0.724137902
,710030930,-22.89870483398217,-43.159869736095665,68.4,14.5,0.0927166641,0.0233889818,0.724137902
,710030930,-22.89870483398217,-43.159869736095665,68.4,14.5,0.0927166641,0.0233889818,0.724137902
,710030930,-22.898681923427006,-43.15973430529261,69.7,14.5,0.0927166641,0.0233889818,0.724137902
,710030930,-22.898681923427006,-43.15973430529261,69.7,14.5,0.0927166641,0.0233889818,0.724137902
,710030930,-22.898681923427006,-43.15973430529261,69.7,14.5,0.0927166641,0.0233889818,0.724137902
,710030930,-22.898681923427006,-43.15973430529261,69.7,14.5,0.0927166641,0.0233889818,0.724137902
,710030930,-22.898681923427006,-43.15973430529261,69.7,14.5,0.0927166641,0.0233889818,0.724137902
,710030930,-22.898681923427006,-43.15973430529261,69.7,14.5,0.0927166641,0.0233889818,0.724137902
,710030930,-22.898681923427006,-43.15973430529261,69.7,14.5,0.0927166641,0.0233889818,0.724137902
,710030930,-22.898681923427006,-43.15973430529261,69.7,14.5,0.0927166641,0.0233889818,0.724137902
,710030930,-22.898681923427006,-43.15973430529261,69.7,14.5,0.0927166641,0.0233889818,0.724137902
,710030930,-22.898681923427006,-43.15973430529261,69.7,14.5,0.09703888,0.0234444141,0.729848623
,710030930,-22.898681923427006,-43.15973430529261,69.7,14.5,0.09703888,0.0234444141,0.729848623
,710030930,-22.898681923427006,-43.15973430529261,69.7,14.5,0.09703888,0.0234444141,0.729848623
,710030930,-22.898681923427006,-43.15973430529261,69.7,14.5,0.09703888,0.0234444141,0.729848623
,710030930,-22.898681923427006,-43.15973430529261,69.7,14.5,0.09703888,0.0234444141,0.729848623
,710030930,-22.898681923427006,-43.15973430529261,69.7,14.5,0.09703888,0.0234444141,0.729848623
,710030930,-22.898681923427006,-43.15973430529261,69.7,14.5,0.09703888,0.0234444141,0.724137902
,710030930,-22.898681923427006,-43.15973430529261,69.7,14.5,0.09703888,0.0234444141,0.724137902
,710030930,-22.898681923427006,-43.15973430529261,69.7,14.5,0.09703888,0.0234444141,0.724137902
,710030930,-22.898681923427006,-43.15973430529261,69.7,14.5,0.09703888,0.0234444141,0.724137902
,710030930,-22.898681923427006,-43.15973430529261,69.7,14.5,0.09703888,0.0234444141,0.724137902
,710030930,-22.898681923427006,-43.15973430529261,69.7,14.5,0.09703888,0.0234444141,0.724137902
,710030930,-22.898681923427006,-43.15973430529261,69.7,14.5,0.09703888,0.0234444141,0.724137902
,710030930,-22.898681923427006,-43.15973430529261,69.7,14.5,0.09703888,0.0234444141,0.724137902
,710030930,-22.898681923427006,-43.15973430529261,69.7,14.5,0.09703888,0.0234444141,0.724137902
,710030930,-22.898681923427006,-43.15973430529261,69.7,14.5,0.09703888,0.0234444141,0.724137902
,710030930,-22.898681923427006,-43.15973430529261,69.7,14.5,0.09703888,0.0234444141,0.724137902
,710030930,-22.898681923427006,-43.15973430529261,69.7,14.5,0.09703888,0.0234444141,0.724137902
,710030930,-22.898681923427006,-43.15973430529261,69.7,14.5,0.09703888,0.0234444141,0.724137902
,710030930,-22.898681923427006,-43.15973430529261,69.7,14.5,0.09703888,0.0234444141,0.724137902
,710030930,-22.898681923427006,-43.15973430529261,69.7,14.5,0.09703888,0.0234444141,0.724137902
,710030930,-22.898681923427006,-43.15973430529261,69.7,14.5,0.09703888,0.0234444141,0.724137902
,710030930,-22.898681923427006,-43.15973430529261,69.7,14.5,0.09703888,0.0234444141,0.724137902
,710030930,-22.898681923427006,-43.15973430529261,69.7,14.5,0.09703888,0.0234444141,0.724137902
,710030930,-22.898681923427006,-43.15973430529261,69.7,14.5,0.09703888,0.0234444141,0.724137902
,710030930,-22.898681923427006,-43.15973430529261,69.7,14.5,0.09703888,0.0234444141,0.724137902
,710030930,-22.898657769372498,-43.159666444969346,69.7,14.5,0.09703888,0.0234444141,0.724137902
,710030930,-22.898657769372498,-43.159666444969346,69.7,14.5,0.09703888,0.0234444141,0.724137902
,710030930,-22.898657769372498,-43.159666444969346,69.7,14.5,0.09703888,0.0234444141,0.724137902
,710030930,-22.898657769372498,-43.159666444969346,69.7,14.5,0.09703888,0.0234444141,0.724137902
,710030930,-22.898657769372498,-43.159666444969346,69.7,14.5,0.09703888,0.0234444141,0.724137902
,710030930,-22.898657769372498,-43.159666444969346,69.7,14.5,0.09703888,0.0234444141,0.724137902
,710030930,-22.898657769372498,-43.159666444969346,69.7,14.5,0.09703888,0.0234444141,0.724137902
,710030930,-22.898657769372498,-43.159666444969346,69.7,14.5,0.09703888,0.0234444141,0.724137902
,710030930,-22.898657769372498,-43.159666444969346,69.7,14.5,0.09703888,0.0234444141,0.724137902
,710030930,-22.898657769372498,-43.159666444969346,69.7,14.5,0.09703888,0.0234444141,0.724137902
,710030930,-22.898657769372498,-43.159666444969346,69.7,14.5,0.09703888,0.0234444141,0.724137902
,710030930,-22.898657769372498,-43.159666444969346,69.7,14.5,0.09703888,0.0234444141,0.724137902
,710030930,-22.898657769372498,-43.159666444969346,69.7,14.5,0.09703888,0.0234444141,0.724137902
,710030930,-22.898657769372498,-43.159666444969346,69.7,14.5,0.09703888,0.0234444141,0.724137902
,710030930,-22.898657769372498,-43.159666444969346,69.7,14.5,0.09703888,0.0234444141,0.724137902
,710030930,-22.898657769372498,-43.159666444969346,69.7,14.5,0.09703888,0.0234444141,0.724137902
,710030930,-22.898657769372498,-43.159666444969346,69.7,14.5,0.09703888,0.0234444141,0.724137902
,710030930,-22.898657769372498,-43.159666444969346,69.7,14.5,0.09703888,0.0234444141,0.724137902
,710030930,-22.898657769372498,-43.159666444969346,69.7,14.5,0.09703888,0.0234444141,0.724137902
,710030930,-22.898657769372498,-43.159666444969346,69.7,14.5,0.09703888,0.0234444141,0.724137902
,710030930,-22.898657769372498,-43.159666444969346,69.7,14.5,0.09703888,0.0234444141,0.724137902
,710030930,-22.898657769372498,-43.159666444969346,69.7,14.5,0.09703888,0.0234444141,0.724137902
,710030930,-22.898657769372498,-43.159666444969346,69.7,14.5,0.09703888,0.0234444141,0.724137902
,710030930,-22.898657769372498,-43.159666444969346,69.7,14.5,0.09703888,0.0234444141,0.724137902
,710030930,-22.898657769372498,-43.159666444969346,69.7,14.5,0.09703888,0.0234444141,0.724137902
,710030930,-22.898657769372498,-43.159666444969346,69.7,14.5,0.09703888,0.0234444141,0.724137902
,710030930,-22.898657769372498,-43.159666444969346,69.7,14.5,0.09703888,0.0234444141,0.724137902
,710030930,-22.898657769372498,-43.159666444969346,69.7,14.5,0.09703888,0.0234444141,0.724137902
,710030930,-22.898657769372498,-43.159666444969346,69.7,14.5,0.09703888,0.0234444141,0.724137902
,710030930,-22.898657769372498,-43.159666444969346,69.7,14.5,0.09703888,0.0234444141,0.724137902
,710030930,-22.89863361529049,-43.15959858467202,69.7,14.5,0.09703888,0.0234444141,0.724137902
,710030930,-22.89863361529049,-43.15959858467202,69.7,14.5,0.09703888,0.0234444141,0.724137902
,710030930,-22.89863361529049,-43.15959858467202,69.7,14.5,0.09703888,0.0234444141,0.724137902
,710030930,-22.89863361529049,-43.15959858467202,69.7,14.5,0.09703888,0.0234444141,0.724137902
,710030930,-22.89863361529049,-43.15959858467202,69.7,14.5,0.09703888,0.0234444141,0.724137902
,710030930,-22.89863361529049,-43.15959858467202,69.7,14.5,0.09703888,0.0234444141,0.724137902
,710030930,-22.89863361529049,-43.15959858467202,69.7,14.5,0.09703888,0.0234444141,0.724137902
,710030930,-22.89863361529049,-43.15959858467202,69.7,14.5,0.09703888,0.0234444141,0.724137902
,710030930,-22.89863361529049,-43.15959858467202,69.7,14.5,0.09703888,0.0234444141,0.724137902
,710030930,-22.89863361529049,-43.15959858467202,69.7,14.5,0.09703888,0.0234444141,0.724137902
,710030930,-22.89863361529049,-43.15959858467202,69.7,14.5,0.09703888,0.0234444141,0.724137902
,710030930,-22.89863361529049,-43.15959858467202,69.7,14.5,0.09703888,0.0234444141,0.724137902
,710030930,-22.89863361529049,-43.15959858467202,69.7,14.5,0.09703888,0.0234444141,0.724137902
,710030930,-22.89863361529049,-43.15959858467202,69.7,14.5,0.09703888,0.0234444141,0.724137902
,710030930,-22.89863361529049,-43.15959858467202,69.7,14.5,0.09703888,0.0234444141,0.724137902
,710030930,-22.89863361529049,-43.15959858467202,69.7,14.5,0.09703888,0.0234444141,0.724137902
,710030930,-22.89863361529049,-43.15959858467202,69.7,14.5,0.09703888,0.0234444141,0.724137902
,710030930,-22.89863361529049,-43.15959858467202,69.7,14.5,0.09703888,0.0234444141,0.724137902
,710030930,-22.89863361529049,-43.15959858467202,69.7,14.5,0.09703888,0.0234444141,0.724137902
,710030930,-22.89863361529049,-43.15959858467202,69.7,14.5,0.09703888,0.0234444141,0.724137902
,710030930,-22.89863361529049,-43.15959858467202,69.7,14.5,0.09703888,0.0234444141,0.724137902
,710030930,-22.89863361529049,-43.15959858467202,69.7,14.5,0.09703888,0.0234444141,0.724137902
,710030930,-22.89863361529049,-43.15959858467202,69.7,14.5,0.09703888,0.0234444141,0.724137902
,710030930,-22.89863361529049,-43.15959858467202,69.7,14.5,0.09703888,0.0234444141,0.724137902
,710030930,-22.89863361529049,-43.15959858467202,69.7,14.5,0.09703888,0.0234444141,0.724137902
,710030930,-22.89863361529049,-43.15959858467202,69.7,14.5,0.09703888,0.0234444141,0.724137902
,710030930,-22.89863361529049,-43.15959858467202,69.7,14.5,0.09703888,0.0234444141,0.724137902
,710030930,-22.89863361529049,-43.15959858467202,69.7,14.5,0.09703888,0.0234444141,0.724137902
,710030930,-22.89863361529049,-43.15959858467202,69.7,14.5,0.09703888,0.0234444141,0.724137902
,710030930,-22.89863361529049,-43.15959858467202,69.7,14.5,0.09703888,0.0234444141,0.724137902
,710030930,-22.898609461180982,-43.15953072440061,69.7,14.5,0.09703888,0.0234444141,0.724137902
,710030930,-22.898609461180982,-43.15953072440061,69.7,14.5,0.09703888,0.0234444141,0.724137902
,710030930,-22.898609461180982,-43.15953072440061,69.7,14.5,0.09703888,0.0234444141,0.724137902
,710030930,-22.898609461180982,-43.15953072440061,69.7,14.5,0.09703888,0.0234444141,0.724137902
,710030930,-22.898609461180982,-43.15953072440061,69.7,14.5,0.09703888,0.0234444141,0.724137902
,710030930,-22.898609461180982,-43.15953072440061,69.7,14.5,0.09703888,0.0234444141,0.724137902
,710030930,-22.898609461180982,-43.15953072440061,69.7,14.5,0.09703888,0.0234444141,0.724137902
,710030930,-22.898609461180982,-43.15953072440061,69.7,14.5,0.09703888,0.0234444141,0.724137902
,710030930,-22.898609461180982,-43.15953072440061,69.7,14.5,0.09703888,0.0234444141,0.724137902
,710030930,-22.898609461180982,-43.15953072440061,69.7,14.5,0.09703888,0.0234444141,0.724137902
,710030930,-22.898609461180982,-43.15953072440061,69.7,14.5,0.102805547,0.0234888792,0.73227644
,710030930,-22.898609461180982,-43.15953072440061,69.7,14.5,0.102805547,0.0234888792,0.73227644
,710030930,-22.898609461180982,-43.15953072440061,69.7,14.5,0.102805547,0.0234888792,0.73227644
,710030930,-22.898609461180982,-43.15953072440061,69.7,14.5,0.102805547,0.0234888792,0.73227644
,710030930,-22.898609461180982,-43.15953072440061,69.7,14.5,0.102805547,0.0234888792,0.735724151
,710030930,-22.898609461180982,-43.15953072440061,69.7,14.5,0.102805547,0.0234888792,0.735724151
,710030930,-22.898609461180982,-43.15953072440061,69.7,14.5,0.102805547,0.0234888792,0.735724151
,710030930,-22.898609461180982,-43.15953072440061,69.7,14.5,0.102805547,0.0234888792,0.735724151
,710030930,-22.898609461180982,-43.15953072440061,69.7,14.5,0.102805547,0.0234888792,0.735724151
,710030930,-22.898609461180982,-43.15953072440061,69.7,14.5,0.102805547,0.0234888792,0.735724151
,710030930,-22.898609461180982,-43.15953072440061,69.7,14.5,0.102805547,0.0234888792,0.735724151
,710030930,-22.898609461180982,-43.15953072440061,69.7,14.5,0.102805547,0.0234888792,0.735724151
,710030930,-22.898609461180982,-43.15953072440061,69.7,14.5,0.102805547,0.0234888792,0.735724151
,710030930,-22.898609461180982,-43.15953072440061,69.7,14.5,0.102805547,0.0234888792,0.735724151
,710030930,-22.898609461180982,-43.15953072440061,69.7,14.5,0.102805547,0.0234888792,0.735724151
,710030930,-22.898609461180982,-43.15953072440061,69.7,14.5,0.102805547,0.0234888792,0.735724151
,710030930,-22.898609461180982,-43.15953072440061,69.7,14.5,0.102805547,0.0234888792,0.735724151
,710030930,-22.898609461180982,-43.15953072440061,69.7,14.5,0.102805547,0.0234888792,0.735724151
,710030930,-22.898609461180982,-43.15953072440061,69.7,14.5,0.102805547,0.0234888792,0.735724151
,710030930,-22.898609461180982,-43.15953072440061,69.7,14.5,0.102805547,0.0234888792,0.735724151
,710030930,-22.898585307043973,-43.15946286415514,69.7,14.5,0.102805547,0.0234888792,0.735724151
,710030930,-22.898585307043973,-43.15946286415514,69.7,14.5,0.102805547,0.0234888792,0.735724151
,710030930,-22.898585307043973,-43.15946286415514,69.7,14.5,0.102805547,0.0234888792,0.735724151
,710030930,-22.898585307043973,-43.15946286415514,69.7,14.5,0.102805547,0.0234888792,0.735724151
,710030930,-22.898585307043973,-43.15946286415514,69.7,14.5,0.102805547,0.0234888792,0.735724151
,710030930,-22.898585307043973,-43.15946286415514,69.7,14.5,0.102805547,0.0234888792,0.735724151
,710030930,-22.898585307043973,-43.15946286415514,69.7,14.5,0.102805547,0.0234888792,0.735724151
,710030930,-22.898585307043973,-43.15946286415514,69.7,14.5,0.102805547,0.0234888792,0.735724151
,710030930,-22.898585307043973,-43.15946286415514,69.7,14.5,0.102805547,0.0234888792,0.735724151
,710030930,-22.898585307043973,-43.15946286415514,69.7,14.5,0.102805547,0.0234888792,0.735724151
,710030930,-22.898585307043973,-43.15946286415514,69.7,14.5,0.102805547,0.0234888792,0.735724151
,710030930,-22.898585307043973,-43.15946286415514,69.7,14.5,0.102805547,0.0234888792,0.735724151
,710030930,-22.898585307043973,-43.15946286415514,69.7,14.5,0.102805547,0.0234888792,0.735724151
,710030930,-22.898585307043973,-43.15946286415514,69.7,14.5,0.102805547,0.0234888792,0.735724151
,710030930,-22.898585307043973,-43.15946286415514,69.7,14.5,0.102805547,0.0234888792,0.735724151
,710030930,-22.898585307043973,-43.15946286415514,69.7,14.5,0.102805547,0.0234888792,0.735724151
,710030930,-22.898585307043973,-43.15946286415514,69.7,14.5,0.102805547,0.0234888792,0.735724151
,710030930,-22.898585307043973,-43.15946286415514,69.7,14.5,0.102805547,0.0234888792,0.735724151
,710030930,-22.898585307043973,-43.15946286415514,69.7,14.5,0.102805547,0.0234888792,0.735724151
,710030930,-22.898585307043973,-43.15946286415514,69.7,14.5,0.102805547,0.0234888792,0.735724151
,710030930,-22.898585307043973,-43.15946286415514,69.7,14.5,0.102805547,0.0234888792,0.735724151
,710030930,-22.898585307043973,-43.15946286415514,69.7,14.5,0.102805547,0.0234888792,0.735724151
,710030930,-22.898585307043973,-43.15946286415514,69.7,14.5,0.102805547,0.0234888792,0.735724151
,710030930,-22.898561152879466,-43.15939500393559,69.7,14.5,0.102805547,0.0234888792,0.735724151
,710030930,-22.898561152879466,-43.15939500393559,69.7,14.5,0.102805547,0.0234888792,0.735724151
,710030930,-22.898561152879466,-43.15939500393559,69.7,14.5,0.102805547,0.0234888792,0.735724151
,710030930,-22.898561152879466,-43.15939500393559,69.7,14.5,0.102805547,0.0234888792,0.735724151
,710030930,-22.898561152879466,-43.15939500393559,69.7,14.5,0.102805547,0.0234888792,0.735724151
,710030930,-22.898561152879466,-43.15939500393559,69.7,14.5,0.102805547,0.0234888792,0.735724151
,710030930,-22.898561152879466,-43.15939500393559,69.7,14.5,0.102805547,0.0234888792,0.735724151
,710030930,-22.898561152879466,-43.15939500393559,69.7,14.5,0.102805547,0.0234888792,0.735724151
,710030930,-22.898561152879466,-43.15939500393559,69.7,14.5,0.102805547,0.0234888792,0.735724151
,710030930,-22.898561152879466,-43.15939500393559,69.7,14.5,0.102805547,0.0234888792,0.735724151
,710030930,-22.898561152879466,-43.15939500393559,69.7,14.5,0.102805547,0.0234888792,0.735724151
,710030930,-22.898561152879466,-43.15939500393559,69.7,14.5,0.102805547,0.0234888792,0.735724151
,710030930,-22.898561152879466,-43.15939500393559,69.7,14.5,0.102805547,0.0234888792,0.735724151
,710030930,-22.898561152879466,-43.15939500393559,69.7,14.5,0.102805547,0.0234888792,0.735724151
,710030930,-22.898561152879466,-43.15939500393559,69.7,14.5,0.102805547,0.0234888792,0.735724151
,710030930,-22.89853699868746,-43.15932714374198,69.7,14.5,0.102805547,0.0234888792,0.735724151
,710030930,-22.89853699868746,-43.15932714374198,69.7,14.5,0.102805547,0.0234888792,0.735724151
,710030930,-22.89853699868746,-43.15932714374198,69.7,14.5,0.102805547,0.0234888792,0.735724151
,710030930,-22.89853699868746,-43.15932714374198,69.7,14.5,0.107088886,0.0235333443,0.735573888
,710030930,-22.89853699868746,-43.15932714374198,69.7,14.5,0.107088886,0.0235333443,0.735724151
,710030930,-22.89853699868746,-43.15932714374198,69.7,14.5,0.107088886,0.0235333443,0.735724151
,710030930,-22.89853699868746,-43.15932714374198,69.7,14.5,0.107088886,0.0235333443,0.735724151
,710030930,-22.89853699868746,-43.15932714374198,69.7,14.5,0.107088886,0.0235333443,0.735724151
,710030930,-22.89853699868746,-43.15932714374198,69.7,14.5,0.107088886,0.0235333443,0.735724151
,710030930,-22.898488690220955,-43.159191423432546,69.7,14.5,0.107088886,0.0235333443,0.735724151
,710030930,-22.898488690220955,-43.159191423432546,69.7,14.5,0.107088886,0.0235333443,0.735724151
,710030930,-22.898488690220955,-43.159191423432546,69.7,14.5,0.107088886,0.0235333443,0.735724151
,710030930,-22.898488690220955,-43.159191423432546,69.7,14.5,0.107088886,0.0235333443,0.735724151
,710030930,-22.898488690220955,-43.159191423432546,69.7,14.5,0.107088886,0.0235333443,0.735724151
,710030930,-22.898488690220955,-43.159191423432546,69.7,14.5,0.107088886,0.0235333443,0.735724151
,710030930,-22.898488690220955,-43.159191423432546,69.7,14.5,0.107088886,0.0235333443,0.735724151
,710030930,-22.898488690220955,-43.159191423432546,69.7,14.5,0.107088886,0.0235333443,0.735724151
,710030930,-22.898488690220955,-43.159191423432546,69.7,14.5,0.107088886,0.0235333443,0.735724151
,710030930,-22.898464535946452,-43.15912356331671,69.7,14.5,0.107088886,0.0235333443,0.735724151
,710030930,-22.898464535946452,-43.15912356331671,69.7,14.5,0.107088886,0.0235333443,0.735724151
,710030930,-22.898464535946452,-43.15912356331671,69.7,14.5,0.107088886,0.0235333443,0.735724151
,710030930,-22.898464535946452,-43.15912356331671,69.7,14.5,0.107088886,0.0235333443,0.735724151
,710030930,-22.898464535946452,-43.15912356331671,69.7,14.5,0.11133334,0.0235888958,0.7390095
,710030930,-22.898464535946452,-43.15912356331671,69.7,14.5,0.11133334,0.0235888958,0.735724151
,710030930,-22.898464535946452,-43.15912356331671,69.7,14.5,0.11133334,0.0235888958,0.735724151
,710030930,-22.898464535946452,-43.15912356331671,69.7,14.5,0.11133334,0.0235888958,0.735724151
,710030930,-22.898464535946452,-43.15912356331671,69.7,14.5,0.11133334,0.0235888958,0.735724151
,710030930,-22.898464535946452,-43.15912356331671,69.7,14.5,0.11133334,0.0235888958,0.735724151
,710030930,-22.898464535946452,-43.15912356331671,69.7,14.5,0.11133334,0.0235888958,0.735724151
,710030930,-22.898464535946452,-43.15912356331671,69.7,14.5,0.11133334,0.0235888958,0.735724151
,710030930,-22.898464535946452,-43.15912356331671,69.7,14.5,0.11133334,0.0235888958,0.735724151
,710030930,-22.898464535946452,-43.15912356331671,69.7,14.5,0.11133334,0.0235888958,0.735724151
,710030930,-22.89844038164445,-43.15905570322682,69.7,14.5,0.11133334,0.0235888958,0.735724151
,710030930,-22.89844038164445,-43.15905570322682,69.7,14.5,0.11133334,0.0235888958,0.735724151
,710030930,-22.89844038164445,-43.15905570322682,69.7,14.5,0.11133334,0.0235888958,0.735724151
,710030930,-22.89844038164445,-43.15905570322682,69.7,14.5,0.11133334,0.0235888958,0.735724151
,710030930,-22.89844038164445,-43.15905570322682,69.7,14.5,0.11133334,0.0235888958,0.735724151
,710030930,-22.89844038164445,-43.15905570322682,69.7,14.5,0.11133334,0.0235888958,0.735724151
,710030930,-22.89844038164445,-43.15905570322682,69.7,14.5,0.11133334,0.0235888958,0.735724151
,710030930,-22.89844038164445,-43.15905570322682,69.7,14.5,0.11133334,0.0235888958,0.735724151
,710030930,-22.89844038164445,-43.15905570322682,69.7,14.5,0.11133334,0.0235888958,0.735724151
,710030930,-22.89844038164445,-43.15905570322682,69.7,14.5,0.11133334,0.0235888958,0.735724151
,710030930,-22.89844038164445,-43.15905570322682,69.7,14.5,0.11133334,0.0235888958,0.735724151
,710030930,-22.89844038164445,-43.15905570322682,69.7,14.5,0.11133334,0.0235888958,0.735724151
,710030930,-22.89844038164445,-43.15905570322682,69.7,14.5,0.11133334,0.0235888958,0.735724151
,710030930,-22.89844038164445,-43.15905570322682,69.7,14.5,0.11133334,0.0235888958,0.735724151
,710030930,-22.89844038164445,-43.15905570322682,69.7,14.5,0.11133334,0.0235888958,0.735724151
,710030930,-22.898416227314947,-43.15898784316286,69.7,14.5,0.11133334,0.0235888958,0.735724151
,710030930,-22.898416227314947,-43.15898784316286,69.7,14.5,0.11133334,0.0235888958,0.735724151
,710030930,-22.898416227314947,-43.15898784316286,69.7,14.5,0.11133334,0.0235888958,0.735724151
,710030930,-22.898416227314947,-43.15898784316286,69.7,14.5,0.11133334,0.0235888958,0.735724151
,710030930,-22.898416227314947,-43.15898784316286,69.7,14.5,0.11133334,0.0235888958,0.735724151
,710030930,-22.898416227314947,-43.15898784316286,69.7,14.5,0.11133334,0.0235888958,0.735724151
,710030930,-22.898416227314947,-43.15898784316286,69.7,14.5,0.11133334,0.0235888958,0.735724151
,710030930,-22.898416227314947,-43.15898784316286,69.7,14.5,0.11133334,0.0235888958,0.735724151
,710030930,-22.898416227314947,-43.15898784316286,69.7,14.5,0.11133334,0.0235888958,0.735724151
,710030930,-22.898416227314947,-43.15898784316286,69.7,14.5,0.11133334,0.0235888958,0.735724151
,710030930,-22.898416227314947,-43.15898784316286,69.7,14.5,0.11133334,0.0235888958,0.735724151
,710030930,-22.898416227314947,-43.15898784316286,69.7,14.5,0.11133334,0.0235888958,0.735724151
,710030930,-22.898416227314947,-43.15898784316286,69.7,14.5,0.11133334,0.0235888958,0.735724151
,710030930,-22.898416227314947,-43.15898784316286,69.7,14.5,0.11133334,0.0235888958,0.735724151
,710030930,-22.898416227314947,-43.15898784316286,69.7,14.5,0.11133334,0.0235888958,0.735724151
,710030930,-22.89839207295794,-43.158919983124825,69.7,14.5,0.11133334,0.0235888958,0.735724151
,710030930,-22.89839207295794,-43.158919983124825,69.7,14.5,0.11133334,0.0235888958,0.735724151
,710030930,-22.89839207295794,-43.158919983124825,69.7,14.5,0.11133334,0.0235888958,0.735724151
,710030930,-22.89839207295794,-43.158919983124825,69.7,14.5,0.11133334,0.0235888958,0.735724151
,710030930,-22.89839207295794,-43.158919983124825,69.7,14.5,0.11133334,0.0235888958,0.735724151
,710030930,-22.89839207295794,-43.158919983124825,69.7,14.5,0.115538895,0.0236444473,0.742581546
,710030930,-22.89839207295794,-43.158919983124825,69.7,14.5,0.115538895,0.0236444473,0.742581546
,710030930,-22.89839207295794,-43.158919983124825,69.7,14.5,0.115538895,0.0236444473,0.7473104
,710030930,-22.89839207295794,-43.158919983124825,69.7,14.5,0.115538895,0.0236444473,0.7473104
,710030930,-22.89839207295794,-43.158919983124825,69.7,14.5,0.115538895,0.0236444473,0.7473104
,710030930,-22.89839207295794,-43.158919983124825,69.7,14.5,0.115538895,0.0236444473,0.7473104
,710030930,-22.89839207295794,-43.158919983124825,69.7,14.5,0.115538895,0.0236444473,0.7473104
,710030930,-22.89839207295794,-43.158919983124825,69.7,14.5,0.115538895,0.0236444473,0.7473104
,710030930,-22.89839207295794,-43.158919983124825,69.7,14.5,0.115538895,0.0236444473,0.7473104
,710030930,-22.89839207295794,-43.158919983124825,69.7,14.5,0.115538895,0.0236444473,0.7473104
,710030930,-22.898367918573435,-43.15885212311272,69.7,14.5,0.115538895,0.0236444473,0.7473104
,710030930,-22.898367918573435,-43.15885212311272,69.7,14.5,0.115538895,0.0236444473,0.7473104
,710030930,-22.898367918573435,-43.15885212311272,69.7,14.5,0.115538895,0.0236444473,0.7473104
,710030930,-22.898367918573435,-43.15885212311272,69.7,14.5,0.115538895,0.0236444473,0.7473104
,710030930,-22.898367918573435,-43.15885212311272,69.7,14.5,0.115538895,0.0236444473,0.7473104
,710030930,-22.898367918573435,-43.15885212311272,69.7,14.5,0.115538895,0.0236444473,0.7473104
,710030930,-22.898405826818152,-43.15885507588432,71.5,14.6,0.115538895,0.0236444473,0.7473104
,710030930,-22.898405826818152,-43.15885507588432,71.5,14.6,0.115538895,0.0236444473,0.7473104
,710030930,-22.898405826818152,-43.15885507588432,71.5,14.6,0.115538895,0.0236444473,0.7473104
,710030930,-22.898405826818152,-43.15885507588432,71.5,14.6,0.115538895,0.0236444473,0.7473104
,710030930,-22.898405826818152,-43.15885507588432,71.5,14.6,0.115538895,0.0236444473,0.7473104
,710030930,-22.898405826818152,-43.15885507588432,71.5,14.6,0.115538895,0.0236444473,0.7473104
,710030930,-22.898405826818152,-43.15885507588432,71.5,14.6,0.115538895,0.0236444473,0.7473104
,710030930,-22.898405826818152,-43.15885507588432,71.5,14.6,0.115538895,0.0236444473,0.7473104
,710030930,-22.898405826818152,-43.15885507588432,71.5,14.6,0.115538895,0.0236444473,0.7473104
,710030930,-22.898405826818152,-43.15885507588432,71.5,14.6,0.115538895,0.0236444473,0.7473104
,710030930,-22.898405826818152,-43.15885507588432,71.5,14.6,0.115538895,0.0236444473,0.7473104
,710030930,-22.898405826818152,-43.15885507588432,71.5,14.6,0.115538895,0.0236444473,0.7473104
,710030930,-22.898383506235433,-43.15878595701826,71.5,14.6,0.115538895,0.0236444473,0.7473104
,710030930,-22.898383506235433,-43.15878595701826,71.5,14.6,0.115538895,0.0236444473,0.7473104
,710030930,-22.898383506235433,-43.15878595701826,71.5,14.6,0.115538895,0.0236444473,0.7473104
,710030930,-22.898383506235433,-43.15878595701826,71.5,14.6,0.115538895,0.0236444473,0.7473104
,710030930,-22.898383506235433,-43.15878595701826,71.5,14.6,0.115538895,0.0236444473,0.7473104
,710030930,-22.898383506235433,-43.15878595701826,71.5,14.6,0.115538895,0.0236444473,0.7473104
,710030930,-22.898383506235433,-43.15878595701826,71.5,14.6,0.115538895,0.0236444473,0.7473104
,710030930,-22.898383506235433,-43.15878595701826,71.5,14.6,0.115538895,0.0236444473,0.7473104
,710030930,-22.898361185624054,-43.15871683817685,71.5,14.6,0.115538895,0.0236444473,0.7473104
,710030930,-22.898361185624054,-43.15871683817685,71.5,14.6,0.118372217,0.0236444473,0.7473104
,710030930,-22.898361185624054,-43.15871683817685,71.5,14.6,0.118372217,0.0236444473,0.7473104
,710030930,-22.898361185624054,-43.15871683817685,71.5,14.6,0.118372217,0.0236444473,0.7473104
,710030930,-22.898361185624054,-43.15871683817685,71.5,14.6,0.118372217,0.0236444473,0.7473104
,710030930,-22.898361185624054,-43.15871683817685,71.5,14.6,0.118372217,0.0236444473,0.7473104
,710030930,-22.898361185624054,-43.15871683817685,71.5,14.6,0.118372217,0.0236444473,0.7473104
,710030930,-22.898361185624054,-43.15871683817685,71.5,14.6,0.118372217,0.0236444473,0.7473104
,710030930,-22.898361185624054,-43.15871683817685,71.5,14.6,0.118372217,0.0236444473,0.7473104
,710030930,-22.898338864983998,-43.15864771936008,71.5,14.6,0.118372217,0.0236444473,0.7473104
,710030930,-22.898338864983998,-43.15864771936008,71.5,14.6,0.118372217,0.0236444473,0.7473104
,710030930,-22.898338864983998,-43.15864771936008,71.5,14.6,0.118372217,0.0236444473,0.7473104
,710030930,-22.898338864983998,-43.15864771936008,71.5,14.6,0.118372217,0.0236444473,0.7473104
,710030930,-22.898338864983998,-43.15864771936008,71.5,14.6,0.118372217,0.0236444473,0.7473104
,710030930,-22.898338864983998,-43.15864771936008,71.5,14.6,0.118372217,0.0236444473,0.7473104
,710030930,-22.898338864983998,-43.15864771936008,71.5,14.6,0.118372217,0.0236444473,0.7473104
,710030930,-22.898338864983998,-43.15864771936008,71.5,14.6,0.118372217,0.0236444473,0.7473104
,710030930,-22.898338864983998,-43.15864771936008,71.5,14.6,0.118372217,0.0236444473,0.7473104
,710030930,-22.898338864983998,-43.15864771936008,71.5,14.6,0.118372217,0.0236444473,0.7473104
,710030930,-22.898338864983998,-43.15864771936008,71.5,14.6,0.118372217,0.0236444473,0.7473104
,710030930,-22.898338864983998,-43.15864771936008,71.5,14.6,0.118372217,0.0236444473,0.7473104
,710030930,-22.898338864983998,-43.15864771936008,71.5,14.6,0.118372217,0.0236444473,0.7473104
,710030930,-22.898338864983998,-43.15864771936008,71.5,14.6,0.118372217,0.0236444473,0.7473104
,710030930,-22.898338864983998,-43.15864771936008,71.5,14.6,0.118372217,0.0236444473,0.7473104
,710030930,-22.898316544315275,-43.158578600567964,71.5,14.6,0.118372217,0.0236444473,0.7473104
,710030930,-22.898316544315275,-43.158578600567964,71.5,14.6,0.118372217,0.0236444473,0.7473104
,710030930,-22.898316544315275,-43.158578600567964,71.5,14.6,0.118372217,0.0236444473,0.7473104
,710030930,-22.898316544315275,-43.158578600567964,71.5,14.6,0.118372217,0.0236444473,0.7473104
,710030930,-22.898316544315275,-43.158578600567964,71.5,14.6,0.118372217,0.0236444473,0.7473104
,710030930,-22.898316544315275,-43.158578600567964,71.5,14.6,0.118372217,0.0236444473,0.7473104
,710030930,-22.898316544315275,-43.158578600567964,71.5,14.6,0.118372217,0.0236444473,0.7473104
,710030930,-22.898316544315275,-43.158578600567964,71.5,14.6,0.118372217,0.0236444473,0.7473104
,710030930,-22.898271902891832,-43.15844036305767,71.5,14.6,0.118372217,0.0236444473,0.7473104
,710030930,-22.898249582137122,-43.15837124433949,71.5,14.6,0.122605555,0.0236889124,0.7473104
,710030930,-22.898249582137122,-43.15837124433949,71.5,14.6,0.122605555,0.0236889124,0.7473104
,710030930,-22.898249582137122,-43.15837124433949,71.5,14.6,0.122605555,0.0236889124,0.7473104
,710030930,-22.898249582137122,-43.15837124433949,71.5,14.6,0.122605555,0.0236889124,0.7473104
,710030930,-22.898249582137122,-43.15837124433949,71.5,14.6,0.122605555,0.0236889124,0.7473104
,710030930,-22.898249582137122,-43.15837124433949,71.5,14.6,0.122605555,0.0236889124,0.7473104
,710030930,-22.898249582137122,-43.15837124433949,71.5,14.6,0.122605555,0.0236889124,0.7473104
,710030930,-22.898244999999182,-43.15841,67.2,14.9,0.122605555,0.0236889124,0.7473104
,710030930,-22.898217384703425,-43.15834150314681,67.2,14.9,0.126800001,0.0237444639,0.7473104
,710030930,-22.898217384703425,-43.15834150314681,67.2,14.9,0.126800001,0.0237444639,0.7473104
,710030930,-22.898217384703425,-43.15834150314681,67.2,14.9,0.126800001,0.0237444639,0.7473104
,710030930,-22.898217384703425,-43.15834150314681,67.2,14.9,0.126800001,0.0237444639,0.7473104
,710030930,-22.898217384703425,-43.15834150314681,67.2,14.9,0.126800001,0.0237444639,0.7473104
,710030930,-22.898217384703425,-43.15834150314681,67.2,14.9,0.126800001,0.0237444639,0.7473104
,710030930,-22.898217384703425,-43.15834150314681,67.2,14.9,0.126800001,0.0237444639,0.7473104
,710030930,-22.898217384703425,-43.15834150314681,67.2,14.9,0.126800001,0.0237444639,0.7473104
,710030930,-22.898217384703425,-43.15834150314681,67.2,14.9,0.126800001,0.0237444639,0.7473104
,710030930,-22.89818976937985,-43.15827300632319,67.2,14.9,0.126800001,0.0237444639,0.7473104
,710030930,-22.89818976937985,-43.15827300632319,67.2,14.9,0.126800001,0.0237444639,0.7473104
,710030930,-22.89818976937985,-43.15827300632319,67.2,14.9,0.126800001,0.0237444639,0.7473104
,710030930,-22.89818976937985,-43.15827300632319,67.2,14.9,0.126800001,0.0237444639,0.7473104
,710030930,-22.89818976937985,-43.15827300632319,67.2,14.9,0.126800001,0.0237444639,0.7473104
,710030930,-22.89818976937985,-43.15827300632319,67.2,14.9,0.126800001,0.0237444639,0.7473104
,710030930,-22.89818976937985,-43.15827300632319,67.2,14.9,0.126800001,0.0237444639,0.7473104
,710030930,-22.89818976937985,-43.15827300632319,67.2,14.9,0.126800001,0.0237444639,0.7473104
,710030930,-22.89818976937985,-43.15827300632319,67.2,14.9,0.126800001,0.0237444639,0.7473104
,710030930,-22.89818976937985,-43.15827300632319,67.2,14.9,0.126800001,0.0237444639,0.7473104
,710030930,-22.89818976937985,-43.15827300632319,67.2,14.9,0.126800001,0.0237444639,0.7473104
,710030930,-22.89818976937985,-43.15827300632319,67.2,14.9,0.126800001,0.0237444639,0.7473104
,710030930,-22.89818976937985,-43.15827300632319,67.2,14.9,0.126800001,0.0237444639,0.7473104
,710030930,-22.89818976937985,-43.15827300632319,67.2,14.9,0.126800001,0.0237444639,0.7473104
,710030930,-22.89818976937985,-43.15827300632319,67.2,14.9,0.126800001,0.0237444639,0.7473104
,710030930,-22.89816215402845,-43.158204509529156,67.2,14.9,0.126800001,0.0237444639,0.7473104
,710030930,-22.89816215402845,-43.158204509529156,67.2,14.9,0.126800001,0.0237444639,0.7473104
,710030930,-22.89816215402845,-43.158204509529156,67.2,14.9,0.126800001,0.0237444639,0.7473104
,710030930,-22.89816215402845,-43.158204509529156,67.2,14.9,0.130066663,0.0238332748,0.755606234
,710030930,-22.89816215402845,-43.158204509529156,67.2,14.9,0.130066663,0.0238332748,0.758620679
,710030930,-22.89816215402845,-43.158204509529156,67.2,14.9,0.130066663,0.0238332748,0.758620679
,710030930,-22.89816215402845,-43.158204509529156,67.2,14.9,0.130066663,0.0238332748,0.758620679
,710030930,-22.89816215402845,-43.158204509529156,67.2,14.9,0.130066663,0.0238332748,0.758620679
,710030930,-22.89816215402845,-43.158204509529156,67.2,14.9,0.130066663,0.0238332748,0.758620679
,710030930,-22.89816215402845,-43.158204509529156,67.2,14.9,0.130066663,0.0238332748,0.758620679
,710030930,-22.89816215402845,-43.158204509529156,67.2,14.9,0.130066663,0.0238332748,0.758620679
,710030930,-22.89816215402845,-43.158204509529156,67.2,14.9,0.130066663,0.0238332748,0.758620679
,710030930,-22.89816215402845,-43.158204509529156,67.2,14.9,0.130066663,0.0238332748,0.758620679
,710030930,-22.89816215402845,-43.158204509529156,67.2,14.9,0.130066663,0.0238332748,0.758620679
,710030930,-22.89816215402845,-43.158204509529156,67.2,14.9,0.130066663,0.0238332748,0.758620679
,710030930,-22.898134538649217,-43.15813601276469,67.2,14.9,0.130066663,0.0238332748,0.758620679
,710030930,-22.898134538649217,-43.15813601276469,67.2,14.9,0.130066663,0.0238332748,0.758620679
,710030930,-22.898134538649217,-43.15813601276469,67.2,14.9,0.130066663,0.0238332748,0.758620679
,710030930,-22.898134538649217,-43.15813601276469,67.2,14.9,0.130066663,0.0238332748,0.758620679
,710030930,-22.898134538649217,-43.15813601276469,67.2,14.9,0.130066663,0.0238332748,0.758620679
,710030930,-22.898134538649217,-43.15813601276469,67.2,14.9,0.130066663,0.0238332748,0.758620679
,710030930,-22.898134538649217,-43.15813601276469,67.2,14.9,0.130066663,0.0238332748,0.758620679
,710030930,-22.898134538649217,-43.15813601276469,67.2,14.9,0.130066663,0.0238332748,0.758620679
,710030930,-22.898134538649217,-43.15813601276469,67.2,14.9,0.130066663,0.0238332748,0.758620679
,710030930,-22.898134538649217,-43.15813601276469,67.2,14.9,0.130066663,0.0238332748,0.758620679
,710030930,-22.898134538649217,-43.15813601276469,67.2,14.9,0.130066663,0.0238332748,0.758620679
,710030930,-22.898134538649217,-43.15813601276469,67.2,14.9,0.130066663,0.0238332748,0.758620679
,710030930,-22.898134538649217,-43.15813601276469,67.2,14.9,0.130066663,0.0238332748,0.758620679
,710030930,-22.898134538649217,-43.15813601276469,67.2,14.9,0.130066663,0.0238332748,0.758620679
,710030930,-22.898134538649217,-43.15813601276469,67.2,14.9,0.130066663,0.0238332748,0.758620679
,710030930,-22.898106923242164,-43.1580675160298,67.2,14.9,0.130066663,0.0238332748,0.758620679
,710030930,-22.898106923242164,-43.1580675160298,67.2,14.9,0.130066663,0.0238332748,0.758620679
,710030930,-22.898106923242164,-43.1580675160298,67.2,14.9,0.130066663,0.0238332748,0.758620679
,710030930,-22.898106923242164,-43.1580675160298,67.2,14.9,0.130066663,0.0238332748,0.758620679
,710030930,-22.898106923242164,-43.1580675160298,67.2,14.9,0.130066663,0.0238332748,0.758620679
,710030930,-22.898106923242164,-43.1580675160298,67.2,14.9,0.130066663,0.0238332748,0.758620679
,710030930,-22.898106923242164,-43.1580675160298,67.2,14.9,0.130066663,0.0238332748,0.758620679
,710030930,-22.898106923242164,-43.1580675160298,67.2,14.9,0.130066663,0.0238332748,0.758620679
,710030930,-22.898106923242164,-43.1580675160298,67.2,14.9,0.130066663,0.0238332748,0.758620679
,710030930,-22.898106923242164,-43.1580675160298,67.2,14.9,0.130066663,0.0238332748,0.758620679
,710030930,-22.898106923242164,-43.1580675160298,67.2,14.9,0.130066663,0.0238332748,0.758620679
,710030930,-22.898106923242164,-43.1580675160298,67.2,14.9,0.130066663,0.0238332748,0.758620679
,710030930,-22.898106923242164,-43.1580675160298,67.2,14.9,0.130066663,0.0238332748,0.758620679
,710030930,-22.898106923242164,-43.1580675160298,67.2,14.9,0.130066663,0.0238332748,0.758620679
,710030930,-22.898106923242164,-43.1580675160298,67.2,14.9,0.130066663,0.0238332748,0.758620679
,710030930,-22.89807930780729,-43.15799901932449,67.2,14.9,0.134122223,0.0239111185,0.760332286
,710030930,-22.89807930780729,-43.15799901932449,67.2,14.9,0.134122223,0.0239111185,0.760332286
,710030930,-22.89807930780729,-43.15799901932449,67.2,14.9,0.134122223,0.0239111185,0.758620679
,710030930,-22.89807930780729,-43.15799901932449,67.2,14.9,0.134122223,0.0239111185,0.758620679
,710030930,-22.89807930780729,-43.15799901932449,67.2,14.9,0.134122223,0.0239111185,0.758620679
,710030930,-22.89807930780729,-43.15799901932449,67.2,14.9,0.134122223,0.0239111185,0.758620679
,710030930,-22.89807930780729,-43.15799901932449,67.2,14.9,0.134122223,0.0239111185,0.758620679
,710030930,-22.89807930780729,-43.15799901932449,67.2,14.9,0.134122223,0.0239111185,0.758620679
,710030930,-22.89807930780729,-43.15799901932449,67.2,14.9,0.134122223,0.0239111185,0.758620679
,710030930,-22.89807930780729,-43.15799901932449,67.2,14.9,0.134122223,0.0239111185,0.758620679
,710030930,-22.89807930780729,-43.15799901932449,67.2,14.9,0.134122223,0.0239111185,0.758620679
,710030930,-22.89807930780729,-43.15799901932449,67.2,14.9,0.134122223,0.0239111185,0.758620679
,710030930,-22.89807930780729,-43.15799901932449,67.2,14.9,0.134122223,0.0239111185,0.758620679
,710030930,-22.89807930780729,-43.15799901932449,67.2,14.9,0.134122223,0.0239111185,0.758620679
,710030930,-22.89807930780729,-43.15799901932449,67.2,14.9,0.134122223,0.0239111185,0.758620679
,710030930,-22.898051692344595,-43.15793052264876,67.2,14.9,0.134122223,0.0239111185,0.758620679
,710030930,-22.898051692344595,-43.15793052264876,67.2,14.9,0.134122223,0.0239111185,0.758620679
,710030930,-22.898051692344595,-43.15793052264876,67.2,14.9,0.134122223,0.0239111185,0.758620679
,710030930,-22.898051692344595,-43.15793052264876,67.2,14.9,0.134122223,0.0239111185,0.758620679
,710030930,-22.898051692344595,-43.15793052264876,67.2,14.9,0.134122223,0.0239111185,0.758620679
,710030930,-22.898051692344595,-43.15793052264876,67.2,14.9,0.134122223,0.0239111185,0.758620679
,710030930,-22.898051692344595,-43.15793052264876,67.2,14.9,0.134122223,0.0239111185,0.758620679
,710030930,-22.898051692344595,-43.15793052264876,67.2,14.9,0.134122223,0.0239111185,0.758620679
,710030930,-22.898051692344595,-43.15793052264876,67.2,14.9,0.134122223,0.0239111185,0.758620679
,710030930,-22.898051692344595,-43.15793052264876,67.2,14.9,0.134122223,0.0239111185,0.758620679
,710030930,-22.898051692344595,-43.15793052264876,67.2,14.9,0.134122223,0.0239111185,0.758620679
,710030930,-22.898051692344595,-43.15793052264876,67.2,14.9,0.134122223,0.0239111185,0.758620679
,710030930,-22.898051692344595,-43.15793052264876,67.2,14.9,0.134122223,0.0239111185,0.758620679
,710030930,-22.898051692344595,-43.15793052264876,67.2,14.9,0.134122223,0.0239111185,0.758620679
,710030930,-22.898051692344595,-43.15793052264876,67.2,14.9,0.134122223,0.0239111185,0.758620679
,710030930,-22.898024076854067,-43.157862026002604,67.2,14.9,0.134122223,0.0239111185,0.758620679
,710030930,-22.898024076854067,-43.157862026002604,67.2,14.9,0.134122223,0.0239111185,0.758620679
,710030930,-22.898024076854067,-43.157862026002604,67.2,14.9,0.134122223,0.0239111185,0.758620679
,710030930,-22.898024076854067,-43.157862026002604,67.2,14.9,0.134122223,0.0239111185,0.758620679
,710030930,-22.898024076854067,-43.157862026002604,67.2,14.9,0.134122223,0.0239111185,0.758620679
,710030930,-22.898024076854067,-43.157862026002604,67.2,14.9,0.134122223,0.0239111185,0.758620679
,710030930,-22.898024076854067,-43.157862026002604,67.2,14.9,0.134122223,0.0239111185,0.758620679
,710030930,-22.898024076854067,-43.157862026002604,67.2,14.9,0.134122223,0.0239111185,0.758620679
,710030930,-22.898024076854067,-43.157862026002604,67.2,14.9,0.134122223,0.0239111185,0.758620679
,710030930,-22.898024076854067,-43.157862026002604,67.2,14.9,0.134122223,0.0239111185,0.758620679
,710030930,-22.898024076854067,-43.157862026002604,67.2,14.9,0.134122223,0.0239111185,0.758620679
,710030930,-22.898024076854067,-43.157862026002604,67.2,14.9,0.134122223,0.0239111185,0.758620679
,710030930,-22.898024076854067,-43.157862026002604,67.2,14.9,0.134122223,0.0239111185,0.758620679
,710030930,-22.898024076854067,-43.157862026002604,67.2,14.9,0.134122223,0.0239111185,0.758620679
,710030930,-22.898024076854067,-43.157862026002604,67.2,14.9,0.134122223,0.0239111185,0.758620679
,710030930,-22.897996461335715,-43.15779352938602,67.2,14.9,0.138133332,0.0239777565,0.765185893
,710030930,-22.897996461335715,-43.15779352938602,67.2,14.9,0.138133332,0.0239777565,0.758620679
,710030930,-22.897996461335715,-43.15779352938602,67.2,14.9,0.138133332,0.0239777565,0.758620679
,710030930,-22.897996461335715,-43.15779352938602,67.2,14.9,0.138133332,0.0239777565,0.758620679
,710030930,-22.897996461335715,-43.15779352938602,67.2,14.9,0.138133332,0.0239777565,0.758620679
,710030930,-22.897996461335715,-43.15779352938602,67.2,14.9,0.138133332,0.0239777565,0.758620679
,710030930,-22.897996461335715,-43.15779352938602,67.2,14.9,0.138133332,0.0239777565,0.758620679
,710030930,-22.897996461335715,-43.15779352938602,67.2,14.9,0.138133332,0.0239777565,0.758620679
,710030930,-22.897996461335715,-43.15779352938602,67.2,14.9,0.138133332,0.0239777565,0.758620679
,710030930,-22.897996461335715,-43.15779352938602,67.2,14.9,0.138133332,0.0239777565,0.758620679
,710030930,-22.897996461335715,-43.15779352938602,67.2,14.9,0.138133332,0.0239777565,0.758620679
,710030930,-22.897996461335715,-43.15779352938602,67.2,14.9,0.138133332,0.0239777565,0.758620679
,710030930,-22.897996461335715,-43.15779352938602,67.2,14.9,0.138133332,0.0239777565,0.758620679
,710030930,-22.897996461335715,-43.15779352938602,67.2,14.9,0.138133332,0.0239777565,0.758620679
,710030930,-22.897996461335715,-43.15779352938602,67.2,14.9,0.138133332,0.0239777565,0.758620679
,710030930,-22.897968845789542,-43.157725032799014,67.2,14.9,0.138133332,0.0239777565,0.758620679
,710030930,-22.897968845789542,-43.157725032799014,67.2,14.9,0.138133332,0.0239777565,0.758620679
,710030930,-22.897968845789542,-43.157725032799014,67.2,14.9,0.138133332,0.0239777565,0.758620679
,710030930,-22.897968845789542,-43.157725032799014,67.2,14.9,0.138133332,0.0239777565,0.758620679
,710030930,-22.897968845789542,-43.157725032799014,67.2,14.9,0.138133332,0.0239777565,0.758620679
,710030930,-22.897968845789542,-43.157725032799014,67.2,14.9,0.138133332,0.0239777565,0.758620679
,710030930,-22.897968845789542,-43.157725032799014,67.2,14.9,0.138133332,0.0239777565,0.758620679
,710030930,-22.897968845789542,-43.157725032799014,67.2,14.9,0.138133332,0.0239777565,0.758620679
,710030930,-22.897968845789542,-43.157725032799014,67.2,14.9,0.138133332,0.0239777565,0.758620679
,710030930,-22.897949245960607,-43.15768596645957,65.8,14.9,0.138133332,0.0239777565,0.758620679
,710030930,-22.897949245960607,-43.15768596645957,65.8,14.9,0.138133332,0.0239777565,0.758620679
,710030930,-22.897949245960607,-43.15768596645957,65.8,14.9,0.138133332,0.0239777565,0.758620679
,710030930,-22.897949245960607,-43.15768596645957,65.8,14.9,0.138133332,0.0239777565,0.758620679
,710030930,-22.897949245960607,-43.15768596645957,65.8,14.9,0.138133332,0.0239777565,0.758620679
,710030930,-22.897949245960607,-43.15768596645957,65.8,14.9,0.138133332,0.0239777565,0.758620679
,710030930,-22.897949245960607,-43.15768596645957,65.8,14.9,0.138133332,0.0239777565,0.758620679
,710030930,-22.897949245960607,-43.15768596645957,65.8,14.9,0.138133332,0.0239777565,0.758620679
,710030930,-22.897949245960607,-43.15768596645957,65.8,14.9,0.138133332,0.0239777565,0.758620679
,710030930,-22.897949245960607,-43.15768596645957,65.8,14.9,0.138133332,0.0239777565,0.758620679
,710030930,-22.897949245960607,-43.15768596645957,65.8,14.9,0.138133332,0.0239777565,0.758620679
,710030930,-22.897949245960607,-43.15768596645957,65.8,14.9,0.138133332,0.0239777565,0.758620679
,710030930,-22.897949245960607,-43.15768596645957,65.8,14.9,0.138133332,0.0239777565,0.758620679
,710030930,-22.897949245960607,-43.15768596645957,65.8,14.9,0.138133332,0.0239777565,0.758620679
,710030930,-22.897949245960607,-43.15768596645957,65.8,14.9,0.138133332,0.0239777565,0.758620679
,710030930,-22.897920088152276,-43.157618218627505,65.8,14.9,0.138133332,0.0239777565,0.758620679
,710030930,-22.897920088152276,-43.157618218627505,65.8,14.9,0.138133332,0.0239777565,0.758620679
,710030930,-22.897920088152276,-43.157618218627505,65.8,14.9,0.138133332,0.0239777565,0.758620679
,710030930,-22.897920088152276,-43.157618218627505,65.8,14.9,0.138133332,0.0239777565,0.758620679
,710030930,-22.897920088152276,-43.157618218627505,65.8,14.9,0.138133332,0.0239777565,0.758620679
,710030930,-22.897920088152276,-43.157618218627505,65.8,14.9,0.138133332,0.0239777565,0.758620679
,710030930,-22.897920088152276,-43.157618218627505,65.8,14.9,0.138133332,0.0239777565,0.758620679
,710030930,-22.897920088152276,-43.157618218627505,65.8,14.9,0.138133332,0.0239777565,0.758620679
,710030930,-22.897920088152276,-43.157618218627505,65.8,14.9,0.141438887,0.0240445137,0.770053446
,710030930,-22.897920088152276,-43.157618218627505,65.8,14.9,0.141438887,0.0240445137,0.770053446
,710030930,-22.897920088152276,-43.157618218627505,65.8,14.9,0.141438887,0.0240445137,0.77606976
,710030930,-22.897920088152276,-43.157618218627505,65.8,14.9,0.141438887,0.0240445137,0.77606976
,710030930,-22.897920088152276,-43.157618218627505,65.8,14.9,0.141438887,0.0240445137,0.77606976
,710030930,-22.897920088152276,-43.157618218627505,65.8,14.9,0.141438887,0.0240445137,0.77606976
,710030930,-22.897920088152276,-43.157618218627505,65.8,14.9,0.141438887,0.0240445137,0.77606976
,710030930,-22.897890930316827,-43.157550470826145,65.8,14.9,0.141438887,0.0240445137,0.77606976
,710030930,-22.897890930316827,-43.157550470826145,65.8,14.9,0.141438887,0.0240445137,0.77606976
,710030930,-22.897890930316827,-43.157550470826145,65.8,14.9,0.141438887,0.0240445137,0.77606976
,710030930,-22.897890930316827,-43.157550470826145,65.8,14.9,0.141438887,0.0240445137,0.77606976
,710030930,-22.897890930316827,-43.157550470826145,65.8,14.9,0.141438887,0.0240445137,0.77606976
,710030930,-22.897890930316827,-43.157550470826145,65.8,14.9,0.141438887,0.0240445137,0.77606976
,710030930,-22.897890930316827,-43.157550470826145,65.8,14.9,0.141438887,0.0240445137,0.77606976
,710030930,-22.897890930316827,-43.157550470826145,65.8,14.9,0.141438887,0.0240445137,0.77606976
,710030930,-22.897890930316827,-43.157550470826145,65.8,14.9,0.141438887,0.0240445137,0.77606976
,710030930,-22.897890930316827,-43.157550470826145,65.8,14.9,0.141438887,0.0240445137,0.77606976
,710030930,-22.897890930316827,-43.157550470826145,65.8,14.9,0.141438887,0.0240445137,0.77606976
,710030930,-22.897890930316827,-43.157550470826145,65.8,14.9,0.141438887,0.0240445137,0.77606976
,710030930,-22.897890930316827,-43.157550470826145,65.8,14.9,0.141438887,0.0240445137,0.77606976
,710030930,-22.897890930316827,-43.157550470826145,65.8,14.9,0.141438887,0.0240445137,0.77606976
,710030930,-22.897890930316827,-43.157550470826145,65.8,14.9,0.141438887,0.0240445137,0.77606976
,710030930,-22.89786177245427,-43.157482723055494,65.8,14.9,0.141438887,0.0240445137,0.77606976
,710030930,-22.89786177245427,-43.157482723055494,65.8,14.9,0.141438887,0.0240445137,0.77606976
,710030930,-22.89786177245427,-43.157482723055494,65.8,14.9,0.141438887,0.0240445137,0.77606976
,710030930,-22.89786177245427,-43.157482723055494,65.8,14.9,0.141438887,0.0240445137,0.77606976
,710030930,-22.89786177245427,-43.157482723055494,65.8,14.9,0.141438887,0.0240445137,0.77606976
,710030930,-22.89786177245427,-43.157482723055494,65.8,14.9,0.141438887,0.0240445137,0.77606976
,710030930,-22.89786177245427,-43.157482723055494,65.8,14.9,0.141438887,0.0240445137,0.77606976
,710030930,-22.89786177245427,-43.157482723055494,65.8,14.9,0.141438887,0.0240445137,0.77606976
,710030930,-22.89786177245427,-43.157482723055494,65.8,14.9,0.141438887,0.0240445137,0.77606976
,710030930,-22.89786177245427,-43.157482723055494,65.8,14.9,0.141438887,0.0240445137,0.77606976
,710030930,-22.89786177245427,-43.157482723055494,65.8,14.9,0.141438887,0.0240445137,0.77606976
,710030930,-22.89786177245427,-43.157482723055494,65.8,14.9,0.141438887,0.0240445137,0.77606976
,710030930,-22.89786177245427,-43.157482723055494,65.8,14.9,0.141438887,0.0240445137,0.77606976
,710030930,-22.89786177245427,-43.157482723055494,65.8,14.9,0.141438887,0.0240445137,0.77606976
,710030930,-22.89786177245427,-43.157482723055494,65.8,14.9,0.141438887,0.0240445137,0.77606976
,710030930,-22.897832614564596,-43.157414975315554,65.8,14.9,0.141438887,0.0240445137,0.77606976
,710030930,-22.897832614564596,-43.157414975315554,65.8,14.9,0.141438887,0.0240445137,0.77606976
,710030930,-22.897832614564596,-43.157414975315554,65.8,14.9,0.141438887,0.0240445137,0.77606976
,710030930,-22.897832614564596,-43.157414975315554,65.8,14.9,0.141438887,0.0240445137,0.77606976
,710030930,-22.897832614564596,-43.157414975315554,65.8,14.9,0.141438887,0.0240445137,0.77606976
,710030930,-22.897832614564596,-43.157414975315554,65.8,14.9,0.141438887,0.0240445137,0.77606976
,710030930,-22.897832614564596,-43.157414975315554,65.8,14.9,0.145300001,0.0241222382,0.775375307
,710030930,-22.897832614564596,-43.157414975315554,65.8,14.9,0.145300001,0.0241222382,0.775375307
,710030930,-22.897832614564596,-43.157414975315554,65.8,14.9,0.145300001,0.0241222382,0.77606976
,710030930,-22.897832614564596,-43.157414975315554,65.8,14.9,0.145300001,0.0241222382,0.77606976
,710030930,-22.897832614564596,-43.157414975315554,65.8,14.9,0.145300001,0.0241222382,0.77606976
,710030930,-22.897832614564596,-43.157414975315554,65.8,14.9,0.145300001,0.0241222382,0.77606976
,710030930,-22.897832614564596,-43.157414975315554,65.8,14.9,0.145300001,0.0241222382,0.77606976
,710030930,-22.897832614564596,-43.157414975315554,65.8,14.9,0.145300001,0.0241222382,0.77606976
,710030930,-22.897803456647825,-43.157347227606316,65.8,14.9,0.145300001,0.0241222382,0.77606976
,710030930,-22.897745140732933,-43.15721173227998,65.8,14.9,0.145300001,0.0241222382,0.77606976
,710030930,-22.897745140732933,-43.15721173227998,65.8,14.9,0.145300001,0.0241222382,0.77606976
,710030930,-22.897745140732933,-43.15721173227998,65.8,14.9,0.145300001,0.0241222382,0.77606976
,710030930,-22.897715982734812,-43.15714398466288,65.8,14.9,0.145300001,0.0241222382,0.77606976
,710030930,-22.897715982734812,-43.15714398466288,65.8,14.9,0.145300001,0.0241222382,0.77606976
,710030930,-22.897715982734812,-43.15714398466288,65.8,14.9,0.145300001,0.0241222382,0.77606976
,710030930,-22.897715982734812,-43.15714398466288,65.8,14.9,0.145300001,0.0241222382,0.77606976
,710030930,-22.8976868247096,-43.15707623707649,65.8,14.9,0.145300001,0.0241222382,0.77606976
,710030930,-22.8976868247096,-43.15707623707649,65.8,14.9,0.145300001,0.0241222382,0.77606976
,710030930,-22.8976868247096,-43.15707623707649,65.8,14.9,0.145300001,0.0241222382,0.77606976
,710030930,-22.8976868247096,-43.15707623707649,65.8,14.9,0.145300001,0.0241222382,0.77606976
,710030930,-22.8976868247096,-43.15707623707649,65.8,14.9,0.145300001,0.0241222382,0.77606976
,710030930,-22.8976868247096,-43.15707623707649,65.8,14.9,0.145300001,0.0241222382,0.77606976
,710030930,-22.8976868247096,-43.15707623707649,65.8,14.9,0.145300001,0.0241222382,0.77606976
,710030930,-22.8976868247096,-43.15707623707649,65.8,14.9,0.145300001,0.0241222382,0.77606976
,710030930,-22.8976868247096,-43.15707623707649,65.8,14.9,0.145300001,0.0241222382,0.77606976
,710030930,-22.8976868247096,-43.15707623707649,65.8,14.9,0.145300001,0.0241222382,0.77606976
,710030930,-22.8976868247096,-43.15707623707649,65.8,14.9,0.145300001,0.0241222382,0.77606976
,710030930,-22.897695968092737,-43.157047859317174,67.4,14.9,0.145300001,0.0241222382,0.77606976
,710030930,-22.897695968092737,-43.157047859317174,67.4,14.9,0.145300001,0.0241222382,0.77606976
,710030930,-22.897695968092737,-43.157047859317174,67.4,14.9,0.145300001,0.0241222382,0.77606976
,710030930,-22.897695968092737,-43.157047859317174,67.4,14.9,0.152877778,0.0242778063,0.78636992
,710030930,-22.897695968092737,-43.157047859317174,67.4,14.9,0.152877778,0.0242778063,0.78636992
,710030930,-22.897695968092737,-43.157047859317174,67.4,14.9,0.152877778,0.0242778063,0.78636992
,710030930,-22.897695968092737,-43.157047859317174,67.4,14.9,0.152877778,0.0242778063,0.78636992
,710030930,-22.897695968092737,-43.157047859317174,67.4,14.9,0.152877778,0.0242778063,0.78636992
,710030930,-22.897695968092737,-43.157047859317174,67.4,14.9,0.152877778,0.0242778063,0.78636992
,710030930,-22.897695968092737,-43.157047859317174,67.4,14.9,0.152877778,0.0242778063,0.78636992
,710030930,-22.897695968092737,-43.157047859317174,67.4,14.9,0.152877778,0.0242778063,0.78636992
,710030930,-22.897695968092737,-43.157047859317174,67.4,14.9,0.152877778,0.0242778063,0.78636992
,710030930,-22.897695968092737,-43.157047859317174,67.4,14.9,0.152877778,0.0242778063,0.78636992
,710030930,-22.897695968092737,-43.157047859317174,67.4,14.9,0.152877778,0.0242778063,0.78636992
,710030930,-22.897695968092737,-43.157047859317174,67.4,14.9,0.152877778,0.0242778063,0.793103456
,710030930,-22.89766857392763,-43.15697925942137,67.4,14.9,0.152877778,0.0242778063,0.793103456
,710030930,-22.89766857392763,-43.15697925942137,67.4,14.9,0.152877778,0.0242778063,0.793103456
,710030930,-22.89766857392763,-43.15697925942137,67.4,14.9,0.152877778,0.0242778063,0.793103456
,710030930,-22.89766857392763,-43.15697925942137,67.4,14.9,0.152877778,0.0242778063,0.793103456
,710030930,-22.89766857392763,-43.15697925942137,67.4,14.9,0.152877778,0.0242778063,0.793103456
,710030930,-22.89766857392763,-43.15697925942137,67.4,14.9,0.152877778,0.0242778063,0.793103456
,710030930,-22.89766857392763,-43.15697925942137,67.4,14.9,0.152877778,0.0242778063,0.793103456
,710030930,-22.89766857392763,-43.15697925942137,67.4,14.9,0.152877778,0.0242778063,0.793103456
,710030930,-22.89766857392763,-43.15697925942137,67.4,14.9,0.152877778,0.0242778063,0.793103456
,710030930,-22.89766857392763,-43.15697925942137,67.4,14.9,0.152877778,0.0242778063,0.793103456
,710030930,-22.89766857392763,-43.15697925942137,67.4,14.9,0.152877778,0.0242778063,0.793103456
,710030930,-22.89766857392763,-43.15697925942137,67.4,14.9,0.152877778,0.0242778063,0.793103456
,710030930,-22.89766857392763,-43.15697925942137,67.4,14.9,0.152877778,0.0242778063,0.793103456
,710030930,-22.89766857392763,-43.15697925942137,67.4,14.9,0.152877778,0.0242778063,0.793103456
,710030930,-22.89766857392763,-43.15697925942137,67.4,14.9,0.152877778,0.0242778063,0.793103456
,710030930,-22.897641179734606,-43.15691065955497,67.4,14.9,0.152877778,0.0242778063,0.793103456
,710030930,-22.897641179734606,-43.15691065955497,67.4,14.9,0.152877778,0.0242778063,0.793103456
,710030930,-22.897641179734606,-43.15691065955497,67.4,14.9,0.152877778,0.0242778063,0.793103456
,710030930,-22.897641179734606,-43.15691065955497,67.4,14.9,0.152877778,0.0242778063,0.793103456
,710030930,-22.897641179734606,-43.15691065955497,67.4,14.9,0.152877778,0.0242778063,0.793103456
,710030930,-22.897641179734606,-43.15691065955497,67.4,14.9,0.152877778,0.0242778063,0.793103456
,710030930,-22.897641179734606,-43.15691065955497,67.4,14.9,0.152877778,0.0242778063,0.793103456
,710030930,-22.897641179734606,-43.15691065955497,67.4,14.9,0.152877778,0.0242778063,0.793103456
,710030930,-22.897641179734606,-43.15691065955497,67.4,14.9,0.152877778,0.0242778063,0.793103456
,710030930,-22.897641179734606,-43.15691065955497,67.4,14.9,0.152877778,0.0242778063,0.793103456
,710030930,-22.897641179734606,-43.15691065955497,67.4,14.9,0.152877778,0.0242778063,0.793103456
,710030930,-22.897641179734606,-43.15691065955497,67.4,14.9,0.152877778,0.0242778063,0.793103456
,710030930,-22.897641179734606,-43.15691065955497,67.4,14.9,0.152877778,0.0242778063,0.793103456
,710030930,-22.897641179734606,-43.15691065955497,67.4,14.9,0.152877778,0.0242778063,0.793103456
,710030930,-22.897641179734606,-43.15691065955497,67.4,14.9,0.152877778,0.0242778063,0.793103456
,710030930,-22.89761378551366,-43.15684205971798,67.4,14.9,0.152877778,0.0242778063,0.793103456
,710030930,-22.89761378551366,-43.15684205971798,67.4,14.9,0.152877778,0.0242778063,0.793103456
,710030930,-22.89761378551366,-43.15684205971798,67.4,14.9,0.152877778,0.0242778063,0.793103456
,710030930,-22.89761378551366,-43.15684205971798,67.4,14.9,0.152877778,0.0242778063,0.793103456
,710030930,-22.89761378551366,-43.15684205971798,67.4,14.9,0.152877778,0.0242778063,0.793103456
,710030930,-22.89761378551366,-43.15684205971798,67.4,14.9,0.152877778,0.0242778063,0.793103456
,710030930,-22.89761378551366,-43.15684205971798,67.4,14.9,0.152877778,0.0242778063,0.793103456
,710030930,-22.89761378551366,-43.15684205971798,67.4,14.9,0.152877778,0.0242778063,0.793103456
,710030930,-22.89761378551366,-43.15684205971798,67.4,14.9,0.156061113,0.0243222713,0.789161026
,710030930,-22.89761378551366,-43.15684205971798,67.4,14.9,0.156061113,0.0243222713,0.793103456
,710030930,-22.89761378551366,-43.15684205971798,67.4,14.9,0.156061113,0.0243222713,0.793103456
,710030930,-22.89761378551366,-43.15684205971798,67.4,14.9,0.156061113,0.0243222713,0.793103456
,710030930,-22.89761378551366,-43.15684205971798,67.4,14.9,0.156061113,0.0243222713,0.793103456
,710030930,-22.89761378551366,-43.15684205971798,67.4,14.9,0.156061113,0.0243222713,0.793103456
,710030930,-22.89761378551366,-43.15684205971798,67.4,14.9,0.156061113,0.0243222713,0.793103456
,710030930,-22.89758639126478,-43.1567734599104,67.4,14.9,0.156061113,0.0243222713,0.793103456
,710030930,-22.89758639126478,-43.1567734599104,67.4,14.9,0.156061113,0.0243222713,0.793103456
,710030930,-22.89758639126478,-43.1567734599104,67.4,14.9,0.156061113,0.0243222713,0.793103456
,710030930,-22.89758639126478,-43.1567734599104,67.4,14.9,0.156061113,0.0243222713,0.793103456
,710030930,-22.89758639126478,-43.1567734599104,67.4,14.9,0.156061113,0.0243222713,0.793103456
,710030930,-22.89758639126478,-43.1567734599104,67.4,14.9,0.156061113,0.0243222713,0.793103456
,710030930,-22.89758639126478,-43.1567734599104,67.4,14.9,0.156061113,0.0243222713,0.793103456
,710030930,-22.89758639126478,-43.1567734599104,67.4,14.9,0.156061113,0.0243222713,0.793103456
,710030930,-22.89758639126478,-43.1567734599104,67.4,14.9,0.156061113,0.0243222713,0.793103456
,710030930,-22.89758639126478,-43.1567734599104,67.4,14.9,0.156061113,0.0243222713,0.793103456
,710030930,-22.89758639126478,-43.1567734599104,67.4,14.9,0.156061113,0.0243222713,0.793103456
,710030930,-22.89758639126478,-43.1567734599104,67.4,14.9,0.156061113,0.0243222713,0.793103456
,710030930,-22.89758639126478,-43.1567734599104,67.4,14.9,0.156061113,0.0243222713,0.793103456
,710030930,-22.89758639126478,-43.1567734599104,67.4,14.9,0.156061113,0.0243222713,0.793103456
,710030930,-22.89758639126478,-43.1567734599104,67.4,14.9,0.156061113,0.0243222713,0.793103456
,710030930,-22.89755899698799,-43.15670486013222,67.4,14.9,0.156061113,0.0243222713,0.793103456
,710030930,-22.89755899698799,-43.15670486013222,67.4,14.9,0.156061113,0.0243222713,0.793103456
,710030930,-22.89755899698799,-43.15670486013222,67.4,14.9,0.156061113,0.0243222713,0.793103456
,710030930,-22.89755899698799,-43.15670486013222,67.4,14.9,0.156061113,0.0243222713,0.793103456
,710030930,-22.89755899698799,-43.15670486013222,67.4,14.9,0.156061113,0.0243222713,0.793103456
,710030930,-22.89755899698799,-43.15670486013222,67.4,14.9,0.156061113,0.0243222713,0.793103456
,710030930,-22.89755899698799,-43.15670486013222,67.4,14.9,0.156061113,0.0243222713,0.793103456
,710030930,-22.89755899698799,-43.15670486013222,67.4,14.9,0.156061113,0.0243222713,0.793103456
,710030930,-22.89755899698799,-43.15670486013222,67.4,14.9,0.156061113,0.0243222713,0.793103456
,710030930,-22.89755899698799,-43.15670486013222,67.4,14.9,0.156061113,0.0243222713,0.793103456
,710030930,-22.89755899698799,-43.15670486013222,67.4,14.9,0.156061113,0.0243222713,0.793103456
,710030930,-22.89755899698799,-43.15670486013222,67.4,14.9,0.156061113,0.0243222713,0.793103456
,710030930,-22.89755899698799,-43.15670486013222,67.4,14.9,0.156061113,0.0243222713,0.793103456
,710030930,-22.89755899698799,-43.15670486013222,67.4,14.9,0.156061113,0.0243222713,0.793103456
,710030930,-22.89755899698799,-43.15670486013222,67.4,14.9,0.156061113,0.0243222713,0.793103456
,710030930,-22.89753160268327,-43.15663626038347,67.4,14.9,0.156061113,0.0243222713,0.793103456
,710030930,-22.89753160268327,-43.15663626038347,67.4,14.9,0.156061113,0.0243222713,0.793103456
,710030930,-22.89753160268327,-43.15663626038347,67.4,14.9,0.156061113,0.0243222713,0.793103456
,710030930,-22.89753160268327,-43.15663626038347,67.4,14.9,0.156061113,0.0243222713,0.793103456
,710030930,-22.89753160268327,-43.15663626038347,67.4,14.9,0.156061113,0.0243222713,0.793103456
,710030930,-22.89753160268327,-43.15663626038347,67.4,14.9,0.156061113,0.0243222713,0.793103456
,710030930,-22.89753160268327,-43.15663626038347,67.4,14.9,0.156061113,0.0243222713,0.793103456
,710030930,-22.89753160268327,-43.15663626038347,67.4,14.9,0.156061113,0.0243222713,0.793103456
,710030930,-22.89753160268327,-43.15663626038347,67.4,14.9,0.156061113,0.0243222713,0.793103456
,710030930,-22.89753160268327,-43.15663626038347,67.4,14.9,0.15979445,0.0243889093,0.794656515
,710030930,-22.89753160268327,-43.15663626038347,67.4,14.9,0.15979445,0.0243889093,0.793103456
,710030930,-22.89753160268327,-43.15663626038347,67.4,14.9,0.15979445,0.0243889093,0.793103456
,710030930,-22.89753160268327,-43.15663626038347,67.4,14.9,0.15979445,0.0243889093,0.793103456
,710030930,-22.89753160268327,-43.15663626038347,67.4,14.9,0.15979445,0.0243889093,0.793103456
,710030930,-22.89753160268327,-43.15663626038347,67.4,14.9,0.15979445,0.0243889093,0.793103456
,710030930,-22.89750420835064,-43.15656766066411,67.4,14.9,0.15979445,0.0243889093,0.793103456
,710030930,-22.89750420835064,-43.15656766066411,67.4,14.9,0.15979445,0.0243889093,0.793103456
,710030930,-22.89750420835064,-43.15656766066411,67.4,14.9,0.15979445,0.0243889093,0.793103456
,710030930,-22.89750420835064,-43.15656766066411,67.4,14.9,0.15979445,0.0243889093,0.793103456
,710030930,-22.89750420835064,-43.15656766066411,67.4,14.9,0.15979445,0.0243889093,0.793103456
,710030930,-22.89750420835064,-43.15656766066411,67.4,14.9,0.15979445,0.0243889093,0.793103456
,710030930,-22.89750420835064,-43.15656766066411,67.4,14.9,0.15979445,0.0243889093,0.793103456
,710030930,-22.89750420835064,-43.15656766066411,67.4,14.9,0.15979445,0.0243889093,0.793103456
,710030930,-22.89750420835064,-43.15656766066411,67.4,14.9,0.15979445,0.0243889093,0.793103456
,710030930,-22.89750420835064,-43.15656766066411,67.4,14.9,0.15979445,0.0243889093,0.793103456
,710030930,-22.89750420835064,-43.15656766066411,67.4,14.9,0.15979445,0.0243889093,0.793103456
,710030930,-22.89750420835064,-43.15656766066411,67.4,14.9,0.15979445,0.0243889093,0.793103456
,710030930,-22.89750420835064,-43.15656766066411,67.4,14.9,0.15979445,0.0243889093,0.793103456
,710030930,-22.89750420835064,-43.15656766066411,67.4,14.9,0.15979445,0.0243889093,0.793103456
,710030930,-22.89750420835064,-43.15656766066411,67.4,14.9,0.15979445,0.0243889093,0.793103456
,710030930,-22.897476813990078,-43.15649906097418,67.4,14.9,0.15979445,0.0243889093,0.793103456
,710030930,-22.897476813990078,-43.15649906097418,67.4,14.9,0.15979445,0.0243889093,0.793103456
,710030930,-22.897476813990078,-43.15649906097418,67.4,14.9,0.15979445,0.0243889093,0.793103456
,710030930,-22.897476813990078,-43.15649906097418,67.4,14.9,0.15979445,0.0243889093,0.793103456
,710030930,-22.897476813990078,-43.15649906097418,67.4,14.9,0.15979445,0.0243889093,0.793103456
,710030930,-22.897476813990078,-43.15649906097418,67.4,14.9,0.15979445,0.0243889093,0.793103456
,710030930,-22.897476813990078,-43.15649906097418,67.4,14.9,0.15979445,0.0243889093,0.793103456
,710030930,-22.897476813990078,-43.15649906097418,67.4,14.9,0.15979445,0.0243889093,0.793103456
,710030930,-22.897476813990078,-43.15649906097418,67.4,14.9,0.15979445,0.0243889093,0.793103456
,710030930,-22.897454999999997,-43.156335,71.4,14.9,0.15979445,0.0243889093,0.793103456
,710030930,-22.897454999999997,-43.156335,71.4,14.9,0.15979445,0.0243889093,0.793103456
,710030930,-22.897454999999997,-43.156335,71.4,14.9,0.15979445,0.0243889093,0.793103456
,710030930,-22.897454999999997,-43.156335,71.4,14.9,0.15979445,0.0243889093,0.793103456
,710030930,-22.897454999999997,-43.156335,71.4,14.9,0.15979445,0.0243889093,0.793103456
,710030930,-22.897454999999997,-43.156335,71.4,14.9,0.15979445,0.0243889093,0.793103456
,710030930,-22.897454999999997,-43.156335,71.4,14.9,0.15979445,0.0243889093,0.793103456
,710030930,-22.897454999999997,-43.156335,71.4,14.9,0.15979445,0.0243889093,0.793103456
,710030930,-22.897454999999997,-43.156335,71.4,14.9,0.15979445,0.0243889093,0.793103456
,710030930,-22.897454999999997,-43.156335,71.4,14.9,0.15979445,0.0243889093,0.793103456
,710030930,-22.897454999999997,-43.156335,71.4,14.9,0.15979445,0.0243889093,0.793103456
,710030930,-22.897454999999997,-43.156335,71.4,14.9,0.15979445,0.0243889093,0.793103456
,710030930,-22.897454999999997,-43.156335,71.4,14.9,0.15979445,0.0243889093,0.793103456
,710030930,-22.897454999999997,-43.156335,71.4,14.9,0.15979445,0.0243889093,0.793103456
,710030930,-22.897454999999997,-43.156335,71.4,14.9,0.166744441,0.0244778395,0.793103456
,710030930,-22.897432105687297,-43.15626450489181,71.4,14.9,0.166744441,0.0244778395,0.793103456
,710030930,-22.897432105687297,-43.15626450489181,71.4,14.9,0.166744441,0.0244778395,0.793103456
,710030930,-22.897432105687297,-43.15626450489181,71.4,14.9,0.166744441,0.0244778395,0.793103456
,710030930,-22.897432105687297,-43.15626450489181,71.4,14.9,0.166744441,0.0244778395,0.793103456
,710030930,-22.897432105687297,-43.15626450489181,71.4,14.9,0.166744441,0.0244778395,0.793103456
,710030930,-22.897432105687297,-43.15626450489181,71.4,14.9,0.166744441,0.0244778395,0.793103456
,710030930,-22.897432105687297,-43.15626450489181,71.4,14.9,0.166744441,0.0244778395,0.793103456
,710030930,-22.897432105687297,-43.15626450489181,71.4,14.9,0.166744441,0.0244778395,0.793103456
,710030930,-22.897432105687297,-43.15626450489181,71.4,14.9,0.166744441,0.0244778395,0.793103456
,710030930,-22.897432105687297,-43.15626450489181,71.4,14.9,0.166744441,0.0244778395,0.793103456
,710030930,-22.897432105687297,-43.15626450489181,71.4,14.9,0.166744441,0.0244778395,0.793103456
,710030930,-22.897432105687297,-43.15626450489181,71.4,14.9,0.166744441,0.0244778395,0.793103456
,710030930,-22.897432105687297,-43.15626450489181,71.4,14.9,0.166744441,0.0244778395,0.793103456
,710030930,-22.897432105687297,-43.15626450489181,71.4,14.9,0.166744441,0.0244778395,0.793103456
,710030930,-22.897432105687297,-43.15626450489181,71.4,14.9,0.166744441,0.0244778395,0.793103456
,710030930,-22.89740921134479,-43.15619400980938,71.4,14.9,0.166744441,0.0244778395,0.793103456
,710030930,-22.89740921134479,-43.15619400980938,71.4,14.9,0.166744441,0.0244778395,0.793103456
,710030930,-22.89740921134479,-43.15619400980938,71.4,14.9,0.166744441,0.0244778395,0.793103456
,710030930,-22.89740921134479,-43.15619400980938,71.4,14.9,0.166744441,0.0244778395,0.793103456
,710030930,-22.89740921134479,-43.15619400980938,71.4,14.9,0.166744441,0.0244778395,0.793103456
,710030930,-22.89740921134479,-43.15619400980938,71.4,14.9,0.166744441,0.0244778395,0.793103456
,710030930,-22.89740921134479,-43.15619400980938,71.4,14.9,0.166744441,0.0244778395,0.793103456
,710030930,-22.89740921134479,-43.15619400980938,71.4,14.9,0.166744441,0.0244778395,0.793103456
,710030930,-22.89740921134479,-43.15619400980938,71.4,14.9,0.166744441,0.0244778395,0.793103456
,710030930,-22.89740921134479,-43.15619400980938,71.4,14.9,0.166744441,0.0244778395,0.793103456
,710030930,-22.89740921134479,-43.15619400980938,71.4,14.9,0.166744441,0.0244778395,0.793103456
,710030930,-22.89740921134479,-43.15619400980938,71.4,14.9,0.166744441,0.0244778395,0.793103456
,710030930,-22.89740921134479,-43.15619400980938,71.4,14.9,0.166744441,0.0244778395,0.793103456
,710030930,-22.89740921134479,-43.15619400980938,71.4,14.9,0.166744441,0.0244778395,0.793103456
,710030930,-22.89740921134479,-43.15619400980938,71.4,14.9,0.166744441,0.0244778395,0.793103456
,710030930,-22.89740921134479,-43.15619400980938,71.4,14.9,0.166744441,0.0244778395,0.793103456
,710030930,-22.89740921134479,-43.15619400980938,71.4,14.9,0.166744441,0.0244778395,0.793103456
,710030930,-22.89740921134479,-43.15619400980938,71.4,14.9,0.166744441,0.0244778395,0.793103456
,710030930,-22.89740921134479,-43.15619400980938,71.4,14.9,0.166744441,0.0244778395,0.793103456
,710030930,-22.89740921134479,-43.15619400980938,71.4,14.9,0.166744441,0.0244778395,0.793103456
,710030930,-22.89740921134479,-43.15619400980938,71.4,14.9,0.166744441,0.0244778395,0.793103456
,710030930,-22.89740921134479,-43.15619400980938,71.4,14.9,0.166744441,0.0244778395,0.793103456
,710030930,-22.89740921134479,-43.15619400980938,71.4,14.9,0.166744441,0.0244778395,0.793103456
,710030930,-22.89740921134479,-43.15619400980938,71.4,14.9,0.166744441,0.0244778395,0.793103456
,710030930,-22.89738631697247,-43.15612351475273,71.4,14.9,0.166744441,0.0244778395,0.793103456
,710030930,-22.89738631697247,-43.15612351475273,71.4,14.9,0.166744441,0.0244778395,0.793103456
,710030930,-22.89738631697247,-43.15612351475273,71.4,14.9,0.166744441,0.0244778395,0.793103456
,710030930,-22.89738631697247,-43.15612351475273,71.4,14.9,0.166744441,0.0244778395,0.793103456
,710030930,-22.89738631697247,-43.15612351475273,71.4,14.9,0.166744441,0.0244778395,0.793103456
,710030930,-22.89738631697247,-43.15612351475273,71.4,14.9,0.166744441,0.0244778395,0.793103456
,710030930,-22.89738631697247,-43.15612351475273,71.4,14.9,0.166744441,0.0244778395,0.793103456
,710030930,-22.89738631697247,-43.15612351475273,71.4,14.9,0.166744441,0.0244778395,0.793103456
,710030930,-22.89738631697247,-43.15612351475273,71.4,14.9,0.166744441,0.0244778395,0.793103456
,710030930,-22.89738631697247,-43.15612351475273,71.4,14.9,0.166744441,0.0244778395,0.793103456
,710030930,-22.89738631697247,-43.15612351475273,71.4,14.9,0.166744441,0.0244778395,0.793103456
,710030930,-22.89738631697247,-43.15612351475273,71.4,14.9,0.166744441,0.0244778395,0.793103456
,710030930,-22.89738631697247,-43.15612351475273,71.4,14.9,0.166744441,0.0244778395,0.793103456
,710030930,-22.89738631697247,-43.15612351475273,71.4,14.9,0.166744441,0.0244778395,0.793103456
,710030930,-22.89738631697247,-43.15612351475273,71.4,14.9,0.166744441,0.0244778395,0.793103456
,710030930,-22.89738631697247,-43.15612351475273,71.4,14.9,0.166744441,0.0244778395,0.793103456
,710030930,-22.89736342257035,-43.156053019721845,71.4,14.9,0.166744441,0.0244778395,0.793103456
,710030930,-22.89736342257035,-43.156053019721845,71.4,14.9,0.166744441,0.0244778395,0.793103456
,710030930,-22.89736342257035,-43.156053019721845,71.4,14.9,0.170505553,0.0245444775,0.806496322
,710030930,-22.89736342257035,-43.156053019721845,71.4,14.9,0.170505553,0.0245444775,0.806496322
,710030930,-22.89736342257035,-43.156053019721845,71.4,14.9,0.170505553,0.0245444775,0.806496322
,710030930,-22.89736342257035,-43.156053019721845,71.4,14.9,0.170505553,0.0245444775,0.806496322
,710030930,-22.89736342257035,-43.156053019721845,71.4,14.9,0.170505553,0.0245444775,0.810344815
,710030930,-22.89736342257035,-43.156053019721845,71.4,14.9,0.170505553,0.0245444775,0.810344815
,710030930,-22.89736342257035,-43.156053019721845,71.4,14.9,0.170505553,0.0245444775,0.810344815
,710030930,-22.89736342257035,-43.156053019721845,71.4,14.9,0.170505553,0.0245444775,0.810344815
,710030930,-22.89736342257035,-43.156053019721845,71.4,14.9,0.170505553,0.0245444775,0.810344815
,710030930,-22.89736342257035,-43.156053019721845,71.4,14.9,0.170505553,0.0245444775,0.810344815
,710030930,-22.89736342257035,-43.156053019721845,71.4,14.9,0.170505553,0.0245444775,0.810344815
,710030930,-22.89736342257035,-43.156053019721845,71.4,14.9,0.170505553,0.0245444775,0.810344815
,710030930,-22.89736342257035,-43.156053019721845,71.4,14.9,0.170505553,0.0245444775,0.810344815
,710030930,-22.89736342257035,-43.156053019721845,71.4,14.9,0.170505553,0.0245444775,0.810344815
,710030930,-22.89736342257035,-43.156053019721845,71.4,14.9,0.170505553,0.0245444775,0.810344815
,710030930,-22.89736342257035,-43.156053019721845,71.4,14.9,0.170505553,0.0245444775,0.810344815
,710030930,-22.89736342257035,-43.156053019721845,71.4,14.9,0.170505553,0.0245444775,0.810344815
,710030930,-22.89736342257035,-43.156053019721845,71.4,14.9,0.170505553,0.0245444775,0.810344815
,710030930,-22.89736342257035,-43.156053019721845,71.4,14.9,0.170505553,0.0245444775,0.810344815
,710030930,-22.89736342257035,-43.156053019721845,71.4,14.9,0.170505553,0.0245444775,0.810344815
,710030930,-22.89736342257035,-43.156053019721845,71.4,14.9,0.170505553,0.0245444775,0.810344815
,710030930,-22.89736342257035,-43.156053019721845,71.4,14.9,0.170505553,0.0245444775,0.810344815
,710030930,-22.89736342257035,-43.156053019721845,71.4,14.9,0.170505553,0.0245444775,0.810344815
,710030930,-22.89736342257035,-43.156053019721845,71.4,14.9,0.170505553,0.0245444775,0.810344815
,710030930,-22.89736342257035,-43.156053019721845,71.4,14.9,0.170505553,0.0245444775,0.810344815
,710030930,-22.89736342257035,-43.156053019721845,71.4,14.9,0.170505553,0.0245444775,0.810344815
,710030930,-22.89736342257035,-43.156053019721845,71.4,14.9,0.170505553,0.0245444775,0.810344815
,710030930,-22.89736342257035,-43.156053019721845,71.4,14.9,0.170505553,0.0245444775,0.810344815
,710030930,-22.897340528138415,-43.15598252471674,71.4,14.9,0.170505553,0.0245444775,0.810344815
,710030930,-22.897340528138415,-43.15598252471674,71.4,14.9,0.170505553,0.0245444775,0.810344815
,710030930,-22.897340528138415,-43.15598252471674,71.4,14.9,0.170505553,0.0245444775,0.810344815
,710030930,-22.897340528138415,-43.15598252471674,71.4,14.9,0.170505553,0.0245444775,0.810344815
,710030930,-22.897340528138415,-43.15598252471674,71.4,14.9,0.170505553,0.0245444775,0.810344815
,710030930,-22.897340528138415,-43.15598252471674,71.4,14.9,0.170505553,0.0245444775,0.810344815
,710030930,-22.897340528138415,-43.15598252471674,71.4,14.9,0.170505553,0.0245444775,0.810344815
,710030930,-22.897340528138415,-43.15598252471674,71.4,14.9,0.170505553,0.0245444775,0.810344815
,710030930,-22.897340528138415,-43.15598252471674,71.4,14.9,0.170505553,0.0245444775,0.810344815
,710030930,-22.897340528138415,-43.15598252471674,71.4,14.9,0.170505553,0.0245444775,0.810344815
,710030930,-22.897340528138415,-43.15598252471674,71.4,14.9,0.170505553,0.0245444775,0.810344815
,710030930,-22.897340528138415,-43.15598252471674,71.4,14.9,0.170505553,0.0245444775,0.810344815
,710030930,-22.897340528138415,-43.15598252471674,71.4,14.9,0.170505553,0.0245444775,0.810344815
,710030930,-22.897340528138415,-43.15598252471674,71.4,14.9,0.170505553,0.0245444775,0.810344815
,710030930,-22.897340528138415,-43.15598252471674,71.4,14.9,0.170505553,0.0245444775,0.810344815
,710030930,-22.897340528138415,-43.15598252471674,71.4,14.9,0.170505553,0.0245444775,0.810344815
,710030930,-22.897340528138415,-43.15598252471674,71.4,14.9,0.170505553,0.0245444775,0.810344815
,710030930,-22.897340528138415,-43.15598252471674,71.4,14.9,0.170505553,0.0245444775,0.810344815
,710030930,-22.897340528138415,-43.15598252471674,71.4,14.9,0.170505553,0.0245444775,0.810344815
,710030930,-22.897340528138415,-43.15598252471674,71.4,14.9,0.170505553,0.0245444775,0.810344815
,710030930,-22.897340528138415,-43.15598252471674,71.4,14.9,0.170505553,0.0245444775,0.810344815
,710030930,-22.897340528138415,-43.15598252471674,71.4,14.9,0.170505553,0.0245444775,0.810344815
,710030930,-22.897340528138415,-43.15598252471674,71.4,14.9,0.170505553,0.0245444775,0.810344815
,710030930,-22.897340528138415,-43.15598252471674,71.4,14.9,0.170505553,0.0245444775,0.810344815
,710030930,-22.897340528138415,-43.15598252471674,71.4,14.9,0.170505553,0.0245444775,0.810344815
,710030930,-22.897340528138415,-43.15598252471674,71.4,14.9,0.170505553,0.0245444775,0.810344815
,710030930,-22.897340528138415,-43.15598252471674,71.4,14.9,0.170505553,0.0245444775,0.810344815
,710030930,-22.897340528138415,-43.15598252471674,71.4,14.9,0.170505553,0.0245444775,0.810344815
,710030930,-22.897340528138415,-43.15598252471674,71.4,14.9,0.170505553,0.0245444775,0.810344815
,710030930,-22.897340528138415,-43.15598252471674,71.4,14.9,0.170505553,0.0245444775,0.810344815
,710030930,-22.897340528138415,-43.15598252471674,71.4,14.9,0.170505553,0.0245444775,0.810344815
,710030930,-22.897340528138415,-43.15598252471674,71.4,14.9,0.170505553,0.0245444775,0.810344815
,710030930,-22.89731763367668,-43.1559120297374,71.4,14.9,0.170505553,0.0245444775,0.810344815
,710030930,-22.89731763367668,-43.1559120297374,71.4,14.9,0.170505553,0.0245444775,0.810344815
,710030930,-22.89731763367668,-43.1559120297374,71.4,14.9,0.170505553,0.0245444775,0.810344815
,710030930,-22.89731763367668,-43.1559120297374,71.4,14.9,0.170505553,0.0245444775,0.810344815
,710030930,-22.89731763367668,-43.1559120297374,71.4,14.9,0.170505553,0.0245444775,0.810344815
,710030930,-22.89731763367668,-43.1559120297374,71.4,14.9,0.170505553,0.0245444775,0.810344815
,710030930,-22.89731763367668,-43.1559120297374,71.4,14.9,0.170505553,0.0245444775,0.810344815
,710030930,-22.89731763367668,-43.1559120297374,71.4,14.9,0.170505553,0.0245444775,0.810344815
,710030930,-22.89731763367668,-43.1559120297374,71.4,14.9,0.170505553,0.0245444775,0.810344815
,710030930,-22.89731763367668,-43.1559120297374,71.4,14.9,0.170505553,0.0245444775,0.810344815
,710030930,-22.89731763367668,-43.1559120297374,71.4,14.9,0.170505553,0.0245444775,0.810344815
,710030930,-22.89731763367668,-43.1559120297374,71.4,14.9,0.170505553,0.0245444775,0.810344815
,710030930,-22.89731763367668,-43.1559120297374,71.4,14.9,0.170505553,0.0245444775,0.810344815
,710030930,-22.89731763367668,-43.1559120297374,71.4,14.9,0.170505553,0.0245444775,0.810344815
,710030930,-22.89731763367668,-43.1559120297374,71.4,14.9,0.170505553,0.0245444775,0.810344815
,710030930,-22.89731763367668,-43.1559120297374,71.4,14.9,0.170505553,0.0245444775,0.810344815
,710030930,-22.89731763367668,-43.1559120297374,71.4,14.9,0.170505553,0.0245444775,0.810344815
,710030930,-22.89731763367668,-43.1559120297374,71.4,14.9,0.170505553,0.0245444775,0.810344815
,710030930,-22.89731763367668,-43.1559120297374,71.4,14.9,0.170505553,0.0245444775,0.810344815
,710030930,-22.89731763367668,-43.1559120297374,71.4,14.9,0.170505553,0.0245444775,0.810344815
,710030930,-22.89731763367668,-43.1559120297374,71.4,14.9,0.170505553,0.0245444775,0.810344815
,710030930,-22.89731763367668,-43.1559120297374,71.4,14.9,0.170505553,0.0245444775,0.810344815
,710030930,-22.89731763367668,-43.1559120297374,71.4,14.9,0.170505553,0.0245444775,0.810344815
,710030930,-22.89731763367668,-43.1559120297374,71.4,14.9,0.170505553,0.0245444775,0.810344815
,710030930,-22.89731763367668,-43.1559120297374,71.4,14.9,0.170505553,0.0245444775,0.810344815
,710030930,-22.89731763367668,-43.1559120297374,71.4,14.9,0.170505553,0.0245444775,0.810344815
,710030930,-22.89731763367668,-43.1559120297374,71.4,14.9,0.170505553,0.0245444775,0.810344815
,710030930,-22.89731763367668,-43.1559120297374,71.4,14.9,0.170505553,0.0245444775,0.810344815
,710030930,-22.897294739185128,-43.15584153478383,71.4,14.9,0.174216658,0.0246111155,0.810344815
,710030930,-22.897294739185128,-43.15584153478383,71.4,14.9,0.174216658,0.0246111155,0.810344815
,710030930,-22.897294739185128,-43.15584153478383,71.4,14.9,0.174216658,0.0246111155,0.810344815
,710030930,-22.897294739185128,-43.15584153478383,71.4,14.9,0.174216658,0.0246111155,0.810344815
,710030930,-22.897294739185128,-43.15584153478383,71.4,14.9,0.174216658,0.0246111155,0.810344815
,710030930,-22.897294739185128,-43.15584153478383,71.4,14.9,0.174216658,0.0246111155,0.810344815
,710030930,-22.897294739185128,-43.15584153478383,71.4,14.9,0.174216658,0.0246111155,0.810344815
,710030930,-22.897294739185128,-43.15584153478383,71.4,14.9,0.174216658,0.0246111155,0.810344815
,710030930,-22.897294739185128,-43.15584153478383,71.4,14.9,0.174216658,0.0246111155,0.810344815
,710030930,-22.897294739185128,-43.15584153478383,71.4,14.9,0.174216658,0.0246111155,0.810344815
,710030930,-22.897294739185128,-43.15584153478383,71.4,14.9,0.174216658,0.0246111155,0.810344815
,710030930,-22.897294739185128,-43.15584153478383,71.4,14.9,0.174216658,0.0246111155,0.810344815
,710030930,-22.897294739185128,-43.15584153478383,71.4,14.9,0.174216658,0.0246111155,0.810344815
,710030930,-22.897294739185128,-43.15584153478383,71.4,14.9,0.174216658,0.0246111155,0.810344815
,710030930,-22.897294739185128,-43.15584153478383,71.4,14.9,0.174216658,0.0246111155,0.810344815
,710030930,-22.897294739185128,-43.15584153478383,71.4,14.9,0.174216658,0.0246111155,0.810344815
,710030930,-22.897294739185128,-43.15584153478383,71.4,14.9,0.174216658,0.0246111155,0.810344815
,710030930,-22.897294739185128,-43.15584153478383,71.4,14.9,0.174216658,0.0246111155,0.810344815
,710030930,-22.897294739185128,-43.15584153478383,71.4,14.9,0.174216658,0.0246111155,0.810344815
,710030930,-22.897294739185128,-43.15584153478383,71.4,14.9,0.174216658,0.0246111155,0.810344815
,710030930,-22.897294739185128,-43.15584153478383,71.4,14.9,0.174216658,0.0246111155,0.810344815
,710030930,-22.897294739185128,-43.15584153478383,71.4,14.9,0.174216658,0.0246111155,0.810344815
,710030930,-22.897294739185128,-43.15584153478383,71.4,14.9,0.174216658,0.0246111155,0.810344815
,710030930,-22.897294739185128,-43.15584153478383,71.4,14.9,0.174216658,0.0246111155,0.810344815
,710030930,-22.897294739185128,-43.15584153478383,71.4,14.9,0.174216658,0.0246111155,0.810344815
,710030930,-22.897294739185128,-43.15584153478383,71.4,14.9,0.174216658,0.0246111155,0.810344815
,710030930,-22.897294739185128,-43.15584153478383,71.4,14.9,0.174216658,0.0246111155,0.810344815
,710030930,-22.897294739185128,-43.15584153478383,71.4,14.9,0.174216658,0.0246111155,0.810344815
,710030930,-22.897294739185128,-43.15584153478383,71.4,14.9,0.174216658,0.0246111155,0.810344815
,710030930,-22.897294739185128,-43.15584153478383,71.4,14.9,0.174216658,0.0246111155,0.810344815
,710030930,-22.89727184466377,-43.155771039856035,71.4,14.9,0.174216658,0.0246111155,0.810344815
,710030930,-22.89727184466377,-43.155771039856035,71.4,14.9,0.174216658,0.0246111155,0.810344815
,710030930,-22.89727184466377,-43.155771039856035,71.4,14.9,0.174216658,0.0246111155,0.810344815
,710030930,-22.89727184466377,-43.155771039856035,71.4,14.9,0.174216658,0.0246111155,0.810344815
,710030930,-22.89727184466377,-43.155771039856035,71.4,14.9,0.174216658,0.0246111155,0.810344815
,710030930,-22.89727184466377,-43.155771039856035,71.4,14.9,0.174216658,0.0246111155,0.810344815
,710030930,-22.89727184466377,-43.155771039856035,71.4,14.9,0.174216658,0.0246111155,0.810344815
,710030930,-22.89727184466377,-43.155771039856035,71.4,14.9,0.174216658,0.0246111155,0.810344815
,710030930,-22.89727184466377,-43.155771039856035,71.4,14.9,0.174216658,0.0246111155,0.810344815
,710030930,-22.89727184466377,-43.155771039856035,71.4,14.9,0.174216658,0.0246111155,0.810344815
,710030930,-22.89727184466377,-43.155771039856035,71.4,14.9,0.174216658,0.0246111155,0.810344815
,710030930,-22.89727184466377,-43.155771039856035,71.4,14.9,0.174216658,0.0246111155,0.810344815
,710030930,-22.89727184466377,-43.155771039856035,71.4,14.9,0.174216658,0.0246111155,0.810344815
,710030930,-22.89727184466377,-43.155771039856035,71.4,14.9,0.174216658,0.0246111155,0.810344815
,710030930,-22.89727184466377,-43.155771039856035,71.4,14.9,0.174216658,0.0246111155,0.810344815
,710030930,-22.89727184466377,-43.155771039856035,71.4,14.9,0.174216658,0.0246111155,0.810344815
,710030930,-22.89727184466377,-43.155771039856035,71.4,14.9,0.174216658,0.0246111155,0.810344815
,710030930,-22.89727184466377,-43.155771039856035,71.4,14.9,0.174216658,0.0246111155,0.810344815
,710030930,-22.89727184466377,-43.155771039856035,71.4,14.9,0.174216658,0.0246111155,0.810344815
,710030930,-22.89727184466377,-43.155771039856035,71.4,14.9,0.174216658,0.0246111155,0.810344815
,710030930,-22.89727184466377,-43.155771039856035,71.4,14.9,0.174216658,0.0246111155,0.810344815
,710030930,-22.89727184466377,-43.155771039856035,71.4,14.9,0.174216658,0.0246111155,0.810344815
,710030930,-22.89727184466377,-43.155771039856035,71.4,14.9,0.174216658,0.0246111155,0.810344815
,710030930,-22.89727184466377,-43.155771039856035,71.4,14.9,0.174216658,0.0246111155,0.810344815
,710030930,-22.89727184466377,-43.155771039856035,71.4,14.9,0.174216658,0.0246111155,0.810344815
,710030930,-22.89727184466377,-43.155771039856035,71.4,14.9,0.174216658,0.0246111155,0.810344815
,710030930,-22.89727184466377,-43.155771039856035,71.4,14.9,0.174216658,0.0246111155,0.810344815
,710030930,-22.89727184466377,-43.155771039856035,71.4,14.9,0.174216658,0.0246111155,0.810344815
,710030930,-22.89727184466377,-43.155771039856035,71.4,14.9,0.174216658,0.0246111155,0.810344815
,710030930,-22.89727184466377,-43.155771039856035,71.4,14.9,0.174216658,0.0246111155,0.810344815
,710030930,-22.8972489501126,-43.155700544954,71.4,14.9,0.174216658,0.0246111155,0.810344815
,710030930,-22.8972489501126,-43.155700544954,71.4,14.9,0.174216658,0.0246111155,0.810344815
,710030930,-22.8972489501126,-43.155700544954,71.4,14.9,0.174216658,0.0246111155,0.810344815
,710030930,-22.8972489501126,-43.155700544954,71.4,14.9,0.174216658,0.0246111155,0.810344815
,710030930,-22.8972489501126,-43.155700544954,71.4,14.9,0.174216658,0.0246111155,0.810344815
,710030930,-22.8972489501126,-43.155700544954,71.4,14.9,0.174216658,0.0246111155,0.810344815
,710030930,-22.8972489501126,-43.155700544954,71.4,14.9,0.174216658,0.0246111155,0.810344815
,710030930,-22.8972489501126,-43.155700544954,71.4,14.9,0.174216658,0.0246111155,0.810344815
,710030930,-22.8972489501126,-43.155700544954,71.4,14.9,0.174216658,0.0246111155,0.810344815
,710030930,-22.8972489501126,-43.155700544954,71.4,14.9,0.174216658,0.0246111155,0.810344815
,710030930,-22.8972489501126,-43.155700544954,71.4,14.9,0.174216658,0.0246111155,0.810344815
,710030930,-22.8972489501126,-43.155700544954,71.4,14.9,0.174216658,0.0246111155,0.810344815
,710030930,-22.8972489501126,-43.155700544954,71.4,14.9,0.174216658,0.0246111155,0.810344815
,710030930,-22.8972489501126,-43.155700544954,71.4,14.9,0.174216658,0.0246111155,0.810344815
,710030930,-22.8972489501126,-43.155700544954,71.4,14.9,0.174216658,0.0246111155,0.810344815
,710030930,-22.8972489501126,-43.155700544954,71.4,14.9,0.174216658,0.0246111155,0.810344815
,710030930,-22.8972489501126,-43.155700544954,71.4,14.9,0.174216658,0.0246111155,0.810344815
,710030930,-22.8972489501126,-43.155700544954,71.4,14.9,0.174216658,0.0246111155,0.810344815
,710030930,-22.8972489501126,-43.155700544954,71.4,14.9,0.174216658,0.0246111155,0.810344815
,710030930,-22.8972489501126,-43.155700544954,71.4,14.9,0.174216658,0.0246111155,0.810344815
,710030930,-22.8972489501126,-43.155700544954,71.4,14.9,0.174216658,0.0246111155,0.810344815
,710030930,-22.8972489501126,-43.155700544954,71.4,14.9,0.174216658,0.0246111155,0.810344815
,710030930,-22.8972489501126,-43.155700544954,71.4,14.9,0.174216658,0.0246111155,0.810344815
,710030930,-22.8972489501126,-43.155700544954,71.4,14.9,0.174216658,0.0246111155,0.810344815
,710030930,-22.8972489501126,-43.155700544954,71.4,14.9,0.174216658,0.0246111155,0.810344815
,710030930,-22.8972489501126,-43.155700544954,71.4,14.9,0.174216658,0.0246111155,0.810344815
,710030930,-22.8972489501126,-43.155700544954,71.4,14.9,0.174216658,0.0246111155,0.810344815
,710030930,-22.8972489501126,-43.155700544954,71.4,14.9,0.174216658,0.0246111155,0.810344815
,710030930,-22.8972489501126,-43.155700544954,71.4,14.9,0.174216658,0.0246111155,0.810344815
,710030930,-22.8972489501126,-43.155700544954,71.4,14.9,0.174216658,0.0246111155,0.810344815
,710030930,-22.897226055531632,-43.15563005007775,71.4,14.9,0.177877784,0.0246888399,0.817122698
,710030930,-22.897226055531632,-43.15563005007775,71.4,14.9,0.177877784,0.0246888399,0.817122698
,710030930,-22.897226055531632,-43.15563005007775,71.4,14.9,0.177877784,0.0246888399,0.817122698
,710030930,-22.897226055531632,-43.15563005007775,71.4,14.9,0.177877784,0.0246888399,0.817122698
,710030930,-22.897226055531632,-43.15563005007775,71.4,14.9,0.177877784,0.0246888399,0.810344815
,710030930,-22.897226055531632,-43.15563005007775,71.4,14.9,0.177877784,0.0246888399,0.810344815
,710030930,-22.897226055531632,-43.15563005007775,71.4,14.9,0.177877784,0.0246888399,0.810344815
,710030930,-22.897226055531632,-43.15563005007775,71.4,14.9,0.177877784,0.0246888399,0.810344815
,710030930,-22.897226055531632,-43.15563005007775,71.4,14.9,0.177877784,0.0246888399,0.810344815
,710030930,-22.897226055531632,-43.15563005007775,71.4,14.9,0.177877784,0.0246888399,0.810344815
,710030930,-22.897226055531632,-43.15563005007775,71.4,14.9,0.177877784,0.0246888399,0.810344815
,710030930,-22.897226055531632,-43.15563005007775,71.4,14.9,0.177877784,0.0246888399,0.810344815
,710030930,-22.897226055531632,-43.15563005007775,71.4,14.9,0.177877784,0.0246888399,0.810344815
,710030930,-22.897226055531632,-43.15563005007775,71.4,14.9,0.177877784,0.0246888399,0.810344815
,710030930,-22.897226055531632,-43.15563005007775,71.4,14.9,0.177877784,0.0246888399,0.810344815
,710030930,-22.897226055531632,-43.15563005007775,71.4,14.9,0.177877784,0.0246888399,0.810344815
,710030930,-22.897226055531632,-43.15563005007775,71.4,14.9,0.177877784,0.0246888399,0.810344815
,710030930,-22.897226055531632,-43.15563005007775,71.4,14.9,0.177877784,0.0246888399,0.810344815
,710030930,-22.897226055531632,-43.15563005007775,71.4,14.9,0.177877784,0.0246888399,0.810344815
,710030930,-22.897226055531632,-43.15563005007775,71.4,14.9,0.177877784,0.0246888399,0.810344815
,710030930,-22.897226055531632,-43.15563005007775,71.4,14.9,0.177877784,0.0246888399,0.810344815
,710030930,-22.897226055531632,-43.15563005007775,71.4,14.9,0.177877784,0.0246888399,0.810344815
,710030930,-22.897226055531632,-43.15563005007775,71.4,14.9,0.177877784,0.0246888399,0.810344815
,710030930,-22.897226055531632,-43.15563005007775,71.4,14.9,0.177877784,0.0246888399,0.810344815
,710030930,-22.897226055531632,-43.15563005007775,71.4,14.9,0.177877784,0.0246888399,0.810344815
,710030930,-22.897226055531632,-43.15563005007775,71.4,14.9,0.177877784,0.0246888399,0.810344815
,710030930,-22.897226055531632,-43.15563005007775,71.4,14.9,0.177877784,0.0246888399,0.810344815
,710030930,-22.897226055531632,-43.15563005007775,71.4,14.9,0.177877784,0.0246888399,0.810344815
,710030930,-22.897254625465372,-43.15564379361142,72.7,14.8,0.177877784,0.0246888399,0.810344815
,710030930,-22.897254625465372,-43.15564379361142,72.7,14.8,0.177877784,0.0246888399,0.810344815
,710030930,-22.897254625465372,-43.15564379361142,72.7,14.8,0.177877784,0.0246888399,0.810344815
,710030930,-22.897254625465372,-43.15564379361142,72.7,14.8,0.177877784,0.0246888399,0.810344815
,710030930,-22.897254625465372,-43.15564379361142,72.7,14.8,0.177877784,0.0246888399,0.810344815
,710030930,-22.897254625465372,-43.15564379361142,72.7,14.8,0.177877784,0.0246888399,0.810344815
,710030930,-22.897254625465372,-43.15564379361142,72.7,14.8,0.177877784,0.0246888399,0.810344815
,710030930,-22.897254625465372,-43.15564379361142,72.7,14.8,0.177877784,0.0246888399,0.810344815
,710030930,-22.897254625465372,-43.15564379361142,72.7,14.8,0.177877784,0.0246888399,0.810344815
,710030930,-22.897254625465372,-43.15564379361142,72.7,14.8,0.177877784,0.0246888399,0.810344815
,710030930,-22.897254625465372,-43.15564379361142,72.7,14.8,0.177877784,0.0246888399,0.810344815
,710030930,-22.897254625465372,-43.15564379361142,72.7,14.8,0.177877784,0.0246888399,0.810344815
,710030930,-22.897254625465372,-43.15564379361142,72.7,14.8,0.177877784,0.0246888399,0.810344815
,710030930,-22.897254625465372,-43.15564379361142,72.7,14.8,0.177877784,0.0246888399,0.810344815
,710030930,-22.897254625465372,-43.15564379361142,72.7,14.8,0.177877784,0.0246888399,0.810344815
,710030930,-22.897254625465372,-43.15564379361142,72.7,14.8,0.177877784,0.0246888399,0.810344815
,710030930,-22.897254625465372,-43.15564379361142,72.7,14.8,0.177877784,0.0246888399,0.810344815
,710030930,-22.897254625465372,-43.15564379361142,72.7,14.8,0.177877784,0.0246888399,0.810344815
,710030930,-22.897254625465372,-43.15564379361142,72.7,14.8,0.177877784,0.0246888399,0.810344815
,710030930,-22.897254625465372,-43.15564379361142,72.7,14.8,0.177877784,0.0246888399,0.810344815
,710030930,-22.897254625465372,-43.15564379361142,72.7,14.8,0.177877784,0.0246888399,0.810344815
,710030930,-22.897254625465372,-43.15564379361142,72.7,14.8,0.177877784,0.0246888399,0.810344815
,710030930,-22.897254625465372,-43.15564379361142,72.7,14.8,0.177877784,0.0246888399,0.810344815
,710030930,-22.897254625465372,-43.15564379361142,72.7,14.8,0.177877784,0.0246888399,0.810344815
,710030930,-22.897254625465372,-43.15564379361142,72.7,14.8,0.177877784,0.0246888399,0.810344815
,710030930,-22.897254625465372,-43.15564379361142,72.7,14.8,0.177877784,0.0246888399,0.810344815
,710030930,-22.897254625465372,-43.15564379361142,72.7,14.8,0.177877784,0.0246888399,0.810344815
,710030930,-22.897254625465372,-43.15564379361142,72.7,14.8,0.177877784,0.0246888399,0.810344815
,710030930,-22.897254625465372,-43.15564379361142,72.7,14.8,0.177877784,0.0246888399,0.810344815
,710030930,-22.897254625465372,-43.15564379361142,72.7,14.8,0.177877784,0.0246888399,0.810344815
,710030930,-22.89723336216882,-43.15557323300901,72.7,14.8,0.177877784,0.0246888399,0.810344815
,710030930,-22.89723336216882,-43.15557323300901,72.7,14.8,0.177877784,0.0246888399,0.810344815
,710030930,-22.89723336216882,-43.15557323300901,72.7,14.8,0.177877784,0.0246888399,0.810344815
,710030930,-22.89723336216882,-43.15557323300901,72.7,14.8,0.177877784,0.0246888399,0.810344815
,710030930,-22.89723336216882,-43.15557323300901,72.7,14.8,0.177877784,0.0246888399,0.810344815
,710030930,-22.89723336216882,-43.15557323300901,72.7,14.8,0.177877784,0.0246888399,0.810344815
,710030930,-22.89723336216882,-43.15557323300901,72.7,14.8,0.177877784,0.0246888399,0.810344815
,710030930,-22.89723336216882,-43.15557323300901,72.7,14.8,0.177877784,0.0246888399,0.810344815
,710030930,-22.89723336216882,-43.15557323300901,72.7,14.8,0.177877784,0.0246888399,0.810344815
,710030930,-22.89723336216882,-43.15557323300901,72.7,14.8,0.177877784,0.0246888399,0.810344815
,710030930,-22.89723336216882,-43.15557323300901,72.7,14.8,0.177877784,0.0246888399,0.810344815
,710030930,-22.89723336216882,-43.15557323300901,72.7,14.8,0.177877784,0.0246888399,0.810344815
,710030930,-22.89723336216882,-43.15557323300901,72.7,14.8,0.177877784,0.0246888399,0.810344815
,710030930,-22.89723336216882,-43.15557323300901,72.7,14.8,0.177877784,0.0246888399,0.810344815
,710030930,-22.89723336216882,-43.15557323300901,72.7,14.8,0.177877784,0.0246888399,0.810344815
,710030930,-22.89723336216882,-43.15557323300901,72.7,14.8,0.177877784,0.0246888399,0.810344815
,710030930,-22.89723336216882,-43.15557323300901,72.7,14.8,0.177877784,0.0246888399,0.810344815
,710030930,-22.89723336216882,-43.15557323300901,72.7,14.8,0.177877784,0.0246888399,0.810344815
,710030930,-22.89723336216882,-43.15557323300901,72.7,14.8,0.177877784,0.0246888399,0.810344815
,710030930,-22.89723336216882,-43.15557323300901,72.7,14.8,0.177877784,0.0246888399,0.810344815
,710030930,-22.89723336216882,-43.15557323300901,72.7,14.8,0.177877784,0.0246888399,0.810344815
,710030930,-22.89723336216882,-43.15557323300901,72.7,14.8,0.177877784,0.0246888399,0.810344815
,710030930,-22.89723336216882,-43.15557323300901,72.7,14.8,0.177877784,0.0246888399,0.810344815
,710030930,-22.89723336216882,-43.15557323300901,72.7,14.8,0.177877784,0.0246888399,0.810344815
,710030930,-22.89723336216882,-43.15557323300901,72.7,14.8,0.177877784,0.0246888399,0.810344815
,710030930,-22.89723336216882,-43.15557323300901,72.7,14.8,0.177877784,0.0246888399,0.810344815
,710030930,-22.89723336216882,-43.15557323300901,72.7,14.8,0.177877784,0.0246888399,0.810344815
,710030930,-22.89723336216882,-43.15557323300901,72.7,14.8,0.177877784,0.0246888399,0.810344815
,710030930,-22.89723336216882,-43.15557323300901,72.7,14.8,0.177877784,0.0246888399,0.810344815
,710030930,-22.89723336216882,-43.15557323300901,72.7,14.8,0.177877784,0.0246888399,0.810344815
,710030930,-22.897212098842296,-43.15550267243075,72.7,14.8,0.180188879,0.024711132,0.81861949
,710030930,-22.897212098842296,-43.15550267243075,72.7,14.8,0.180188879,0.024711132,0.81861949
,710030930,-22.897212098842296,-43.15550267243075,72.7,14.8,0.180188879,0.024711132,0.810344815
,710030930,-22.897212098842296,-43.15550267243075,72.7,14.8,0.180188879,0.024711132,0.810344815
,710030930,-22.897212098842296,-43.15550267243075,72.7,14.8,0.180188879,0.024711132,0.810344815
,710030930,-22.897212098842296,-43.15550267243075,72.7,14.8,0.180188879,0.024711132,0.810344815
,710030930,-22.897212098842296,-43.15550267243075,72.7,14.8,0.180188879,0.024711132,0.810344815
,710030930,-22.897212098842296,-43.15550267243075,72.7,14.8,0.180188879,0.024711132,0.810344815
,710030930,-22.897212098842296,-43.15550267243075,72.7,14.8,0.180188879,0.024711132,0.810344815
,710030930,-22.897212098842296,-43.15550267243075,72.7,14.8,0.180188879,0.024711132,0.810344815
,710030930,-22.897212098842296,-43.15550267243075,72.7,14.8,0.180188879,0.024711132,0.810344815
,710030930,-22.897212098842296,-43.15550267243075,72.7,14.8,0.180188879,0.024711132,0.810344815
,710030930,-22.897212098842296,-43.15550267243075,72.7,14.8,0.180188879,0.024711132,0.810344815
,710030930,-22.897212098842296,-43.15550267243075,72.7,14.8,0.180188879,0.024711132,0.810344815
,710030930,-22.897212098842296,-43.15550267243075,72.7,14.8,0.180188879,0.024711132,0.810344815
,710030930,-22.897212098842296,-43.15550267243075,72.7,14.8,0.180188879,0.024711132,0.810344815
,710030930,-22.897212098842296,-43.15550267243075,72.7,14.8,0.180188879,0.024711132,0.810344815
,710030930,-22.897212098842296,-43.15550267243075,72.7,14.8,0.180188879,0.024711132,0.810344815
,710030930,-22.897212098842296,-43.15550267243075,72.7,14.8,0.180188879,0.024711132,0.810344815
,710030930,-22.897212098842296,-43.15550267243075,72.7,14.8,0.180188879,0.024711132,0.810344815
,710030930,-22.897212098842296,-43.15550267243075,72.7,14.8,0.180188879,0.024711132,0.810344815
,710030930,-22.897212098842296,-43.15550267243075,72.7,14.8,0.180188879,0.024711132,0.810344815
,710030930,-22.897212098842296,-43.15550267243075,72.7,14.8,0.180188879,0.024711132,0.810344815
,710030930,-22.897212098842296,-43.15550267243075,72.7,14.8,0.180188879,0.024711132,0.810344815
,710030930,-22.897212098842296,-43.15550267243075,72.7,14.8,0.180188879,0.024711132,0.810344815
,710030930,-22.897212098842296,-43.15550267243075,72.7,14.8,0.180188879,0.024711132,0.810344815
,710030930,-22.897212098842296,-43.15550267243075,72.7,14.8,0.180188879,0.024711132,0.810344815
,710030930,-22.897212098842296,-43.15550267243075,72.7,14.8,0.180188879,0.024711132,0.810344815
,710030930,-22.897212098842296,-43.15550267243075,72.7,14.8,0.180188879,0.024711132,0.810344815
,710030930,-22.897212098842296,-43.15550267243075,72.7,14.8,0.180188879,0.024711132,0.810344815
,710030930,-22.897190835485812,-43.155432111876635,72.7,14.8,0.180188879,0.024711132,0.810344815
,710030930,-22.897190835485812,-43.155432111876635,72.7,14.8,0.180188879,0.024711132,0.810344815
,710030930,-22.897190835485812,-43.155432111876635,72.7,14.8,0.180188879,0.024711132,0.810344815
,710030930,-22.897190835485812,-43.155432111876635,72.7,14.8,0.180188879,0.024711132,0.810344815
,710030930,-22.897190835485812,-43.155432111876635,72.7,14.8,0.180188879,0.024711132,0.810344815
,710030930,-22.897190835485812,-43.155432111876635,72.7,14.8,0.180188879,0.024711132,0.810344815
,710030930,-22.897190835485812,-43.155432111876635,72.7,14.8,0.180188879,0.024711132,0.810344815
,710030930,-22.897190835485812,-43.155432111876635,72.7,14.8,0.180188879,0.024711132,0.810344815
,710030930,-22.897190835485812,-43.155432111876635,72.7,14.8,0.180188879,0.024711132,0.810344815
,710030930,-22.897190835485812,-43.155432111876635,72.7,14.8,0.180188879,0.024711132,0.810344815
,710030930,-22.897190835485812,-43.155432111876635,72.7,14.8,0.180188879,0.024711132,0.810344815
,710030930,-22.897190835485812,-43.155432111876635,72.7,14.8,0.180188879,0.024711132,0.810344815
,710030930,-22.897190835485812,-43.155432111876635,72.7,14.8,0.180188879,0.024711132,0.810344815
,710030930,-22.897190835485812,-43.155432111876635,72.7,14.8,0.180188879,0.024711132,0.810344815
,710030930,-22.897190835485812,-43.155432111876635,72.7,14.8,0.180188879,0.024711132,0.810344815
,710030930,-22.897190835485812,-43.155432111876635,72.7,14.8,0.180188879,0.024711132,0.810344815
,710030930,-22.897190835485812,-43.155432111876635,72.7,14.8,0.180188879,0.024711132,0.810344815
,710030930,-22.897190835485812,-43.155432111876635,72.7,14.8,0.180188879,0.024711132,0.810344815
,710030930,-22.897190835485812,-43.155432111876635,72.7,14.8,0.180188879,0.024711132,0.810344815
,710030930,-22.897190835485812,-43.155432111876635,72.7,14.8,0.180188879,0.024711132,0.810344815
,710030930,-22.897190835485812,-43.155432111876635,72.7,14.8,0.180188879,0.024711132,0.810344815
,710030930,-22.897190835485812,-43.155432111876635,72.7,14.8,0.180188879,0.024711132,0.810344815
,710030930,-22.897190835485812,-43.155432111876635,72.7,14.8,0.180188879,0.024711132,0.810344815
,710030930,-22.897190835485812,-43.155432111876635,72.7,14.8,0.180188879,0.024711132,0.810344815
,710030930,-22.897190835485812,-43.155432111876635,72.7,14.8,0.180188879,0.024711132,0.810344815
,710030930,-22.897190835485812,-43.155432111876635,72.7,14.8,0.180188879,0.024711132,0.810344815
,710030930,-22.897190835485812,-43.155432111876635,72.7,14.8,0.180188879,0.024711132,0.810344815
,710030930,-22.897190835485812,-43.155432111876635,72.7,14.8,0.180188879,0.024711132,0.810344815
,710030930,-22.897190835485812,-43.155432111876635,72.7,14.8,0.180188879,0.024711132,0.810344815
,710030930,-22.897190835485812,-43.155432111876635,72.7,14.8,0.180188879,0.024711132,0.810344815
,710030930,-22.897169572099354,-43.15536155134668,72.7,14.8,0.180188879,0.024711132,0.810344815
,710030930,-22.897169572099354,-43.15536155134668,72.7,14.8,0.180188879,0.024711132,0.810344815
,710030930,-22.897169572099354,-43.15536155134668,72.7,14.8,0.180188879,0.024711132,0.810344815
,710030930,-22.897169572099354,-43.15536155134668,72.7,14.8,0.180188879,0.024711132,0.810344815
,710030930,-22.897169572099354,-43.15536155134668,72.7,14.8,0.180188879,0.024711132,0.810344815
,710030930,-22.897169572099354,-43.15536155134668,72.7,14.8,0.180188879,0.024711132,0.810344815
,710030930,-22.897169572099354,-43.15536155134668,72.7,14.8,0.180188879,0.024711132,0.810344815
,710030930,-22.897169572099354,-43.15536155134668,72.7,14.8,0.180188879,0.024711132,0.810344815
,710030930,-22.897169572099354,-43.15536155134668,72.7,14.8,0.180188879,0.024711132,0.810344815
,710030930,-22.897169572099354,-43.15536155134668,72.7,14.8,0.180188879,0.024711132,0.810344815
,710030930,-22.897169572099354,-43.15536155134668,72.7,14.8,0.180188879,0.024711132,0.810344815
,710030930,-22.897169572099354,-43.15536155134668,72.7,14.8,0.180188879,0.024711132,0.810344815
,710030930,-22.897169572099354,-43.15536155134668,72.7,14.8,0.180188879,0.024711132,0.810344815
,710030930,-22.897169572099354,-43.15536155134668,72.7,14.8,0.180188879,0.024711132,0.810344815
,710030930,-22.897169572099354,-43.15536155134668,72.7,14.8,0.180188879,0.024711132,0.810344815
,710030930,-22.897169572099354,-43.15536155134668,72.7,14.8,0.180188879,0.024711132,0.810344815
,710030930,-22.897169572099354,-43.15536155134668,72.7,14.8,0.180188879,0.024711132,0.810344815
,710030930,-22.897169572099354,-43.15536155134668,72.7,14.8,0.180188879,0.024711132,0.810344815
,710030930,-22.897169572099354,-43.15536155134668,72.7,14.8,0.180188879,0.024711132,0.810344815
,710030930,-22.897169572099354,-43.15536155134668,72.7,14.8,0.180188879,0.024711132,0.810344815
,710030930,-22.897169572099354,-43.15536155134668,72.7,14.8,0.180188879,0.024711132,0.810344815
,710030930,-22.897169572099354,-43.15536155134668,72.7,14.8,0.180188879,0.024711132,0.810344815
,710030930,-22.897169572099354,-43.15536155134668,72.7,14.8,0.180188879,0.024711132,0.810344815
,710030930,-22.897169572099354,-43.15536155134668,72.7,14.8,0.180188879,0.024711132,0.810344815
,710030930,-22.897169572099354,-43.15536155134668,72.7,14.8,0.180188879,0.024711132,0.810344815
,710030930,-22.897169572099354,-43.15536155134668,72.7,14.8,0.180188879,0.024711132,0.810344815
,710030930,-22.897169572099354,-43.15536155134668,72.7,14.8,0.180188879,0.024711132,0.810344815
,710030930,-22.897169572099354,-43.15536155134668,72.7,14.8,0.180188879,0.024711132,0.810344815
,710030930,-22.897169572099354,-43.15536155134668,72.7,14.8,0.180188879,0.024711132,0.810344815
,710030930,-22.897169572099354,-43.15536155134668,72.7,14.8,0.180188879,0.024711132,0.810344815
,710030930,-22.897148308682937,-43.15529099084087,72.7,14.8,0.180188879,0.024711132,0.810344815
,710030930,-22.897148308682937,-43.15529099084087,72.7,14.8,0.180188879,0.024711132,0.810344815
,710030930,-22.897148308682937,-43.15529099084087,72.7,14.8,0.180188879,0.024711132,0.810344815
,710030930,-22.897148308682937,-43.15529099084087,72.7,14.8,0.180188879,0.024711132,0.810344815
,710030930,-22.897148308682937,-43.15529099084087,72.7,14.8,0.183811098,0.0247666836,0.823914587
,710030930,-22.897148308682937,-43.15529099084087,72.7,14.8,0.183811098,0.0247666836,0.823914587
,710030930,-22.897148308682937,-43.15529099084087,72.7,14.8,0.183811098,0.0247666836,0.823914587
,710030930,-22.897148308682937,-43.15529099084087,72.7,14.8,0.183811098,0.0247666836,0.823914587
,710030930,-22.897148308682937,-43.15529099084087,72.7,14.8,0.183811098,0.0247666836,0.823914587
,710030930,-22.897148308682937,-43.15529099084087,72.7,14.8,0.183811098,0.0247666836,0.823914587
,710030930,-22.897148308682937,-43.15529099084087,72.7,14.8,0.183811098,0.0247666836,0.827586234
,710030930,-22.897148308682937,-43.15529099084087,72.7,14.8,0.183811098,0.0247666836,0.827586234
,710030930,-22.897148308682937,-43.15529099084087,72.7,14.8,0.183811098,0.0247666836,0.827586234
,710030930,-22.897148308682937,-43.15529099084087,72.7,14.8,0.183811098,0.0247666836,0.827586234
,710030930,-22.897105781760203,-43.1551498699017,72.7,14.8,0.183811098,0.0247666836,0.827586234
,710030930,-22.897105781760203,-43.1551498699017,72.7,14.8,0.183811098,0.0247666836,0.827586234
,710030930,-22.897105781760203,-43.1551498699017,72.7,14.8,0.183811098,0.0247666836,0.827586234
,710030930,-22.897105781760203,-43.1551498699017,72.7,14.8,0.183811098,0.0247666836,0.827586234
,710030930,-22.897105781760203,-43.1551498699017,72.7,14.8,0.183811098,0.0247666836,0.827586234
,710030930,-22.897105781760203,-43.1551498699017,72.7,14.8,0.183811098,0.0247666836,0.827586234
,710030930,-22.897105781760203,-43.1551498699017,72.7,14.8,0.183811098,0.0247666836,0.827586234
,710030930,-22.897105781760203,-43.1551498699017,72.7,14.8,0.183811098,0.0247666836,0.827586234
,710030930,-22.897105781760203,-43.1551498699017,72.7,14.8,0.183811098,0.0247666836,0.827586234
,710030930,-22.897105781760203,-43.1551498699017,72.7,14.8,0.183811098,0.0247666836,0.827586234
,710030930,-22.897105781760203,-43.1551498699017,72.7,14.8,0.183811098,0.0247666836,0.827586234
,710030930,-22.897105781760203,-43.1551498699017,72.7,14.8,0.183811098,0.0247666836,0.827586234
,710030930,-22.897105781760203,-43.1551498699017,72.7,14.8,0.183811098,0.0247666836,0.827586234
,710030930,-22.897105781760203,-43.1551498699017,72.7,14.8,0.183811098,0.0247666836,0.827586234
,710030930,-22.897084518253887,-43.15507930946833,72.7,14.8,0.183811098,0.0247666836,0.827586234
,710030930,-22.897084518253887,-43.15507930946833,72.7,14.8,0.183811098,0.0247666836,0.827586234
,710030930,-22.897063254717608,-43.15500874905912,72.7,14.8,0.187383339,0.0248333216,0.827586234
,710030930,-22.897063254717608,-43.15500874905912,72.7,14.8,0.187383339,0.0248333216,0.827586234
,710030930,-22.897063254717608,-43.15500874905912,72.7,14.8,0.187383339,0.0248333216,0.827586234
,710030930,-22.897063254717608,-43.15500874905912,72.7,14.8,0.187383339,0.0248333216,0.827586234
,710030930,-22.897063254717608,-43.15500874905912,72.7,14.8,0.187383339,0.0248333216,0.827586234
,710030930,-22.897063254717608,-43.15500874905912,72.7,14.8,0.187383339,0.0248333216,0.827586234
,710030930,-22.897063254717608,-43.15500874905912,72.7,14.8,0.187383339,0.0248333216,0.827586234
,710030930,-22.897063254717608,-43.15500874905912,72.7,14.8,0.187383339,0.0248333216,0.827586234
,710030930,-22.897063254717608,-43.15500874905912,72.7,14.8,0.187383339,0.0248333216,0.827586234
,710030930,-22.897063254717608,-43.15500874905912,72.7,14.8,0.187383339,0.0248333216,0.827586234
,710030930,-22.897063254717608,-43.15500874905912,72.7,14.8,0.187383339,0.0248333216,0.827586234
,710030930,-22.897063254717608,-43.15500874905912,72.7,14.8,0.187383339,0.0248333216,0.827586234
,710030930,-22.897063254717608,-43.15500874905912,72.7,14.8,0.187383339,0.0248333216,0.827586234
,710030930,-22.897063254717608,-43.15500874905912,72.7,14.8,0.187383339,0.0248333216,0.827586234
,710030930,-22.89704199115136,-43.15493818867405,72.7,14.8,0.187383339,0.0248333216,0.827586234
,710030930,-22.89704199115136,-43.15493818867405,72.7,14.8,0.187383339,0.0248333216,0.827586234
,710030930,-22.89704199115136,-43.15493818867405,72.7,14.8,0.187383339,0.0248333216,0.827586234
,710030930,-22.89704199115136,-43.15493818867405,72.7,14.8,0.187383339,0.0248333216,0.827586234
,710030930,-22.89704199115136,-43.15493818867405,72.7,14.8,0.187383339,0.0248333216,0.827586234
,710030930,-22.89704199115136,-43.15493818867405,72.7,14.8,0.187383339,0.0248333216,0.827586234
,710030930,-22.89704199115136,-43.15493818867405,72.7,14.8,0.187383339,0.0248333216,0.827586234
,710030930,-22.89704199115136,-43.15493818867405,72.7,14.8,0.187383339,0.0248333216,0.827586234
,710030930,-22.89704199115136,-43.15493818867405,72.7,14.8,0.187383339,0.0248333216,0.827586234
,710030930,-22.89704199115136,-43.15493818867405,72.7,14.8,0.187383339,0.0248333216,0.827586234
,710030930,-22.89704199115136,-43.15493818867405,72.7,14.8,0.187383339,0.0248333216,0.827586234
,710030930,-22.89704199115136,-43.15493818867405,72.7,14.8,0.187383339,0.0248333216,0.827586234
,710030930,-22.89704199115136,-43.15493818867405,72.7,14.8,0.187383339,0.0248333216,0.827586234
,710030930,-22.89704199115136,-43.15493818867405,72.7,14.8,0.187383339,0.0248333216,0.827586234
,710030930,-22.89704199115136,-43.15493818867405,72.7,14.8,0.187383339,0.0248333216,0.827586234
,710030930,-22.89704199115136,-43.15493818867405,72.7,14.8,0.187383339,0.0248333216,0.827586234
,710030930,-22.897022231686872,-43.15484248879098,72.9,15.0,0.187383339,0.0248333216,0.827586234
,710030930,-22.897022231686872,-43.15484248879098,72.9,15.0,0.187383339,0.0248333216,0.827586234
,710030930,-22.897022231686872,-43.15484248879098,72.9,15.0,0.187383339,0.0248333216,0.827586234
,710030930,-22.897022231686872,-43.15484248879098,72.9,15.0,0.187383339,0.0248333216,0.827586234
,710030930,-22.897022231686872,-43.15484248879098,72.9,15.0,0.187383339,0.0248333216,0.827586234
,710030930,-22.897022231686872,-43.15484248879098,72.9,15.0,0.187383339,0.0248333216,0.827586234
,710030930,-22.897022231686872,-43.15484248879098,72.9,15.0,0.187383339,0.0248333216,0.827586234
,710030930,-22.897022231686872,-43.15484248879098,72.9,15.0,0.187383339,0.0248333216,0.827586234
,710030930,-22.897022231686872,-43.15484248879098,72.9,15.0,0.187383339,0.0248333216,0.827586234
,710030930,-22.897022231686872,-43.15484248879098,72.9,15.0,0.187383339,0.0248333216,0.827586234
,710030930,-22.897022231686872,-43.15484248879098,72.9,15.0,0.187383339,0.0248333216,0.827586234
,710030930,-22.897022231686872,-43.15484248879098,72.9,15.0,0.187383339,0.0248333216,0.827586234
,710030930,-22.897022231686872,-43.15484248879098,72.9,15.0,0.187383339,0.0248333216,0.827586234
,710030930,-22.897022231686872,-43.15484248879098,72.9,15.0,0.187383339,0.0248333216,0.827586234
,710030930,-22.897022231686872,-43.15484248879098,72.9,15.0,0.190911099,0.024911046,0.834831417
,710030930,-22.897022231686872,-43.15484248879098,72.9,15.0,0.190911099,0.024911046,0.834831417
,710030930,-22.897022231686872,-43.15484248879098,72.9,15.0,0.190911099,0.024911046,0.827586234
,710030930,-22.897022231686872,-43.15484248879098,72.9,15.0,0.190911099,0.024911046,0.827586234
,710030930,-22.897022231686872,-43.15484248879098,72.9,15.0,0.190911099,0.024911046,0.827586234
,710030930,-22.897022231686872,-43.15484248879098,72.9,15.0,0.190911099,0.024911046,0.827586234
,710030930,-22.897022231686872,-43.15484248879098,72.9,15.0,0.190911099,0.024911046,0.827586234
,710030930,-22.897022231686872,-43.15484248879098,72.9,15.0,0.190911099,0.024911046,0.827586234
,710030930,-22.897022231686872,-43.15484248879098,72.9,15.0,0.190911099,0.024911046,0.827586234
,710030930,-22.897022231686872,-43.15484248879098,72.9,15.0,0.190911099,0.024911046,0.827586234
,710030930,-22.897022231686872,-43.15484248879098,72.9,15.0,0.190911099,0.024911046,0.827586234
,710030930,-22.897022231686872,-43.15484248879098,72.9,15.0,0.190911099,0.024911046,0.827586234
,710030930,-22.897022231686872,-43.15484248879098,72.9,15.0,0.190911099,0.024911046,0.827586234
,710030930,-22.897022231686872,-43.15484248879098,72.9,15.0,0.190911099,0.024911046,0.827586234
,710030930,-22.897022231686872,-43.15484248879098,72.9,15.0,0.190911099,0.024911046,0.827586234
,710030930,-22.897022231686872,-43.15484248879098,72.9,15.0,0.190911099,0.024911046,0.827586234
,710030930,-22.897000912110077,-43.15477089417898,72.9,15.0,0.190911099,0.024911046,0.827586234
,710030930,-22.897000912110077,-43.15477089417898,72.9,15.0,0.190911099,0.024911046,0.827586234
,710030930,-22.897000912110077,-43.15477089417898,72.9,15.0,0.190911099,0.024911046,0.827586234
,710030930,-22.897000912110077,-43.15477089417898,72.9,15.0,0.190911099,0.024911046,0.827586234
,710030930,-22.897000912110077,-43.15477089417898,72.9,15.0,0.190911099,0.024911046,0.827586234
,710030930,-22.897000912110077,-43.15477089417898,72.9,15.0,0.190911099,0.024911046,0.827586234
,710030930,-22.897000912110077,-43.15477089417898,72.9,15.0,0.190911099,0.024911046,0.827586234
,710030930,-22.897000912110077,-43.15477089417898,72.9,15.0,0.190911099,0.024911046,0.827586234
,710030930,-22.897000912110077,-43.15477089417898,72.9,15.0,0.190911099,0.024911046,0.827586234
,710030930,-22.897000912110077,-43.15477089417898,72.9,15.0,0.190911099,0.024911046,0.827586234
,710030930,-22.897000912110077,-43.15477089417898,72.9,15.0,0.190911099,0.024911046,0.827586234
,710030930,-22.897000912110077,-43.15477089417898,72.9,15.0,0.190911099,0.024911046,0.827586234
,710030930,-22.897000912110077,-43.15477089417898,72.9,15.0,0.190911099,0.024911046,0.827586234
,710030930,-22.897000912110077,-43.15477089417898,72.9,15.0,0.190911099,0.024911046,0.827586234
,710030930,-22.897000912110077,-43.15477089417898,72.9,15.0,0.190911099,0.024911046,0.827586234
,710030930,-22.897000912110077,-43.15477089417898,72.9,15.0,0.190911099,0.024911046,0.827586234
,710030930,-22.897000912110077,-43.15477089417898,72.9,15.0,0.190911099,0.024911046,0.827586234
,710030930,-22.897000912110077,-43.15477089417898,72.9,15.0,0.190911099,0.024911046,0.827586234
,710030930,-22.897000912110077,-43.15477089417898,72.9,15.0,0.190911099,0.024911046,0.827586234
,710030930,-22.897000912110077,-43.15477089417898,72.9,15.0,0.190911099,0.024911046,0.827586234
,710030930,-22.897000912110077,-43.15477089417898,72.9,15.0,0.190911099,0.024911046,0.827586234
,710030930,-22.897000912110077,-43.15477089417898,72.9,15.0,0.190911099,0.024911046,0.827586234
,710030930,-22.897000912110077,-43.15477089417898,72.9,15.0,0.190911099,0.024911046,0.827586234
,710030930,-22.897000912110077,-43.15477089417898,72.9,15.0,0.190911099,0.024911046,0.827586234
,710030930,-22.897000912110077,-43.15477089417898,72.9,15.0,0.190911099,0.024911046,0.827586234
,710030930,-22.897000912110077,-43.15477089417898,72.9,15.0,0.190911099,0.024911046,0.827586234
,710030930,-22.897000912110077,-43.15477089417898,72.9,15.0,0.190911099,0.024911046,0.827586234
,710030930,-22.897000912110077,-43.15477089417898,72.9,15.0,0.190911099,0.024911046,0.827586234
,710030930,-22.897000912110077,-43.15477089417898,72.9,15.0,0.190911099,0.024911046,0.827586234
,710030930,-22.897000912110077,-43.15477089417898,72.9,15.0,0.190911099,0.024911046,0.827586234
,710030930,-22.896979592502404,-43.15469929959158,72.9,15.0,0.190911099,0.024911046,0.827586234
,710030930,-22.896979592502404,-43.15469929959158,72.9,15.0,0.190911099,0.024911046,0.827586234
,710030930,-22.896979592502404,-43.15469929959158,72.9,15.0,0.190911099,0.024911046,0.827586234
,710030930,-22.896979592502404,-43.15469929959158,72.9,15.0,0.190911099,0.024911046,0.827586234
,710030930,-22.896979592502404,-43.15469929959158,72.9,15.0,0.190911099,0.024911046,0.827586234
,710030930,-22.896979592502404,-43.15469929959158,72.9,15.0,0.190911099,0.024911046,0.827586234
,710030930,-22.896979592502404,-43.15469929959158,72.9,15.0,0.190911099,0.024911046,0.827586234
,710030930,-22.896979592502404,-43.15469929959158,72.9,15.0,0.190911099,0.024911046,0.827586234
,710030930,-22.896979592502404,-43.15469929959158,72.9,15.0,0.190911099,0.024911046,0.827586234
,710030930,-22.896979592502404,-43.15469929959158,72.9,15.0,0.190911099,0.024911046,0.827586234
,710030930,-22.896979592502404,-43.15469929959158,72.9,15.0,0.190911099,0.024911046,0.827586234
,710030930,-22.896979592502404,-43.15469929959158,72.9,15.0,0.190911099,0.024911046,0.827586234
,710030930,-22.896979592502404,-43.15469929959158,72.9,15.0,0.190911099,0.024911046,0.827586234
,710030930,-22.896979592502404,-43.15469929959158,72.9,15.0,0.190911099,0.024911046,0.827586234
,710030930,-22.896979592502404,-43.15469929959158,72.9,15.0,0.190911099,0.024911046,0.827586234
,710030930,-22.896979592502404,-43.15469929959158,72.9,15.0,0.190911099,0.024911046,0.827586234
,710030930,-22.896979592502404,-43.15469929959158,72.9,15.0,0.190911099,0.024911046,0.827586234
,710030930,-22.896979592502404,-43.15469929959158,72.9,15.0,0.190911099,0.024911046,0.827586234
,710030930,-22.896979592502404,-43.15469929959158,72.9,15.0,0.190911099,0.024911046,0.827586234
,710030930,-22.896979592502404,-43.15469929959158,72.9,15.0,0.190911099,0.024911046,0.827586234
,710030930,-22.896979592502404,-43.15469929959158,72.9,15.0,0.190911099,0.024911046,0.827586234
,710030930,-22.896979592502404,-43.15469929959158,72.9,15.0,0.190911099,0.024911046,0.827586234
,710030930,-22.896979592502404,-43.15469929959158,72.9,15.0,0.190911099,0.024911046,0.827586234
,710030930,-22.896979592502404,-43.15469929959158,72.9,15.0,0.190911099,0.024911046,0.827586234
,710030930,-22.896979592502404,-43.15469929959158,72.9,15.0,0.190911099,0.024911046,0.827586234
,710030930,-22.896979592502404,-43.15469929959158,72.9,15.0,0.190911099,0.024911046,0.827586234
,710030930,-22.896979592502404,-43.15469929959158,72.9,15.0,0.190911099,0.024911046,0.827586234
,710030930,-22.896979592502404,-43.15469929959158,72.9,15.0,0.190911099,0.024911046,0.827586234
,710030930,-22.896979592502404,-43.15469929959158,72.9,15.0,0.190911099,0.024911046,0.827586234
,710030930,-22.896979592502404,-43.15469929959158,72.9,15.0,0.190911099,0.024911046,0.827586234
,710030930,-22.896958272863866,-43.15462770502878,72.9,15.0,0.190911099,0.024911046,0.827586234
,710030930,-22.896958272863866,-43.15462770502878,72.9,15.0,0.190911099,0.024911046,0.827586234
,710030930,-22.896958272863866,-43.15462770502878,72.9,15.0,0.190911099,0.024911046,0.827586234
,710030930,-22.896958272863866,-43.15462770502878,72.9,15.0,0.190911099,0.024911046,0.827586234
,710030930,-22.896958272863866,-43.15462770502878,72.9,15.0,0.190911099,0.024911046,0.827586234
,710030930,-22.896958272863866,-43.15462770502878,72.9,15.0,0.190911099,0.024911046,0.827586234
,710030930,-22.896958272863866,-43.15462770502878,72.9,15.0,0.190911099,0.024911046,0.827586234
,710030930,-22.896958272863866,-43.15462770502878,72.9,15.0,0.190911099,0.024911046,0.827586234
,710030930,-22.896958272863866,-43.15462770502878,72.9,15.0,0.190911099,0.024911046,0.827586234
,710030930,-22.896958272863866,-43.15462770502878,72.9,15.0,0.190911099,0.024911046,0.827586234
,710030930,-22.896958272863866,-43.15462770502878,72.9,15.0,0.190911099,0.024911046,0.827586234
,710030930,-22.896958272863866,-43.15462770502878,72.9,15.0,0.190911099,0.024911046,0.827586234
,710030930,-22.896958272863866,-43.15462770502878,72.9,15.0,0.190911099,0.024911046,0.827586234
,710030930,-22.896958272863866,-43.15462770502878,72.9,15.0,0.190911099,0.024911046,0.827586234
,710030930,-22.896830354384466,-43.1541981381686,72.9,15.0,0.190911099,0.024911046,0.827586234
,710030930,-22.896830354384466,-43.1541981381686,72.9,15.0,0.190911099,0.024911046,0.827586234
,710030930,-22.896830354384466,-43.1541981381686,72.9,15.0,0.200755566,0.0250999928,0.84461987
,710030930,-22.896830354384466,-43.1541981381686,72.9,15.0,0.200755566,0.0250999928,0.84461987
,710030930,-22.896830354384466,-43.1541981381686,72.9,15.0,0.200755566,0.0250999928,0.84461987
,710030930,-22.896830354384466,-43.1541981381686,72.9,15.0,0.200755566,0.0250999928,0.84461987
,710030930,-22.896830354384466,-43.1541981381686,72.9,15.0,0.200755566,0.0250999928,0.84461987
,710030930,-22.896830354384466,-43.1541981381686,72.9,15.0,0.200755566,0.0250999928,0.84461987
,710030930,-22.896830354384466,-43.1541981381686,72.9,15.0,0.200755566,0.0250999928,0.84461987
,710030930,-22.896830354384466,-43.1541981381686,72.9,15.0,0.200755566,0.0250999928,0.84461987
,710030930,-22.896830354384466,-43.1541981381686,72.9,15.0,0.200755566,0.0250999928,0.84461987
,710030930,-22.896830354384466,-43.1541981381686,72.9,15.0,0.200755566,0.0250999928,0.84461987
,710030930,-22.896830354384466,-43.1541981381686,72.9,15.0,0.200755566,0.0250999928,0.84461987
,710030930,-22.896830354384466,-43.1541981381686,72.9,15.0,0.200755566,0.0250999928,0.84461987
,710030930,-22.896830354384466,-43.1541981381686,72.9,15.0,0.20189999,0.0251110792,0.852418959
,710030930,-22.896830354384466,-43.1541981381686,72.9,15.0,0.20189999,0.0251110792,0.852418959
,710030930,-22.896830354384466,-43.1541981381686,72.9,15.0,0.20189999,0.0251110792,0.84461987
,710030930,-22.896830354384466,-43.1541981381686,72.9,15.0,0.20189999,0.0251110792,0.84461987
,710030930,-22.896830354384466,-43.1541981381686,72.9,15.0,0.20189999,0.0251110792,0.84461987
,710030930,-22.896830354384466,-43.1541981381686,72.9,15.0,0.20189999,0.0251110792,0.84461987
,710030930,-22.896830354384466,-43.1541981381686,72.9,15.0,0.20189999,0.0251110792,0.84461987
,710030930,-22.896830354384466,-43.1541981381686,72.9,15.0,0.20189999,0.0251110792,0.84461987
,710030930,-22.896830354384466,-43.1541981381686,72.9,15.0,0.20189999,0.0251110792,0.84461987
,710030930,-22.896830354384466,-43.1541981381686,72.9,15.0,0.20189999,0.0251110792,0.84461987
,710030930,-22.896830354384466,-43.1541981381686,72.9,15.0,0.20189999,0.0251110792,0.84461987
,710030930,-22.896830354384466,-43.1541981381686,72.9,15.0,0.20189999,0.0251110792,0.84461987
,710030930,-22.896830354384466,-43.1541981381686,72.9,15.0,0.20189999,0.0251110792,0.84461987
,710030930,-22.896830354384466,-43.1541981381686,72.9,15.0,0.20189999,0.0251110792,0.84461987
,710030930,-22.896830354384466,-43.1541981381686,72.9,15.0,0.20189999,0.0251110792,0.84461987
,710030930,-22.896830354384466,-43.1541981381686,72.9,15.0,0.20189999,0.0251110792,0.84461987
,710030930,-22.89680903452988,-43.15412654377801,72.9,15.0,0.20189999,0.0251110792,0.84461987
,710030930,-22.89680903452988,-43.15412654377801,72.9,15.0,0.20189999,0.0251110792,0.84461987
,710030930,-22.89680903452988,-43.15412654377801,72.9,15.0,0.20189999,0.0251110792,0.84461987
,710030930,-22.89680903452988,-43.15412654377801,72.9,15.0,0.20189999,0.0251110792,0.84461987
,710030930,-22.89680903452988,-43.15412654377801,72.9,15.0,0.20189999,0.0251110792,0.84461987
,710030930,-22.89680903452988,-43.15412654377801,72.9,15.0,0.20189999,0.0251110792,0.84461987
,710030930,-22.89680903452988,-43.15412654377801,72.9,15.0,0.20189999,0.0251110792,0.84461987
,710030930,-22.89680903452988,-43.15412654377801,72.9,15.0,0.20189999,0.0251110792,0.84461987
,710030930,-22.89680903452988,-43.15412654377801,72.9,15.0,0.20189999,0.0251110792,0.84461987
,710030930,-22.89680903452988,-43.15412654377801,72.9,15.0,0.20189999,0.0251110792,0.84461987
,710030930,-22.89680903452988,-43.15412654377801,72.9,15.0,0.20189999,0.0251110792,0.84461987
,710030930,-22.89680903452988,-43.15412654377801,72.9,15.0,0.20189999,0.0251110792,0.84461987
,710030930,-22.89680903452988,-43.15412654377801,72.9,15.0,0.20189999,0.0251110792,0.84461987
,710030930,-22.89680903452988,-43.15412654377801,72.9,15.0,0.20189999,0.0251110792,0.84461987
,710030930,-22.89680903452988,-43.15412654377801,72.9,15.0,0.20189999,0.0251110792,0.84461987
,710030930,-22.89680903452988,-43.15412654377801,72.9,15.0,0.20189999,0.0251110792,0.84461987
,710030930,-22.89684499999918,-43.15418000000002,73.2,15.0,0.20189999,0.0251110792,0.84461987
,710030930,-22.89684499999918,-43.15418000000002,73.2,15.0,0.20189999,0.0251110792,0.84461987
,710030930,-22.89684499999918,-43.15418000000002,73.2,15.0,0.20189999,0.0251110792,0.84461987
,710030930,-22.89684499999918,-43.15418000000002,73.2,15.0,0.20189999,0.0251110792,0.84461987
,710030930,-22.89684499999918,-43.15418000000002,73.2,15.0,0.20189999,0.0251110792,0.84461987
,710030930,-22.89684499999918,-43.15418000000002,73.2,15.0,0.20189999,0.0251110792,0.84461987
,710030930,-22.89684499999918,-43.15418000000002,73.2,15.0,0.20189999,0.0251110792,0.84461987
,710030930,-22.89684499999918,-43.15418000000002,73.2,15.0,0.20189999,0.0251110792,0.84461987
,710030930,-22.89684499999918,-43.15418000000002,73.2,15.0,0.20189999,0.0251110792,0.84461987
,710030930,-22.89684499999918,-43.15418000000002,73.2,15.0,0.20189999,0.0251110792,0.84461987
,710030930,-22.89684499999918,-43.15418000000002,73.2,15.0,0.20189999,0.0251110792,0.84461987
,710030930,-22.89684499999918,-43.15418000000002,73.2,15.0,0.20189999,0.0251110792,0.84461987
,710030930,-22.89684499999918,-43.15418000000002,73.2,15.0,0.20189999,0.0251110792,0.84461987
,710030930,-22.89684499999918,-43.15418000000002,73.2,15.0,0.20189999,0.0251110792,0.84461987
,710030930,-22.89684499999918,-43.15418000000002,73.2,15.0,0.20189999,0.0251110792,0.84461987
,710030930,-22.89684499999918,-43.15418000000002,73.2,15.0,0.20189999,0.0251110792,0.84461987
,710030930,-22.89684499999918,-43.15418000000002,73.2,15.0,0.20189999,0.0251110792,0.84461987
,710030930,-22.89684499999918,-43.15418000000002,73.2,15.0,0.20189999,0.0251110792,0.84461987
,710030930,-22.89684499999918,-43.15418000000002,73.2,15.0,0.20189999,0.0251110792,0.84461987
,710030930,-22.89684499999918,-43.15418000000002,73.2,15.0,0.20189999,0.0251110792,0.84461987
,710030930,-22.89684499999918,-43.15418000000002,73.2,15.0,0.20189999,0.0251110792,0.84461987
,710030930,-22.89684499999918,-43.15418000000002,73.2,15.0,0.20189999,0.0251110792,0.84461987
,710030930,-22.89684499999918,-43.15418000000002,73.2,15.0,0.20189999,0.0251110792,0.84461987
,710030930,-22.89684499999918,-43.15418000000002,73.2,15.0,0.20189999,0.0251110792,0.84461987
,710030930,-22.89684499999918,-43.15418000000002,73.2,15.0,0.20189999,0.0251110792,0.84461987
,710030930,-22.89684499999918,-43.15418000000002,73.2,15.0,0.20189999,0.0251110792,0.84461987
,710030930,-22.89684499999918,-43.15418000000002,73.2,15.0,0.20189999,0.0251110792,0.84461987
,710030930,-22.89684499999918,-43.15418000000002,73.2,15.0,0.20189999,0.0251110792,0.84461987
,710030930,-22.896824027732208,-43.154108286097774,73.2,15.0,0.20189999,0.0251110792,0.84461987
,710030930,-22.896824027732208,-43.154108286097774,73.2,15.0,0.20189999,0.0251110792,0.84461987
,710030930,-22.896824027732208,-43.154108286097774,73.2,15.0,0.20189999,0.0251110792,0.84461987
,710030930,-22.896824027732208,-43.154108286097774,73.2,15.0,0.20189999,0.0251110792,0.84461987
,710030930,-22.896824027732208,-43.154108286097774,73.2,15.0,0.20189999,0.0251110792,0.84461987
,710030930,-22.896824027732208,-43.154108286097774,73.2,15.0,0.20189999,0.0251110792,0.84461987
,710030930,-22.896803055434255,-43.154036572219816,73.2,15.0,0.20189999,0.0251110792,0.84461987
,710030930,-22.896803055434255,-43.154036572219816,73.2,15.0,0.20189999,0.0251110792,0.84461987
,710030930,-22.896803055434255,-43.154036572219816,73.2,15.0,0.204577789,0.0251555443,0.85576719
,710030930,-22.896803055434255,-43.154036572219816,73.2,15.0,0.204577789,0.0251555443,0.85576719
,710030930,-22.896803055434255,-43.154036572219816,73.2,15.0,0.204577789,0.0251555443,0.862068951
,710030930,-22.896803055434255,-43.154036572219816,73.2,15.0,0.204577789,0.0251555443,0.862068951
,710030930,-22.896803055434255,-43.154036572219816,73.2,15.0,0.204577789,0.0251555443,0.862068951
,710030930,-22.896803055434255,-43.154036572219816,73.2,15.0,0.204577789,0.0251555443,0.862068951
,710030930,-22.896803055434255,-43.154036572219816,73.2,15.0,0.204577789,0.0251555443,0.862068951
,710030930,-22.896803055434255,-43.154036572219816,73.2,15.0,0.204577789,0.0251555443,0.862068951
,710030930,-22.896803055434255,-43.154036572219816,73.2,15.0,0.204577789,0.0251555443,0.862068951
,710030930,-22.896803055434255,-43.154036572219816,73.2,15.0,0.204577789,0.0251555443,0.862068951
,710030930,-22.896803055434255,-43.154036572219816,73.2,15.0,0.204577789,0.0251555443,0.862068951
,710030930,-22.896803055434255,-43.154036572219816,73.2,15.0,0.204577789,0.0251555443,0.862068951
,710030930,-22.896803055434255,-43.154036572219816,73.2,15.0,0.204577789,0.0251555443,0.862068951
,710030930,-22.896803055434255,-43.154036572219816,73.2,15.0,0.204577789,0.0251555443,0.862068951
,710030930,-22.896803055434255,-43.154036572219816,73.2,15.0,0.204577789,0.0251555443,0.862068951
,710030930,-22.896803055434255,-43.154036572219816,73.2,15.0,0.204577789,0.0251555443,0.862068951
,710030930,-22.896803055434255,-43.154036572219816,73.2,15.0,0.204577789,0.0251555443,0.862068951
,710030930,-22.896803055434255,-43.154036572219816,73.2,15.0,0.204577789,0.0251555443,0.862068951
,710030930,-22.896803055434255,-43.154036572219816,73.2,15.0,0.204577789,0.0251555443,0.862068951
,710030930,-22.896803055434255,-43.154036572219816,73.2,15.0,0.204577789,0.0251555443,0.862068951
,710030930,-22.896803055434255,-43.154036572219816,73.2,15.0,0.204577789,0.0251555443,0.862068951
,710030930,-22.896803055434255,-43.154036572219816,73.2,15.0,0.204577789,0.0251555443,0.862068951
,710030930,-22.896803055434255,-43.154036572219816,73.2,15.0,0.204577789,0.0251555443,0.862068951
,710030930,-22.896803055434255,-43.154036572219816,73.2,15.0,0.204577789,0.0251555443,0.862068951
,710030930,-22.896803055434255,-43.154036572219816,73.2,15.0,0.204577789,0.0251555443,0.862068951
,710030930,-22.896803055434255,-43.154036572219816,73.2,15.0,0.204577789,0.0251555443,0.862068951
,710030930,-22.896803055434255,-43.154036572219816,73.2,15.0,0.204577789,0.0251555443,0.862068951
,710030930,-22.896803055434255,-43.154036572219816,73.2,15.0,0.204577789,0.0251555443,0.862068951
,710030930,-22.89678208310529,-43.15396485836616,73.2,15.0,0.204577789,0.0251555443,0.862068951
,710030930,-22.89678208310529,-43.15396485836616,73.2,15.0,0.204577789,0.0251555443,0.862068951
,710030930,-22.89678208310529,-43.15396485836616,73.2,15.0,0.204577789,0.0251555443,0.862068951
,710030930,-22.89678208310529,-43.15396485836616,73.2,15.0,0.204577789,0.0251555443,0.862068951
,710030930,-22.89678208310529,-43.15396485836616,73.2,15.0,0.204577789,0.0251555443,0.862068951
,710030930,-22.89678208310529,-43.15396485836616,73.2,15.0,0.204577789,0.0251555443,0.862068951
,710030930,-22.89678208310529,-43.15396485836616,73.2,15.0,0.204577789,0.0251555443,0.862068951
,710030930,-22.89678208310529,-43.15396485836616,73.2,15.0,0.204577789,0.0251555443,0.862068951
,710030930,-22.89678208310529,-43.15396485836616,73.2,15.0,0.204577789,0.0251555443,0.862068951
,710030930,-22.89678208310529,-43.15396485836616,73.2,15.0,0.204577789,0.0251555443,0.862068951
,710030930,-22.89678208310529,-43.15396485836616,73.2,15.0,0.204577789,0.0251555443,0.862068951
,710030930,-22.89678208310529,-43.15396485836616,73.2,15.0,0.204577789,0.0251555443,0.862068951
,710030930,-22.89678208310529,-43.15396485836616,73.2,15.0,0.204577789,0.0251555443,0.862068951
,710030930,-22.89678208310529,-43.15396485836616,73.2,15.0,0.204577789,0.0251555443,0.862068951
,710030930,-22.89678208310529,-43.15396485836616,73.2,15.0,0.204577789,0.0251555443,0.862068951
,710030930,-22.89678208310529,-43.15396485836616,73.2,15.0,0.204577789,0.0251555443,0.862068951
,710030930,-22.89678208310529,-43.15396485836616,73.2,15.0,0.204577789,0.0251555443,0.862068951
,710030930,-22.89678208310529,-43.15396485836616,73.2,15.0,0.204577789,0.0251555443,0.862068951
,710030930,-22.89678208310529,-43.15396485836616,73.2,15.0,0.204577789,0.0251555443,0.862068951
,710030930,-22.89678208310529,-43.15396485836616,73.2,15.0,0.204577789,0.0251555443,0.862068951
,710030930,-22.89678208310529,-43.15396485836616,73.2,15.0,0.204577789,0.0251555443,0.862068951
,710030930,-22.89678208310529,-43.15396485836616,73.2,15.0,0.204577789,0.0251555443,0.862068951
,710030930,-22.89678208310529,-43.15396485836616,73.2,15.0,0.204577789,0.0251555443,0.862068951
,710030930,-22.89678208310529,-43.15396485836616,73.2,15.0,0.204577789,0.0251555443,0.862068951
,710030930,-22.89678208310529,-43.15396485836616,73.2,15.0,0.204577789,0.0251555443,0.862068951
,710030930,-22.89678208310529,-43.15396485836616,73.2,15.0,0.204577789,0.0251555443,0.862068951
,710030930,-22.89678208310529,-43.15396485836616,73.2,15.0,0.204577789,0.0251555443,0.862068951
,710030930,-22.89678208310529,-43.15396485836616,73.2,15.0,0.204577789,0.0251555443,0.862068951
,710030930,-22.89678208310529,-43.15396485836616,73.2,15.0,0.204577789,0.0251555443,0.862068951
,710030930,-22.89678208310529,-43.15396485836616,73.2,15.0,0.204577789,0.0251555443,0.862068951
,710030930,-22.896761110745352,-43.15389314453678,73.2,15.0,0.204577789,0.0251555443,0.862068951
,710030930,-22.896761110745352,-43.15389314453678,73.2,15.0,0.204577789,0.0251555443,0.862068951
,710030930,-22.896761110745352,-43.15389314453678,73.2,15.0,0.204577789,0.0251555443,0.862068951
,710030930,-22.896761110745352,-43.15389314453678,73.2,15.0,0.204577789,0.0251555443,0.862068951
,710030930,-22.896761110745352,-43.15389314453678,73.2,15.0,0.204577789,0.0251555443,0.862068951
,710030930,-22.896761110745352,-43.15389314453678,73.2,15.0,0.204577789,0.0251555443,0.862068951
,710030930,-22.896761110745352,-43.15389314453678,73.2,15.0,0.204577789,0.0251555443,0.862068951
,710030930,-22.896761110745352,-43.15389314453678,73.2,15.0,0.204577789,0.0251555443,0.862068951
,710030930,-22.896761110745352,-43.15389314453678,73.2,15.0,0.204577789,0.0251555443,0.862068951
,710030930,-22.896761110745352,-43.15389314453678,73.2,15.0,0.204577789,0.0251555443,0.862068951
,710030930,-22.896761110745352,-43.15389314453678,73.2,15.0,0.204577789,0.0251555443,0.862068951
,710030930,-22.896761110745352,-43.15389314453678,73.2,15.0,0.204577789,0.0251555443,0.862068951
,710030930,-22.896761110745352,-43.15389314453678,73.2,15.0,0.204577789,0.0251555443,0.862068951
,710030930,-22.896761110745352,-43.15389314453678,73.2,15.0,0.204577789,0.0251555443,0.862068951
,710030930,-22.896761110745352,-43.15389314453678,73.2,15.0,0.204577789,0.0251555443,0.862068951
,710030930,-22.896761110745352,-43.15389314453678,73.2,15.0,0.204577789,0.0251555443,0.862068951
,710030930,-22.896761110745352,-43.15389314453678,73.2,15.0,0.204577789,0.0251555443,0.862068951
,710030930,-22.896761110745352,-43.15389314453678,73.2,15.0,0.204577789,0.0251555443,0.862068951
,710030930,-22.896761110745352,-43.15389314453678,73.2,15.0,0.204577789,0.0251555443,0.862068951
,710030930,-22.896761110745352,-43.15389314453678,73.2,15.0,0.204577789,0.0251555443,0.862068951
,710030930,-22.896761110745352,-43.15389314453678,73.2,15.0,0.204577789,0.0251555443,0.862068951
,710030930,-22.896761110745352,-43.15389314453678,73.2,15.0,0.204577789,0.0251555443,0.862068951
,710030930,-22.896761110745352,-43.15389314453678,73.2,15.0,0.204577789,0.0251555443,0.862068951
,710030930,-22.896761110745352,-43.15389314453678,73.2,15.0,0.204577789,0.0251555443,0.862068951
,710030930,-22.896761110745352,-43.15389314453678,73.2,15.0,0.204577789,0.0251555443,0.862068951
,710030930,-22.896761110745352,-43.15389314453678,73.2,15.0,0.204577789,0.0251555443,0.862068951
,710030930,-22.896761110745352,-43.15389314453678,73.2,15.0,0.204577789,0.0251555443,0.862068951
,710030930,-22.896761110745352,-43.15389314453678,73.2,15.0,0.204577789,0.0251555443,0.862068951
,710030930,-22.8967401383544,-43.1538214307317,73.2,15.0,0.204577789,0.0251555443,0.862068951
,710030930,-22.8967401383544,-43.1538214307317,73.2,15.0,0.204577789,0.0251555443,0.862068951
,710030930,-22.8967401383544,-43.1538214307317,73.2,15.0,0.204577789,0.0251555443,0.862068951
,710030930,-22.8967401383544,-43.1538214307317,73.2,15.0,0.204577789,0.0251555443,0.862068951
,710030930,-22.8967401383544,-43.1538214307317,73.2,15.0,0.207949996,0.0252221823,0.862068951
,710030930,-22.8967401383544,-43.1538214307317,73.2,15.0,0.207949996,0.0252221823,0.862068951
,710030930,-22.8967401383544,-43.1538214307317,73.2,15.0,0.207949996,0.0252221823,0.862068951
,710030930,-22.8967401383544,-43.1538214307317,73.2,15.0,0.207949996,0.0252221823,0.862068951
,710030930,-22.8967401383544,-43.1538214307317,73.2,15.0,0.207949996,0.0252221823,0.862068951
,710030930,-22.8967401383544,-43.1538214307317,73.2,15.0,0.207949996,0.0252221823,0.862068951
,710030930,-22.8967401383544,-43.1538214307317,73.2,15.0,0.207949996,0.0252221823,0.862068951
,710030930,-22.8967401383544,-43.1538214307317,73.2,15.0,0.207949996,0.0252221823,0.862068951
,710030930,-22.8967401383544,-43.1538214307317,73.2,15.0,0.207949996,0.0252221823,0.862068951
,710030930,-22.8967401383544,-43.1538214307317,73.2,15.0,0.207949996,0.0252221823,0.862068951
,710030930,-22.8967401383544,-43.1538214307317,73.2,15.0,0.207949996,0.0252221823,0.862068951
,710030930,-22.8967401383544,-43.1538214307317,73.2,15.0,0.207949996,0.0252221823,0.862068951
,710030930,-22.8967401383544,-43.1538214307317,73.2,15.0,0.207949996,0.0252221823,0.862068951
,710030930,-22.8967401383544,-43.1538214307317,73.2,15.0,0.207949996,0.0252221823,0.862068951
,710030930,-22.8967401383544,-43.1538214307317,73.2,15.0,0.207949996,0.0252221823,0.862068951
,710030930,-22.8967401383544,-43.1538214307317,73.2,15.0,0.207949996,0.0252221823,0.862068951
,710030930,-22.8967401383544,-43.1538214307317,73.2,15.0,0.207949996,0.0252221823,0.862068951
,710030930,-22.8967401383544,-43.1538214307317,73.2,15.0,0.207949996,0.0252221823,0.862068951
,710030930,-22.8967401383544,-43.1538214307317,73.2,15.0,0.207949996,0.0252221823,0.862068951
,710030930,-22.8967401383544,-43.1538214307317,73.2,15.0,0.207949996,0.0252221823,0.862068951
,710030930,-22.8967401383544,-43.1538214307317,73.2,15.0,0.207949996,0.0252221823,0.862068951
,710030930,-22.8967401383544,-43.1538214307317,73.2,15.0,0.207949996,0.0252221823,0.862068951
,710030930,-22.8967401383544,-43.1538214307317,73.2,15.0,0.207949996,0.0252221823,0.862068951
,710030930,-22.8967401383544,-43.1538214307317,73.2,15.0,0.207949996,0.0252221823,0.862068951
,710030930,-22.8967401383544,-43.1538214307317,73.2,15.0,0.207949996,0.0252221823,0.862068951
,710030930,-22.8967401383544,-43.1538214307317,73.2,15.0,0.207949996,0.0252221823,0.862068951
,710030930,-22.896719165932467,-43.153749716950905,73.2,15.0,0.207949996,0.0252221823,0.862068951
,710030930,-22.896719165932467,-43.153749716950905,73.2,15.0,0.207949996,0.0252221823,0.862068951
,710030930,-22.896719165932467,-43.153749716950905,73.2,15.0,0.207949996,0.0252221823,0.862068951
,710030930,-22.896719165932467,-43.153749716950905,73.2,15.0,0.207949996,0.0252221823,0.862068951
,710030930,-22.896719165932467,-43.153749716950905,73.2,15.0,0.207949996,0.0252221823,0.862068951
,710030930,-22.896719165932467,-43.153749716950905,73.2,15.0,0.207949996,0.0252221823,0.862068951
,710030930,-22.896719165932467,-43.153749716950905,73.2,15.0,0.207949996,0.0252221823,0.862068951
,710030930,-22.896719165932467,-43.153749716950905,73.2,15.0,0.207949996,0.0252221823,0.862068951
,710030930,-22.896719165932467,-43.153749716950905,73.2,15.0,0.207949996,0.0252221823,0.862068951
,710030930,-22.896719165932467,-43.153749716950905,73.2,15.0,0.207949996,0.0252221823,0.862068951
,710030930,-22.896719165932467,-43.153749716950905,73.2,15.0,0.207949996,0.0252221823,0.862068951
,710030930,-22.896719165932467,-43.153749716950905,73.2,15.0,0.207949996,0.0252221823,0.862068951
,710030930,-22.896719165932467,-43.153749716950905,73.2,15.0,0.207949996,0.0252221823,0.862068951
,710030930,-22.896719165932467,-43.153749716950905,73.2,15.0,0.207949996,0.0252221823,0.862068951
,710030930,-22.896719165932467,-43.153749716950905,73.2,15.0,0.207949996,0.0252221823,0.862068951
,710030930,-22.896719165932467,-43.153749716950905,73.2,15.0,0.207949996,0.0252221823,0.862068951
,710030930,-22.896719165932467,-43.153749716950905,73.2,15.0,0.207949996,0.0252221823,0.862068951
,710030930,-22.896719165932467,-43.153749716950905,73.2,15.0,0.207949996,0.0252221823,0.862068951
,710030930,-22.896719165932467,-43.153749716950905,73.2,15.0,0.207949996,0.0252221823,0.862068951
,710030930,-22.896719165932467,-43.153749716950905,73.2,15.0,0.207949996,0.0252221823,0.862068951
,710030930,-22.896719165932467,-43.153749716950905,73.2,15.0,0.207949996,0.0252221823,0.862068951
,710030930,-22.896719165932467,-43.153749716950905,73.2,15.0,0.207949996,0.0252221823,0.862068951
,710030930,-22.896719165932467,-43.153749716950905,73.2,15.0,0.207949996,0.0252221823,0.862068951
,710030930,-22.896719165932467,-43.153749716950905,73.2,15.0,0.207949996,0.0252221823,0.862068951
,710030930,-22.896719165932467,-43.153749716950905,73.2,15.0,0.207949996,0.0252221823,0.862068951
,710030930,-22.896719165932467,-43.153749716950905,73.2,15.0,0.207949996,0.0252221823,0.862068951
,710030930,-22.896719165932467,-43.153749716950905,73.2,15.0,0.207949996,0.0252221823,0.862068951
,710030930,-22.896719165932467,-43.153749716950905,73.2,15.0,0.207949996,0.0252221823,0.862068951
,710030930,-22.896719165932467,-43.153749716950905,73.2,15.0,0.207949996,0.0252221823,0.862068951
,710030930,-22.896719165932467,-43.153749716950905,73.2,15.0,0.207949996,0.0252221823,0.862068951
,710030930,-22.89669819347954,-43.15367800319441,73.2,15.0,0.207949996,0.0252221823,0.862068951
,710030930,-22.89669819347954,-43.15367800319441,73.2,15.0,0.207949996,0.0252221823,0.862068951
,710030930,-22.89669819347954,-43.15367800319441,73.2,15.0,0.207949996,0.0252221823,0.862068951
,710030930,-22.89669819347954,-43.15367800319441,73.2,15.0,0.207949996,0.0252221823,0.862068951
,710030930,-22.89669819347954,-43.15367800319441,73.2,15.0,0.207949996,0.0252221823,0.862068951
,710030930,-22.89669819347954,-43.15367800319441,73.2,15.0,0.207949996,0.0252221823,0.862068951
,710030930,-22.89669819347954,-43.15367800319441,73.2,15.0,0.207949996,0.0252221823,0.862068951
,710030930,-22.89669819347954,-43.15367800319441,73.2,15.0,0.207949996,0.0252221823,0.862068951
,710030930,-22.89669819347954,-43.15367800319441,73.2,15.0,0.207949996,0.0252221823,0.862068951
,710030930,-22.89669819347954,-43.15367800319441,73.2,15.0,0.207949996,0.0252221823,0.862068951
,710030930,-22.89669819347954,-43.15367800319441,73.2,15.0,0.207949996,0.0252221823,0.862068951
,710030930,-22.89669819347954,-43.15367800319441,73.2,15.0,0.207949996,0.0252221823,0.862068951
,710030930,-22.89669819347954,-43.15367800319441,73.2,15.0,0.207949996,0.0252221823,0.862068951
,710030930,-22.89669819347954,-43.15367800319441,73.2,15.0,0.207949996,0.0252221823,0.862068951
,710030930,-22.89669819347954,-43.15367800319441,73.2,15.0,0.207949996,0.0252221823,0.862068951
,710030930,-22.89669819347954,-43.15367800319441,73.2,15.0,0.207949996,0.0252221823,0.862068951
,710030930,-22.89669819347954,-43.15367800319441,73.2,15.0,0.207949996,0.0252221823,0.862068951
,710030930,-22.89669819347954,-43.15367800319441,73.2,15.0,0.207949996,0.0252221823,0.862068951
,710030930,-22.89669819347954,-43.15367800319441,73.2,15.0,0.207949996,0.0252221823,0.862068951
,710030930,-22.89669819347954,-43.15367800319441,73.2,15.0,0.207949996,0.0252221823,0.862068951
,710030930,-22.89669819347954,-43.15367800319441,73.2,15.0,0.207949996,0.0252221823,0.862068951
,710030930,-22.89669819347954,-43.15367800319441,73.2,15.0,0.207949996,0.0252221823,0.862068951
,710030930,-22.89669819347954,-43.15367800319441,73.2,15.0,0.207949996,0.0252221823,0.862068951
,710030930,-22.89669819347954,-43.15367800319441,73.2,15.0,0.207949996,0.0252221823,0.862068951
,710030930,-22.89662813593252,-43.1534930350449,68.9,14.9,0.207949996,0.0252221823,0.862068951
,710030930,-22.89662813593252,-43.1534930350449,68.9,14.9,0.207949996,0.0252221823,0.862068951
,710030930,-22.89662813593252,-43.1534930350449,68.9,14.9,0.207949996,0.0252221823,0.862068951
,710030930,-22.89662813593252,-43.1534930350449,68.9,14.9,0.207949996,0.0252221823,0.862068951
,710030930,-22.89662813593252,-43.1534930350449,68.9,14.9,0.211283326,0.0253000259,0.867905676
,710030930,-22.89662813593252,-43.1534930350449,68.9,14.9,0.211283326,0.0253000259,0.867905676
,710030930,-22.89662813593252,-43.1534930350449,68.9,14.9,0.211283326,0.0253000259,0.862068951
,710030930,-22.89662813593252,-43.1534930350449,68.9,14.9,0.211283326,0.0253000259,0.862068951
,710030930,-22.89662813593252,-43.1534930350449,68.9,14.9,0.211283326,0.0253000259,0.862068951
,710030930,-22.89662813593252,-43.1534930350449,68.9,14.9,0.211283326,0.0253000259,0.862068951
,710030930,-22.89662813593252,-43.1534930350449,68.9,14.9,0.211283326,0.0253000259,0.862068951
,710030930,-22.89662813593252,-43.1534930350449,68.9,14.9,0.211283326,0.0253000259,0.862068951
,710030930,-22.89662813593252,-43.1534930350449,68.9,14.9,0.211283326,0.0253000259,0.862068951
,710030930,-22.89662813593252,-43.1534930350449,68.9,14.9,0.211283326,0.0253000259,0.862068951
,710030930,-22.89662813593252,-43.1534930350449,68.9,14.9,0.211283326,0.0253000259,0.862068951
,710030930,-22.89662813593252,-43.1534930350449,68.9,14.9,0.211283326,0.0253000259,0.862068951
,710030930,-22.89662813593252,-43.1534930350449,68.9,14.9,0.211283326,0.0253000259,0.862068951
,710030930,-22.89662813593252,-43.1534930350449,68.9,14.9,0.211283326,0.0253000259,0.862068951
,710030930,-22.89662813593252,-43.1534930350449,68.9,14.9,0.211283326,0.0253000259,0.862068951
,710030930,-22.89662813593252,-43.1534930350449,68.9,14.9,0.211283326,0.0253000259,0.862068951
,710030930,-22.89662813593252,-43.1534930350449,68.9,14.9,0.211283326,0.0253000259,0.862068951
,710030930,-22.89662813593252,-43.1534930350449,68.9,14.9,0.211283326,0.0253000259,0.862068951
,710030930,-22.89662813593252,-43.1534930350449,68.9,14.9,0.211283326,0.0253000259,0.862068951
,710030930,-22.89662813593252,-43.1534930350449,68.9,14.9,0.211283326,0.0253000259,0.862068951
,710030930,-22.89662813593252,-43.1534930350449,68.9,14.9,0.211283326,0.0253000259,0.862068951
,710030930,-22.89662813593252,-43.1534930350449,68.9,14.9,0.211283326,0.0253000259,0.862068951
,710030930,-22.89662813593252,-43.1534930350449,68.9,14.9,0.211283326,0.0253000259,0.862068951
,710030930,-22.89662813593252,-43.1534930350449,68.9,14.9,0.211283326,0.0253000259,0.862068951
,710030930,-22.896602413373163,-43.15342368596447,68.9,14.9,0.211283326,0.0253000259,0.862068951
,710030930,-22.896602413373163,-43.15342368596447,68.9,14.9,0.211283326,0.0253000259,0.862068951
,710030930,-22.896602413373163,-43.15342368596447,68.9,14.9,0.211283326,0.0253000259,0.862068951
,710030930,-22.896602413373163,-43.15342368596447,68.9,14.9,0.211283326,0.0253000259,0.862068951
,710030930,-22.896576690785167,-43.153354336912145,68.9,14.9,0.211283326,0.0253000259,0.862068951
,710030930,-22.896576690785167,-43.153354336912145,68.9,14.9,0.211283326,0.0253000259,0.862068951
,710030930,-22.896576690785167,-43.153354336912145,68.9,14.9,0.211283326,0.0253000259,0.862068951
,710030930,-22.896576690785167,-43.153354336912145,68.9,14.9,0.211283326,0.0253000259,0.862068951
,710030930,-22.896576690785167,-43.153354336912145,68.9,14.9,0.211283326,0.0253000259,0.862068951
,710030930,-22.896576690785167,-43.153354336912145,68.9,14.9,0.211283326,0.0253000259,0.862068951
,710030930,-22.896576690785167,-43.153354336912145,68.9,14.9,0.211283326,0.0253000259,0.862068951
,710030930,-22.896576690785167,-43.153354336912145,68.9,14.9,0.211283326,0.0253000259,0.862068951
,710030930,-22.896576690785167,-43.153354336912145,68.9,14.9,0.211283326,0.0253000259,0.862068951
,710030930,-22.896576690785167,-43.153354336912145,68.9,14.9,0.211283326,0.0253000259,0.862068951
,710030930,-22.896576690785167,-43.153354336912145,68.9,14.9,0.211283326,0.0253000259,0.862068951
,710030930,-22.896576690785167,-43.153354336912145,68.9,14.9,0.211283326,0.0253000259,0.862068951
,710030930,-22.896576690785167,-43.153354336912145,68.9,14.9,0.211283326,0.0253000259,0.862068951
,710030930,-22.896576690785167,-43.153354336912145,68.9,14.9,0.211283326,0.0253000259,0.862068951
,710030930,-22.896576690785167,-43.153354336912145,68.9,14.9,0.211283326,0.0253000259,0.862068951
,710030930,-22.896576690785167,-43.153354336912145,68.9,14.9,0.211283326,0.0253000259,0.862068951
,710030930,-22.896576690785167,-43.153354336912145,68.9,14.9,0.211283326,0.0253000259,0.862068951
,710030930,-22.896576690785167,-43.153354336912145,68.9,14.9,0.211283326,0.0253000259,0.862068951
,710030930,-22.896576690785167,-43.153354336912145,68.9,14.9,0.211283326,0.0253000259,0.862068951
,710030930,-22.896576690785167,-43.153354336912145,68.9,14.9,0.211283326,0.0253000259,0.862068951
,710030930,-22.896576690785167,-43.153354336912145,68.9,14.9,0.211283326,0.0253000259,0.862068951
,710030930,-22.896576690785167,-43.153354336912145,68.9,14.9,0.211283326,0.0253000259,0.862068951
,710030930,-22.896576690785167,-43.153354336912145,68.9,14.9,0.211283326,0.0253000259,0.862068951
,710030930,-22.896576690785167,-43.153354336912145,68.9,14.9,0.211283326,0.0253000259,0.862068951
,710030930,-22.896576690785167,-43.153354336912145,68.9,14.9,0.211283326,0.0253000259,0.862068951
,710030930,-22.896576690785167,-43.153354336912145,68.9,14.9,0.211283326,0.0253000259,0.862068951
,710030930,-22.896576690785167,-43.153354336912145,68.9,14.9,0.211283326,0.0253000259,0.862068951
,710030930,-22.896576690785167,-43.153354336912145,68.9,14.9,0.211283326,0.0253000259,0.862068951
,710030930,-22.896550968168512,-43.15328498788793,68.9,14.9,0.211283326,0.0253000259,0.862068951
,710030930,-22.896550968168512,-43.15328498788793,68.9,14.9,0.211283326,0.0253000259,0.862068951
,710030930,-22.896550968168512,-43.15328498788793,68.9,14.9,0.211283326,0.0253000259,0.862068951
,710030930,-22.896550968168512,-43.15328498788793,68.9,14.9,0.211283326,0.0253000259,0.862068951
,710030930,-22.896550968168512,-43.15328498788793,68.9,14.9,0.215738893,0.0254333019,0.879729033
,710030930,-22.896550968168512,-43.15328498788793,68.9,14.9,0.215738893,0.0254333019,0.879729033
,710030930,-22.896550968168512,-43.15328498788793,68.9,14.9,0.215738893,0.0254333019,0.879729033
,710030930,-22.896550968168512,-43.15328498788793,68.9,14.9,0.215738893,0.0254333019,0.879729033
,710030930,-22.896550968168512,-43.15328498788793,68.9,14.9,0.215738893,0.0254333019,0.862068951
,710030930,-22.896550968168512,-43.15328498788793,68.9,14.9,0.215738893,0.0254333019,0.862068951
,710030930,-22.896550968168512,-43.15328498788793,68.9,14.9,0.215738893,0.0254333019,0.862068951
,710030930,-22.896550968168512,-43.15328498788793,68.9,14.9,0.215738893,0.0254333019,0.862068951
,710030930,-22.896550968168512,-43.15328498788793,68.9,14.9,0.215738893,0.0254333019,0.862068951
,710030930,-22.896550968168512,-43.15328498788793,68.9,14.9,0.215738893,0.0254333019,0.862068951
,710030930,-22.896550968168512,-43.15328498788793,68.9,14.9,0.215738893,0.0254333019,0.862068951
,710030930,-22.896550968168512,-43.15328498788793,68.9,14.9,0.215738893,0.0254333019,0.862068951
,710030930,-22.896550968168512,-43.15328498788793,68.9,14.9,0.215738893,0.0254333019,0.862068951
,710030930,-22.896550968168512,-43.15328498788793,68.9,14.9,0.215738893,0.0254333019,0.862068951
,710030930,-22.896550968168512,-43.15328498788793,68.9,14.9,0.215738893,0.0254333019,0.862068951
,710030930,-22.896550968168512,-43.15328498788793,68.9,14.9,0.215738893,0.0254333019,0.862068951
,710030930,-22.896550968168512,-43.15328498788793,68.9,14.9,0.215738893,0.0254333019,0.862068951
,710030930,-22.896550968168512,-43.15328498788793,68.9,14.9,0.215738893,0.0254333019,0.862068951
,710030930,-22.896550968168512,-43.15328498788793,68.9,14.9,0.215738893,0.0254333019,0.862068951
,710030930,-22.896550968168512,-43.15328498788793,68.9,14.9,0.215738893,0.0254333019,0.862068951
,710030930,-22.896550968168512,-43.15328498788793,68.9,14.9,0.215738893,0.0254333019,0.862068951
,710030930,-22.896550968168512,-43.15328498788793,68.9,14.9,0.215738893,0.0254333019,0.862068951
,710030930,-22.896550968168512,-43.15328498788793,68.9,14.9,0.215738893,0.0254333019,0.862068951
,710030930,-22.896550968168512,-43.15328498788793,68.9,14.9,0.215738893,0.0254333019,0.862068951
,710030930,-22.896550968168512,-43.15328498788793,68.9,14.9,0.215738893,0.0254333019,0.862068951
,710030930,-22.896550968168512,-43.15328498788793,68.9,14.9,0.215738893,0.0254333019,0.862068951
,710030930,-22.896525245523208,-43.15321563889182,68.9,14.9,0.215738893,0.0254333019,0.862068951
,710030930,-22.896525245523208,-43.15321563889182,68.9,14.9,0.215738893,0.0254333019,0.862068951
,710030930,-22.896525245523208,-43.15321563889182,68.9,14.9,0.215738893,0.0254333019,0.862068951
,710030930,-22.896525245523208,-43.15321563889182,68.9,14.9,0.215738893,0.0254333019,0.862068951
,710030930,-22.896525245523208,-43.15321563889182,68.9,14.9,0.215738893,0.0254333019,0.862068951
,710030930,-22.896525245523208,-43.15321563889182,68.9,14.9,0.215738893,0.0254333019,0.862068951
,710030930,-22.896525245523208,-43.15321563889182,68.9,14.9,0.215738893,0.0254333019,0.862068951
,710030930,-22.896525245523208,-43.15321563889182,68.9,14.9,0.215738893,0.0254333019,0.862068951
,710030930,-22.896525245523208,-43.15321563889182,68.9,14.9,0.215738893,0.0254333019,0.862068951
,710030930,-22.896525245523208,-43.15321563889182,68.9,14.9,0.215738893,0.0254333019,0.862068951
,710030930,-22.896525245523208,-43.15321563889182,68.9,14.9,0.215738893,0.0254333019,0.862068951
,710030930,-22.896525245523208,-43.15321563889182,68.9,14.9,0.215738893,0.0254333019,0.862068951
,710030930,-22.896525245523208,-43.15321563889182,68.9,14.9,0.215738893,0.0254333019,0.862068951
,710030930,-22.896525245523208,-43.15321563889182,68.9,14.9,0.215738893,0.0254333019,0.862068951
,710030930,-22.896525245523208,-43.15321563889182,68.9,14.9,0.215738893,0.0254333019,0.862068951
,710030930,-22.896525245523208,-43.15321563889182,68.9,14.9,0.215738893,0.0254333019,0.862068951
,710030930,-22.896525245523208,-43.15321563889182,68.9,14.9,0.215738893,0.0254333019,0.862068951
,710030930,-22.896525245523208,-43.15321563889182,68.9,14.9,0.215738893,0.0254333019,0.862068951
,710030930,-22.896525245523208,-43.15321563889182,68.9,14.9,0.215738893,0.0254333019,0.862068951
,710030930,-22.896525245523208,-43.15321563889182,68.9,14.9,0.215738893,0.0254333019,0.862068951
,710030930,-22.896525245523208,-43.15321563889182,68.9,14.9,0.215738893,0.0254333019,0.862068951
,710030930,-22.896525245523208,-43.15321563889182,68.9,14.9,0.215738893,0.0254333019,0.862068951
,710030930,-22.896525245523208,-43.15321563889182,68.9,14.9,0.215738893,0.0254333019,0.862068951
,710030930,-22.896525245523208,-43.15321563889182,68.9,14.9,0.215738893,0.0254333019,0.862068951
,710030930,-22.896525245523208,-43.15321563889182,68.9,14.9,0.215738893,0.0254333019,0.862068951
,710030930,-22.896525245523208,-43.15321563889182,68.9,14.9,0.215738893,0.0254333019,0.862068951
,710030930,-22.896525245523208,-43.15321563889182,68.9,14.9,0.215738893,0.0254333019,0.862068951
,710030930,-22.896525245523208,-43.15321563889182,68.9,14.9,0.215738893,0.0254333019,0.862068951
,710030930,-22.896525245523208,-43.15321563889182,68.9,14.9,0.215738893,0.0254333019,0.862068951
,710030930,-22.896525245523208,-43.15321563889182,68.9,14.9,0.215738893,0.0254333019,0.862068951
,710030930,-22.896499522849254,-43.153146289923825,68.9,14.9,0.215738893,0.0254333019,0.862068951
,710030930,-22.896499522849254,-43.153146289923825,68.9,14.9,0.215738893,0.0254333019,0.862068951
,710030930,-22.896499522849254,-43.153146289923825,68.9,14.9,0.215738893,0.0254333019,0.862068951
,710030930,-22.896499522849254,-43.153146289923825,68.9,14.9,0.215738893,0.0254333019,0.862068951
,710030930,-22.896499522849254,-43.153146289923825,68.9,14.9,0.215738893,0.0254333019,0.862068951
,710030930,-22.896499522849254,-43.153146289923825,68.9,14.9,0.215738893,0.0254333019,0.862068951
,710030930,-22.896499522849254,-43.153146289923825,68.9,14.9,0.215738893,0.0254333019,0.862068951
,710030930,-22.896499522849254,-43.153146289923825,68.9,14.9,0.215738893,0.0254333019,0.862068951
,710030930,-22.896499522849254,-43.153146289923825,68.9,14.9,0.215738893,0.0254333019,0.862068951
,710030930,-22.896499522849254,-43.153146289923825,68.9,14.9,0.215738893,0.0254333019,0.862068951
,710030930,-22.896499522849254,-43.153146289923825,68.9,14.9,0.215738893,0.0254333019,0.862068951
,710030930,-22.896499522849254,-43.153146289923825,68.9,14.9,0.215738893,0.0254333019,0.862068951
,710030930,-22.896499522849254,-43.153146289923825,68.9,14.9,0.215738893,0.0254333019,0.862068951
,710030930,-22.896499522849254,-43.153146289923825,68.9,14.9,0.215738893,0.0254333019,0.862068951
,710030930,-22.896499522849254,-43.153146289923825,68.9,14.9,0.215738893,0.0254333019,0.862068951
,710030930,-22.896499522849254,-43.153146289923825,68.9,14.9,0.215738893,0.0254333019,0.862068951
,710030930,-22.896499522849254,-43.153146289923825,68.9,14.9,0.215738893,0.0254333019,0.862068951
,710030930,-22.896499522849254,-43.153146289923825,68.9,14.9,0.215738893,0.0254333019,0.862068951
,710030930,-22.896499522849254,-43.153146289923825,68.9,14.9,0.215738893,0.0254333019,0.862068951
,710030930,-22.896499522849254,-43.153146289923825,68.9,14.9,0.215738893,0.0254333019,0.862068951
,710030930,-22.896499522849254,-43.153146289923825,68.9,14.9,0.215738893,0.0254333019,0.862068951
,710030930,-22.896499522849254,-43.153146289923825,68.9,14.9,0.215738893,0.0254333019,0.862068951
,710030930,-22.896499522849254,-43.153146289923825,68.9,14.9,0.215738893,0.0254333019,0.862068951
,710030930,-22.896499522849254,-43.153146289923825,68.9,14.9,0.215738893,0.0254333019,0.862068951
,710030930,-22.896499522849254,-43.153146289923825,68.9,14.9,0.215738893,0.0254333019,0.862068951
,710030930,-22.896499522849254,-43.153146289923825,68.9,14.9,0.215738893,0.0254333019,0.862068951
,710030930,-22.896473800146662,-43.15307694098395,68.9,14.9,0.215738893,0.0254333019,0.862068951
,710030930,-22.896473800146662,-43.15307694098395,68.9,14.9,0.215738893,0.0254333019,0.862068951
,710030930,-22.896473800146662,-43.15307694098395,68.9,14.9,0.215738893,0.0254333019,0.862068951
,710030930,-22.896473800146662,-43.15307694098395,68.9,14.9,0.215738893,0.0254333019,0.862068951
,710030930,-22.896473800146662,-43.15307694098395,68.9,14.9,0.215738893,0.0254333019,0.862068951
,710030930,-22.896473800146662,-43.15307694098395,68.9,14.9,0.215738893,0.0254333019,0.862068951
,710030930,-22.896473800146662,-43.15307694098395,68.9,14.9,0.215738893,0.0254333019,0.862068951
,710030930,-22.896473800146662,-43.15307694098395,68.9,14.9,0.215738893,0.0254333019,0.862068951
,710030930,-22.896473800146662,-43.15307694098395,68.9,14.9,0.218761101,0.0254999399,0.886701643
,710030930,-22.896473800146662,-43.15307694098395,68.9,14.9,0.218761101,0.0254999399,0.886701643
,710030930,-22.896473800146662,-43.15307694098395,68.9,14.9,0.218761101,0.0254999399,0.896551728
,710030930,-22.896473800146662,-43.15307694098395,68.9,14.9,0.218761101,0.0254999399,0.896551728
,710030930,-22.896473800146662,-43.15307694098395,68.9,14.9,0.218761101,0.0254999399,0.896551728
,710030930,-22.896473800146662,-43.15307694098395,68.9,14.9,0.218761101,0.0254999399,0.896551728
,710030930,-22.896473800146662,-43.15307694098395,68.9,14.9,0.218761101,0.0254999399,0.896551728
,710030930,-22.896473800146662,-43.15307694098395,68.9,14.9,0.218761101,0.0254999399,0.896551728
,710030930,-22.896473800146662,-43.15307694098395,68.9,14.9,0.218761101,0.0254999399,0.896551728
,710030930,-22.896473800146662,-43.15307694098395,68.9,14.9,0.218761101,0.0254999399,0.896551728
,710030930,-22.896473800146662,-43.15307694098395,68.9,14.9,0.218761101,0.0254999399,0.896551728
,710030930,-22.896473800146662,-43.15307694098395,68.9,14.9,0.218761101,0.0254999399,0.896551728
,710030930,-22.896473800146662,-43.15307694098395,68.9,14.9,0.218761101,0.0254999399,0.896551728
,710030930,-22.896473800146662,-43.15307694098395,68.9,14.9,0.218761101,0.0254999399,0.896551728
,710030930,-22.896473800146662,-43.15307694098395,68.9,14.9,0.218761101,0.0254999399,0.896551728
,710030930,-22.896473800146662,-43.15307694098395,68.9,14.9,0.218761101,0.0254999399,0.896551728
,710030930,-22.896473800146662,-43.15307694098395,68.9,14.9,0.218761101,0.0254999399,0.896551728
,710030930,-22.896473800146662,-43.15307694098395,68.9,14.9,0.218761101,0.0254999399,0.896551728
,710030930,-22.896473800146662,-43.15307694098395,68.9,14.9,0.218761101,0.0254999399,0.896551728
,710030930,-22.896473800146662,-43.15307694098395,68.9,14.9,0.218761101,0.0254999399,0.896551728
,710030930,-22.896473800146662,-43.15307694098395,68.9,14.9,0.218761101,0.0254999399,0.896551728
,710030930,-22.896473800146662,-43.15307694098395,68.9,14.9,0.218761101,0.0254999399,0.896551728
,710030930,-22.89644807741541,-43.153007592072186,68.9,14.9,0.218761101,0.0254999399,0.896551728
,710030930,-22.89644807741541,-43.153007592072186,68.9,14.9,0.218761101,0.0254999399,0.896551728
,710030930,-22.89644807741541,-43.153007592072186,68.9,14.9,0.218761101,0.0254999399,0.896551728
,710030930,-22.89644807741541,-43.153007592072186,68.9,14.9,0.218761101,0.0254999399,0.896551728
,710030930,-22.89644807741541,-43.153007592072186,68.9,14.9,0.218761101,0.0254999399,0.896551728
,710030930,-22.89644807741541,-43.153007592072186,68.9,14.9,0.218761101,0.0254999399,0.896551728
,710030930,-22.89644807741541,-43.153007592072186,68.9,14.9,0.218761101,0.0254999399,0.896551728
,710030930,-22.89644807741541,-43.153007592072186,68.9,14.9,0.218761101,0.0254999399,0.896551728
,710030930,-22.89644807741541,-43.153007592072186,68.9,14.9,0.218761101,0.0254999399,0.896551728
,710030930,-22.89644807741541,-43.153007592072186,68.9,14.9,0.218761101,0.0254999399,0.896551728
,710030930,-22.89644807741541,-43.153007592072186,68.9,14.9,0.218761101,0.0254999399,0.896551728
,710030930,-22.89644807741541,-43.153007592072186,68.9,14.9,0.218761101,0.0254999399,0.896551728
,710030930,-22.89644807741541,-43.153007592072186,68.9,14.9,0.218761101,0.0254999399,0.896551728
,710030930,-22.89644807741541,-43.153007592072186,68.9,14.9,0.218761101,0.0254999399,0.896551728
,710030930,-22.89644807741541,-43.153007592072186,68.9,14.9,0.218761101,0.0254999399,0.896551728
,710030930,-22.89644807741541,-43.153007592072186,68.9,14.9,0.218761101,0.0254999399,0.896551728
,710030930,-22.89644807741541,-43.153007592072186,68.9,14.9,0.218761101,0.0254999399,0.896551728
,710030930,-22.89644807741541,-43.153007592072186,68.9,14.9,0.218761101,0.0254999399,0.896551728
,710030930,-22.89644807741541,-43.153007592072186,68.9,14.9,0.218761101,0.0254999399,0.896551728
,710030930,-22.89644807741541,-43.153007592072186,68.9,14.9,0.218761101,0.0254999399,0.896551728
,710030930,-22.89644807741541,-43.153007592072186,68.9,14.9,0.218761101,0.0254999399,0.896551728
,710030930,-22.89644807741541,-43.153007592072186,68.9,14.9,0.218761101,0.0254999399,0.896551728
,710030930,-22.89644807741541,-43.153007592072186,68.9,14.9,0.218761101,0.0254999399,0.896551728
,710030930,-22.89644807741541,-43.153007592072186,68.9,14.9,0.218761101,0.0254999399,0.896551728
,710030930,-22.89644807741541,-43.153007592072186,68.9,14.9,0.218761101,0.0254999399,0.896551728
,710030930,-22.89644807741541,-43.153007592072186,68.9,14.9,0.218761101,0.0254999399,0.896551728
,710030930,-22.89644807741541,-43.153007592072186,68.9,14.9,0.218761101,0.0254999399,0.896551728
,710030930,-22.89644807741541,-43.153007592072186,68.9,14.9,0.218761101,0.0254999399,0.896551728
,710030930,-22.89644807741541,-43.153007592072186,68.9,14.9,0.218761101,0.0254999399,0.896551728
,710030930,-22.89644807741541,-43.153007592072186,68.9,14.9,0.218761101,0.0254999399,0.896551728
,710030930,-22.896422354655517,-43.15293824318853,68.9,14.9,0.218761101,0.0254999399,0.896551728
,710030930,-22.896422354655517,-43.15293824318853,68.9,14.9,0.218761101,0.0254999399,0.896551728
,710030930,-22.896422354655517,-43.15293824318853,68.9,14.9,0.218761101,0.0254999399,0.896551728
,710030930,-22.896422354655517,-43.15293824318853,68.9,14.9,0.218761101,0.0254999399,0.896551728
,710030930,-22.896422354655517,-43.15293824318853,68.9,14.9,0.218761101,0.0254999399,0.896551728
,710030930,-22.896422354655517,-43.15293824318853,68.9,14.9,0.218761101,0.0254999399,0.896551728
,710030930,-22.896422354655517,-43.15293824318853,68.9,14.9,0.218761101,0.0254999399,0.896551728
,710030930,-22.896422354655517,-43.15293824318853,68.9,14.9,0.218761101,0.0254999399,0.896551728
,710030930,-22.896422354655517,-43.15293824318853,68.9,14.9,0.218761101,0.0254999399,0.896551728
,710030930,-22.896422354655517,-43.15293824318853,68.9,14.9,0.218761101,0.0254999399,0.896551728
,710030930,-22.896422354655517,-43.15293824318853,68.9,14.9,0.218761101,0.0254999399,0.896551728
,710030930,-22.896422354655517,-43.15293824318853,68.9,14.9,0.218761101,0.0254999399,0.896551728
,710030930,-22.896422354655517,-43.15293824318853,68.9,14.9,0.218761101,0.0254999399,0.896551728
,710030930,-22.896422354655517,-43.15293824318853,68.9,14.9,0.218761101,0.0254999399,0.896551728
,710030930,-22.896422354655517,-43.15293824318853,68.9,14.9,0.218761101,0.0254999399,0.896551728
,710030930,-22.896422354655517,-43.15293824318853,68.9,14.9,0.218761101,0.0254999399,0.896551728
,710030930,-22.896422354655517,-43.15293824318853,68.9,14.9,0.218761101,0.0254999399,0.896551728
,710030930,-22.896422354655517,-43.15293824318853,68.9,14.9,0.218761101,0.0254999399,0.896551728
,710030930,-22.896422354655517,-43.15293824318853,68.9,14.9,0.218761101,0.0254999399,0.896551728
,710030930,-22.896422354655517,-43.15293824318853,68.9,14.9,0.218761101,0.0254999399,0.896551728
,710030930,-22.896422354655517,-43.15293824318853,68.9,14.9,0.218761101,0.0254999399,0.896551728
,710030930,-22.896422354655517,-43.15293824318853,68.9,14.9,0.218761101,0.0254999399,0.896551728
,710030930,-22.896422354655517,-43.15293824318853,68.9,14.9,0.218761101,0.0254999399,0.896551728
,710030930,-22.896422354655517,-43.15293824318853,68.9,14.9,0.218761101,0.0254999399,0.896551728
,710030930,-22.896396631866974,-43.15286889433298,68.9,14.9,0.218761101,0.0254999399,0.896551728
,710030930,-22.896396631866974,-43.15286889433298,68.9,14.9,0.218761101,0.0254999399,0.896551728
,710030930,-22.896396631866974,-43.15286889433298,68.9,14.9,0.218761101,0.0254999399,0.896551728
,710030930,-22.896396631866974,-43.15286889433298,68.9,14.9,0.218761101,0.0254999399,0.896551728
,710030930,-22.896396631866974,-43.15286889433298,68.9,14.9,0.218761101,0.0254999399,0.896551728
,710030930,-22.896396631866974,-43.15286889433298,68.9,14.9,0.218761101,0.0254999399,0.896551728
,710030930,-22.896396631866974,-43.15286889433298,68.9,14.9,0.221733332,0.0255777836,0.893755972
,710030930,-22.896396631866974,-43.15286889433298,68.9,14.9,0.221733332,0.0255777836,0.893755972
,710030930,-22.896396631866974,-43.15286889433298,68.9,14.9,0.221733332,0.0255777836,0.896551728
,710030930,-22.896396631866974,-43.15286889433298,68.9,14.9,0.221733332,0.0255777836,0.896551728
,710030930,-22.896396631866974,-43.15286889433298,68.9,14.9,0.221733332,0.0255777836,0.896551728
,710030930,-22.896396631866974,-43.15286889433298,68.9,14.9,0.221733332,0.0255777836,0.896551728
,710030930,-22.896396631866974,-43.15286889433298,68.9,14.9,0.221733332,0.0255777836,0.896551728
,710030930,-22.896396631866974,-43.15286889433298,68.9,14.9,0.221733332,0.0255777836,0.896551728
,710030930,-22.896396631866974,-43.15286889433298,68.9,14.9,0.221733332,0.0255777836,0.896551728
,710030930,-22.896396631866974,-43.15286889433298,68.9,14.9,0.221733332,0.0255777836,0.896551728
,710030930,-22.896396631866974,-43.15286889433298,68.9,14.9,0.221733332,0.0255777836,0.896551728
,710030930,-22.896396631866974,-43.15286889433298,68.9,14.9,0.221733332,0.0255777836,0.896551728
,710030930,-22.896396631866974,-43.15286889433298,68.9,14.9,0.221733332,0.0255777836,0.896551728
,710030930,-22.896396631866974,-43.15286889433298,68.9,14.9,0.221733332,0.0255777836,0.896551728
,710030930,-22.896396631866974,-43.15286889433298,68.9,14.9,0.221733332,0.0255777836,0.896551728
,710030930,-22.896396631866974,-43.15286889433298,68.9,14.9,0.221733332,0.0255777836,0.896551728
,710030930,-22.896396631866974,-43.15286889433298,68.9,14.9,0.221733332,0.0255777836,0.896551728
,710030930,-22.896396631866974,-43.15286889433298,68.9,14.9,0.221733332,0.0255777836,0.896551728
,710030930,-22.896296950703267,-43.15278822518603,63.7,15.3,0.221733332,0.0255777836,0.896551728
,710030930,-22.896296950703267,-43.15278822518603,63.7,15.3,0.221733332,0.0255777836,0.896551728
,710030930,-22.896296950703267,-43.15278822518603,63.7,15.3,0.221733332,0.0255777836,0.896551728
,710030930,-22.896296950703267,-43.15278822518603,63.7,15.3,0.221733332,0.0255777836,0.896551728
,710030930,-22.896296950703267,-43.15278822518603,63.7,15.3,0.221733332,0.0255777836,0.896551728
,710030930,-22.896296950703267,-43.15278822518603,63.7,15.3,0.221733332,0.0255777836,0.896551728
,710030930,-22.896296950703267,-43.15278822518603,63.7,15.3,0.221733332,0.0255777836,0.896551728
,710030930,-22.896296950703267,-43.15278822518603,63.7,15.3,0.221733332,0.0255777836,0.896551728
,710030930,-22.896296950703267,-43.15278822518603,63.7,15.3,0.221733332,0.0255777836,0.896551728
,710030930,-22.896296950703267,-43.15278822518603,63.7,15.3,0.221733332,0.0255777836,0.896551728
,710030930,-22.896296950703267,-43.15278822518603,63.7,15.3,0.221733332,0.0255777836,0.896551728
,710030930,-22.896296950703267,-43.15278822518603,63.7,15.3,0.221733332,0.0255777836,0.896551728
,710030930,-22.896296950703267,-43.15278822518603,63.7,15.3,0.221733332,0.0255777836,0.896551728
,710030930,-22.896296950703267,-43.15278822518603,63.7,15.3,0.221733332,0.0255777836,0.896551728
,710030930,-22.896296950703267,-43.15278822518603,63.7,15.3,0.221733332,0.0255777836,0.896551728
,710030930,-22.896296950703267,-43.15278822518603,63.7,15.3,0.221733332,0.0255777836,0.896551728
,710030930,-22.896296950703267,-43.15278822518603,63.7,15.3,0.221733332,0.0255777836,0.896551728
,710030930,-22.896296950703267,-43.15278822518603,63.7,15.3,0.221733332,0.0255777836,0.896551728
,710030930,-22.896296950703267,-43.15278822518603,63.7,15.3,0.221733332,0.0255777836,0.896551728
,710030930,-22.896296950703267,-43.15278822518603,63.7,15.3,0.221733332,0.0255777836,0.896551728
,710030930,-22.896296950703267,-43.15278822518603,63.7,15.3,0.221733332,0.0255777836,0.896551728
,710030930,-22.896296950703267,-43.15278822518603,63.7,15.3,0.221733332,0.0255777836,0.896551728
,710030930,-22.896296950703267,-43.15278822518603,63.7,15.3,0.221733332,0.0255777836,0.896551728
,710030930,-22.896296950703267,-43.15278822518603,63.7,15.3,0.221733332,0.0255777836,0.896551728
,710030930,-22.89626466652854,-43.15271989167233,63.7,15.3,0.221733332,0.0255777836,0.896551728
,710030930,-22.89626466652854,-43.15271989167233,63.7,15.3,0.221733332,0.0255777836,0.896551728
,710030930,-22.89626466652854,-43.15271989167233,63.7,15.3,0.221733332,0.0255777836,0.896551728
,710030930,-22.89626466652854,-43.15271989167233,63.7,15.3,0.221733332,0.0255777836,0.896551728
,710030930,-22.89626466652854,-43.15271989167233,63.7,15.3,0.221733332,0.0255777836,0.896551728
,710030930,-22.89626466652854,-43.15271989167233,63.7,15.3,0.221733332,0.0255777836,0.896551728
,710030930,-22.89626466652854,-43.15271989167233,63.7,15.3,0.221733332,0.0255777836,0.896551728
,710030930,-22.89626466652854,-43.15271989167233,63.7,15.3,0.221733332,0.0255777836,0.896551728
,710030930,-22.89626466652854,-43.15271989167233,63.7,15.3,0.221733332,0.0255777836,0.896551728
,710030930,-22.89626466652854,-43.15271989167233,63.7,15.3,0.221733332,0.0255777836,0.896551728
,710030930,-22.89626466652854,-43.15271989167233,63.7,15.3,0.221733332,0.0255777836,0.896551728
,710030930,-22.89626466652854,-43.15271989167233,63.7,15.3,0.221733332,0.0255777836,0.896551728
,710030930,-22.89626466652854,-43.15271989167233,63.7,15.3,0.221733332,0.0255777836,0.896551728
,710030930,-22.89626466652854,-43.15271989167233,63.7,15.3,0.221733332,0.0255777836,0.896551728
,710030930,-22.89626466652854,-43.15271989167233,63.7,15.3,0.221733332,0.0255777836,0.896551728
,710030930,-22.89626466652854,-43.15271989167233,63.7,15.3,0.221733332,0.0255777836,0.896551728
,710030930,-22.89626466652854,-43.15271989167233,63.7,15.3,0.221733332,0.0255777836,0.896551728
,710030930,-22.89626466652854,-43.15271989167233,63.7,15.3,0.221733332,0.0255777836,0.896551728
,710030930,-22.89626466652854,-43.15271989167233,63.7,15.3,0.221733332,0.0255777836,0.896551728
,710030930,-22.89626466652854,-43.15271989167233,63.7,15.3,0.221733332,0.0255777836,0.896551728
,710030930,-22.89626466652854,-43.15271989167233,63.7,15.3,0.221733332,0.0255777836,0.896551728
,710030930,-22.89626466652854,-43.15271989167233,63.7,15.3,0.221733332,0.0255777836,0.896551728
,710030930,-22.89626466652854,-43.15271989167233,63.7,15.3,0.221733332,0.0255777836,0.896551728
,710030930,-22.89626466652854,-43.15271989167233,63.7,15.3,0.221733332,0.0255777836,0.896551728
,710030930,-22.89626466652854,-43.15271989167233,63.7,15.3,0.221733332,0.0255777836,0.896551728
,710030930,-22.89626466652854,-43.15271989167233,63.7,15.3,0.221733332,0.0255777836,0.896551728
,710030930,-22.89623238232642,-43.152651558192645,63.7,15.3,0.221733332,0.0255777836,0.896551728
,710030930,-22.89623238232642,-43.152651558192645,63.7,15.3,0.221733332,0.0255777836,0.896551728
,710030930,-22.89623238232642,-43.152651558192645,63.7,15.3,0.221733332,0.0255777836,0.896551728
,710030930,-22.89623238232642,-43.152651558192645,63.7,15.3,0.221733332,0.0255777836,0.896551728
,710030930,-22.89623238232642,-43.152651558192645,63.7,15.3,0.221733332,0.0255777836,0.896551728
,710030930,-22.89623238232642,-43.152651558192645,63.7,15.3,0.221733332,0.0255777836,0.896551728
,710030930,-22.89623238232642,-43.152651558192645,63.7,15.3,0.221733332,0.0255777836,0.896551728
,710030930,-22.89623238232642,-43.152651558192645,63.7,15.3,0.221733332,0.0255777836,0.896551728
,710030930,-22.89623238232642,-43.152651558192645,63.7,15.3,0.224100009,0.0257222652,0.896551728
,710030930,-22.89623238232642,-43.152651558192645,63.7,15.3,0.224100009,0.0257222652,0.896551728
,710030930,-22.89623238232642,-43.152651558192645,63.7,15.3,0.224100009,0.0257222652,0.896551728
,710030930,-22.89623238232642,-43.152651558192645,63.7,15.3,0.224100009,0.0257222652,0.896551728
,710030930,-22.89623238232642,-43.152651558192645,63.7,15.3,0.224100009,0.0257222652,0.896551728
,710030930,-22.89623238232642,-43.152651558192645,63.7,15.3,0.224100009,0.0257222652,0.896551728
,710030930,-22.89623238232642,-43.152651558192645,63.7,15.3,0.224100009,0.0257222652,0.896551728
,710030930,-22.89623238232642,-43.152651558192645,63.7,15.3,0.224100009,0.0257222652,0.896551728
,710030930,-22.89623238232642,-43.152651558192645,63.7,15.3,0.224100009,0.0257222652,0.896551728
,710030930,-22.89623238232642,-43.152651558192645,63.7,15.3,0.224100009,0.0257222652,0.896551728
,710030930,-22.89623238232642,-43.152651558192645,63.7,15.3,0.224100009,0.0257222652,0.896551728
,710030930,-22.89623238232642,-43.152651558192645,63.7,15.3,0.224100009,0.0257222652,0.896551728
,710030930,-22.89623238232642,-43.152651558192645,63.7,15.3,0.224100009,0.0257222652,0.896551728
,710030930,-22.89623238232642,-43.152651558192645,63.7,15.3,0.224100009,0.0257222652,0.896551728
,710030930,-22.89623238232642,-43.152651558192645,63.7,15.3,0.224100009,0.0257222652,0.896551728
,710030930,-22.89623238232642,-43.152651558192645,63.7,15.3,0.224100009,0.0257222652,0.896551728
,710030930,-22.89623238232642,-43.152651558192645,63.7,15.3,0.224100009,0.0257222652,0.896551728
,710030930,-22.89623238232642,-43.152651558192645,63.7,15.3,0.224100009,0.0257222652,0.896551728
,710030930,-22.89623238232642,-43.152651558192645,63.7,15.3,0.224100009,0.0257222652,0.896551728
,710030930,-22.89623238232642,-43.152651558192645,63.7,15.3,0.224100009,0.0257222652,0.896551728
,710030930,-22.89623238232642,-43.152651558192645,63.7,15.3,0.224100009,0.0257222652,0.896551728
,710030930,-22.89623238232642,-43.152651558192645,63.7,15.3,0.224100009,0.0257222652,0.896551728
,710030930,-22.896200098096877,-43.15258322474699,63.7,15.3,0.224100009,0.0257222652,0.896551728
,710030930,-22.896200098096877,-43.15258322474699,63.7,15.3,0.224100009,0.0257222652,0.896551728
,710030930,-22.896200098096877,-43.15258322474699,63.7,15.3,0.224100009,0.0257222652,0.896551728
,710030930,-22.896200098096877,-43.15258322474699,63.7,15.3,0.224100009,0.0257222652,0.896551728
,710030930,-22.896200098096877,-43.15258322474699,63.7,15.3,0.224100009,0.0257222652,0.896551728
,710030930,-22.896200098096877,-43.15258322474699,63.7,15.3,0.224100009,0.0257222652,0.896551728
,710030930,-22.896200098096877,-43.15258322474699,63.7,15.3,0.224100009,0.0257222652,0.896551728
,710030930,-22.896200098096877,-43.15258322474699,63.7,15.3,0.224100009,0.0257222652,0.896551728
,710030930,-22.896200098096877,-43.15258322474699,63.7,15.3,0.224100009,0.0257222652,0.896551728
,710030930,-22.896200098096877,-43.15258322474699,63.7,15.3,0.224100009,0.0257222652,0.896551728
,710030930,-22.896200098096877,-43.15258322474699,63.7,15.3,0.224100009,0.0257222652,0.896551728
,710030930,-22.896200098096877,-43.15258322474699,63.7,15.3,0.224100009,0.0257222652,0.896551728
,710030930,-22.896200098096877,-43.15258322474699,63.7,15.3,0.224100009,0.0257222652,0.896551728
,710030930,-22.896200098096877,-43.15258322474699,63.7,15.3,0.224100009,0.0257222652,0.896551728
,710030930,-22.896200098096877,-43.15258322474699,63.7,15.3,0.224100009,0.0257222652,0.896551728
,710030930,-22.896200098096877,-43.15258322474699,63.7,15.3,0.224100009,0.0257222652,0.896551728
,710030930,-22.896200098096877,-43.15258322474699,63.7,15.3,0.224100009,0.0257222652,0.896551728
,710030930,-22.896200098096877,-43.15258322474699,63.7,15.3,0.224100009,0.0257222652,0.896551728
,710030930,-22.896200098096877,-43.15258322474699,63.7,15.3,0.224100009,0.0257222652,0.896551728
,710030930,-22.896200098096877,-43.15258322474699,63.7,15.3,0.224100009,0.0257222652,0.896551728
,710030930,-22.896200098096877,-43.15258322474699,63.7,15.3,0.224100009,0.0257222652,0.896551728
,710030930,-22.896200098096877,-43.15258322474699,63.7,15.3,0.224100009,0.0257222652,0.896551728
,710030930,-22.896200098096877,-43.15258322474699,63.7,15.3,0.224100009,0.0257222652,0.896551728
,710030930,-22.896200098096877,-43.15258322474699,63.7,15.3,0.224100009,0.0257222652,0.896551728
,710030930,-22.896200098096877,-43.15258322474699,63.7,15.3,0.224100009,0.0257222652,0.896551728
,710030930,-22.896200098096877,-43.15258322474699,63.7,15.3,0.224100009,0.0257222652,0.896551728
,710030930,-22.896200098096877,-43.15258322474699,63.7,15.3,0.224100009,0.0257222652,0.896551728
,710030930,-22.896200098096877,-43.15258322474699,63.7,15.3,0.224100009,0.0257222652,0.896551728
,710030930,-22.89616781383993,-43.152514891335365,63.7,15.3,0.224100009,0.0257222652,0.896551728
,710030930,-22.89616781383993,-43.152514891335365,63.7,15.3,0.224100009,0.0257222652,0.896551728
,710030930,-22.89616781383993,-43.152514891335365,63.7,15.3,0.224100009,0.0257222652,0.896551728
,710030930,-22.89616781383993,-43.152514891335365,63.7,15.3,0.224100009,0.0257222652,0.896551728
,710030930,-22.89616781383993,-43.152514891335365,63.7,15.3,0.224100009,0.0257222652,0.896551728
,710030930,-22.89616781383993,-43.152514891335365,63.7,15.3,0.224100009,0.0257222652,0.896551728
,710030930,-22.89616781383993,-43.152514891335365,63.7,15.3,0.224100009,0.0257222652,0.896551728
,710030930,-22.89616781383993,-43.152514891335365,63.7,15.3,0.224100009,0.0257222652,0.896551728
,710030930,-22.89616781383993,-43.152514891335365,63.7,15.3,0.224100009,0.0257222652,0.896551728
,710030930,-22.89616781383993,-43.152514891335365,63.7,15.3,0.224100009,0.0257222652,0.896551728
,710030930,-22.89616781383993,-43.152514891335365,63.7,15.3,0.224100009,0.0257222652,0.896551728
,710030930,-22.89616781383993,-43.152514891335365,63.7,15.3,0.224100009,0.0257222652,0.896551728
,710030930,-22.89616781383993,-43.152514891335365,63.7,15.3,0.224100009,0.0257222652,0.896551728
,710030930,-22.89616781383993,-43.152514891335365,63.7,15.3,0.224100009,0.0257222652,0.896551728
,710030930,-22.89616781383993,-43.152514891335365,63.7,15.3,0.224100009,0.0257222652,0.896551728
,710030930,-22.89616781383993,-43.152514891335365,63.7,15.3,0.224100009,0.0257222652,0.896551728
,710030930,-22.89616781383993,-43.152514891335365,63.7,15.3,0.224100009,0.0257222652,0.896551728
,710030930,-22.89616781383993,-43.152514891335365,63.7,15.3,0.224100009,0.0257222652,0.896551728
,710030930,-22.89616781383993,-43.152514891335365,63.7,15.3,0.224100009,0.0257222652,0.896551728
,710030930,-22.89616781383993,-43.152514891335365,63.7,15.3,0.224100009,0.0257222652,0.896551728
,710030930,-22.89616781383993,-43.152514891335365,63.7,15.3,0.224100009,0.0257222652,0.896551728
,710030930,-22.89616781383993,-43.152514891335365,63.7,15.3,0.224100009,0.0257222652,0.896551728
,710030930,-22.89616781383993,-43.152514891335365,63.7,15.3,0.224100009,0.0257222652,0.896551728
,710030930,-22.89616781383993,-43.152514891335365,63.7,15.3,0.224100009,0.0257222652,0.896551728
,710030930,-22.89616781383993,-43.152514891335365,63.7,15.3,0.224100009,0.0257222652,0.896551728
,710030930,-22.89616781383993,-43.152514891335365,63.7,15.3,0.224100009,0.0257222652,0.896551728
,710030930,-22.89616781383993,-43.152514891335365,63.7,15.3,0.224100009,0.0257222652,0.896551728
,710030930,-22.89616781383993,-43.152514891335365,63.7,15.3,0.224100009,0.0257222652,0.896551728
,710030930,-22.89616781383993,-43.152514891335365,63.7,15.3,0.224100009,0.0257222652,0.896551728
,710030930,-22.89616781383993,-43.152514891335365,63.7,15.3,0.224100009,0.0257222652,0.896551728
,710030930,-22.896135529555576,-43.15244655795777,63.7,15.3,0.224100009,0.0257222652,0.896551728
,710030930,-22.896135529555576,-43.15244655795777,63.7,15.3,0.224100009,0.0257222652,0.896551728
,710030930,-22.896135529555576,-43.15244655795777,63.7,15.3,0.224100009,0.0257222652,0.896551728
,710030930,-22.896135529555576,-43.15244655795777,63.7,15.3,0.224100009,0.0257222652,0.896551728
,710030930,-22.896135529555576,-43.15244655795777,63.7,15.3,0.224100009,0.0257222652,0.896551728
,710030930,-22.896135529555576,-43.15244655795777,63.7,15.3,0.224100009,0.0257222652,0.896551728
,710030930,-22.896135529555576,-43.15244655795777,63.7,15.3,0.226805553,0.0257999897,0.931034505
,710030930,-22.896135529555576,-43.15244655795777,63.7,15.3,0.226805553,0.0257999897,0.931034505
,710030930,-22.896135529555576,-43.15244655795777,63.7,15.3,0.226805553,0.0257999897,0.931034505
,710030930,-22.896135529555576,-43.15244655795777,63.7,15.3,0.226805553,0.0257999897,0.931034505
,710030930,-22.896135529555576,-43.15244655795777,63.7,15.3,0.226805553,0.0257999897,0.931034505
,710030930,-22.896135529555576,-43.15244655795777,63.7,15.3,0.226805553,0.0257999897,0.931034505
,710030930,-22.89610324524382,-43.152378224614196,63.7,15.3,0.226805553,0.0257999897,0.931034505
,710030930,-22.89610324524382,-43.152378224614196,63.7,15.3,0.226805553,0.0257999897,0.931034505
,710030930,-22.89610324524382,-43.152378224614196,63.7,15.3,0.226805553,0.0257999897,0.931034505
,710030930,-22.89610324524382,-43.152378224614196,63.7,15.3,0.226805553,0.0257999897,0.931034505
,710030930,-22.89610324524382,-43.152378224614196,63.7,15.3,0.226805553,0.0257999897,0.931034505
,710030930,-22.89610324524382,-43.152378224614196,63.7,15.3,0.226805553,0.0257999897,0.931034505
,710030930,-22.89610324524382,-43.152378224614196,63.7,15.3,0.226805553,0.0257999897,0.931034505
,710030930,-22.89610324524382,-43.152378224614196,63.7,15.3,0.226805553,0.0257999897,0.931034505
,710030930,-22.89610324524382,-43.152378224614196,63.7,15.3,0.226805553,0.0257999897,0.931034505
,710030930,-22.89610324524382,-43.152378224614196,63.7,15.3,0.226805553,0.0257999897,0.931034505
,710030930,-22.89610324524382,-43.152378224614196,63.7,15.3,0.226805553,0.0257999897,0.931034505
,710030930,-22.89610324524382,-43.152378224614196,63.7,15.3,0.226805553,0.0257999897,0.931034505
,710030930,-22.89610324524382,-43.152378224614196,63.7,15.3,0.226805553,0.0257999897,0.931034505
,710030930,-22.89610324524382,-43.152378224614196,63.7,15.3,0.226805553,0.0257999897,0.931034505
,710030930,-22.89610324524382,-43.152378224614196,63.7,15.3,0.226805553,0.0257999897,0.931034505
,710030930,-22.89610324524382,-43.152378224614196,63.7,15.3,0.226805553,0.0257999897,0.931034505
,710030930,-22.89610324524382,-43.152378224614196,63.7,15.3,0.226805553,0.0257999897,0.931034505
,710030930,-22.89610324524382,-43.152378224614196,63.7,15.3,0.226805553,0.0257999897,0.931034505
,710030930,-22.89610324524382,-43.152378224614196,63.7,15.3,0.226805553,0.0257999897,0.931034505
,710030930,-22.896070960904645,-43.152309891304654,63.7,15.3,0.226805553,0.0257999897,0.931034505
,710030930,-22.896070960904645,-43.152309891304654,63.7,15.3,0.226805553,0.0257999897,0.931034505
,710030930,-22.896070960904645,-43.152309891304654,63.7,15.3,0.226805553,0.0257999897,0.931034505
,710030930,-22.896070960904645,-43.152309891304654,63.7,15.3,0.226805553,0.0257999897,0.931034505
,710030930,-22.896070960904645,-43.152309891304654,63.7,15.3,0.226805553,0.0257999897,0.931034505
,710030930,-22.896070960904645,-43.152309891304654,63.7,15.3,0.226805553,0.0257999897,0.931034505
,710030930,-22.896070960904645,-43.152309891304654,63.7,15.3,0.226805553,0.0257999897,0.931034505
,710030930,-22.896070960904645,-43.152309891304654,63.7,15.3,0.226805553,0.0257999897,0.931034505
,710030930,-22.896070960904645,-43.152309891304654,63.7,15.3,0.226805553,0.0257999897,0.931034505
,710030930,-22.896070960904645,-43.152309891304654,63.7,15.3,0.226805553,0.0257999897,0.931034505
,710030930,-22.896070960904645,-43.152309891304654,63.7,15.3,0.226805553,0.0257999897,0.931034505
,710030930,-22.896070960904645,-43.152309891304654,63.7,15.3,0.226805553,0.0257999897,0.931034505
,710030930,-22.896070960904645,-43.152309891304654,63.7,15.3,0.226805553,0.0257999897,0.931034505
,710030930,-22.896070960904645,-43.152309891304654,63.7,15.3,0.226805553,0.0257999897,0.931034505
,710030930,-22.896070960904645,-43.152309891304654,63.7,15.3,0.226805553,0.0257999897,0.931034505
,710030930,-22.896070960904645,-43.152309891304654,63.7,15.3,0.226805553,0.0257999897,0.931034505
,710030930,-22.89603867653807,-43.15224155802913,63.7,15.3,0.226805553,0.0257999897,0.931034505
,710030930,-22.89603867653807,-43.15224155802913,63.7,15.3,0.226805553,0.0257999897,0.931034505
,710030930,-22.89603867653807,-43.15224155802913,63.7,15.3,0.226805553,0.0257999897,0.931034505
,710030930,-22.89603867653807,-43.15224155802913,63.7,15.3,0.229466677,0.0258889198,0.931034505
,710030930,-22.89603867653807,-43.15224155802913,63.7,15.3,0.229466677,0.0258889198,0.931034505
,710030930,-22.89603867653807,-43.15224155802913,63.7,15.3,0.229466677,0.0258889198,0.931034505
,710030930,-22.89603867653807,-43.15224155802913,63.7,15.3,0.229466677,0.0258889198,0.931034505
,710030930,-22.89603867653807,-43.15224155802913,63.7,15.3,0.229466677,0.0258889198,0.931034505
,710030930,-22.89603867653807,-43.15224155802913,63.7,15.3,0.229466677,0.0258889198,0.931034505
,710030930,-22.89603867653807,-43.15224155802913,63.7,15.3,0.229466677,0.0258889198,0.931034505
,710030930,-22.89603867653807,-43.15224155802913,63.7,15.3,0.229466677,0.0258889198,0.931034505
,710030930,-22.89603867653807,-43.15224155802913,63.7,15.3,0.229466677,0.0258889198,0.931034505
,710030930,-22.89603867653807,-43.15224155802913,63.7,15.3,0.229466677,0.0258889198,0.931034505
,710030930,-22.895974107722708,-43.15210489158017,63.7,15.3,0.229466677,0.0258889198,0.931034505
,710030930,-22.895974107722708,-43.15210489158017,63.7,15.3,0.229466677,0.0258889198,0.931034505
,710030930,-22.895974107722708,-43.15210489158017,63.7,15.3,0.229466677,0.0258889198,0.931034505
,710030930,-22.895974107722708,-43.15210489158017,63.7,15.3,0.229466677,0.0258889198,0.931034505
,710030930,-22.895974107722708,-43.15210489158017,63.7,15.3,0.229466677,0.0258889198,0.931034505
,710030930,-22.895941823273905,-43.15203655840674,63.7,15.3,0.229466677,0.0258889198,0.931034505
,710030930,-22.896003444157774,-43.15214940528955,63.7,15.3,0.229466677,0.0258889198,0.931034505
,710030930,-22.896003444157774,-43.15214940528955,63.7,15.3,0.229466677,0.0258889198,0.931034505
,710030930,-22.896003444157774,-43.15214940528955,63.7,15.3,0.232088894,0.0259666443,0.931405246
,710030930,-22.896003444157774,-43.15214940528955,63.7,15.3,0.232088894,0.0259666443,0.931034505
,710030930,-22.896003444157774,-43.15214940528955,63.7,15.3,0.232088894,0.0259666443,0.931034505
,710030930,-22.896003444157774,-43.15214940528955,63.7,15.3,0.232088894,0.0259666443,0.931034505
,710030930,-22.896003444157774,-43.15214940528955,63.7,15.3,0.232088894,0.0259666443,0.931034505
,710030930,-22.896003444157774,-43.15214940528955,63.7,15.3,0.232088894,0.0259666443,0.931034505
,710030930,-22.896003444157774,-43.15214940528955,63.7,15.3,0.232088894,0.0259666443,0.931034505
,710030930,-22.896003444157774,-43.15214940528955,63.7,15.3,0.232088894,0.0259666443,0.931034505
,710030930,-22.896003444157774,-43.15214940528955,63.7,15.3,0.232088894,0.0259666443,0.931034505
,710030930,-22.896003444157774,-43.15214940528955,63.7,15.3,0.232088894,0.0259666443,0.931034505
,710030930,-22.895971159726592,-43.152081072089935,63.7,15.3,0.232088894,0.0259666443,0.931034505
,710030930,-22.895971159726592,-43.152081072089935,63.7,15.3,0.232088894,0.0259666443,0.931034505
,710030930,-22.895971159726592,-43.152081072089935,63.7,15.3,0.232088894,0.0259666443,0.931034505
,710030930,-22.895971159726592,-43.152081072089935,63.7,15.3,0.232088894,0.0259666443,0.931034505
,710030930,-22.895971159726592,-43.152081072089935,63.7,15.3,0.232088894,0.0259666443,0.931034505
,710030930,-22.895971159726592,-43.152081072089935,63.7,15.3,0.232088894,0.0259666443,0.931034505
,710030930,-22.895971159726592,-43.152081072089935,63.7,15.3,0.232088894,0.0259666443,0.931034505
,710030930,-22.895971159726592,-43.152081072089935,63.7,15.3,0.232088894,0.0259666443,0.931034505
,710030930,-22.895971159726592,-43.152081072089935,63.7,15.3,0.232088894,0.0259666443,0.931034505
,710030930,-22.895971159726592,-43.152081072089935,63.7,15.3,0.232088894,0.0259666443,0.931034505
,710030930,-22.895971159726592,-43.152081072089935,63.7,15.3,0.232088894,0.0259666443,0.931034505
,710030930,-22.895971159726592,-43.152081072089935,63.7,15.3,0.232088894,0.0259666443,0.931034505
,710030930,-22.895971159726592,-43.152081072089935,63.7,15.3,0.232088894,0.0259666443,0.931034505
,710030930,-22.895971159726592,-43.152081072089935,63.7,15.3,0.232088894,0.0259666443,0.931034505
,710030930,-22.895971159726592,-43.152081072089935,63.7,15.3,0.232088894,0.0259666443,0.931034505
,710030930,-22.895938875268005,-43.15201273892435,63.7,15.3,0.232088894,0.0259666443,0.931034505
,710030930,-22.895938875268005,-43.15201273892435,63.7,15.3,0.232088894,0.0259666443,0.931034505
,710030930,-22.895938875268005,-43.15201273892435,63.7,15.3,0.232088894,0.0259666443,0.931034505
,710030930,-22.895938875268005,-43.15201273892435,63.7,15.3,0.232088894,0.0259666443,0.931034505
,710030930,-22.89590659078201,-43.15194440579278,63.7,15.3,0.232088894,0.0259666443,0.931034505
,710030930,-22.89590659078201,-43.15194440579278,63.7,15.3,0.233294442,0.0259999037,0.931034505
,710030930,-22.89590659078201,-43.15194440579278,63.7,15.3,0.233294442,0.0259999037,0.931034505
,710030930,-22.89590659078201,-43.15194440579278,63.7,15.3,0.233294442,0.0259999037,0.931034505
,710030930,-22.89590659078201,-43.15194440579278,63.7,15.3,0.233294442,0.0259999037,0.931034505
,710030930,-22.89590659078201,-43.15194440579278,63.7,15.3,0.233294442,0.0259999037,0.931034505
,710030930,-22.89590659078201,-43.15194440579278,63.7,15.3,0.233294442,0.0259999037,0.931034505
,710030930,-22.89590659078201,-43.15194440579278,63.7,15.3,0.233294442,0.0259999037,0.931034505
,710030930,-22.89590659078201,-43.15194440579278,63.7,15.3,0.233294442,0.0259999037,0.931034505
,710030930,-22.89590659078201,-43.15194440579278,63.7,15.3,0.233294442,0.0259999037,0.931034505
,710030930,-22.89590659078201,-43.15194440579278,63.7,15.3,0.233294442,0.0259999037,0.931034505
,710030930,-22.895874306268606,-43.15187607269525,63.7,15.3,0.233294442,0.0259999037,0.931034505
,710030930,-22.895874306268606,-43.15187607269525,63.7,15.3,0.233294442,0.0259999037,0.931034505
,710030930,-22.895874306268606,-43.15187607269525,63.7,15.3,0.233294442,0.0259999037,0.931034505
,710030930,-22.895874306268606,-43.15187607269525,63.7,15.3,0.233294442,0.0259999037,0.931034505
,710030930,-22.895874306268606,-43.15187607269525,63.7,15.3,0.233294442,0.0259999037,0.931034505
,710030930,-22.895874306268606,-43.15187607269525,63.7,15.3,0.233294442,0.0259999037,0.931034505
,710030930,-22.895874306268606,-43.15187607269525,63.7,15.3,0.233294442,0.0259999037,0.931034505
,710030930,-22.895874306268606,-43.15187607269525,63.7,15.3,0.233294442,0.0259999037,0.931034505
,710030930,-22.895874306268606,-43.15187607269525,63.7,15.3,0.233294442,0.0259999037,0.931034505
,710030930,-22.895874306268606,-43.15187607269525,63.7,15.3,0.233294442,0.0259999037,0.931034505
,710030930,-22.895874306268606,-43.15187607269525,63.7,15.3,0.233294442,0.0259999037,0.931034505
,710030930,-22.895874306268606,-43.15187607269525,63.7,15.3,0.233294442,0.0259999037,0.931034505
,710030930,-22.895874306268606,-43.15187607269525,63.7,15.3,0.233294442,0.0259999037,0.931034505
,710030930,-22.895874306268606,-43.15187607269525,63.7,15.3,0.233294442,0.0259999037,0.931034505
,710030930,-22.895874306268606,-43.15187607269525,63.7,15.3,0.233294442,0.0259999037,0.931034505
,710030930,-22.895842021727802,-43.15180773963175,63.7,15.3,0.233294442,0.0259999037,0.931034505
,710030930,-22.895842021727802,-43.15180773963175,63.7,15.3,0.233294442,0.0259999037,0.931034505
,710030930,-22.895842021727802,-43.15180773963175,63.7,15.3,0.233294442,0.0259999037,0.931034505
,710030930,-22.895842021727802,-43.15180773963175,63.7,15.3,0.233294442,0.0259999037,0.931034505
,710030930,-22.895842021727802,-43.15180773963175,63.7,15.3,0.233294442,0.0259999037,0.931034505
,710030930,-22.895842021727802,-43.15180773963175,63.7,15.3,0.233294442,0.0259999037,0.931034505
,710030930,-22.895842021727802,-43.15180773963175,63.7,15.3,0.233294442,0.0259999037,0.931034505
,710030930,-22.895842021727802,-43.15180773963175,63.7,15.3,0.233294442,0.0259999037,0.931034505
,710030930,-22.895842021727802,-43.15180773963175,63.7,15.3,0.233294442,0.0259999037,0.931034505
,710030930,-22.895842021727802,-43.15180773963175,63.7,15.3,0.233294442,0.0259999037,0.931034505
,710030930,-22.895842021727802,-43.15180773963175,63.7,15.3,0.233294442,0.0259999037,0.931034505
,710030930,-22.895842021727802,-43.15180773963175,63.7,15.3,0.233294442,0.0259999037,0.931034505
,710030930,-22.895842021727802,-43.15180773963175,63.7,15.3,0.233294442,0.0259999037,0.931034505
,710030930,-22.895842021727802,-43.15180773963175,63.7,15.3,0.233294442,0.0259999037,0.931034505
,710030930,-22.895842021727802,-43.15180773963175,63.7,15.3,0.233294442,0.0259999037,0.931034505
,710030930,-22.895809737159585,-43.15173940660226,63.7,15.3,0.233294442,0.0259999037,0.931034505
,710030930,-22.895809737159585,-43.15173940660226,63.7,15.3,0.233294442,0.0259999037,0.931034505
,710030930,-22.895809737159585,-43.15173940660226,63.7,15.3,0.233294442,0.0259999037,0.931034505
,710030930,-22.895809737159585,-43.15173940660226,63.7,15.3,0.233294442,0.0259999037,0.931034505
,710030930,-22.895809737159585,-43.15173940660226,63.7,15.3,0.233294442,0.0259999037,0.931034505
,710030930,-22.895809737159585,-43.15173940660226,63.7,15.3,0.235844448,0.0260888338,0.943107367
,710030930,-22.895809737159585,-43.15173940660226,63.7,15.3,0.235844448,0.0260888338,0.931034505
,710030930,-22.895809737159585,-43.15173940660226,63.7,15.3,0.235844448,0.0260888338,0.931034505
,710030930,-22.895809737159585,-43.15173940660226,63.7,15.3,0.235844448,0.0260888338,0.931034505
,710030930,-22.895809737159585,-43.15173940660226,63.7,15.3,0.235844448,0.0260888338,0.931034505
,710030930,-22.895809737159585,-43.15173940660226,63.7,15.3,0.235844448,0.0260888338,0.931034505
,710030930,-22.895809737159585,-43.15173940660226,63.7,15.3,0.235844448,0.0260888338,0.931034505
,710030930,-22.895809737159585,-43.15173940660226,63.7,15.3,0.235844448,0.0260888338,0.931034505
,710030930,-22.895809737159585,-43.15173940660226,63.7,15.3,0.235844448,0.0260888338,0.931034505
,710030930,-22.895809737159585,-43.15173940660226,63.7,15.3,0.235844448,0.0260888338,0.931034505
,710030930,-22.895777452563962,-43.15167107360681,63.7,15.3,0.235844448,0.0260888338,0.931034505
,710030930,-22.895777452563962,-43.15167107360681,63.7,15.3,0.235844448,0.0260888338,0.931034505
,710030930,-22.895777452563962,-43.15167107360681,63.7,15.3,0.235844448,0.0260888338,0.931034505
,710030930,-22.895777452563962,-43.15167107360681,63.7,15.3,0.235844448,0.0260888338,0.931034505
,710030930,-22.895777452563962,-43.15167107360681,63.7,15.3,0.235844448,0.0260888338,0.931034505
,710030930,-22.895777452563962,-43.15167107360681,63.7,15.3,0.235844448,0.0260888338,0.931034505
,710030930,-22.895777452563962,-43.15167107360681,63.7,15.3,0.235844448,0.0260888338,0.931034505
,710030930,-22.895777452563962,-43.15167107360681,63.7,15.3,0.235844448,0.0260888338,0.931034505
,710030930,-22.895777452563962,-43.15167107360681,63.7,15.3,0.235844448,0.0260888338,0.931034505
,710030930,-22.895777452563962,-43.15167107360681,63.7,15.3,0.235844448,0.0260888338,0.931034505
,710030930,-22.895777452563962,-43.15167107360681,63.7,15.3,0.235844448,0.0260888338,0.931034505
,710030930,-22.895777452563962,-43.15167107360681,63.7,15.3,0.235844448,0.0260888338,0.931034505
,710030930,-22.895777452563962,-43.15167107360681,63.7,15.3,0.235844448,0.0260888338,0.931034505
,710030930,-22.895777452563962,-43.15167107360681,63.7,15.3,0.235844448,0.0260888338,0.931034505
,710030930,-22.895777452563962,-43.15167107360681,63.7,15.3,0.235844448,0.0260888338,0.931034505
,710030930,-22.89574516794094,-43.15160274064539,63.7,15.3,0.235844448,0.0260888338,0.931034505
,710030930,-22.89574516794094,-43.15160274064539,63.7,15.3,0.235844448,0.0260888338,0.931034505
,710030930,-22.89574516794094,-43.15160274064539,63.7,15.3,0.235844448,0.0260888338,0.931034505
,710030930,-22.89574516794094,-43.15160274064539,63.7,15.3,0.235844448,0.0260888338,0.931034505
,710030930,-22.89574516794094,-43.15160274064539,63.7,15.3,0.235844448,0.0260888338,0.931034505
,710030930,-22.89574516794094,-43.15160274064539,63.7,15.3,0.235844448,0.0260888338,0.931034505
,710030930,-22.89574516794094,-43.15160274064539,63.7,15.3,0.235844448,0.0260888338,0.931034505
,710030930,-22.89574516794094,-43.15160274064539,63.7,15.3,0.235844448,0.0260888338,0.931034505
,710030930,-22.89574516794094,-43.15160274064539,63.7,15.3,0.235844448,0.0260888338,0.931034505
,710030930,-22.89574516794094,-43.15160274064539,63.7,15.3,0.235844448,0.0260888338,0.931034505
,710030930,-22.89574516794094,-43.15160274064539,63.7,15.3,0.235844448,0.0260888338,0.931034505
,710030930,-22.89574516794094,-43.15160274064539,63.7,15.3,0.235844448,0.0260888338,0.931034505
,710030930,-22.89574516794094,-43.15160274064539,63.7,15.3,0.235844448,0.0260888338,0.931034505
,710030930,-22.89571288329051,-43.151534407717996,63.7,15.3,0.235844448,0.0260888338,0.931034505
,710030930,-22.89571288329051,-43.151534407717996,63.7,15.3,0.235844448,0.0260888338,0.931034505
,710030930,-22.89571288329051,-43.151534407717996,63.7,15.3,0.235844448,0.0260888338,0.931034505
,710030930,-22.89571288329051,-43.151534407717996,63.7,15.3,0.235844448,0.0260888338,0.931034505
,710030930,-22.89571288329051,-43.151534407717996,63.7,15.3,0.235844448,0.0260888338,0.931034505
,710030930,-22.89571288329051,-43.151534407717996,63.7,15.3,0.235844448,0.0260888338,0.931034505
,710030930,-22.89571288329051,-43.151534407717996,63.7,15.3,0.235844448,0.0260888338,0.931034505
,710030930,-22.89571288329051,-43.151534407717996,63.7,15.3,0.238355547,0.0261666775,0.951546311
,710030930,-22.89571288329051,-43.151534407717996,63.7,15.3,0.238355547,0.0261666775,0.951546311
,710030930,-22.89571288329051,-43.151534407717996,63.7,15.3,0.238355547,0.0261666775,0.965517223
,710030930,-22.89571288329051,-43.151534407717996,63.7,15.3,0.238355547,0.0261666775,0.965517223
,710030930,-22.89571288329051,-43.151534407717996,63.7,15.3,0.238355547,0.0261666775,0.965517223
,710030930,-22.89571288329051,-43.151534407717996,63.7,15.3,0.238355547,0.0261666775,0.965517223
,710030930,-22.89571288329051,-43.151534407717996,63.7,15.3,0.238355547,0.0261666775,0.965517223
,710030930,-22.895680598612675,-43.15146607482462,63.7,15.3,0.238355547,0.0261666775,0.965517223
,710030930,-22.895680598612675,-43.15146607482462,63.7,15.3,0.238355547,0.0261666775,0.965517223
,710030930,-22.895680598612675,-43.15146607482462,63.7,15.3,0.238355547,0.0261666775,0.965517223
,710030930,-22.895680598612675,-43.15146607482462,63.7,15.3,0.238355547,0.0261666775,0.965517223
,710030930,-22.895680598612675,-43.15146607482462,63.7,15.3,0.238355547,0.0261666775,0.965517223
,710030930,-22.895680598612675,-43.15146607482462,63.7,15.3,0.238355547,0.0261666775,0.965517223
,710030930,-22.89571645636318,-43.15152047704641,63.7,15.3,0.238355547,0.0261666775,0.965517223
,710030930,-22.89571645636318,-43.15152047704641,63.7,15.3,0.238355547,0.0261666775,0.965517223
,710030930,-22.89571645636318,-43.15152047704641,63.7,15.3,0.238355547,0.0261666775,0.965517223
,710030930,-22.89571645636318,-43.15152047704641,63.7,15.3,0.238355547,0.0261666775,0.965517223
,710030930,-22.89571645636318,-43.15152047704641,63.7,15.3,0.238355547,0.0261666775,0.965517223
,710030930,-22.89571645636318,-43.15152047704641,63.7,15.3,0.238355547,0.0261666775,0.965517223
,710030930,-22.89571645636318,-43.15152047704641,63.7,15.3,0.238355547,0.0261666775,0.965517223
,710030930,-22.89571645636318,-43.15152047704641,63.7,15.3,0.238355547,0.0261666775,0.965517223
,710030930,-22.89571645636318,-43.15152047704641,63.7,15.3,0.238355547,0.0261666775,0.965517223
,710030930,-22.89571645636318,-43.15152047704641,63.7,15.3,0.238355547,0.0261666775,0.965517223
,710030930,-22.89571645636318,-43.15152047704641,63.7,15.3,0.238355547,0.0261666775,0.965517223
,710030930,-22.89571645636318,-43.15152047704641,63.7,15.3,0.238355547,0.0261666775,0.965517223
,710030930,-22.89571645636318,-43.15152047704641,63.7,15.3,0.238355547,0.0261666775,0.965517223
,710030930,-22.89571645636318,-43.15152047704641,63.7,15.3,0.238355547,0.0261666775,0.965517223
,710030930,-22.89571645636318,-43.15152047704641,63.7,15.3,0.238355547,0.0261666775,0.965517223
,710030930,-22.895684171679463,-43.15145214415507,63.7,15.3,0.238355547,0.0261666775,0.965517223
,710030930,-22.895684171679463,-43.15145214415507,63.7,15.3,0.238355547,0.0261666775,0.965517223
,710030930,-22.895684171679463,-43.15145214415507,63.7,15.3,0.238355547,0.0261666775,0.965517223
,710030930,-22.895684171679463,-43.15145214415507,63.7,15.3,0.238355547,0.0261666775,0.965517223
,710030930,-22.895684171679463,-43.15145214415507,63.7,15.3,0.238355547,0.0261666775,0.965517223
,710030930,-22.895684171679463,-43.15145214415507,63.7,15.3,0.238355547,0.0261666775,0.965517223
,710030930,-22.895684171679463,-43.15145214415507,63.7,15.3,0.238355547,0.0261666775,0.965517223
,710030930,-22.895684171679463,-43.15145214415507,63.7,15.3,0.238355547,0.0261666775,0.965517223
,710030930,-22.895684171679463,-43.15145214415507,63.7,15.3,0.238355547,0.0261666775,0.965517223
,710030930,-22.895684171679463,-43.15145214415507,63.7,15.3,0.238355547,0.0261666775,0.965517223
,710030930,-22.895684171679463,-43.15145214415507,63.7,15.3,0.238355547,0.0261666775,0.965517223
,710030930,-22.895684171679463,-43.15145214415507,63.7,15.3,0.238355547,0.0261666775,0.965517223
,710030930,-22.895684171679463,-43.15145214415507,63.7,15.3,0.238355547,0.0261666775,0.965517223
,710030930,-22.895684171679463,-43.15145214415507,63.7,15.3,0.238355547,0.0261666775,0.965517223
,710030930,-22.89565188696834,-43.151383811297755,63.7,15.3,0.240233332,0.026222229,0.957275152
,710030930,-22.89565188696834,-43.151383811297755,63.7,15.3,0.240233332,0.026222229,0.965517223
,710030930,-22.89565188696834,-43.151383811297755,63.7,15.3,0.240233332,0.026222229,0.965517223
,710030930,-22.89565188696834,-43.151383811297755,63.7,15.3,0.240233332,0.026222229,0.965517223
,710030930,-22.89565188696834,-43.151383811297755,63.7,15.3,0.240233332,0.026222229,0.965517223
,710030930,-22.89565188696834,-43.151383811297755,63.7,15.3,0.240233332,0.026222229,0.965517223
,710030930,-22.89565188696834,-43.151383811297755,63.7,15.3,0.240233332,0.026222229,0.965517223
,710030930,-22.89565188696834,-43.151383811297755,63.7,15.3,0.240233332,0.026222229,0.965517223
,710030930,-22.89565188696834,-43.151383811297755,63.7,15.3,0.240233332,0.026222229,0.965517223
,710030930,-22.89565188696834,-43.151383811297755,63.7,15.3,0.240233332,0.026222229,0.965517223
,710030930,-22.89565188696834,-43.151383811297755,63.7,15.3,0.240233332,0.026222229,0.965517223
,710030930,-22.89565188696834,-43.151383811297755,63.7,15.3,0.240233332,0.026222229,0.965517223
,710030930,-22.895619602229814,-43.151315478474466,63.7,15.3,0.240233332,0.026222229,0.965517223
,710030930,-22.895619602229814,-43.151315478474466,63.7,15.3,0.240233332,0.026222229,0.965517223
,710030930,-22.895619602229814,-43.151315478474466,63.7,15.3,0.240233332,0.026222229,0.965517223
,710030930,-22.895619602229814,-43.151315478474466,63.7,15.3,0.240233332,0.026222229,0.965517223
,710030930,-22.895619602229814,-43.151315478474466,63.7,15.3,0.240233332,0.026222229,0.965517223
,710030930,-22.895619602229814,-43.151315478474466,63.7,15.3,0.240233332,0.026222229,0.965517223
,710030930,-22.895619602229814,-43.151315478474466,63.7,15.3,0.240233332,0.026222229,0.965517223
,710030930,-22.895619602229814,-43.151315478474466,63.7,15.3,0.240233332,0.026222229,0.965517223
,710030930,-22.895619602229814,-43.151315478474466,63.7,15.3,0.240233332,0.026222229,0.965517223
,710030930,-22.895619602229814,-43.151315478474466,63.7,15.3,0.240233332,0.026222229,0.965517223
,710030930,-22.895619602229814,-43.151315478474466,63.7,15.3,0.240233332,0.026222229,0.965517223
,710030930,-22.895619602229814,-43.151315478474466,63.7,15.3,0.240233332,0.026222229,0.965517223
,710030930,-22.895619602229814,-43.151315478474466,63.7,15.3,0.240233332,0.026222229,0.965517223
,710030930,-22.895619602229814,-43.151315478474466,63.7,15.3,0.240233332,0.026222229,0.965517223
,710030930,-22.895619602229814,-43.151315478474466,63.7,15.3,0.240233332,0.026222229,0.965517223
,710030930,-22.895587317463878,-43.15124714568521,63.7,15.3,0.240233332,0.026222229,0.965517223
,710030930,-22.895587317463878,-43.15124714568521,63.7,15.3,0.240233332,0.026222229,0.965517223
,710030930,-22.895587317463878,-43.15124714568521,63.7,15.3,0.240233332,0.026222229,0.965517223
,710030930,-22.895587317463878,-43.15124714568521,63.7,15.3,0.240233332,0.026222229,0.965517223
,710030930,-22.895587317463878,-43.15124714568521,63.7,15.3,0.240233332,0.026222229,0.965517223
,710030930,-22.895587317463878,-43.15124714568521,63.7,15.3,0.240233332,0.026222229,0.965517223
,710030930,-22.895587317463878,-43.15124714568521,63.7,15.3,0.240233332,0.026222229,0.965517223
,710030930,-22.895587317463878,-43.15124714568521,63.7,15.3,0.240233332,0.026222229,0.965517223
,710030930,-22.895587317463878,-43.15124714568521,63.7,15.3,0.240233332,0.026222229,0.965517223
,710030930,-22.895587317463878,-43.15124714568521,63.7,15.3,0.240233332,0.026222229,0.965517223
,710030930,-22.895587317463878,-43.15124714568521,63.7,15.3,0.240233332,0.026222229,0.965517223
,710030930,-22.895587317463878,-43.15124714568521,63.7,15.3,0.240233332,0.026222229,0.965517223
,710030930,-22.895587317463878,-43.15124714568521,63.7,15.3,0.240233332,0.026222229,0.965517223
,710030930,-22.895587317463878,-43.15124714568521,63.7,15.3,0.240233332,0.026222229,0.965517223
,710030930,-22.895587317463878,-43.15124714568521,63.7,15.3,0.24267222,0.0262999535,0.96581912
,710030930,-22.89555503267054,-43.151178812929984,63.7,15.3,0.24267222,0.0262999535,0.965517223
,710030930,-22.89555503267054,-43.151178812929984,63.7,15.3,0.24267222,0.0262999535,0.965517223
,710030930,-22.89555503267054,-43.151178812929984,63.7,15.3,0.24267222,0.0262999535,0.965517223
,710030930,-22.89555503267054,-43.151178812929984,63.7,15.3,0.24267222,0.0262999535,0.965517223
,710030930,-22.895522747849807,-43.151110480208786,63.7,15.3,0.24267222,0.0262999535,0.965517223
,710030930,-22.895522747849807,-43.151110480208786,63.7,15.3,0.24267222,0.0262999535,0.965517223
,710030930,-22.895522747849807,-43.151110480208786,63.7,15.3,0.24267222,0.0262999535,0.965517223
,710030930,-22.895522747849807,-43.151110480208786,63.7,15.3,0.24267222,0.0262999535,0.965517223
,710030930,-22.895522747849807,-43.151110480208786,63.7,15.3,0.24267222,0.0262999535,0.965517223
,710030930,-22.895522747849807,-43.151110480208786,63.7,15.3,0.24267222,0.0262999535,0.965517223
,710030930,-22.895522747849807,-43.151110480208786,63.7,15.3,0.24267222,0.0262999535,0.965517223
,710030930,-22.895522747849807,-43.151110480208786,63.7,15.3,0.24267222,0.0262999535,0.965517223
,710030930,-22.895522747849807,-43.151110480208786,63.7,15.3,0.24267222,0.0262999535,0.965517223
,710030930,-22.895522747849807,-43.151110480208786,63.7,15.3,0.24267222,0.0262999535,0.965517223
,710030930,-22.895522747849807,-43.151110480208786,63.7,15.3,0.24267222,0.0262999535,0.965517223
,710030930,-22.895522747849807,-43.151110480208786,63.7,15.3,0.24267222,0.0262999535,0.965517223
,710030930,-22.895522747849807,-43.151110480208786,63.7,15.3,0.24267222,0.0262999535,0.965517223
,710030930,-22.895490463001654,-43.15104214752161,63.7,15.3,0.24267222,0.0262999535,0.965517223
,710030930,-22.895490463001654,-43.15104214752161,63.7,15.3,0.24267222,0.0262999535,0.965517223
,710030930,-22.895490463001654,-43.15104214752161,63.7,15.3,0.24267222,0.0262999535,0.965517223
,710030930,-22.895490463001654,-43.15104214752161,63.7,15.3,0.24267222,0.0262999535,0.965517223
,710030930,-22.895490463001654,-43.15104214752161,63.7,15.3,0.24267222,0.0262999535,0.965517223
,710030930,-22.895490463001654,-43.15104214752161,63.7,15.3,0.24267222,0.0262999535,0.965517223
,710030930,-22.895490463001654,-43.15104214752161,63.7,15.3,0.24267222,0.0262999535,0.965517223
,710030930,-22.895490463001654,-43.15104214752161,63.7,15.3,0.24267222,0.0262999535,0.965517223
,710030930,-22.895490463001654,-43.15104214752161,63.7,15.3,0.24267222,0.0262999535,0.965517223
,710030930,-22.895490463001654,-43.15104214752161,63.7,15.3,0.24267222,0.0262999535,0.965517223
,710030930,-22.895490463001654,-43.15104214752161,63.7,15.3,0.24267222,0.0262999535,0.965517223
,710030930,-22.895490463001654,-43.15104214752161,63.7,15.3,0.24267222,0.0262999535,0.965517223
,710030930,-22.895490463001654,-43.15104214752161,63.7,15.3,0.24267222,0.0262999535,0.965517223
,710030930,-22.895490463001654,-43.15104214752161,63.7,15.3,0.24267222,0.0262999535,0.965517223
,710030930,-22.89545197303613,-43.15094504514817,63.7,15.3,0.24267222,0.0262999535,0.965517223
,710030930,-22.89545197303613,-43.15094504514817,63.7,15.3,0.24267222,0.0262999535,0.965517223
,710030930,-22.89545197303613,-43.15094504514817,63.7,15.3,0.245066658,0.0263777971,0.965517223
,710030930,-22.89545197303613,-43.15094504514817,63.7,15.3,0.245066658,0.0263777971,0.965517223
,710030930,-22.89545197303613,-43.15094504514817,63.7,15.3,0.245066658,0.0263777971,0.965517223
,710030930,-22.89545197303613,-43.15094504514817,63.7,15.3,0.245066658,0.0263777971,0.965517223
,710030930,-22.89545197303613,-43.15094504514817,63.7,15.3,0.245066658,0.0263777971,0.965517223
,710030930,-22.89545197303613,-43.15094504514817,63.7,15.3,0.245066658,0.0263777971,0.965517223
,710030930,-22.89545197303613,-43.15094504514817,63.7,15.3,0.245066658,0.0263777971,0.965517223
,710030930,-22.89545197303613,-43.15094504514817,63.7,15.3,0.245066658,0.0263777971,0.965517223
,710030930,-22.89545197303613,-43.15094504514817,63.7,15.3,0.245066658,0.0263777971,0.965517223
,710030930,-22.89545197303613,-43.15094504514817,63.7,15.3,0.245066658,0.0263777971,0.965517223
,710030930,-22.89545197303613,-43.15094504514817,63.7,15.3,0.245066658,0.0263777971,0.965517223
,710030930,-22.89545197303613,-43.15094504514817,63.7,15.3,0.245066658,0.0263777971,0.965517223
,710030930,-22.89545197303613,-43.15094504514817,63.7,15.3,0.245066658,0.0263777971,0.965517223
,710030930,-22.89545197303613,-43.15094504514817,63.7,15.3,0.245066658,0.0263777971,0.965517223
,710030930,-22.89545197303613,-43.15094504514817,63.7,15.3,0.245066658,0.0263777971,0.965517223
,710030930,-22.89545197303613,-43.15094504514817,63.7,15.3,0.245066658,0.0263777971,0.965517223
,710030930,-22.89545197303613,-43.15094504514817,63.7,15.3,0.245066658,0.0263777971,0.965517223
,710030930,-22.89545197303613,-43.15094504514817,63.7,15.3,0.245066658,0.0263777971,0.965517223
,710030930,-22.89545197303613,-43.15094504514817,63.7,15.3,0.245066658,0.0263777971,0.965517223
,710030930,-22.89545197303613,-43.15094504514817,63.7,15.3,0.245066658,0.0263777971,0.965517223
,710030930,-22.89545197303613,-43.15094504514817,63.7,15.3,0.245066658,0.0263777971,0.965517223
,710030930,-22.89545197303613,-43.15094504514817,63.7,15.3,0.245066658,0.0263777971,0.965517223
,710030930,-22.89545197303613,-43.15094504514817,63.7,15.3,0.245066658,0.0263777971,0.965517223
,710030930,-22.89545197303613,-43.15094504514817,63.7,15.3,0.245066658,0.0263777971,0.965517223
,710030930,-22.89541968812143,-43.150876712539805,63.7,15.3,0.245066658,0.0263777971,0.965517223
,710030930,-22.89541968812143,-43.150876712539805,63.7,15.3,0.245066658,0.0263777971,0.965517223
,710030930,-22.89541968812143,-43.150876712539805,63.7,15.3,0.245066658,0.0263777971,0.965517223
,710030930,-22.89541968812143,-43.150876712539805,63.7,15.3,0.245066658,0.0263777971,0.965517223
,710030930,-22.89541968812143,-43.150876712539805,63.7,15.3,0.245066658,0.0263777971,0.965517223
,710030930,-22.89541968812143,-43.150876712539805,63.7,15.3,0.245066658,0.0263777971,0.965517223
,710030930,-22.895387403179324,-43.15080837996547,63.7,15.3,0.245066658,0.0263777971,0.965517223
,710030930,-22.895387403179324,-43.15080837996547,63.7,15.3,0.245066658,0.0263777971,0.965517223
,710030930,-22.895387403179324,-43.15080837996547,63.7,15.3,0.245066658,0.0263777971,0.965517223
,710030930,-22.895387403179324,-43.15080837996547,63.7,15.3,0.245066658,0.0263777971,0.965517223
,710030930,-22.895387403179324,-43.15080837996547,63.7,15.3,0.245066658,0.0263777971,0.965517223
,710030930,-22.895387403179324,-43.15080837996547,63.7,15.3,0.245066658,0.0263777971,0.965517223
,710030930,-22.895387403179324,-43.15080837996547,63.7,15.3,0.245066658,0.0263777971,0.965517223
,710030930,-22.895387403179324,-43.15080837996547,63.7,15.3,0.245066658,0.0263777971,0.965517223
,710030930,-22.895387403179324,-43.15080837996547,63.7,15.3,0.245066658,0.0263777971,0.965517223
,710030930,-22.895387403179324,-43.15080837996547,63.7,15.3,0.245066658,0.0263777971,0.965517223
,710030930,-22.895387403179324,-43.15080837996547,63.7,15.3,0.245066658,0.0263777971,0.965517223
,710030930,-22.895387403179324,-43.15080837996547,63.7,15.3,0.245066658,0.0263777971,0.965517223
,710030930,-22.895387403179324,-43.15080837996547,63.7,15.3,0.245066658,0.0263777971,0.965517223
,710030930,-22.895387403179324,-43.15080837996547,63.7,15.3,0.245066658,0.0263777971,0.965517223
,710030930,-22.895387403179324,-43.15080837996547,63.7,15.3,0.245066658,0.0263777971,0.965517223
,710030930,-22.895387403179324,-43.15080837996547,63.7,15.3,0.245066658,0.0263777971,0.965517223
,710030930,-22.895387403179324,-43.15080837996547,63.7,15.3,0.245066658,0.0263777971,0.965517223
,710030930,-22.895387403179324,-43.15080837996547,63.7,15.3,0.245066658,0.0263777971,0.965517223
,710030930,-22.895387403179324,-43.15080837996547,63.7,15.3,0.245066658,0.0263777971,0.965517223
,710030930,-22.895387403179324,-43.15080837996547,63.7,15.3,0.245066658,0.0263777971,0.965517223
,710030930,-22.895387403179324,-43.15080837996547,63.7,15.3,0.247016668,0.0264444351,0.965517223
,710030930,-22.895387403179324,-43.15080837996547,63.7,15.3,0.247016668,0.0264444351,0.965517223
,710030930,-22.895387403179324,-43.15080837996547,63.7,15.3,0.247016668,0.0264444351,0.965517223
,710030930,-22.895387403179324,-43.15080837996547,63.7,15.3,0.247016668,0.0264444351,0.965517223
,710030930,-22.895387403179324,-43.15080837996547,63.7,15.3,0.247016668,0.0264444351,0.965517223
,710030930,-22.895387403179324,-43.15080837996547,63.7,15.3,0.247016668,0.0264444351,0.965517223
,710030930,-22.895387403179324,-43.15080837996547,63.7,15.3,0.247016668,0.0264444351,0.965517223
,710030930,-22.895387403179324,-43.15080837996547,63.7,15.3,0.247016668,0.0264444351,0.965517223
,710030930,-22.895387403179324,-43.15080837996547,63.7,15.3,0.247016668,0.0264444351,0.965517223
,710030930,-22.895387403179324,-43.15080837996547,63.7,15.3,0.247016668,0.0264444351,0.965517223
,710030930,-22.895387403179324,-43.15080837996547,63.7,15.3,0.247016668,0.0264444351,0.965517223
,710030930,-22.895387403179324,-43.15080837996547,63.7,15.3,0.247016668,0.0264444351,0.965517223
,710030930,-22.895355118209803,-43.15074004742516,63.7,15.3,0.247016668,0.0264444351,0.965517223
,710030930,-22.895355118209803,-43.15074004742516,63.7,15.3,0.247016668,0.0264444351,0.965517223
,710030930,-22.895355118209803,-43.15074004742516,63.7,15.3,0.247016668,0.0264444351,0.965517223
,710030930,-22.895355118209803,-43.15074004742516,63.7,15.3,0.247016668,0.0264444351,0.965517223
,710030930,-22.895355118209803,-43.15074004742516,63.7,15.3,0.247016668,0.0264444351,0.965517223
,710030930,-22.895355118209803,-43.15074004742516,63.7,15.3,0.247016668,0.0264444351,0.965517223
,710030930,-22.895355118209803,-43.15074004742516,63.7,15.3,0.247016668,0.0264444351,0.965517223
,710030930,-22.895355118209803,-43.15074004742516,63.7,15.3,0.247016668,0.0264444351,0.965517223
,710030930,-22.895355118209803,-43.15074004742516,63.7,15.3,0.247016668,0.0264444351,0.965517223
,710030930,-22.895355118209803,-43.15074004742516,63.7,15.3,0.247016668,0.0264444351,0.965517223
,710030930,-22.895355118209803,-43.15074004742516,63.7,15.3,0.247016668,0.0264444351,0.965517223
,710030930,-22.895355118209803,-43.15074004742516,63.7,15.3,0.247016668,0.0264444351,0.965517223
,710030930,-22.895355118209803,-43.15074004742516,63.7,15.3,0.247016668,0.0264444351,0.965517223
,710030930,-22.895355118209803,-43.15074004742516,63.7,15.3,0.247016668,0.0264444351,0.965517223
,710030930,-22.895355118209803,-43.15074004742516,63.7,15.3,0.247016668,0.0264444351,0.965517223
,710030930,-22.895355118209803,-43.15074004742516,63.7,15.3,0.247016668,0.0264444351,0.965517223
,710030930,-22.895355118209803,-43.15074004742516,63.7,15.3,0.247016668,0.0264444351,0.965517223
,710030930,-22.895355118209803,-43.15074004742516,63.7,15.3,0.247016668,0.0264444351,0.965517223
,710030930,-22.895355118209803,-43.15074004742516,63.7,15.3,0.247016668,0.0264444351,0.965517223
,710030930,-22.895355118209803,-43.15074004742516,63.7,15.3,0.247016668,0.0264444351,0.965517223
,710030930,-22.895355118209803,-43.15074004742516,63.7,15.3,0.247016668,0.0264444351,0.965517223
,710030930,-22.895355118209803,-43.15074004742516,63.7,15.3,0.247016668,0.0264444351,0.965517223
,710030930,-22.895355118209803,-43.15074004742516,63.7,15.3,0.247016668,0.0264444351,0.965517223
,710030930,-22.895355118209803,-43.15074004742516,63.7,15.3,0.247016668,0.0264444351,0.965517223
,710030930,-22.895355118209803,-43.15074004742516,63.7,15.3,0.247016668,0.0264444351,0.965517223
,710030930,-22.895355118209803,-43.15074004742516,63.7,15.3,0.247016668,0.0264444351,0.965517223
,710030930,-22.895355118209803,-43.15074004742516,63.7,15.3,0.247016668,0.0264444351,0.965517223
,710030930,-22.895355118209803,-43.15074004742516,63.7,15.3,0.247016668,0.0264444351,0.965517223
,710030930,-22.895355118209803,-43.15074004742516,63.7,15.3,0.247016668,0.0264444351,0.965517223
,710030930,-22.895355118209803,-43.15074004742516,63.7,15.3,0.247016668,0.0264444351,0.965517223
,710030930,-22.895322833212884,-43.15067171491888,63.7,15.3,0.247016668,0.0264444351,0.965517223
,710030930,-22.895322833212884,-43.15067171491888,63.7,15.3,0.247016668,0.0264444351,0.965517223
,710030930,-22.895322833212884,-43.15067171491888,63.7,15.3,0.247016668,0.0264444351,0.965517223
,710030930,-22.895322833212884,-43.15067171491888,63.7,15.3,0.247016668,0.0264444351,0.965517223
,710030930,-22.895322833212884,-43.15067171491888,63.7,15.3,0.247016668,0.0264444351,0.965517223
,710030930,-22.895322833212884,-43.15067171491888,63.7,15.3,0.247016668,0.0264444351,0.965517223
,710030930,-22.895322833212884,-43.15067171491888,63.7,15.3,0.247016668,0.0264444351,0.965517223
,710030930,-22.895322833212884,-43.15067171491888,63.7,15.3,0.247016668,0.0264444351,0.965517223
,710030930,-22.895322833212884,-43.15067171491888,63.7,15.3,0.247016668,0.0264444351,0.965517223
,710030930,-22.895322833212884,-43.15067171491888,63.7,15.3,0.247016668,0.0264444351,0.965517223
,710030930,-22.895322833212884,-43.15067171491888,63.7,15.3,0.247016668,0.0264444351,0.965517223
,710030930,-22.895322833212884,-43.15067171491888,63.7,15.3,0.247016668,0.0264444351,0.965517223
,710030930,-22.895322833212884,-43.15067171491888,63.7,15.3,0.247016668,0.0264444351,0.965517223
,710030930,-22.895322833212884,-43.15067171491888,63.7,15.3,0.247016668,0.0264444351,0.965517223
,710030930,-22.895322833212884,-43.15067171491888,63.7,15.3,0.247016668,0.0264444351,0.965517223
,710030930,-22.895322833212884,-43.15067171491888,63.7,15.3,0.247016668,0.0264444351,0.965517223
,710030930,-22.895322833212884,-43.15067171491888,63.7,15.3,0.247016668,0.0264444351,0.965517223
,710030930,-22.895322833212884,-43.15067171491888,63.7,15.3,0.247016668,0.0264444351,0.965517223
,710030930,-22.895322833212884,-43.15067171491888,63.7,15.3,0.247016668,0.0264444351,0.965517223
,710030930,-22.895322833212884,-43.15067171491888,63.7,15.3,0.247016668,0.0264444351,0.965517223
,710030930,-22.895322833212884,-43.15067171491888,63.7,15.3,0.247016668,0.0264444351,0.965517223
,710030930,-22.895322833212884,-43.15067171491888,63.7,15.3,0.247016668,0.0264444351,0.965517223
,710030930,-22.895322833212884,-43.15067171491888,63.7,15.3,0.247016668,0.0264444351,0.965517223
,710030930,-22.895322833212884,-43.15067171491888,63.7,15.3,0.247016668,0.0264444351,0.965517223
,710030930,-22.895322833212884,-43.15067171491888,63.7,15.3,0.247016668,0.0264444351,0.965517223
,710030930,-22.895322833212884,-43.15067171491888,63.7,15.3,0.247016668,0.0264444351,0.965517223
,710030930,-22.895322833212884,-43.15067171491888,63.7,15.3,0.247016668,0.0264444351,0.965517223
,710030930,-22.895322833212884,-43.15067171491888,63.7,15.3,0.247016668,0.0264444351,0.965517223
,710030930,-22.895322833212884,-43.15067171491888,63.7,15.3,0.247016668,0.0264444351,0.965517223
,710030930,-22.895322833212884,-43.15067171491888,63.7,15.3,0.247016668,0.0264444351,0.965517223
,710030930,-22.895290548188566,-43.15060338244663,63.7,15.3,0.247016668,0.0264444351,0.965517223
,710030930,-22.895290548188566,-43.15060338244663,63.7,15.3,0.247016668,0.0264444351,0.965517223
,710030930,-22.895290548188566,-43.15060338244663,63.7,15.3,0.247016668,0.0264444351,0.965517223
,710030930,-22.895290548188566,-43.15060338244663,63.7,15.3,0.247016668,0.0264444351,0.965517223
,710030930,-22.895290548188566,-43.15060338244663,63.7,15.3,0.247016668,0.0264444351,0.965517223
,710030930,-22.895290548188566,-43.15060338244663,63.7,15.3,0.247016668,0.0264444351,0.965517223
,710030930,-22.895290548188566,-43.15060338244663,63.7,15.3,0.247016668,0.0264444351,0.965517223
,710030930,-22.895290548188566,-43.15060338244663,63.7,15.3,0.247016668,0.0264444351,0.965517223
,710030930,-22.895290548188566,-43.15060338244663,63.7,15.3,0.247016668,0.0264444351,0.965517223
,710030930,-22.895290548188566,-43.15060338244663,63.7,15.3,0.247016668,0.0264444351,0.965517223
,710030930,-22.895290548188566,-43.15060338244663,63.7,15.3,0.247016668,0.0264444351,0.965517223
,710030930,-22.895290548188566,-43.15060338244663,63.7,15.3,0.247016668,0.0264444351,0.965517223
,710030930,-22.895290548188566,-43.15060338244663,63.7,15.3,0.247016668,0.0264444351,0.965517223
,710030930,-22.895290548188566,-43.15060338244663,63.7,15.3,0.247016668,0.0264444351,0.965517223
,710030930,-22.895290548188566,-43.15060338244663,63.7,15.3,0.249338895,0.0265222788,0.989739001
,710030930,-22.895290548188566,-43.15060338244663,63.7,15.3,0.249338895,0.0265222788,0.989739001
,710030930,-22.895290548188566,-43.15060338244663,63.7,15.3,0.249338895,0.0265222788,1.0
,710030930,-22.895290548188566,-43.15060338244663,63.7,15.3,0.249338895,0.0265222788,1.0
,710030930,-22.895290548188566,-43.15060338244663,63.7,15.3,0.249338895,0.0265222788,1.0
,710030930,-22.895290548188566,-43.15060338244663,63.7,15.3,0.249338895,0.0265222788,1.0
,710030930,-22.895290548188566,-43.15060338244663,63.7,15.3,0.249338895,0.0265222788,1.0
,710030930,-22.895290548188566,-43.15060338244663,63.7,15.3,0.249338895,0.0265222788,1.0
,710030930,-22.895290548188566,-43.15060338244663,63.7,15.3,0.249338895,0.0265222788,1.0
,710030930,-22.895290548188566,-43.15060338244663,63.7,15.3,0.249338895,0.0265222788,1.0
,710030930,-22.895290548188566,-43.15060338244663,63.7,15.3,0.249338895,0.0265222788,1.0
,710030930,-22.895290548188566,-43.15060338244663,63.7,15.3,0.249338895,0.0265222788,1.0
,710030930,-22.895290548188566,-43.15060338244663,63.7,15.3,0.249338895,0.0265222788,1.0
,710030930,-22.895290548188566,-43.15060338244663,63.7,15.3,0.249338895,0.0265222788,1.0
,710030930,-22.895290548188566,-43.15060338244663,63.7,15.3,0.249338895,0.0265222788,1.0
,710030930,-22.895290548188566,-43.15060338244663,63.7,15.3,0.249338895,0.0265222788,1.0
,710030930,-22.89525826313684,-43.15053505000841,63.7,15.3,0.249338895,0.0265222788,1.0
,710030930,-22.89525826313684,-43.15053505000841,63.7,15.3,0.249338895,0.0265222788,1.0
,710030930,-22.89525826313684,-43.15053505000841,63.7,15.3,0.249338895,0.0265222788,1.0
,710030930,-22.89525826313684,-43.15053505000841,63.7,15.3,0.249338895,0.0265222788,1.0
,710030930,-22.89525826313684,-43.15053505000841,63.7,15.3,0.249338895,0.0265222788,1.0
,710030930,-22.89525826313684,-43.15053505000841,63.7,15.3,0.249338895,0.0265222788,1.0
,710030930,-22.89525826313684,-43.15053505000841,63.7,15.3,0.249338895,0.0265222788,1.0
,710030930,-22.89525826313684,-43.15053505000841,63.7,15.3,0.249338895,0.0265222788,1.0
,710030930,-22.89525826313684,-43.15053505000841,63.7,15.3,0.249338895,0.0265222788,1.0
,710030930,-22.89525826313684,-43.15053505000841,63.7,15.3,0.249338895,0.0265222788,1.0
,710030930,-22.89525826313684,-43.15053505000841,63.7,15.3,0.249338895,0.0265222788,1.0
,710030930,-22.89525826313684,-43.15053505000841,63.7,15.3,0.249338895,0.0265222788,1.0
,710030930,-22.89525826313684,-43.15053505000841,63.7,15.3,0.249338895,0.0265222788,1.0
,710030930,-22.89525826313684,-43.15053505000841,63.7,15.3,0.249338895,0.0265222788,1.0
,710030930,-22.89525826313684,-43.15053505000841,63.7,15.3,0.249338895,0.0265222788,1.0
,710030930,-22.89525826313684,-43.15053505000841,63.7,15.3,0.249338895,0.0265222788,1.0
,710030930,-22.89525826313684,-43.15053505000841,63.7,15.3,0.249338895,0.0265222788,1.0
,710030930,-22.89525826313684,-43.15053505000841,63.7,15.3,0.249338895,0.0265222788,1.0
,710030930,-22.89525826313684,-43.15053505000841,63.7,15.3,0.249338895,0.0265222788,1.0
,710030930,-22.89525826313684,-43.15053505000841,63.7,15.3,0.249338895,0.0265222788,1.0
,710030930,-22.89525826313684,-43.15053505000841,63.7,15.3,0.249338895,0.0265222788,1.0
,710030930,-22.89525826313684,-43.15053505000841,63.7,15.3,0.249338895,0.0265222788,1.0
,710030930,-22.89525826313684,-43.15053505000841,63.7,15.3,0.249338895,0.0265222788,1.0
,710030930,-22.89525826313684,-43.15053505000841,63.7,15.3,0.249338895,0.0265222788,1.0
,710030930,-22.89525826313684,-43.15053505000841,63.7,15.3,0.249338895,0.0265222788,1.0
,710030930,-22.89525826313684,-43.15053505000841,63.7,15.3,0.249338895,0.0265222788,1.0
,710030930,-22.89525826313684,-43.15053505000841,63.7,15.3,0.249338895,0.0265222788,1.0
,710030930,-22.89525826313684,-43.15053505000841,63.7,15.3,0.249338895,0.0265222788,1.0
,710030930,-22.89525826313684,-43.15053505000841,63.7,15.3,0.249338895,0.0265222788,1.0
,710030930,-22.89525826313684,-43.15053505000841,63.7,15.3,0.249338895,0.0265222788,1.0
,710030930,-22.89522597805771,-43.15046671760421,63.7,15.3,0.249338895,0.0265222788,1.0
,710030930,-22.89522597805771,-43.15046671760421,63.7,15.3,0.249338895,0.0265222788,1.0
,710030930,-22.89522597805771,-43.15046671760421,63.7,15.3,0.249338895,0.0265222788,1.0
,710030930,-22.89522597805771,-43.15046671760421,63.7,15.3,0.249338895,0.0265222788,1.0
,710030930,-22.89522597805771,-43.15046671760421,63.7,15.3,0.249338895,0.0265222788,1.0
,710030930,-22.89522597805771,-43.15046671760421,63.7,15.3,0.249338895,0.0265222788,1.0
,710030930,-22.89522597805771,-43.15046671760421,63.7,15.3,0.249338895,0.0265222788,1.0
,710030930,-22.89522597805771,-43.15046671760421,63.7,15.3,0.249338895,0.0265222788,1.0
,710030930,-22.89522597805771,-43.15046671760421,63.7,15.3,0.249338895,0.0265222788,1.0
,710030930,-22.89522597805771,-43.15046671760421,63.7,15.3,0.249338895,0.0265222788,1.0
,710030930,-22.89522597805771,-43.15046671760421,63.7,15.3,0.249338895,0.0265222788,1.0
,710030930,-22.89522597805771,-43.15046671760421,63.7,15.3,0.249338895,0.0265222788,1.0
,710030930,-22.89522597805771,-43.15046671760421,63.7,15.3,0.249338895,0.0265222788,1.0
,710030930,-22.89522597805771,-43.15046671760421,63.7,15.3,0.249338895,0.0265222788,1.0
,710030930,-22.89522597805771,-43.15046671760421,63.7,15.3,0.249338895,0.0265222788,1.0
,710030930,-22.89522597805771,-43.15046671760421,63.7,15.3,0.249338895,0.0265222788,1.0
,710030930,-22.89522597805771,-43.15046671760421,63.7,15.3,0.249338895,0.0265222788,1.0
,710030930,-22.89522597805771,-43.15046671760421,63.7,15.3,0.249338895,0.0265222788,1.0
,710030930,-22.89522597805771,-43.15046671760421,63.7,15.3,0.249338895,0.0265222788,1.0
,710030930,-22.89522597805771,-43.15046671760421,63.7,15.3,0.249338895,0.0265222788,1.0
,710030930,-22.89522597805771,-43.15046671760421,63.7,15.3,0.249338895,0.0265222788,1.0
,710030930,-22.89522597805771,-43.15046671760421,63.7,15.3,0.249338895,0.0265222788,1.0
,710030930,-22.89522597805771,-43.15046671760421,63.7,15.3,0.249338895,0.0265222788,1.0
,710030930,-22.89522597805771,-43.15046671760421,63.7,15.3,0.249338895,0.0265222788,1.0
,710030930,-22.89522597805771,-43.15046671760421,63.7,15.3,0.249338895,0.0265222788,1.0
,710030930,-22.89522597805771,-43.15046671760421,63.7,15.3,0.249338895,0.0265222788,1.0
,710030930,-22.89522597805771,-43.15046671760421,63.7,15.3,0.249338895,0.0265222788,1.0
,710030930,-22.89522597805771,-43.15046671760421,63.7,15.3,0.249338895,0.0265222788,1.0
,710030930,-22.89522597805771,-43.15046671760421,63.7,15.3,0.249338895,0.0265222788,1.0
,710030930,-22.89522597805771,-43.15046671760421,63.7,15.3,0.249338895,0.0265222788,1.0
,710030930,-22.895193692951178,-43.150398385234034,63.7,15.3,0.249338895,0.0265222788,1.0
,710030930,-22.895193692951178,-43.150398385234034,63.7,15.3,0.249338895,0.0265222788,1.0
,710030930,-22.895193692951178,-43.150398385234034,63.7,15.3,0.249338895,0.0265222788,1.0
,710030930,-22.895193692951178,-43.150398385234034,63.7,15.3,0.249338895,0.0265222788,1.0
,710030930,-22.895193692951178,-43.150398385234034,63.7,15.3,0.249338895,0.0265222788,1.0
,710030930,-22.895193692951178,-43.150398385234034,63.7,15.3,0.249338895,0.0265222788,1.0
,710030930,-22.895193692951178,-43.150398385234034,63.7,15.3,0.249338895,0.0265222788,1.0
,710030930,-22.895193692951178,-43.150398385234034,63.7,15.3,0.249338895,0.0265222788,1.0
,710030930,-22.895193692951178,-43.150398385234034,63.7,15.3,0.249338895,0.0265222788,1.0
,710030930,-22.895193692951178,-43.150398385234034,63.7,15.3,0.249338895,0.0265222788,1.0
,710030930,-22.895193692951178,-43.150398385234034,63.7,15.3,0.25162223,0.0266000032,1.0
,710030930,-22.895193692951178,-43.150398385234034,63.7,15.3,0.25162223,0.0266000032,1.0
,710030930,-22.895193692951178,-43.150398385234034,63.7,15.3,0.25162223,0.0266000032,1.0
,710030930,-22.895193692951178,-43.150398385234034,63.7,15.3,0.25162223,0.0266000032,1.0
,710030930,-22.895193692951178,-43.150398385234034,63.7,15.3,0.25162223,0.0266000032,1.0
,710030930,-22.895193692951178,-43.150398385234034,63.7,15.3,0.25162223,0.0266000032,1.0
,710030930,-22.895193692951178,-43.150398385234034,63.7,15.3,0.25162223,0.0266000032,1.0
,710030930,-22.895193692951178,-43.150398385234034,63.7,15.3,0.25162223,0.0266000032,1.0
,710030930,-22.895193692951178,-43.150398385234034,63.7,15.3,0.25162223,0.0266000032,1.0
,710030930,-22.895193692951178,-43.150398385234034,63.7,15.3,0.25162223,0.0266000032,1.0
,710030930,-22.895193692951178,-43.150398385234034,63.7,15.3,0.25162223,0.0266000032,1.0
,710030930,-22.895193692951178,-43.150398385234034,63.7,15.3,0.25162223,0.0266000032,1.0
,710030930,-22.895193692951178,-43.150398385234034,63.7,15.3,0.25162223,0.0266000032,1.0
,710030930,-22.895193692951178,-43.150398385234034,63.7,15.3,0.25162223,0.0266000032,1.0
,710030930,-22.895193692951178,-43.150398385234034,63.7,15.3,0.25162223,0.0266000032,1.0
,710030930,-22.895193692951178,-43.150398385234034,63.7,15.3,0.25162223,0.0266000032,1.0
,710030930,-22.895193692951178,-43.150398385234034,63.7,15.3,0.25162223,0.0266000032,1.0
,710030930,-22.895193692951178,-43.150398385234034,63.7,15.3,0.25162223,0.0266000032,1.0
,710030930,-22.895193692951178,-43.150398385234034,63.7,15.3,0.25162223,0.0266000032,1.0
,710030930,-22.895193692951178,-43.150398385234034,63.7,15.3,0.25162223,0.0266000032,1.0
,710030930,-22.895161407817245,-43.1503300528979,63.7,15.3,0.25162223,0.0266000032,1.0
,710030930,-22.895161407817245,-43.1503300528979,63.7,15.3,0.25162223,0.0266000032,1.0
,710030930,-22.895164984412524,-43.15031611631378,63.7,15.3,0.25162223,0.0266000032,1.0
,710030930,-22.895164984412524,-43.15031611631378,63.7,15.3,0.25162223,0.0266000032,1.0
,710030930,-22.895164984412524,-43.15031611631378,63.7,15.3,0.25162223,0.0266000032,1.0
,710030930,-22.895164984412524,-43.15031611631378,63.7,15.3,0.25162223,0.0266000032,1.0
,710030930,-22.895164984412524,-43.15031611631378,63.7,15.3,0.25162223,0.0266000032,1.0
,710030930,-22.895164984412524,-43.15031611631378,63.7,15.3,0.25162223,0.0266000032,1.0
,710030930,-22.895164984412524,-43.15031611631378,63.7,15.3,0.25162223,0.0266000032,1.0
,710030930,-22.895164984412524,-43.15031611631378,63.7,15.3,0.25162223,0.0266000032,1.0
,710030930,-22.895164984412524,-43.15031611631378,63.7,15.3,0.25162223,0.0266000032,1.0
,710030930,-22.895164984412524,-43.15031611631378,63.7,15.3,0.25162223,0.0266000032,1.0
,710030930,-22.895164984412524,-43.15031611631378,63.7,15.3,0.25162223,0.0266000032,1.0
,710030930,-22.895164984412524,-43.15031611631378,63.7,15.3,0.25162223,0.0266000032,1.0
,710030930,-22.895164984412524,-43.15031611631378,63.7,15.3,0.25162223,0.0266000032,1.0
,710030930,-22.895164984412524,-43.15031611631378,63.7,15.3,0.25162223,0.0266000032,1.0
,710030930,-22.895164984412524,-43.15031611631378,63.7,15.3,0.25162223,0.0266000032,1.0
,710030930,-22.895164984412524,-43.15031611631378,63.7,15.3,0.25162223,0.0266000032,1.0
,710030930,-22.895164984412524,-43.15031611631378,63.7,15.3,0.25162223,0.0266000032,1.0
,710030930,-22.895164984412524,-43.15031611631378,63.7,15.3,0.25162223,0.0266000032,1.0
,710030930,-22.895164984412524,-43.15031611631378,63.7,15.3,0.25162223,0.0266000032,1.0
,710030930,-22.895164984412524,-43.15031611631378,63.7,15.3,0.25162223,0.0266000032,1.0
,710030930,-22.895164984412524,-43.15031611631378,63.7,15.3,0.25162223,0.0266000032,1.0
,710030930,-22.895132699245302,-43.1502477840137,63.7,15.3,0.25162223,0.0266000032,1.0
,710030930,-22.895132699245302,-43.1502477840137,63.7,15.3,0.25162223,0.0266000032,1.0
,710030930,-22.895132699245302,-43.1502477840137,63.7,15.3,0.25162223,0.0266000032,1.0
,710030930,-22.895132699245302,-43.1502477840137,63.7,15.3,0.25162223,0.0266000032,1.0
,710030930,-22.895132699245302,-43.1502477840137,63.7,15.3,0.25162223,0.0266000032,1.0
,710030930,-22.895132699245302,-43.1502477840137,63.7,15.3,0.25162223,0.0266000032,1.0
,710030930,-22.895132699245302,-43.1502477840137,63.7,15.3,0.25162223,0.0266000032,1.0
,710030930,-22.895132699245302,-43.1502477840137,63.7,15.3,0.25162223,0.0266000032,1.0
,710030930,-22.895132699245302,-43.1502477840137,63.7,15.3,0.25162223,0.0266000032,1.0
,710030930,-22.895132699245302,-43.1502477840137,63.7,15.3,0.25162223,0.0266000032,1.0
,710030930,-22.895132699245302,-43.1502477840137,63.7,15.3,0.25162223,0.0266000032,1.0
,710030930,-22.895132699245302,-43.1502477840137,63.7,15.3,0.25162223,0.0266000032,1.0
,710030930,-22.895132699245302,-43.1502477840137,63.7,15.3,0.252488911,0.0266000032,1.0
,710030930,-22.895132699245302,-43.1502477840137,63.7,15.3,0.254083335,0.0266666412,1.0
,710030930,-22.895132699245302,-43.1502477840137,63.7,15.3,0.254083335,0.0266666412,1.0
,710030930,-22.895132699245302,-43.1502477840137,63.7,15.3,0.254083335,0.0266666412,1.0
,710030930,-22.895100414050678,-43.15017945174765,63.7,15.3,0.254083335,0.0266666412,1.0
,710030930,-22.895100414050678,-43.15017945174765,63.7,15.3,0.254083335,0.0266666412,1.0
,710030930,-22.895100414050678,-43.15017945174765,63.7,15.3,0.254083335,0.0266666412,1.0
,710030930,-22.895100414050678,-43.15017945174765,63.7,15.3,0.254083335,0.0266666412,1.0
,710030930,-22.895100414050678,-43.15017945174765,63.7,15.3,0.254083335,0.0266666412,1.0
,710030930,-22.895100414050678,-43.15017945174765,63.7,15.3,0.254083335,0.0266666412,1.0
,710030930,-22.895100414050678,-43.15017945174765,63.7,15.3,0.254083335,0.0266666412,1.0
,710030930,-22.895100414050678,-43.15017945174765,63.7,15.3,0.254083335,0.0266666412,1.0
,710030930,-22.895100414050678,-43.15017945174765,63.7,15.3,0.254083335,0.0266666412,1.0
,710030930,-22.895100414050678,-43.15017945174765,63.7,15.3,0.254083335,0.0266666412,1.0
,710030930,-22.895100414050678,-43.15017945174765,63.7,15.3,0.254083335,0.0266666412,1.0
,710030930,-22.895100414050678,-43.15017945174765,63.7,15.3,0.254083335,0.0266666412,1.0
,710030930,-22.895100414050678,-43.15017945174765,63.7,15.3,0.254083335,0.0266666412,1.0
,710030930,-22.895100414050678,-43.15017945174765,63.7,15.3,0.254083335,0.0266666412,1.0
,710030930,-22.895100414050678,-43.15017945174765,63.7,15.3,0.254083335,0.0266666412,1.0
,710030930,-22.895068128828655,-43.150111119515614,63.7,15.3,0.254083335,0.0266666412,1.0
,710030930,-22.895068128828655,-43.150111119515614,63.7,15.3,0.254083335,0.0266666412,1.0
,710030930,-22.895068128828655,-43.150111119515614,63.7,15.3,0.254083335,0.0266666412,1.0
,710030930,-22.895068128828655,-43.150111119515614,63.7,15.3,0.254083335,0.0266666412,1.0
,710030930,-22.895068128828655,-43.150111119515614,63.7,15.3,0.254083335,0.0266666412,1.0
,710030930,-22.895068128828655,-43.150111119515614,63.7,15.3,0.254083335,0.0266666412,1.0
,710030930,-22.895068128828655,-43.150111119515614,63.7,15.3,0.254083335,0.0266666412,1.0
,710030930,-22.895068128828655,-43.150111119515614,63.7,15.3,0.254083335,0.0266666412,1.0
,710030930,-22.895068128828655,-43.150111119515614,63.7,15.3,0.254083335,0.0266666412,1.0
,710030930,-22.895068128828655,-43.150111119515614,63.7,15.3,0.254083335,0.0266666412,1.0
,710030930,-22.895068128828655,-43.150111119515614,63.7,15.3,0.254083335,0.0266666412,1.0
,710030930,-22.895068128828655,-43.150111119515614,63.7,15.3,0.254083335,0.0266666412,1.0
,710030930,-22.895068128828655,-43.150111119515614,63.7,15.3,0.254083335,0.0266666412,1.0
,710030930,-22.895068128828655,-43.150111119515614,63.7,15.3,0.254083335,0.0266666412,1.0
,710030930,-22.89503584357922,-43.15004278731761,63.7,15.3,0.254083335,0.0266666412,1.0
,710030930,-22.89503584357922,-43.15004278731761,63.7,15.3,0.254083335,0.0266666412,1.0
,710030930,-22.89503584357922,-43.15004278731761,63.7,15.3,0.254083335,0.0266666412,1.0
,710030930,-22.89503584357922,-43.15004278731761,63.7,15.3,0.254083335,0.0266666412,1.0
,710030930,-22.89503584357922,-43.15004278731761,63.7,15.3,0.254083335,0.0266666412,1.0
,710030930,-22.89503584357922,-43.15004278731761,63.7,15.3,0.254083335,0.0266666412,1.0
,710030930,-22.89503584357922,-43.15004278731761,63.7,15.3,0.254083335,0.0266666412,1.0
,710030930,-22.89503584357922,-43.15004278731761,63.7,15.3,0.254083335,0.0266666412,1.0
,710030930,-22.89503584357922,-43.15004278731761,63.7,15.3,0.254083335,0.0266666412,1.0
,710030930,-22.89503584357922,-43.15004278731761,63.7,15.3,0.254083335,0.0266666412,1.0
,710030930,-22.89503584357922,-43.15004278731761,63.7,15.3,0.254083335,0.0266666412,1.0
,710030930,-22.89503584357922,-43.15004278731761,63.7,15.3,0.256149977,0.0266666412,1.0
,710030930,-22.89503584357922,-43.15004278731761,63.7,15.3,0.256288886,0.0267443657,1.0
,710030930,-22.89503584357922,-43.15004278731761,63.7,15.3,0.256288886,0.0267443657,1.0
,710030930,-22.89503584357922,-43.15004278731761,63.7,15.3,0.256288886,0.0267443657,1.0
,710030930,-22.895003558302392,-43.14997445515364,63.7,15.3,0.256288886,0.0267443657,1.0
,710030930,-22.895003558302392,-43.14997445515364,63.7,15.3,0.256288886,0.0267443657,1.0
,710030930,-22.895003558302392,-43.14997445515364,63.7,15.3,0.256288886,0.0267443657,1.0
,710030930,-22.895003558302392,-43.14997445515364,63.7,15.3,0.256288886,0.0267443657,1.0
,710030930,-22.895003558302392,-43.14997445515364,63.7,15.3,0.256288886,0.0267443657,1.0
,710030930,-22.895003558302392,-43.14997445515364,63.7,15.3,0.256288886,0.0267443657,1.0
,710030930,-22.895003558302392,-43.14997445515364,63.7,15.3,0.256288886,0.0267443657,1.0
,710030930,-22.895003558302392,-43.14997445515364,63.7,15.3,0.256288886,0.0267443657,1.0
,710030930,-22.895003558302392,-43.14997445515364,63.7,15.3,0.256288886,0.0267443657,1.0
,710030930,-22.895003558302392,-43.14997445515364,63.7,15.3,0.256288886,0.0267443657,1.0
,710030930,-22.895003558302392,-43.14997445515364,63.7,15.3,0.256288886,0.0267443657,1.0
,710030930,-22.895003558302392,-43.14997445515364,63.7,15.3,0.256288886,0.0267443657,1.0
,710030930,-22.895003558302392,-43.14997445515364,63.7,15.3,0.256288886,0.0267443657,1.0
,710030930,-22.895003558302392,-43.14997445515364,63.7,15.3,0.256288886,0.0267443657,1.0
,710030930,-22.895003558302392,-43.14997445515364,63.7,15.3,0.256288886,0.0267443657,1.0
,710030930,-22.894971272998156,-43.1499061230237,63.7,15.3,0.256288886,0.0267443657,1.0
,710030930,-22.894971272998156,-43.1499061230237,63.7,15.3,0.256288886,0.0267443657,1.0
,710030930,-22.894971272998156,-43.1499061230237,63.7,15.3,0.256288886,0.0267443657,1.0
,710030930,-22.894971272998156,-43.1499061230237,63.7,15.3,0.256288886,0.0267443657,1.0
,710030930,-22.894971272998156,-43.1499061230237,63.7,15.3,0.256288886,0.0267443657,1.0
,710030930,-22.894971272998156,-43.1499061230237,63.7,15.3,0.256288886,0.0267443657,1.0
,710030930,-22.894971272998156,-43.1499061230237,63.7,15.3,0.256288886,0.0267443657,1.0
,710030930,-22.894971272998156,-43.1499061230237,63.7,15.3,0.256288886,0.0267443657,1.0
,710030930,-22.894971272998156,-43.1499061230237,63.7,15.3,0.256288886,0.0267443657,1.0
,710030930,-22.894971272998156,-43.1499061230237,63.7,15.3,0.256288886,0.0267443657,1.0
,710030930,-22.894971272998156,-43.1499061230237,63.7,15.3,0.256288886,0.0267443657,1.0
,710030930,-22.894971272998156,-43.1499061230237,63.7,15.3,0.256288886,0.0267443657,1.0
,710030930,-22.894971272998156,-43.1499061230237,63.7,15.3,0.256288886,0.0267443657,1.0
,710030930,-22.894971272998156,-43.1499061230237,63.7,15.3,0.256288886,0.0267443657,1.0
,710030930,-22.894971272998156,-43.1499061230237,63.7,15.3,0.256288886,0.0267443657,1.0
,710030930,-22.894938987666524,-43.14983779092778,63.7,15.3,0.256288886,0.0267443657,1.0
,710030930,-22.894938987666524,-43.14983779092778,63.7,15.3,0.256288886,0.0267443657,1.0
,710030930,-22.894938987666524,-43.14983779092778,63.7,15.3,0.256288886,0.0267443657,1.0
,710030930,-22.894938987666524,-43.14983779092778,63.7,15.3,0.256288886,0.0267443657,1.0
,710030930,-22.894938987666524,-43.14983779092778,63.7,15.3,0.256288886,0.0267443657,1.0
,710030930,-22.894938987666524,-43.14983779092778,63.7,15.3,0.256288886,0.0267443657,1.0
,710030930,-22.894938987666524,-43.14983779092778,63.7,15.3,0.256288886,0.0267443657,1.0
,710030930,-22.894938987666524,-43.14983779092778,63.7,15.3,0.256288886,0.0267443657,1.0
,710030930,-22.894938987666524,-43.14983779092778,63.7,15.3,0.256288886,0.0267443657,1.0
,710030930,-22.894938987666524,-43.14983779092778,63.7,15.3,0.256288886,0.0267443657,1.0
,710030930,-22.894938987666524,-43.14983779092778,63.7,15.3,0.256288886,0.0267443657,1.0
,710030930,-22.894938987666524,-43.14983779092778,63.7,15.3,0.256288886,0.0267443657,1.0
,710030930,-22.894938987666524,-43.14983779092778,63.7,15.3,0.258455545,0.0267443657,1.0
,710030930,-22.894938987666524,-43.14983779092778,63.7,15.3,0.258455545,0.0268222094,1.0
,710030930,-22.89490670230748,-43.1497694588659,63.7,15.3,0.258455545,0.0268222094,1.0
,710030930,-22.89490670230748,-43.1497694588659,63.7,15.3,0.258455545,0.0268222094,1.0
,710030930,-22.89490670230748,-43.1497694588659,63.7,15.3,0.258455545,0.0268222094,1.0
,710030930,-22.89490670230748,-43.1497694588659,63.7,15.3,0.258455545,0.0268222094,1.0
,710030930,-22.89490670230748,-43.1497694588659,63.7,15.3,0.258455545,0.0268222094,1.0
,710030930,-22.89490670230748,-43.1497694588659,63.7,15.3,0.258455545,0.0268222094,1.0
,710030930,-22.89490670230748,-43.1497694588659,63.7,15.3,0.258455545,0.0268222094,1.0
,710030930,-22.89490670230748,-43.1497694588659,63.7,15.3,0.258455545,0.0268222094,1.0
,710030930,-22.89490670230748,-43.1497694588659,63.7,15.3,0.258455545,0.0268222094,1.0
,710030930,-22.89490670230748,-43.1497694588659,63.7,15.3,0.258455545,0.0268222094,1.0
,710030930,-22.89490670230748,-43.1497694588659,63.7,15.3,0.258455545,0.0268222094,1.0
,710030930,-22.89490670230748,-43.1497694588659,63.7,15.3,0.258455545,0.0268222094,1.0
,710030930,-22.89490670230748,-43.1497694588659,63.7,15.3,0.258455545,0.0268222094,1.0
,710030930,-22.89490670230748,-43.1497694588659,63.7,15.3,0.258455545,0.0268222094,1.0
,710030930,-22.89490670230748,-43.1497694588659,63.7,15.3,0.258455545,0.0268222094,1.0
,710030930,-22.89487441692104,-43.14970112683803,63.7,15.3,0.258455545,0.0268222094,1.0
,710030930,-22.89487441692104,-43.14970112683803,63.7,15.3,0.258455545,0.0268222094,1.0
,710030930,-22.89487441692104,-43.14970112683803,63.7,15.3,0.258455545,0.0268222094,1.0
,710030930,-22.89487441692104,-43.14970112683803,63.7,15.3,0.258455545,0.0268222094,1.0
,710030930,-22.89487441692104,-43.14970112683803,63.7,15.3,0.258455545,0.0268222094,1.0
,710030930,-22.89487441692104,-43.14970112683803,63.7,15.3,0.258455545,0.0268222094,1.0
,710030930,-22.89487441692104,-43.14970112683803,63.7,15.3,0.258455545,0.0268222094,1.0
,710030930,-22.89487441692104,-43.14970112683803,63.7,15.3,0.258455545,0.0268222094,1.0
,710030930,-22.89487441692104,-43.14970112683803,63.7,15.3,0.258455545,0.0268222094,1.0
,710030930,-22.89487441692104,-43.14970112683803,63.7,15.3,0.258455545,0.0268222094,1.0
,710030930,-22.89487441692104,-43.14970112683803,63.7,15.3,0.258455545,0.0268222094,1.0
,710030930,-22.89487441692104,-43.14970112683803,63.7,15.3,0.258455545,0.0268222094,1.0
,710030930,-22.89487441692104,-43.14970112683803,63.7,15.3,0.258455545,0.0268222094,1.0
,710030930,-22.894921214159858,-43.14934229807988,70.8,15.1,0.258455545,0.0268222094,1.0
,710030930,-22.894921214159858,-43.14934229807988,70.8,15.1,0.258455545,0.0268222094,1.0
,710030930,-22.894921214159858,-43.14934229807988,70.8,15.1,0.258455545,0.0268222094,1.0
,710030930,-22.894921214159858,-43.14934229807988,70.8,15.1,0.258455545,0.0268222094,1.0
,710030930,-22.894921214159858,-43.14934229807988,70.8,15.1,0.258455545,0.0268222094,1.0
,710030930,-22.894921214159858,-43.14934229807988,70.8,15.1,0.258455545,0.0268222094,1.0
,710030930,-22.894921214159858,-43.14934229807988,70.8,15.1,0.258455545,0.0268222094,1.0
,710030930,-22.894921214159858,-43.14934229807988,70.8,15.1,0.258455545,0.0268222094,1.0
,710030930,-22.894921214159858,-43.14934229807988,70.8,15.1,0.258455545,0.0268222094,1.0
,710030930,-22.894921214159858,-43.14934229807988,70.8,15.1,0.258455545,0.0268222094,1.0
,710030930,-22.894921214159858,-43.14934229807988,70.8,15.1,0.258455545,0.0268222094,1.0
,710030930,-22.894921214159858,-43.14934229807988,70.8,15.1,0.258455545,0.0268222094,1.0
,710030930,-22.894921214159858,-43.14934229807988,70.8,15.1,0.258455545,0.0268222094,1.0
,710030930,-22.894921214159858,-43.14934229807988,70.8,15.1,0.258455545,0.0268222094,1.0
,710030930,-22.894921214159858,-43.14934229807988,70.8,15.1,0.258455545,0.0268222094,1.0
,710030930,-22.89489731772846,-43.14927112564485,70.8,15.1,0.265494466,0.0268888474,1.0
,710030930,-22.89489731772846,-43.14927112564485,70.8,15.1,0.265494466,0.0268888474,1.0
,710030930,-22.89489731772846,-43.14927112564485,70.8,15.1,0.265494466,0.0268888474,1.0
,710030930,-22.89489731772846,-43.14927112564485,70.8,15.1,0.265494466,0.0268888474,1.0
,710030930,-22.89489731772846,-43.14927112564485,70.8,15.1,0.265494466,0.0268888474,1.0
,710030930,-22.89489731772846,-43.14927112564485,70.8,15.1,0.265494466,0.0268888474,1.0
,710030930,-22.89489731772846,-43.14927112564485,70.8,15.1,0.265494466,0.0268888474,1.0
,710030930,-22.89489731772846,-43.14927112564485,70.8,15.1,0.265494466,0.0268888474,1.0
,710030930,-22.89489731772846,-43.14927112564485,70.8,15.1,0.265494466,0.0268888474,1.0
,710030930,-22.89489731772846,-43.14927112564485,70.8,15.1,0.265494466,0.0268888474,1.0
,710030930,-22.89489731772846,-43.14927112564485,70.8,15.1,0.265494466,0.0268888474,1.0
,710030930,-22.89489731772846,-43.14927112564485,70.8,15.1,0.265494466,0.0268888474,1.0
,710030930,-22.89489731772846,-43.14927112564485,70.8,15.1,0.265494466,0.0268888474,1.0
,710030930,-22.89489731772846,-43.14927112564485,70.8,15.1,0.265494466,0.0268888474,1.0
,710030930,-22.89489731772846,-43.14927112564485,70.8,15.1,0.265494466,0.0268888474,1.0
,710030930,-22.894873421266734,-43.149199953236895,70.8,15.1,0.265494466,0.0268888474,1.0
,710030930,-22.894873421266734,-43.149199953236895,70.8,15.1,0.265494466,0.0268888474,1.0
,710030930,-22.894873421266734,-43.149199953236895,70.8,15.1,0.265494466,0.0268888474,1.0
,710030930,-22.894873421266734,-43.149199953236895,70.8,15.1,0.265494466,0.0268888474,1.0
,710030930,-22.894873421266734,-43.149199953236895,70.8,15.1,0.265494466,0.0268888474,1.0
,710030930,-22.894873421266734,-43.149199953236895,70.8,15.1,0.265494466,0.0268888474,1.0
,710030930,-22.894873421266734,-43.149199953236895,70.8,15.1,0.265494466,0.0268888474,1.0
,710030930,-22.894873421266734,-43.149199953236895,70.8,15.1,0.265494466,0.0268888474,1.0
,710030930,-22.894873421266734,-43.149199953236895,70.8,15.1,0.265494466,0.0268888474,1.0
,710030930,-22.894873421266734,-43.149199953236895,70.8,15.1,0.265494466,0.0268888474,1.0
,710030930,-22.894873421266734,-43.149199953236895,70.8,15.1,0.265494466,0.0268888474,1.0
,710030930,-22.894873421266734,-43.149199953236895,70.8,15.1,0.265494466,0.0268888474,1.0
,710030930,-22.894873421266734,-43.149199953236895,70.8,15.1,0.265494466,0.0268888474,1.0
,710030930,-22.894873421266734,-43.149199953236895,70.8,15.1,0.265494466,0.0268888474,1.0
,710030930,-22.894873421266734,-43.149199953236895,70.8,15.1,0.265494466,0.0268888474,1.0
,710030930,-22.894873421266734,-43.149199953236895,70.8,15.1,0.265494466,0.0268888474,1.0
,710030930,-22.894873421266734,-43.149199953236895,70.8,15.1,0.265494466,0.0268888474,1.0
,710030930,-22.894849524774685,-43.14912878085601,70.8,15.1,0.265494466,0.0268888474,1.0
,710030930,-22.894849524774685,-43.14912878085601,70.8,15.1,0.265494466,0.0268888474,1.0
,710030930,-22.894849524774685,-43.14912878085601,70.8,15.1,0.265494466,0.0268888474,1.0
,710030930,-22.894849524774685,-43.14912878085601,70.8,15.1,0.265494466,0.0268888474,1.0
,710030930,-22.894849524774685,-43.14912878085601,70.8,15.1,0.265494466,0.0268888474,1.0
,710030930,-22.894849524774685,-43.14912878085601,70.8,15.1,0.265494466,0.0268888474,1.0
,710030930,-22.894849524774685,-43.14912878085601,70.8,15.1,0.265494466,0.0268888474,1.0
,710030930,-22.894849524774685,-43.14912878085601,70.8,15.1,0.265494466,0.0268888474,1.0
,710030930,-22.894849524774685,-43.14912878085601,70.8,15.1,0.265494466,0.0268888474,1.0
,710030930,-22.894849524774685,-43.14912878085601,70.8,15.1,0.265494466,0.0268888474,1.0
,710030930,-22.894849524774685,-43.14912878085601,70.8,15.1,0.265494466,0.0268888474,1.0
,710030930,-22.894849524774685,-43.14912878085601,70.8,15.1,0.265494466,0.0268888474,1.0
,710030930,-22.894849524774685,-43.14912878085601,70.8,15.1,0.265494466,0.0268888474,1.0
,710030930,-22.894849524774685,-43.14912878085601,70.8,15.1,0.265494466,0.0268888474,1.0
,710030930,-22.894849524774685,-43.14912878085601,70.8,15.1,0.265494466,0.0268888474,1.0
,710030930,-22.894849524774685,-43.14912878085601,70.8,15.1,0.265494466,0.0268888474,1.0
,710030930,-22.894849524774685,-43.14912878085601,70.8,15.1,0.265494466,0.0268888474,1.0
,710030930,-22.894849524774685,-43.14912878085601,70.8,15.1,0.265494466,0.0268888474,1.0
,710030930,-22.894849524774685,-43.14912878085601,70.8,15.1,0.265494466,0.0268888474,1.0
,710030930,-22.894849524774685,-43.14912878085601,70.8,15.1,0.265494466,0.0268888474,1.0
,710030930,-22.894849524774685,-43.14912878085601,70.8,15.1,0.265494466,0.0268888474,1.0
,710030930,-22.894849524774685,-43.14912878085601,70.8,15.1,0.265494466,0.0268888474,1.0
,710030930,-22.894849524774685,-43.14912878085601,70.8,15.1,0.265494466,0.0268888474,1.0
,710030930,-22.894849524774685,-43.14912878085601,70.8,15.1,0.265494466,0.0268888474,1.0
,710030930,-22.894849524774685,-43.14912878085601,70.8,15.1,0.265494466,0.0268888474,1.0
,710030930,-22.894849524774685,-43.14912878085601,70.8,15.1,0.265494466,0.0268888474,1.0
,710030930,-22.894849524774685,-43.14912878085601,70.8,15.1,0.265494466,0.0268888474,1.0
,710030930,-22.894849524774685,-43.14912878085601,70.8,15.1,0.265494466,0.0268888474,1.0
,710030930,-22.894825628252306,-43.14905760850219,70.8,15.1,0.265494466,0.0268888474,1.0
,710030930,-22.894825628252306,-43.14905760850219,70.8,15.1,0.265494466,0.0268888474,1.0
,710030930,-22.894825628252306,-43.14905760850219,70.8,15.1,0.267838895,0.026966691,1.0
,710030930,-22.894825628252306,-43.14905760850219,70.8,15.1,0.267838895,0.026966691,1.0
,710030930,-22.894825628252306,-43.14905760850219,70.8,15.1,0.267838895,0.026966691,1.0
,710030930,-22.894825628252306,-43.14905760850219,70.8,15.1,0.267838895,0.026966691,1.0
,710030930,-22.894825628252306,-43.14905760850219,70.8,15.1,0.267838895,0.026966691,1.0
,710030930,-22.894825628252306,-43.14905760850219,70.8,15.1,0.267838895,0.026966691,1.0
,710030930,-22.894825628252306,-43.14905760850219,70.8,15.1,0.267838895,0.026966691,1.0
,710030930,-22.894825628252306,-43.14905760850219,70.8,15.1,0.267838895,0.026966691,1.0
,710030930,-22.894825628252306,-43.14905760850219,70.8,15.1,0.267838895,0.026966691,1.0
,710030930,-22.894825628252306,-43.14905760850219,70.8,15.1,0.267838895,0.026966691,1.0
,710030930,-22.894825628252306,-43.14905760850219,70.8,15.1,0.267838895,0.026966691,1.0
,710030930,-22.894825628252306,-43.14905760850219,70.8,15.1,0.267838895,0.026966691,1.0
,710030930,-22.894825628252306,-43.14905760850219,70.8,15.1,0.267838895,0.026966691,1.0
,710030930,-22.894825628252306,-43.14905760850219,70.8,15.1,0.267838895,0.026966691,1.0
,710030930,-22.894825628252306,-43.14905760850219,70.8,15.1,0.267838895,0.026966691,1.0
,710030930,-22.894825628252306,-43.14905760850219,70.8,15.1,0.267838895,0.026966691,1.0
,710030930,-22.894825628252306,-43.14905760850219,70.8,15.1,0.267838895,0.026966691,1.0
,710030930,-22.894825628252306,-43.14905760850219,70.8,15.1,0.267838895,0.026966691,1.0
,710030930,-22.894825628252306,-43.14905760850219,70.8,15.1,0.267838895,0.026966691,1.0
,710030930,-22.894825628252306,-43.14905760850219,70.8,15.1,0.267838895,0.026966691,1.0
,710030930,-22.894825628252306,-43.14905760850219,70.8,15.1,0.267838895,0.026966691,1.0
,710030930,-22.894825628252306,-43.14905760850219,70.8,15.1,0.267838895,0.026966691,1.0
,710030930,-22.894825628252306,-43.14905760850219,70.8,15.1,0.267838895,0.026966691,1.0
,710030930,-22.894825628252306,-43.14905760850219,70.8,15.1,0.267838895,0.026966691,1.0
,710030930,-22.894825628252306,-43.14905760850219,70.8,15.1,0.267838895,0.026966691,1.0
,710030930,-22.894825628252306,-43.14905760850219,70.8,15.1,0.267838895,0.026966691,1.0
,710030930,-22.894825628252306,-43.14905760850219,70.8,15.1,0.267838895,0.026966691,1.0
,710030930,-22.894825628252306,-43.14905760850219,70.8,15.1,0.267838895,0.026966691,1.0
,710030930,-22.894825628252306,-43.14905760850219,70.8,15.1,0.267838895,0.026966691,1.0
,710030930,-22.894825628252306,-43.14905760850219,70.8,15.1,0.267838895,0.026966691,1.0
,710030930,-22.8948017316996,-43.14898643617544,70.8,15.1,0.267838895,0.026966691,1.0
,710030930,-22.8948017316996,-43.14898643617544,70.8,15.1,0.267838895,0.026966691,1.0
,710030930,-22.8948017316996,-43.14898643617544,70.8,15.1,0.267838895,0.026966691,1.0
,710030930,-22.8948017316996,-43.14898643617544,70.8,15.1,0.267838895,0.026966691,1.0
,710030930,-22.8948017316996,-43.14898643617544,70.8,15.1,0.267838895,0.026966691,1.0
,710030930,-22.8948017316996,-43.14898643617544,70.8,15.1,0.267838895,0.026966691,1.0
,710030930,-22.8948017316996,-43.14898643617544,70.8,15.1,0.267838895,0.026966691,1.0
,710030930,-22.8948017316996,-43.14898643617544,70.8,15.1,0.267838895,0.026966691,1.0
,710030930,-22.8948017316996,-43.14898643617544,70.8,15.1,0.267838895,0.026966691,1.0
,710030930,-22.8948017316996,-43.14898643617544,70.8,15.1,0.267838895,0.026966691,1.0
,710030930,-22.8948017316996,-43.14898643617544,70.8,15.1,0.267838895,0.026966691,1.0
,710030930,-22.8948017316996,-43.14898643617544,70.8,15.1,0.267838895,0.026966691,1.0
,710030930,-22.8948017316996,-43.14898643617544,70.8,15.1,0.267838895,0.026966691,1.0
,710030930,-22.8948017316996,-43.14898643617544,70.8,15.1,0.267838895,0.026966691,1.0
,710030930,-22.8948017316996,-43.14898643617544,70.8,15.1,0.267838895,0.026966691,1.0
,710030930,-22.8948017316996,-43.14898643617544,70.8,15.1,0.267838895,0.026966691,1.0
,710030930,-22.8948017316996,-43.14898643617544,70.8,15.1,0.267838895,0.026966691,1.0
,710030930,-22.8948017316996,-43.14898643617544,70.8,15.1,0.267838895,0.026966691,1.0
,710030930,-22.8948017316996,-43.14898643617544,70.8,15.1,0.267838895,0.026966691,1.0
,710030930,-22.8948017316996,-43.14898643617544,70.8,15.1,0.267838895,0.026966691,1.0
